{
  "type": "FeatureCollection",
  "attribution": "出典: 国土交通省 水管理・国土保全局 ダムカード配布場所一覧を加工して作成 (https://www.mlit.go.jp/river/kankyo/campaign/shunnkan/damcard.html)",
  "features": [
    {
      "type": "Feature",
      "geometry": {
        "type": "Point",
        "coordinates": [
          136.21904,
          34.060177
        ]
      },
      "properties": {
        "name": "坂本ダム\n［J-POWER］",
        "location_marker": "①",
        "pref": "① 三重県\n\n② 奈良県",
        "river_system": "新宮川",
        "river": "北山川支流東の川",
        "card_ver": "1",
        "facility": "①「三重県立熊野古道センター」　受付\n\n② 「きなり館」売店\n （下北山スポーツ公園　きなりの郷　内）",
        "hours": "①\n開館時間：9:00～17:00\n休館日：12月31日、1月1日\n（その他メンテナンス等により休館の場合あり）\n\n②\n平日：11:30～20:00\n土日祝日：11:00～20:00\n休館日：毎週火曜日\n※「きなり館」休館日は、下北山スポーツ公園内の総合管理事務所で配布します。",
        "address": "三重県尾鷲市向井12-4",
        "url": "http://www.jpower.co.jp/damcard/sakamoto.html"
      }
    },
    {
      "type": "Feature",
      "geometry": {
        "type": "Point",
        "coordinates": [
          135.943634,
          34.069103
        ]
      },
      "properties": {
        "name": "坂本ダム\n［J-POWER］",
        "location_marker": "②",
        "pref": "① 三重県\n\n② 奈良県",
        "river_system": "新宮川",
        "river": "北山川支流東の川",
        "card_ver": "1",
        "facility": "①「三重県立熊野古道センター」　受付\n\n② 「きなり館」売店\n （下北山スポーツ公園　きなりの郷　内）",
        "hours": "①\n開館時間：9:00～17:00\n休館日：12月31日、1月1日\n（その他メンテナンス等により休館の場合あり）\n\n②\n平日：11:30～20:00\n土日祝日：11:00～20:00\n休館日：毎週火曜日\n※「きなり館」休館日は、下北山スポーツ公園内の総合管理事務所で配布します。",
        "address": "奈良県吉野郡下北山村上池原1026",
        "url": "http://www.jpower.co.jp/damcard/sakamoto.html"
      }
    },
    {
      "type": "Feature",
      "geometry": {
        "type": "Point",
        "coordinates": [
          135.937027,
          33.95853
        ]
      },
      "properties": {
        "name": "小森ダム",
        "location_marker": "①",
        "pref": "①和歌山県\n②三重県",
        "river_system": "新宮川",
        "river": "北山川",
        "card_ver": "1",
        "facility": "①「北山村観光センター」\n（道の駅おくとろ　併設）\n②「道の駅 熊野・板屋九郎兵衛の里」",
        "hours": "①\n9:00～17:00\n定休日：なし（無休）\n但し、年末年始休業・臨時休業あり（営業の有無については、お問い合わせ下さい）。\n\n②\n平日　　　　09:30～16:00\n土日祝日　　09:30～17:00\n定休日　　　毎月第2・第3火曜日（8月除く）\n※営業日の有無については、お問い合わせください。",
        "address": "和歌山県東牟婁郡北山村下尾井335",
        "url": "http://www.jpower.co.jp/damcard/komori.html"
      }
    },
    {
      "type": "Feature",
      "geometry": {
        "type": "Point",
        "coordinates": [
          135.914413,
          33.877205
        ]
      },
      "properties": {
        "name": "小森ダム",
        "location_marker": "②",
        "pref": "①和歌山県\n②三重県",
        "river_system": "新宮川",
        "river": "北山川",
        "card_ver": "1",
        "facility": "①「北山村観光センター」\n（道の駅おくとろ　併設）\n②「道の駅 熊野・板屋九郎兵衛の里」",
        "hours": "①\n9:00～17:00\n定休日：なし（無休）\n但し、年末年始休業・臨時休業あり（営業の有無については、お問い合わせ下さい）。\n\n②\n平日　　　　09:30～16:00\n土日祝日　　09:30～17:00\n定休日　　　毎月第2・第3火曜日（8月除く）\n※営業日の有無については、お問い合わせください。",
        "address": "三重県熊野市紀和町板屋82番地",
        "url": "http://www.jpower.co.jp/damcard/komori.html"
      }
    },
    {
      "type": "Feature",
      "geometry": {
        "type": "Point",
        "coordinates": [
          136.21904,
          34.060177
        ]
      },
      "properties": {
        "name": "クチスボダム",
        "location_marker": null,
        "pref": "三重県",
        "river_system": "銚子川",
        "river": "又口川及びクチスボ谷川他",
        "card_ver": "1",
        "facility": "「三重県立熊野古道センター」　受付",
        "hours": "開館時間：9:00～17:00\n休館日：12月31日、1月1日\n （その他メンテナンス等により休館の場合あり）",
        "address": "三重県尾鷲市向井12-4",
        "url": "http://www.jpower.co.jp/damcard/kuchisubo.html"
      }
    },
    {
      "type": "Feature",
      "geometry": {
        "type": "Point",
        "coordinates": [
          135.943634,
          34.069103
        ]
      },
      "properties": {
        "name": "七色ダム",
        "location_marker": "①",
        "pref": "三重県",
        "river_system": "新宮川",
        "river": "北山川",
        "card_ver": "1",
        "facility": "①「きなり館」売店\n （下北山スポーツ公園　きなりの郷　内）\n②「北山村観光センター」\n（道の駅おくとろ　併設）\n③「道の駅 熊野・板屋九郎兵衛の里」",
        "hours": "①\n平日：11:30～20:00\n土日祝日：11:00～20:00\n休館日：毎週火曜日\n※「きなり館」休館日は、下北山スポーツ公園内の総合管理事務所で配布します。\n\n②\n9:00～17:00 (無休)\n但し、年末年始休業・臨時休業あり（営業の有無については、お問い合わせ下さい）。\n\n③平日 09：30～16：00\n土・日曜日（祝日）09：30～17：00\n定休日　毎月第2・第3火曜日（8月除く）\n※営業の有無については、お問い合わせください。",
        "address": "奈良県吉野郡下北山村上池原1026",
        "url": "http://www.jpower.co.jp/damcard/nanairo.html"
      }
    },
    {
      "type": "Feature",
      "geometry": {
        "type": "Point",
        "coordinates": [
          135.937027,
          33.95853
        ]
      },
      "properties": {
        "name": "七色ダム",
        "location_marker": "②",
        "pref": "三重県",
        "river_system": "新宮川",
        "river": "北山川",
        "card_ver": "1",
        "facility": "①「きなり館」売店\n （下北山スポーツ公園　きなりの郷　内）\n②「北山村観光センター」\n（道の駅おくとろ　併設）\n③「道の駅 熊野・板屋九郎兵衛の里」",
        "hours": "①\n平日：11:30～20:00\n土日祝日：11:00～20:00\n休館日：毎週火曜日\n※「きなり館」休館日は、下北山スポーツ公園内の総合管理事務所で配布します。\n\n②\n9:00～17:00 (無休)\n但し、年末年始休業・臨時休業あり（営業の有無については、お問い合わせ下さい）。\n\n③平日 09：30～16：00\n土・日曜日（祝日）09：30～17：00\n定休日　毎月第2・第3火曜日（8月除く）\n※営業の有無については、お問い合わせください。",
        "address": "和歌山県東牟婁郡北山村下尾井335",
        "url": "http://www.jpower.co.jp/damcard/nanairo.html"
      }
    },
    {
      "type": "Feature",
      "geometry": {
        "type": "Point",
        "coordinates": [
          135.914413,
          33.877205
        ]
      },
      "properties": {
        "name": "七色ダム",
        "location_marker": "③",
        "pref": "三重県",
        "river_system": "新宮川",
        "river": "北山川",
        "card_ver": "1",
        "facility": "①「きなり館」売店\n （下北山スポーツ公園　きなりの郷　内）\n②「北山村観光センター」\n（道の駅おくとろ　併設）\n③「道の駅 熊野・板屋九郎兵衛の里」",
        "hours": "①\n平日：11:30～20:00\n土日祝日：11:00～20:00\n休館日：毎週火曜日\n※「きなり館」休館日は、下北山スポーツ公園内の総合管理事務所で配布します。\n\n②\n9:00～17:00 (無休)\n但し、年末年始休業・臨時休業あり（営業の有無については、お問い合わせ下さい）。\n\n③平日 09：30～16：00\n土・日曜日（祝日）09：30～17：00\n定休日　毎月第2・第3火曜日（8月除く）\n※営業の有無については、お問い合わせください。",
        "address": "三重県熊野市紀和町板屋82番地",
        "url": "http://www.jpower.co.jp/damcard/nanairo.html"
      }
    },
    {
      "type": "Feature",
      "geometry": {
        "type": "Point",
        "coordinates": [
          136.401489,
          34.40406
        ]
      },
      "properties": {
        "name": "三瀬谷ダム",
        "location_marker": null,
        "pref": "三重県",
        "river_system": "宮川",
        "river": "宮川",
        "card_ver": "1",
        "facility": "大台町観光協会",
        "hours": "平日   ：9:00～16:00\n土日祝：9:00～17:00\n休業日 :元旦、1/2（荒天による臨時休業あり）",
        "address": "三重県多気郡大台町佐原６６３番地１\n（道の駅 奥伊勢おおだい敷地内）",
        "url": "https://web-odai.info/"
      }
    },
    {
      "type": "Feature",
      "geometry": {
        "type": "Point",
        "coordinates": [
          136.493958,
          35.248245
        ]
      },
      "properties": {
        "name": "中里ダム",
        "location_marker": "①",
        "pref": "三重県",
        "river_system": "員弁川",
        "river": "大平川\n砂子谷川",
        "card_ver": "1",
        "facility": "①\n日本昭和音楽村管理事務所\n\n②\n三重用水管理所（菰野町）",
        "hours": "①\n9:00～16:30\n（休館日は除く　休館日：水曜、祝日の翌日、年末年始）\n※休館日は念のため日本昭和音楽村ホームページにてご確認ください。\n※なお、休館日に配布を希望される方は、三重用水管理所にて(9:00～17:00)配布します。\n\n②\n9:00～17:00\n（土・日・祝日含む）\n休日は、菰野町にある三重用水管理所玄関のインターホンを押してください。\n※中里ダム・打上調整池カードの配布方法は三重用水管理所ホームページをご覧下さい。",
        "address": "岐阜県大垣市上石津町下山2011",
        "url": "①\nhttp://www.city.ogaki.lg.jp/0000002104.html\n\n②\nhttp://www.water.go.jp/chubu/mieyosui/"
      }
    },
    {
      "type": "Feature",
      "geometry": {
        "type": "Point",
        "coordinates": [
          136.492188,
          35.001972
        ]
      },
      "properties": {
        "name": "中里ダム",
        "location_marker": "②",
        "pref": "三重県",
        "river_system": "員弁川",
        "river": "大平川\n砂子谷川",
        "card_ver": "1",
        "facility": "①\n日本昭和音楽村管理事務所\n\n②\n三重用水管理所（菰野町）",
        "hours": "①\n9:00～16:30\n（休館日は除く　休館日：水曜、祝日の翌日、年末年始）\n※休館日は念のため日本昭和音楽村ホームページにてご確認ください。\n※なお、休館日に配布を希望される方は、三重用水管理所にて(9:00～17:00)配布します。\n\n②\n9:00～17:00\n（土・日・祝日含む）\n休日は、菰野町にある三重用水管理所玄関のインターホンを押してください。\n※中里ダム・打上調整池カードの配布方法は三重用水管理所ホームページをご覧下さい。",
        "address": "三重県三重郡菰野町菰野7961-2",
        "url": "①\nhttp://www.city.ogaki.lg.jp/0000002104.html\n\n②\nhttp://www.water.go.jp/chubu/mieyosui/"
      }
    },
    {
      "type": "Feature",
      "geometry": {
        "type": "Point",
        "coordinates": [
          136.623962,
          35.039219
        ]
      },
      "properties": {
        "name": "伊坂ダム",
        "location_marker": null,
        "pref": "三重県",
        "river_system": "－",
        "river": "－",
        "card_ver": "1.1",
        "facility": "伊坂ダムサイクルパーク管理事務所",
        "hours": "3～10月　開館時間：9:３0～17:00\n11～2月　開館時間：9:３０～16:30\n（休館日）\n・毎週金曜日。但し、金曜日が祝日の場合は営業し、翌週月曜日が休業。\n・年末年始（12/29～1/3）",
        "address": "三重県四日市市伊坂町１５７－２",
        "url": "http://www.pref.mie.lg.jp/D1KIGYO/12637013189.htm"
      }
    },
    {
      "type": "Feature",
      "geometry": {
        "type": "Point",
        "coordinates": [
          136.514938,
          34.902912
        ]
      },
      "properties": {
        "name": "加佐登調整池",
        "location_marker": null,
        "pref": "三重県",
        "river_system": "鈴鹿川",
        "river": "椎山川",
        "card_ver": "1",
        "facility": "鈴鹿フラワーパーク\n（鈴鹿市）",
        "hours": "9:00～17:00\n（休館日：年末年始）",
        "address": "三重県鈴鹿市高塚町１６９０－１",
        "url": "http://www.city.suzuka.lg.jp/life/shisetsu/9412.html"
      }
    },
    {
      "type": "Feature",
      "geometry": {
        "type": "Point",
        "coordinates": [
          136.333633,
          34.585747
        ]
      },
      "properties": {
        "name": "君ヶ野ダム",
        "location_marker": null,
        "pref": "三重県",
        "river_system": "雲出川",
        "river": "八手俣川",
        "card_ver": "4",
        "facility": "君ヶ野ダム管理室",
        "hours": "8:30～17:15\n（土・日・祝日を含む）",
        "address": "三重県津市美杉町八手俣９５－１",
        "url": "https://www.pref.mie.lg.jp/TKENSET/HP/dam/"
      }
    },
    {
      "type": "Feature",
      "geometry": {
        "type": "Point",
        "coordinates": [
          136.153351,
          34.291809
        ]
      },
      "properties": {
        "name": "宮川ダム",
        "location_marker": null,
        "pref": "三重県",
        "river_system": "宮川",
        "river": "宮川",
        "card_ver": "3",
        "facility": "宮川ダム管理室",
        "hours": "8:30～17:15\n（土・日・祝日を含む）",
        "address": "三重県多気郡大台町久豆５０６",
        "url": "https://www.pref.mie.lg.jp/MKENSET/HP/dam/"
      }
    },
    {
      "type": "Feature",
      "geometry": {
        "type": "Point",
        "coordinates": [
          136.4758,
          35.047215
        ]
      },
      "properties": {
        "name": "宮川調整池",
        "location_marker": null,
        "pref": "三重県",
        "river_system": "朝明川",
        "river": "田口川",
        "card_ver": "1",
        "facility": "三重県民の森（菰野町）",
        "hours": "9:00～17:00\n（休館日：年末年始）",
        "address": "三重県三重郡菰野町千草7181-3",
        "url": "https://mie-mori.jp/access/"
      }
    },
    {
      "type": "Feature",
      "geometry": {
        "type": "Point",
        "coordinates": [
          136.623962,
          35.039219
        ]
      },
      "properties": {
        "name": "山村ダム",
        "location_marker": null,
        "pref": "三重県",
        "river_system": "朝明川",
        "river": "宇奈川",
        "card_ver": "1.1",
        "facility": "伊坂ダムサイクルパーク管理事務所",
        "hours": "3～10月　開館時間：9:３0～17:00\n11～2月　開館時間：9:３０～16:30\n（休館日）\n・毎週金曜日。但し、金曜日が祝日の場合は営業し、翌週月曜日が休業。\n・年末年始（12/29～1/3）",
        "address": "三重県四日市市伊坂町１５７－２",
        "url": "http://www.pref.mie.lg.jp/D1KIGYO/12637013189.htm"
      }
    },
    {
      "type": "Feature",
      "geometry": {
        "type": "Point",
        "coordinates": [
          136.178223,
          34.666309
        ]
      },
      "properties": {
        "name": "川上ダム\n［水資源機構］",
        "location_marker": null,
        "pref": "三重県",
        "river_system": "淀川",
        "river": "前深瀬川",
        "card_ver": "1",
        "facility": "川上ダム管理所",
        "hours": "8:45～17:15\n（土・日・祝日を含む）",
        "address": "三重県伊賀市阿保2171番地12",
        "url": "https://www.water.go.jp/kansai/kizugawa/index.htm"
      }
    },
    {
      "type": "Feature",
      "geometry": {
        "type": "Point",
        "coordinates": [
          136.154388,
          34.61277
        ]
      },
      "properties": {
        "name": "比奈知ダム",
        "location_marker": null,
        "pref": "三重県",
        "river_system": "淀川",
        "river": "名張川",
        "card_ver": "1.2",
        "facility": "比奈知ダム管理所",
        "hours": "8:45～17:15\n（土・日・祝日を含む）",
        "address": "三重県名張市上比奈知字熊走り１７０６",
        "url": "https://www.water.go.jp/kansai/kizugawa/index.htm"
      }
    },
    {
      "type": "Feature",
      "geometry": {
        "type": "Point",
        "coordinates": [
          136.144135,
          34.750172
        ]
      },
      "properties": {
        "name": "滝川ダム",
        "location_marker": null,
        "pref": "三重県",
        "river_system": "淀川",
        "river": "滝川",
        "card_ver": "1.1",
        "facility": "三重県伊賀建設事務所\n総務・管理室　管理課",
        "hours": "8:30～17:15\n（土・日・祝日は三重県伊賀庁舎 守衛室にて配布）",
        "address": "三重県伊賀市四十九町２８０２",
        "url": "http://www.pref.mie.lg.jp/GKENSET/HP/"
      }
    },
    {
      "type": "Feature",
      "geometry": {
        "type": "Point",
        "coordinates": [
          136.492188,
          35.001972
        ]
      },
      "properties": {
        "name": "菰野調整池",
        "location_marker": null,
        "pref": "三重県",
        "river_system": "三滝川",
        "river": "赤川",
        "card_ver": "1",
        "facility": "三重用水管理所（菰野町）",
        "hours": "9:00～17:00\n（土・日・祝日含む）\n休日は、菰野町にある三重用水管理所玄関のインターホンを押してください。",
        "address": "三重県三重郡菰野町菰野7961-2",
        "url": "http://www.water.go.jp/chubu/mieyosui/"
      }
    },
    {
      "type": "Feature",
      "geometry": {
        "type": "Point",
        "coordinates": [
          136.234467,
          34.375935
        ]
      },
      "properties": {
        "name": "蓮ダム",
        "location_marker": null,
        "pref": "三重県",
        "river_system": "櫛田川",
        "river": "蓮川",
        "card_ver": "2",
        "facility": "蓮ダム管理所",
        "hours": "8:30～17:15\n（土・日・祝日を含む）管理所玄関のインターホンを押してください。",
        "address": "三重県松阪市飯高町森１８１０－１１",
        "url": "https://www.cbr.mlit.go.jp/hachisu/"
      }
    },
    {
      "type": "Feature",
      "geometry": {
        "type": "Point",
        "coordinates": [
          136.699524,
          35.083057
        ]
      },
      "properties": {
        "name": "長良川河口堰",
        "location_marker": null,
        "pref": "三重県",
        "river_system": "木曽川",
        "river": "長良川",
        "card_ver": "1.1",
        "facility": "揖斐川・長良川総合管理所",
        "hours": "9:00～17:00\n（土・日・祝日を含む。年末年始（12/29～1/3）を除く。）\n平日は管理所１階受付で配布しています。\n土・日・祝日、５月１日は管理所正面玄関横インターホンを押してください。",
        "address": "三重県桑名市長島町十日外面136",
        "url": "https://www.water.go.jp/chubu/nagara/"
      }
    },
    {
      "type": "Feature",
      "geometry": {
        "type": "Point",
        "coordinates": [
          136.120377,
          34.60627
        ]
      },
      "properties": {
        "name": "青蓮寺ダム",
        "location_marker": null,
        "pref": "三重県",
        "river_system": "淀川",
        "river": "青蓮寺川",
        "card_ver": "1.2",
        "facility": "青蓮寺ダム管理所",
        "hours": "8:45～17:15\n（土・日・祝日を含む）",
        "address": "三重県名張市中知山１－１６６",
        "url": "https://www.water.go.jp/kansai/kizugawa/index.htm"
      }
    },
    {
      "type": "Feature",
      "geometry": {
        "type": "Point",
        "coordinates": [
          136.829224,
          34.327972
        ]
      },
      "properties": {
        "name": "鳥羽河内ダム",
        "location_marker": "①",
        "pref": "三重県",
        "river_system": "加茂川",
        "river": "鳥羽河内川",
        "card_ver": "1",
        "facility": "①志摩建設事務所 鳥羽地域プロジェクト推進室\n②鳥羽市役所 建設課",
        "hours": "①\n9:00～17:00\n（土・日・祝日は三重県志摩庁舎 守衛室にて配布。年末年始（12/29～1/3）を除く。）\n②\n9:00～17:00\n（土・日・祝日、年末年始（12/29～1/3）を除く。）\n",
        "address": "三重県志摩市阿児町鵜方３０９８－９",
        "url": "https://www.pref.mie.lg.jp/KASEN/HP/84482046898.htm"
      }
    },
    {
      "type": "Feature",
      "geometry": {
        "type": "Point",
        "coordinates": [
          136.843033,
          34.481594
        ]
      },
      "properties": {
        "name": "鳥羽河内ダム",
        "location_marker": "②",
        "pref": "三重県",
        "river_system": "加茂川",
        "river": "鳥羽河内川",
        "card_ver": "1",
        "facility": "①志摩建設事務所 鳥羽地域プロジェクト推進室\n②鳥羽市役所 建設課",
        "hours": "①\n9:00～17:00\n（土・日・祝日は三重県志摩庁舎 守衛室にて配布。年末年始（12/29～1/3）を除く。）\n②\n9:00～17:00\n（土・日・祝日、年末年始（12/29～1/3）を除く。）\n",
        "address": "三重県鳥羽市鳥羽３丁目１－１",
        "url": "https://www.pref.mie.lg.jp/KASEN/HP/84482046898.htm"
      }
    },
    {
      "type": "Feature",
      "geometry": {
        "type": "Point",
        "coordinates": [
          135.467102,
          35.269413
        ]
      },
      "properties": {
        "name": "大野ダム",
        "location_marker": null,
        "pref": "京都府",
        "river_system": "由良川",
        "river": "由良川",
        "card_ver": "2",
        "facility": "大野ダム総合管理事務所",
        "hours": "平日：9:３0～16:30\n土・日・祝日：10:00～16:00\n事務所玄関のインターホンを押してください。",
        "address": "京都府南丹市美山町樫原中ノ山48-5",
        "url": "http://www.pref.kyoto.jp/dam/oono/index.html"
      }
    },
    {
      "type": "Feature",
      "geometry": {
        "type": "Point",
        "coordinates": [
          135.822281,
          34.881382
        ]
      },
      "properties": {
        "name": "天ヶ瀬ダム",
        "location_marker": null,
        "pref": "京都府",
        "river_system": "淀川",
        "river": "淀川（宇治川）",
        "card_ver": "3",
        "facility": "①天ヶ瀬ダム敷地内案内所",
        "hours": "8:00～16:45\n（土・日・祝日を含む）",
        "address": "京都府宇治市宇治金井戸１５",
        "url": "https://www.kkr.mlit.go.jp/yodoto/"
      }
    },
    {
      "type": "Feature",
      "geometry": {
        "type": "Point",
        "coordinates": [
          135.517105,
          35.146683
        ]
      },
      "properties": {
        "name": "日吉ダム",
        "location_marker": null,
        "pref": "京都府",
        "river_system": "淀川",
        "river": "桂川",
        "card_ver": "2.1",
        "facility": "桂川・猪名川ダム総合管理所",
        "hours": "平日：9:00～12:00、13:00～17:00\n土・日・祝日：9:00～13:00、14:00～17:00\n管理所正面玄関左側のインターホンを押してください。玄関でお渡しいたします。ダム操作のため、直ぐに対応できない場合がありますが、ご了承ください。",
        "address": "京都府南丹市日吉町中神子ヶ谷６８",
        "url": "https://www.water.go.jp/kansai/hiyoshi/"
      }
    },
    {
      "type": "Feature",
      "geometry": {
        "type": "Point",
        "coordinates": [
          135.467102,
          35.269413
        ]
      },
      "properties": {
        "name": "畑川ダム",
        "location_marker": null,
        "pref": "京都府",
        "river_system": "由良川",
        "river": "畑川",
        "card_ver": "2",
        "facility": "大野ダム総合管理事務所",
        "hours": "平日：9:３0～16:30\n土・日・祝日：10:00～16:00\n事務所玄関のインターホンを押してください。",
        "address": "京都府南丹市美山町樫原中ノ山48-5",
        "url": "http://www.pref.kyoto.jp/dam/oono/index.html"
      }
    },
    {
      "type": "Feature",
      "geometry": {
        "type": "Point",
        "coordinates": [
          136.023972,
          34.733425
        ]
      },
      "properties": {
        "name": "高山ダム",
        "location_marker": null,
        "pref": "京都府",
        "river_system": "淀川",
        "river": "名張川",
        "card_ver": "1.2",
        "facility": "高山ダム管理所",
        "hours": "8:45～17:15\n（土・日・祝日を含む）",
        "address": "京都府相楽郡南山城村田山字ツルギ４３",
        "url": "https://www.water.go.jp/kansai/kizugawa/index.htm"
      }
    },
    {
      "type": "Feature",
      "geometry": {
        "type": "Point",
        "coordinates": [
          130.081787,
          33.040325
        ]
      },
      "properties": {
        "name": "中木庭ダム",
        "location_marker": null,
        "pref": "佐賀県",
        "river_system": "鹿島川",
        "river": "中川",
        "card_ver": "3",
        "facility": "中木庭ダム管理所",
        "hours": "9：00～12：00　13：00～17：00\n（土・日・祝祭日・年末年始は配布を行っておりません。土・日・祝日等職員不在時はダム管理所に備え付けの申込用紙に記載してある、申込方法にしたがってお申込み下さい））",
        "address": "佐賀県鹿島市大字山浦丙2551-4",
        "url": "https://www.pref.saga.lg.jp/kiji00312353/index.html"
      }
    },
    {
      "type": "Feature",
      "geometry": {
        "type": "Point",
        "coordinates": [
          130.0056,
          33.286381
        ]
      },
      "properties": {
        "name": "井手口川ダム",
        "location_marker": null,
        "pref": "佐賀県",
        "river_system": "松浦川",
        "river": "井手口川",
        "card_ver": "3",
        "facility": "井手口川ダム管理所",
        "hours": "9：00～12：00　13：00～17：00\n（土・日・祝祭日・年末年始は配布を行っておりません。土・日・祝日等職員不在時はダム管理所に備え付けの申込用紙に記載してある、申込方法にしたがってお申込み下さい））",
        "address": "佐賀県伊万里市大川町東田代66-1",
        "url": "https://www.pref.saga.lg.jp/kiji00312353/index.html"
      }
    },
    {
      "type": "Feature",
      "geometry": {
        "type": "Point",
        "coordinates": [
          130.004532,
          33.384426
        ]
      },
      "properties": {
        "name": "伊岐佐ダム",
        "location_marker": null,
        "pref": "佐賀県",
        "river_system": "松浦川",
        "river": "左伊岐佐川",
        "card_ver": "3",
        "facility": "伊岐佐ダム管理所",
        "hours": "9：00～12：00　13：00～17：00\n（土・日・祝祭日・年末年始は配布を行っておりません。土・日・祝日等職員不在時はダム管理所に備え付けの申込用紙に記載してある、申込方法にしたがってお申込み下さい））",
        "address": "佐賀県唐津市相知町大字伊岐佐490-126",
        "url": "https://www.pref.saga.lg.jp/kiji00312353/index.html"
      }
    },
    {
      "type": "Feature",
      "geometry": {
        "type": "Point",
        "coordinates": [
          130.095993,
          33.329201
        ]
      },
      "properties": {
        "name": "厳木ダム",
        "location_marker": null,
        "pref": "佐賀県",
        "river_system": "松浦川",
        "river": "厳木川",
        "card_ver": "1",
        "facility": "厳木ダム管理支所",
        "hours": "8:30～17:15（平日）\n9:00～17:00（土・日・祝日）\n・休日は、玄関のインターホンを押してください。\n・休日は、巡視で不在の時があります。（1時間程度）",
        "address": "佐賀県唐津市厳木町広瀬４４６－４",
        "url": "http://www.qsr.mlit.go.jp/kyuragi/"
      }
    },
    {
      "type": "Feature",
      "geometry": {
        "type": "Point",
        "coordinates": [
          130.214996,
          33.396816
        ]
      },
      "properties": {
        "name": "嘉瀬川ダム",
        "location_marker": "①",
        "pref": "佐賀県",
        "river_system": "嘉瀬川",
        "river": "嘉瀬川",
        "card_ver": "2.0",
        "facility": "①\n嘉瀬川ダム管理支所\n\n②\nダムの駅富士しゃくなげの里",
        "hours": "①\n8:30～17:15\n（土・日・祝日を含む）\n・休日は玄関のインターホンを押してください。\n・休日は、巡視で不在の時があります。\n\n②\n9:00～17:00\n定休日：1月1日",
        "address": "佐賀県佐賀市富士町大字畑瀬１－１",
        "url": "①\nhttp://www.qsr.mlit.go.jp/kasegawa/\n\n②\nhttps://shakunage-sato.com/"
      }
    },
    {
      "type": "Feature",
      "geometry": {
        "type": "Point",
        "coordinates": [
          130.214996,
          33.396816
        ]
      },
      "properties": {
        "name": "嘉瀬川ダム",
        "location_marker": "②",
        "pref": "佐賀県",
        "river_system": "嘉瀬川",
        "river": "嘉瀬川",
        "card_ver": "2.0",
        "facility": "①\n嘉瀬川ダム管理支所\n\n②\nダムの駅富士しゃくなげの里",
        "hours": "①\n8:30～17:15\n（土・日・祝日を含む）\n・休日は玄関のインターホンを押してください。\n・休日は、巡視で不在の時があります。\n\n②\n9:00～17:00\n定休日：1月1日",
        "address": "佐賀県佐賀市富士町大字畑瀬１-３１",
        "url": "①\nhttp://www.qsr.mlit.go.jp/kasegawa/\n\n②\nhttps://shakunage-sato.com/"
      }
    },
    {
      "type": "Feature",
      "geometry": {
        "type": "Point",
        "coordinates": [
          130.295685,
          33.264584
        ]
      },
      "properties": {
        "name": "天山ダム",
        "location_marker": "①",
        "pref": "佐賀県",
        "river_system": "六角川",
        "river": "天山川",
        "card_ver": "1",
        "facility": "①\n九州電力㈱佐賀水力センター\n土木グループ\n\n②\n厳木ダム管理支所",
        "hours": "①\n10:00～17:00\n（土・日・祝日を含む）\n※配布には、天山ダム備え付けの申込書が必要となります。\n\n②\n8:30～17:15（平日）\n9:00～17:00（土・日・祝日）\n・休日は、玄関のインターホンを押してください。\n・休日は、巡視で不在の時があります。（1時間程度）\n※配布には、天山ダム備え付けの申込書が必要になります。",
        "address": "佐賀県佐賀市神野東二丁目3番6号\n※ダムカード配布場所とダムは離れた場所にありますので、ご注意ください。ダムカードは天山ダム備え付けの申込書が必要となります。",
        "url": "①\nhttps://www.kyuden.co.jp/company/outline/branch/saga/notice/201030.html\n\n②\nhttp://www.qsr.mlit.go.jp/kyuragi/"
      }
    },
    {
      "type": "Feature",
      "geometry": {
        "type": "Point",
        "coordinates": [
          130.095993,
          33.329201
        ]
      },
      "properties": {
        "name": "天山ダム",
        "location_marker": "②",
        "pref": "佐賀県",
        "river_system": "六角川",
        "river": "天山川",
        "card_ver": "1",
        "facility": "①\n九州電力㈱佐賀水力センター\n土木グループ\n\n②\n厳木ダム管理支所",
        "hours": "①\n10:00～17:00\n（土・日・祝日を含む）\n※配布には、天山ダム備え付けの申込書が必要となります。\n\n②\n8:30～17:15（平日）\n9:00～17:00（土・日・祝日）\n・休日は、玄関のインターホンを押してください。\n・休日は、巡視で不在の時があります。（1時間程度）\n※配布には、天山ダム備え付けの申込書が必要になります。",
        "address": "佐賀県唐津市厳木町広瀬４４６－４\n※ダムカード配布場所とダムは離れた場所にありますので、ご注意ください。ダムカードは天山ダム備え付けの申込書が必要となります。",
        "url": "①\nhttps://www.kyuden.co.jp/company/outline/branch/saga/notice/201030.html\n\n②\nhttp://www.qsr.mlit.go.jp/kyuragi/"
      }
    },
    {
      "type": "Feature",
      "geometry": {
        "type": "Point",
        "coordinates": [
          129.994675,
          33.05793
        ]
      },
      "properties": {
        "name": "岩屋川内ダム",
        "location_marker": null,
        "pref": "佐賀県",
        "river_system": "塩田川",
        "river": "岩屋川内川",
        "card_ver": "3",
        "facility": "岩屋川内ダム管理所",
        "hours": "9：00～12：00　13：00～17：00\n（土・日・祝祭日・年末年始は配布を行っておりません。土・日・祝日等職員不在時はダム管理所に備え付けの申込用紙に記載してある、申込方法にしたがってお申込み下さい））",
        "address": "佐賀県嬉野市嬉野町岩屋川内乙4487-33",
        "url": "https://www.pref.saga.lg.jp/kiji00312353/index.html"
      }
    },
    {
      "type": "Feature",
      "geometry": {
        "type": "Point",
        "coordinates": [
          130.303955,
          33.303078
        ]
      },
      "properties": {
        "name": "巨勢川調整池",
        "location_marker": null,
        "pref": "佐賀県",
        "river_system": "筑後川",
        "river": "西佐賀導水路",
        "card_ver": "1",
        "facility": "巨勢川調整池管理棟\n（1F 東名縄文館）",
        "hours": "10:00～16:00\n（定休日：毎週月曜日、月曜日が祝日・振替休日の場合は翌日、12月29日～1月3日）",
        "address": "佐賀県佐賀市金立町大字千布地先",
        "url": "http://www.qsr.mlit.go.jp/saga/"
      }
    },
    {
      "type": "Feature",
      "geometry": {
        "type": "Point",
        "coordinates": [
          129.949829,
          33.4333
        ]
      },
      "properties": {
        "name": "平木場ダム",
        "location_marker": null,
        "pref": "佐賀県",
        "river_system": "松浦川",
        "river": "町田川",
        "card_ver": "3",
        "facility": "平木場ダム管理所",
        "hours": "9：00～12：00　13：00～17：00\n（土・日・祝祭日・年末年始は配布を行っておりません。土・日・祝日等職員不在時はダム管理所に備え付けの申込用紙に記載してある、申込方法にしたがってお申込み下さい））",
        "address": "佐賀県唐津市神田1022-1",
        "url": "https://www.pref.saga.lg.jp/kiji00312353/index.html"
      }
    },
    {
      "type": "Feature",
      "geometry": {
        "type": "Point",
        "coordinates": [
          129.893967,
          33.193325
        ]
      },
      "properties": {
        "name": "有田ダム",
        "location_marker": null,
        "pref": "佐賀県",
        "river_system": "有田川",
        "river": "白川川",
        "card_ver": "3",
        "facility": "有田ダム管理所",
        "hours": "9：00～12：00　13：00～17：00\n（土・日・祝祭日・年末年始は配布を行っておりません。土・日・祝日等職員不在時はダム管理所に備え付けの申込用紙に記載してある、申込方法にしたがってお申込み下さい））",
        "address": "佐賀県西松浦郡有田町白川1873",
        "url": "https://www.pref.saga.lg.jp/kiji00312353/index.html"
      }
    },
    {
      "type": "Feature",
      "geometry": {
        "type": "Point",
        "coordinates": [
          129.972717,
          33.256271
        ]
      },
      "properties": {
        "name": "本部ダム",
        "location_marker": null,
        "pref": "佐賀県",
        "river_system": "松浦川",
        "river": "川古川",
        "card_ver": "3",
        "facility": "本部ダム管理所",
        "hours": "9：00～12：00　13：00～17：00\n（土・日・祝祭日・年末年始は配布を行っておりません。土・日・祝日等職員不在時はダム管理所に備え付けの申込用紙に記載してある、申込方法にしたがってお申込み下さい））",
        "address": "佐賀県武雄市若木町本部字井口17376-39",
        "url": "https://www.pref.saga.lg.jp/kiji00312353/index.html"
      }
    },
    {
      "type": "Feature",
      "geometry": {
        "type": "Point",
        "coordinates": [
          130.027954,
          33.056263
        ]
      },
      "properties": {
        "name": "横竹ダム",
        "location_marker": null,
        "pref": "佐賀県",
        "river_system": "塩田川",
        "river": "吉田川",
        "card_ver": "3",
        "facility": "横竹ダム管理所",
        "hours": "9：00～12：00　13：00～17：00\n（土・日・祝祭日・年末年始は配布を行っておりません。土・日・祝日等職員不在時はダム管理所に備え付けの申込用紙に記載してある、申込方法にしたがってお申込み下さい））",
        "address": "佐賀県嬉野市嬉野町吉田乙4997",
        "url": "https://www.pref.saga.lg.jp/kiji00312353/index.html"
      }
    },
    {
      "type": "Feature",
      "geometry": {
        "type": "Point",
        "coordinates": [
          130.099899,
          33.133652
        ]
      },
      "properties": {
        "name": "深浦ダム",
        "location_marker": null,
        "pref": "佐賀県",
        "river_system": "塩田川",
        "river": "深浦",
        "card_ver": "3",
        "facility": "深浦ダム管理所",
        "hours": "9：00～12：00　13：00～17：00\n（土・日・祝祭日・年末年始は配布を行っておりません。土・日・祝日等職員不在時はダム管理所に備え付けの申込用紙に記載してある、申込方法にしたがってお申込み下さい））",
        "address": "佐賀県杵島郡白石町深浦5367-24",
        "url": "https://www.pref.saga.lg.jp/kiji00312353/index.html"
      }
    },
    {
      "type": "Feature",
      "geometry": {
        "type": "Point",
        "coordinates": [
          129.920456,
          33.200211
        ]
      },
      "properties": {
        "name": "狩立・日ノ峯ダム",
        "location_marker": null,
        "pref": "佐賀県",
        "river_system": "松浦川",
        "river": "狩立川・日ノ峯川",
        "card_ver": "3",
        "facility": "狩立・日ノ峯ダム管理所",
        "hours": "9：00～12：00　13：00～17：00\n（土・日・祝祭日・年末年始は配布を行っておりません。土・日・祝日等職員不在時はダム管理所に備え付けの申込用紙に記載してある、申込方法にしたがってお申込み下さい））",
        "address": "佐賀県武雄市山内町宮野22596",
        "url": "https://www.pref.saga.lg.jp/kiji00312353/index.html"
      }
    },
    {
      "type": "Feature",
      "geometry": {
        "type": "Point",
        "coordinates": [
          129.963745,
          33.137115
        ]
      },
      "properties": {
        "name": "矢筈ダム",
        "location_marker": null,
        "pref": "佐賀県",
        "river_system": "六角川",
        "river": "六角川",
        "card_ver": "3",
        "facility": "矢筈ダム管理所",
        "hours": "9：00～12：00　13：00～17：00\n（土・日・祝祭日・年末年始は配布を行っておりません。土・日・祝日等職員不在時はダム管理所に備え付けの申込用紙に記載してある、申込方法にしたがってお申込み下さい））",
        "address": "佐賀県武雄市西川登町神六字野田28946",
        "url": "https://www.pref.saga.lg.jp/kiji00312353/index.html"
      }
    },
    {
      "type": "Feature",
      "geometry": {
        "type": "Point",
        "coordinates": [
          129.884598,
          33.221405
        ]
      },
      "properties": {
        "name": "竜門ダム",
        "location_marker": null,
        "pref": "佐賀県",
        "river_system": "有田川",
        "river": "広瀬川",
        "card_ver": "3",
        "facility": "竜門ダム管理所",
        "hours": "9：00～12：00　13：00～17：00\n（土・日・祝祭日・年末年始は配布を行っておりません。土・日・祝日等職員不在時はダム管理所に備え付けの申込用紙に記載してある、申込方法にしたがってお申込み下さい））",
        "address": "佐賀県西松浦郡有田町広瀬山甲2285",
        "url": "https://www.pref.saga.lg.jp/kiji00312353/index.html"
      }
    },
    {
      "type": "Feature",
      "geometry": {
        "type": "Point",
        "coordinates": [
          129.905319,
          33.26136
        ]
      },
      "properties": {
        "name": "都川内ダム",
        "location_marker": null,
        "pref": "佐賀県",
        "river_system": "伊万里川",
        "river": "都川内川",
        "card_ver": "3",
        "facility": "都川内ダム管理所",
        "hours": "9：00～12：00　13：00～17：00\n（土・日・祝祭日・年末年始は配布を行っておりません。土・日・祝日等職員不在時はダム管理所に備え付けの申込用紙に記載してある、申込方法にしたがってお申込み下さい））",
        "address": "佐賀県伊万里市大坪町丙493-3",
        "url": "https://www.pref.saga.lg.jp/kiji00312353/index.html"
      }
    },
    {
      "type": "Feature",
      "geometry": {
        "type": "Point",
        "coordinates": [
          135.084732,
          35.127296
        ]
      },
      "properties": {
        "name": "みくまりダム",
        "location_marker": "①",
        "pref": "兵庫県",
        "river_system": "加古川",
        "river": "三熊川",
        "card_ver": "1.1",
        "facility": "①\n丹波土木事務所\n河川課\n\n②\n丹波篠山市役所\nまちづくり部地域整備課",
        "hours": "①\n9:00～1７:00\n（土・日・祝祭日・年末年始は配布しておりません）\n\n②\n9:00～1７:00\n（土・日・祝祭日・年末年始は配布しておりません）",
        "address": "兵庫県丹波市柏原町柏原688",
        "url": "https://web.pref.hyogo.lg.jp/ks13/wd16_000000067.html"
      }
    },
    {
      "type": "Feature",
      "geometry": {
        "type": "Point",
        "coordinates": [
          135.218216,
          35.075584
        ]
      },
      "properties": {
        "name": "みくまりダム",
        "location_marker": "②",
        "pref": "兵庫県",
        "river_system": "加古川",
        "river": "三熊川",
        "card_ver": "1.1",
        "facility": "①\n丹波土木事務所\n河川課\n\n②\n丹波篠山市役所\nまちづくり部地域整備課",
        "hours": "①\n9:00～1７:00\n（土・日・祝祭日・年末年始は配布しておりません）\n\n②\n9:00～1７:00\n（土・日・祝祭日・年末年始は配布しておりません）",
        "address": "兵庫県丹波篠山市北新町41",
        "url": "https://web.pref.hyogo.lg.jp/ks13/wd16_000000067.html"
      }
    },
    {
      "type": "Feature",
      "geometry": {
        "type": "Point",
        "coordinates": [
          135.411255,
          34.908413
        ]
      },
      "properties": {
        "name": "一庫ダム",
        "location_marker": null,
        "pref": "兵庫県",
        "river_system": "淀川",
        "river": "猪名川",
        "card_ver": "1.1",
        "facility": "一庫ダム管理所",
        "hours": "9:00～17:00\n（土・日・祝日を含む）",
        "address": "兵庫県川西市一庫字唐松４－１",
        "url": "https://www.water.go.jp/kansai/hitokura/index.html"
      }
    },
    {
      "type": "Feature",
      "geometry": {
        "type": "Point",
        "coordinates": [
          135.084732,
          35.127296
        ]
      },
      "properties": {
        "name": "三宝ダム",
        "location_marker": "①",
        "pref": "兵庫県",
        "river_system": "由良川",
        "river": "大谷川",
        "card_ver": "1.1",
        "facility": "①\n丹波土木事務所\n河川課\n\n②\n丹波市役所\n建設部河川整備課",
        "hours": "①\n9:00～1７:00\n（土・日・祝祭日・年末年始は配布しておりません）\n\n②\n9:00～1７:00\n（土・日・祝祭日・年末年始は配布しておりません）",
        "address": "兵庫県丹波市柏原町柏原688",
        "url": "https://web.pref.hyogo.lg.jp/ks13/wd16_000000067.html"
      }
    },
    {
      "type": "Feature",
      "geometry": {
        "type": "Point",
        "coordinates": [
          135.101135,
          35.1689
        ]
      },
      "properties": {
        "name": "三宝ダム",
        "location_marker": "②",
        "pref": "兵庫県",
        "river_system": "由良川",
        "river": "大谷川",
        "card_ver": "1.1",
        "facility": "①\n丹波土木事務所\n河川課\n\n②\n丹波市役所\n建設部河川整備課",
        "hours": "①\n9:00～1７:00\n（土・日・祝祭日・年末年始は配布しておりません）\n\n②\n9:00～1７:00\n（土・日・祝祭日・年末年始は配布しておりません）",
        "address": "兵庫県丹波市春日町黒井811",
        "url": "https://web.pref.hyogo.lg.jp/ks13/wd16_000000067.html"
      }
    },
    {
      "type": "Feature",
      "geometry": {
        "type": "Point",
        "coordinates": [
          134.887955,
          35.271645
        ]
      },
      "properties": {
        "name": "与布土ダム",
        "location_marker": "①",
        "pref": "兵庫県",
        "river_system": "円山川",
        "river": "与布土川",
        "card_ver": "1.1",
        "facility": "①与布土ダム管理所　　　　　　　　　　　　　　　　　　②養父土木事務所河川砂防第1課",
        "hours": "①\n9:00～12:00\n（土・日・祝祭日・年末年始は配布しておりません）\n\n②\n9:00～17:00\n（土・日・祝祭日・年末年始は配布しておりません）",
        "address": "兵庫県朝来市山東町与布土3079-22",
        "url": "https://web.pref.hyogo.lg.jp/ks13/wd16_000000067.html"
      }
    },
    {
      "type": "Feature",
      "geometry": {
        "type": "Point",
        "coordinates": [
          134.775986,
          35.403912
        ]
      },
      "properties": {
        "name": "与布土ダム",
        "location_marker": "②",
        "pref": "兵庫県",
        "river_system": "円山川",
        "river": "与布土川",
        "card_ver": "1.1",
        "facility": "①与布土ダム管理所　　　　　　　　　　　　　　　　　　②養父土木事務所河川砂防第1課",
        "hours": "①\n9:00～12:00\n（土・日・祝祭日・年末年始は配布しておりません）\n\n②\n9:00～17:00\n（土・日・祝祭日・年末年始は配布しておりません）",
        "address": "兵庫県養父市八鹿町下網場320",
        "url": "https://web.pref.hyogo.lg.jp/ks13/wd16_000000067.html"
      }
    },
    {
      "type": "Feature",
      "geometry": {
        "type": "Point",
        "coordinates": [
          134.820648,
          35.550499
        ]
      },
      "properties": {
        "name": "但東ダム",
        "location_marker": "①",
        "pref": "兵庫県",
        "river_system": "円山川",
        "river": "横谷川",
        "card_ver": "1.0",
        "facility": "①\n豊岡土木事務所河川砂防課\n\n②\n日本・モンゴル民族博物館",
        "hours": "①\n9:00～1７:00\n（土・日・祝祭日・年末年始は配布しておりません）\n\n②\n9：30～17：00（入館は16:30まで）\n（水曜日（祝日の場合は翌日）・12/28～1/4は配布しておりません）",
        "address": "兵庫県豊岡市幸町７－１１",
        "url": "①\nhttps://web.pref.hyogo.lg.jp/ks13/wd16_000000067.html\n\n②\nhttp://www3.city.toyooka.lg.jp/monpaku/index.html"
      }
    },
    {
      "type": "Feature",
      "geometry": {
        "type": "Point",
        "coordinates": [
          134.99498,
          35.492599
        ]
      },
      "properties": {
        "name": "但東ダム",
        "location_marker": "②",
        "pref": "兵庫県",
        "river_system": "円山川",
        "river": "横谷川",
        "card_ver": "1.0",
        "facility": "①\n豊岡土木事務所河川砂防課\n\n②\n日本・モンゴル民族博物館",
        "hours": "①\n9:00～1７:00\n（土・日・祝祭日・年末年始は配布しておりません）\n\n②\n9：30～17：00（入館は16:30まで）\n（水曜日（祝日の場合は翌日）・12/28～1/4は配布しておりません）",
        "address": "兵庫県豊岡市但東町中山711",
        "url": "①\nhttps://web.pref.hyogo.lg.jp/ks13/wd16_000000067.html\n\n②\nhttp://www3.city.toyooka.lg.jp/monpaku/index.html"
      }
    },
    {
      "type": "Feature",
      "geometry": {
        "type": "Point",
        "coordinates": [
          134.892273,
          34.787762
        ]
      },
      "properties": {
        "name": "加古川大堰",
        "location_marker": "①",
        "pref": "兵庫県",
        "river_system": "加古川",
        "river": "加古川",
        "card_ver": "1",
        "facility": "①\n姫路河川国道事務所加古川分室\n\n②\n加古川市立漕艇センター",
        "hours": "①\n９：００～１７：００\n（土・日・祝日及び年末年始は除く）\n※土・日・祝日及び年末年始については、監視員が在室の際は対応可能な場合もあります。ただし、県道側の門扉が開いておりませんので来所された際はお電話（０７９－４３８－０２０７）にてご確認ください。\n\n②\n９：３０～１７：００\n休場日　月曜日（月曜日が祝日及び振替休日の場合は翌日）　年末年始\n※配布の際はダムへ行った証明（写真等）が必要です。",
        "address": "兵庫県加古川市八幡町中西条875-1",
        "url": "\n①\nhttps://www.kkr.mlit.go.jp/himeji/kasen/kakooozeki/index.html\n\n②\nhttps://kakogawa-rowing.com/"
      }
    },
    {
      "type": "Feature",
      "geometry": {
        "type": "Point",
        "coordinates": [
          134.911774,
          34.802448
        ]
      },
      "properties": {
        "name": "加古川大堰",
        "location_marker": "②",
        "pref": "兵庫県",
        "river_system": "加古川",
        "river": "加古川",
        "card_ver": "1",
        "facility": "①\n姫路河川国道事務所加古川分室\n\n②\n加古川市立漕艇センター",
        "hours": "①\n９：００～１７：００\n（土・日・祝日及び年末年始は除く）\n※土・日・祝日及び年末年始については、監視員が在室の際は対応可能な場合もあります。ただし、県道側の門扉が開いておりませんので来所された際はお電話（０７９－４３８－０２０７）にてご確認ください。\n\n②\n９：３０～１７：００\n休場日　月曜日（月曜日が祝日及び振替休日の場合は翌日）　年末年始\n※配布の際はダムへ行った証明（写真等）が必要です。",
        "address": "兵庫県加古川市上荘町井ノ口361-3",
        "url": "\n①\nhttps://www.kkr.mlit.go.jp/himeji/kasen/kakooozeki/index.html\n\n②\nhttps://kakogawa-rowing.com/"
      }
    },
    {
      "type": "Feature",
      "geometry": {
        "type": "Point",
        "coordinates": [
          134.77771,
          34.244308
        ]
      },
      "properties": {
        "name": "北富士ダム",
        "location_marker": "①",
        "pref": "兵庫県",
        "river_system": "三原川",
        "river": "北富士川",
        "card_ver": "1.1",
        "facility": "①\n三原川水系ダム統合管理所\n（大日ダム管理所）\n\n②\n洲本土木事務所ダム管理課",
        "hours": "9:00～17:00\n（土・日・祝祭日・年末年始は配布しておりません。）\n※①は職員が不在の場合があります",
        "address": "兵庫県南あわじ市賀集生子162-2",
        "url": "https://web.pref.hyogo.lg.jp/ks13/wd16_000000067.html"
      }
    },
    {
      "type": "Feature",
      "geometry": {
        "type": "Point",
        "coordinates": [
          134.890579,
          34.346664
        ]
      },
      "properties": {
        "name": "北富士ダム",
        "location_marker": "②",
        "pref": "兵庫県",
        "river_system": "三原川",
        "river": "北富士川",
        "card_ver": "1.1",
        "facility": "①\n三原川水系ダム統合管理所\n（大日ダム管理所）\n\n②\n洲本土木事務所ダム管理課",
        "hours": "9:00～17:00\n（土・日・祝祭日・年末年始は配布しておりません。）\n※①は職員が不在の場合があります",
        "address": "兵庫県洲本市塩屋2-4-5",
        "url": "https://web.pref.hyogo.lg.jp/ks13/wd16_000000067.html"
      }
    },
    {
      "type": "Feature",
      "geometry": {
        "type": "Point",
        "coordinates": [
          134.84082,
          35.23534
        ]
      },
      "properties": {
        "name": "多々良木ダム",
        "location_marker": null,
        "pref": "兵庫県",
        "river_system": "円山川",
        "river": "多々良木川",
        "card_ver": "1.0",
        "facility": "あさご芸術の森美術館",
        "hours": "１０：００～１７：００\n定 休 日：水曜日と祝日の翌日（水曜祝日の場合はその翌日） 、１２月２５日～１月５日、展示替え日\n",
        "address": "兵庫県朝来市多々良木739-3",
        "url": "https://www.city.asago.hyogo.jp/site/art-village/"
      }
    },
    {
      "type": "Feature",
      "geometry": {
        "type": "Point",
        "coordinates": [
          134.77771,
          34.244308
        ]
      },
      "properties": {
        "name": "大日ダム",
        "location_marker": "①",
        "pref": "兵庫県",
        "river_system": "三原川",
        "river": "大日川",
        "card_ver": "1.1",
        "facility": "①\n三原川水系ダム統合管理所\n（大日ダム管理所）\n\n②\n洲本土木事務所ダム管理課",
        "hours": "9:00～17:00\n（土・日・祝祭日・年末年始は配布しておりません。）\n※①は職員が不在の場合があります",
        "address": "兵庫県南あわじ市賀集生子162-2",
        "url": "https://web.pref.hyogo.lg.jp/ks13/wd16_000000067.html"
      }
    },
    {
      "type": "Feature",
      "geometry": {
        "type": "Point",
        "coordinates": [
          134.890579,
          34.346664
        ]
      },
      "properties": {
        "name": "大日ダム",
        "location_marker": "②",
        "pref": "兵庫県",
        "river_system": "三原川",
        "river": "大日川",
        "card_ver": "1.1",
        "facility": "①\n三原川水系ダム統合管理所\n（大日ダム管理所）\n\n②\n洲本土木事務所ダム管理課",
        "hours": "9:00～17:00\n（土・日・祝祭日・年末年始は配布しておりません。）\n※①は職員が不在の場合があります",
        "address": "兵庫県洲本市塩屋2-4-5",
        "url": "https://web.pref.hyogo.lg.jp/ks13/wd16_000000067.html"
      }
    },
    {
      "type": "Feature",
      "geometry": {
        "type": "Point",
        "coordinates": [
          134.815475,
          35.287876
        ]
      },
      "properties": {
        "name": "大路ダム",
        "location_marker": "①",
        "pref": "兵庫県",
        "river_system": "円山川",
        "river": "大路川",
        "card_ver": "1.1",
        "facility": "①\n大路ダム管理所　　　　　　　　　　　　　　　　　　\n\n②\n養父土木事務所河川砂防第1課",
        "hours": "①\n9:00～1２:00\n（土・日・祝祭日・年末年始は配布しておりません）\n\n②\n9:00～17:00\n（土・日・祝祭日・年末年始は配布しておりません）",
        "address": "兵庫県朝来市和田山町久世田222-7",
        "url": "https://web.pref.hyogo.lg.jp/ks13/wd16_000000067.html"
      }
    },
    {
      "type": "Feature",
      "geometry": {
        "type": "Point",
        "coordinates": [
          134.775986,
          35.403912
        ]
      },
      "properties": {
        "name": "大路ダム",
        "location_marker": "②",
        "pref": "兵庫県",
        "river_system": "円山川",
        "river": "大路川",
        "card_ver": "1.1",
        "facility": "①\n大路ダム管理所　　　　　　　　　　　　　　　　　　\n\n②\n養父土木事務所河川砂防第1課",
        "hours": "①\n9:00～1２:00\n（土・日・祝祭日・年末年始は配布しておりません）\n\n②\n9:00～17:00\n（土・日・祝祭日・年末年始は配布しておりません）",
        "address": "兵庫県養父市八鹿町下網場320",
        "url": "https://web.pref.hyogo.lg.jp/ks13/wd16_000000067.html"
      }
    },
    {
      "type": "Feature",
      "geometry": {
        "type": "Point",
        "coordinates": [
          135.146103,
          34.706757
        ]
      },
      "properties": {
        "name": "天王ダム",
        "location_marker": null,
        "pref": "兵庫県",
        "river_system": "新湊川",
        "river": "天王谷川",
        "card_ver": "1.0",
        "facility": "石井ダム管理所",
        "hours": "9:00～1７:00\n（土・日・祝祭日・年末年始は配布しておりません）\n※石井ダム管理所までは自動車等の乗り入れができません。",
        "address": "兵庫県神戸市北区山田町下谷上字中一里山11-85",
        "url": "https://web.pref.hyogo.lg.jp/ks13/wd16_000000067.html"
      }
    },
    {
      "type": "Feature",
      "geometry": {
        "type": "Point",
        "coordinates": [
          134.749588,
          35.071159
        ]
      },
      "properties": {
        "name": "太田第一～第五ダム",
        "location_marker": "①",
        "pref": "兵庫県",
        "river_system": "市川",
        "river": "太田川",
        "card_ver": "1.0",
        "facility": "①神河町観光協会\n\n②ふれあいマーケット長谷店",
        "hours": "①\n9：00～17：00\n（定休日：毎週水曜日、年末年始は配布しておりません。）\n②\n10：00～18：00（日曜日は１７：００まで）\n（定休日：年始は配布しておりません）",
        "address": "兵庫県神崎郡神河町鍛冶１４２－４７",
        "url": "①\nhttps://www.kamikawa-navi.jp/\n"
      }
    },
    {
      "type": "Feature",
      "geometry": {
        "type": "Point",
        "coordinates": [
          134.730881,
          35.125141
        ]
      },
      "properties": {
        "name": "太田第一～第五ダム",
        "location_marker": "②",
        "pref": "兵庫県",
        "river_system": "市川",
        "river": "太田川",
        "card_ver": "1.0",
        "facility": "①神河町観光協会\n\n②ふれあいマーケット長谷店",
        "hours": "①\n9：00～17：00\n（定休日：毎週水曜日、年末年始は配布しておりません。）\n②\n10：00～18：00（日曜日は１７：００まで）\n（定休日：年始は配布しておりません）",
        "address": "兵庫県神河町長谷１０５８",
        "url": "①\nhttps://www.kamikawa-navi.jp/\n"
      }
    },
    {
      "type": "Feature",
      "geometry": {
        "type": "Point",
        "coordinates": [
          134.441269,
          34.93927
        ]
      },
      "properties": {
        "name": "安室ダム",
        "location_marker": "①",
        "pref": "兵庫県",
        "river_system": "千種川",
        "river": "安室川",
        "card_ver": "1.1",
        "facility": "①\n光都土木事務所ダム管理課\n\n②\n上郡町観光案内所",
        "hours": "①\n9:00～1７:00（土・日・祝祭日・年末年始は配布しておりません）　　　　　　　　　　     \n\n②\n9:30～16:30（月・年末年始は配布しておりません）",
        "address": "兵庫県赤穂郡上郡町光都2-25",
        "url": "https://web.pref.hyogo.lg.jp/ks13/wd16_000000067.html"
      }
    },
    {
      "type": "Feature",
      "geometry": {
        "type": "Point",
        "coordinates": [
          134.354828,
          34.866116
        ]
      },
      "properties": {
        "name": "安室ダム",
        "location_marker": "②",
        "pref": "兵庫県",
        "river_system": "千種川",
        "river": "安室川",
        "card_ver": "1.1",
        "facility": "①\n光都土木事務所ダム管理課\n\n②\n上郡町観光案内所",
        "hours": "①\n9:00～1７:00（土・日・祝祭日・年末年始は配布しておりません）　　　　　　　　　　     \n\n②\n9:30～16:30（月・年末年始は配布しておりません）",
        "address": "兵庫県赤穂郡上郡町駅前222",
        "url": "https://web.pref.hyogo.lg.jp/ks13/wd16_000000067.html"
      }
    },
    {
      "type": "Feature",
      "geometry": {
        "type": "Point",
        "coordinates": [
          134.764236,
          34.957024
        ]
      },
      "properties": {
        "name": "安富ダム",
        "location_marker": null,
        "pref": "兵庫県",
        "river_system": "揖保川",
        "river": "林田川",
        "card_ver": "1.1",
        "facility": "姫路土木事務所福崎事業所ダム管理担当",
        "hours": "9:00～1７:00\n（土・日・祝祭日・年末年始は配布しておりません）",
        "address": "兵庫県神崎郡福崎町西田原１９９４ｰ４",
        "url": "https://web.pref.hyogo.lg.jp/ks13/wd16_000000067.html"
      }
    },
    {
      "type": "Feature",
      "geometry": {
        "type": "Point",
        "coordinates": [
          134.869888,
          34.798676
        ]
      },
      "properties": {
        "name": "平荘ダム",
        "location_marker": null,
        "pref": "兵庫県",
        "river_system": "加古川",
        "river": "加古川",
        "card_ver": "1.0",
        "facility": "加古川工業用水道管理所",
        "hours": "9:00～17:30\n（土・日・祝日を含む）",
        "address": "兵庫県加古川市平荘町養老６５６",
        "url": "https://web.pref.hyogo.lg.jp/kc02/ea02_000000048.html"
      }
    },
    {
      "type": "Feature",
      "geometry": {
        "type": "Point",
        "coordinates": [
          134.49733,
          35.222946
        ]
      },
      "properties": {
        "name": "引原ダム",
        "location_marker": null,
        "pref": "兵庫県",
        "river_system": "揖保川",
        "river": "引原川",
        "card_ver": "1.2",
        "facility": "引原ダム管理所",
        "hours": "9:00～1７:00\n（土・日・祝祭日・年末年始は配布しておりません）",
        "address": "兵庫県宍粟市波賀町日ノ原176-11",
        "url": "https://web.pref.hyogo.lg.jp/ks13/wd16_000000067.html"
      }
    },
    {
      "type": "Feature",
      "geometry": {
        "type": "Point",
        "coordinates": [
          134.77771,
          34.244308
        ]
      },
      "properties": {
        "name": "成相ダム",
        "location_marker": "①",
        "pref": "兵庫県",
        "river_system": "三原川",
        "river": "成相川",
        "card_ver": "1.1",
        "facility": "①\n三原川水系ダム統合管理所\n（大日ダム管理所）\n\n②\n洲本土木事務所ダム管理課",
        "hours": "9:00～17:00\n（土・日・祝祭日・年末年始は配布しておりません。）\n※①は職員が不在の場合があります",
        "address": "兵庫県南あわじ市賀集生子162-2",
        "url": "https://web.pref.hyogo.lg.jp/ks13/wd16_000000067.html"
      }
    },
    {
      "type": "Feature",
      "geometry": {
        "type": "Point",
        "coordinates": [
          134.890579,
          34.346664
        ]
      },
      "properties": {
        "name": "成相ダム",
        "location_marker": "②",
        "pref": "兵庫県",
        "river_system": "三原川",
        "river": "成相川",
        "card_ver": "1.1",
        "facility": "①\n三原川水系ダム統合管理所\n（大日ダム管理所）\n\n②\n洲本土木事務所ダム管理課",
        "hours": "9:00～17:00\n（土・日・祝祭日・年末年始は配布しておりません。）\n※①は職員が不在の場合があります",
        "address": "兵庫県洲本市塩屋2-4-5",
        "url": "https://web.pref.hyogo.lg.jp/ks13/wd16_000000067.html"
      }
    },
    {
      "type": "Feature",
      "geometry": {
        "type": "Point",
        "coordinates": [
          135.084732,
          35.127296
        ]
      },
      "properties": {
        "name": "栗柄ダム",
        "location_marker": "①",
        "pref": "兵庫県",
        "river_system": "由良川",
        "river": "滝の尻川",
        "card_ver": "1.0",
        "facility": "①\n丹波土木事務所河川課\n\n②\n丹波篠山市役所\nまちづくり部地域整備課",
        "hours": "①\n9:00～1７:00\n（土・日・祝祭日・年末年始は配布しておりません）\n\n②\n9:00～1７:00\n（土・日・祝祭日・年末年始は配布しておりません）",
        "address": "兵庫県丹波市柏原町柏原688",
        "url": "https://web.pref.hyogo.lg.jp/ks13/wd16_000000067.html"
      }
    },
    {
      "type": "Feature",
      "geometry": {
        "type": "Point",
        "coordinates": [
          135.218216,
          35.075584
        ]
      },
      "properties": {
        "name": "栗柄ダム",
        "location_marker": "②",
        "pref": "兵庫県",
        "river_system": "由良川",
        "river": "滝の尻川",
        "card_ver": "1.0",
        "facility": "①\n丹波土木事務所河川課\n\n②\n丹波篠山市役所\nまちづくり部地域整備課",
        "hours": "①\n9:00～1７:00\n（土・日・祝祭日・年末年始は配布しておりません）\n\n②\n9:00～1７:00\n（土・日・祝祭日・年末年始は配布しておりません）",
        "address": "兵庫県丹波篠山市北新町41",
        "url": "https://web.pref.hyogo.lg.jp/ks13/wd16_000000067.html"
      }
    },
    {
      "type": "Feature",
      "geometry": {
        "type": "Point",
        "coordinates": [
          134.869888,
          34.798676
        ]
      },
      "properties": {
        "name": "権現ダム",
        "location_marker": null,
        "pref": "兵庫県",
        "river_system": "加古川",
        "river": "権現川",
        "card_ver": "1.0",
        "facility": "加古川工業用水道管理所",
        "hours": "9:00～17:30\n（土・日・祝日を含む）",
        "address": "兵庫県加古川市平荘町養老６５６",
        "url": "https://web.pref.hyogo.lg.jp/kc02/ea02_000000049.html"
      }
    },
    {
      "type": "Feature",
      "geometry": {
        "type": "Point",
        "coordinates": [
          134.77771,
          34.244308
        ]
      },
      "properties": {
        "name": "牛内ダム",
        "location_marker": "①",
        "pref": "兵庫県",
        "river_system": "三原川",
        "river": "牛内川",
        "card_ver": "1.1",
        "facility": "①\n三原川水系ダム統合管理所\n（大日ダム管理所）\n\n②\n洲本土木事務所ダム管理課",
        "hours": "9:00～17:00\n（土・日・祝祭日・年末年始は配布しておりません。）\n※①は職員が不在の場合があります",
        "address": "兵庫県南あわじ市賀集生子162-2",
        "url": "https://web.pref.hyogo.lg.jp/ks13/wd16_000000067.html"
      }
    },
    {
      "type": "Feature",
      "geometry": {
        "type": "Point",
        "coordinates": [
          134.890579,
          34.346664
        ]
      },
      "properties": {
        "name": "牛内ダム",
        "location_marker": "②",
        "pref": "兵庫県",
        "river_system": "三原川",
        "river": "牛内川",
        "card_ver": "1.1",
        "facility": "①\n三原川水系ダム統合管理所\n（大日ダム管理所）\n\n②\n洲本土木事務所ダム管理課",
        "hours": "9:00～17:00\n（土・日・祝祭日・年末年始は配布しておりません。）\n※①は職員が不在の場合があります",
        "address": "兵庫県洲本市塩屋2-4-5",
        "url": "https://web.pref.hyogo.lg.jp/ks13/wd16_000000067.html"
      }
    },
    {
      "type": "Feature",
      "geometry": {
        "type": "Point",
        "coordinates": [
          134.815582,
          35.18631
        ]
      },
      "properties": {
        "name": "生野ダム",
        "location_marker": null,
        "pref": "兵庫県",
        "river_system": "市川",
        "river": "市川",
        "card_ver": "2.0",
        "facility": "生野ダム管理所",
        "hours": "9:00～1７:00\n（土・日・祝祭日・年末年始は配布しておりません）",
        "address": "兵庫県朝来市生野町竹原野34-10",
        "url": "https://web.pref.hyogo.lg.jp/ks13/wd16_000000067.html"
      }
    },
    {
      "type": "Feature",
      "geometry": {
        "type": "Point",
        "coordinates": [
          135.146103,
          34.706757
        ]
      },
      "properties": {
        "name": "石井ダム",
        "location_marker": null,
        "pref": "兵庫県",
        "river_system": "新湊川",
        "river": "烏原川",
        "card_ver": "1.1",
        "facility": "石井ダム管理所",
        "hours": "9:00～1７:00\n（土・日・祝祭日・年末年始は配布しておりません）\n※石井ダム管理所までは自動車等の乗り入れができません。",
        "address": "兵庫県神戸市北区山田町下谷上字中一里山11-85",
        "url": "https://web.pref.hyogo.lg.jp/ks13/wd16_000000067.html"
      }
    },
    {
      "type": "Feature",
      "geometry": {
        "type": "Point",
        "coordinates": [
          134.764236,
          34.957024
        ]
      },
      "properties": {
        "name": "菅生ダム",
        "location_marker": null,
        "pref": "兵庫県",
        "river_system": "夢前川",
        "river": "菅生川",
        "card_ver": "1.0",
        "facility": "姫路土木事務所福崎事業所ダム管理担当",
        "hours": "9:00～1７:00\n（土・日・祝祭日・年末年始は配布しておりません）",
        "address": "兵庫県神崎郡福崎町西田原１９９４ｰ４",
        "url": "https://web.pref.hyogo.lg.jp/ks13/wd16_000000067.html"
      }
    },
    {
      "type": "Feature",
      "geometry": {
        "type": "Point",
        "coordinates": [
          134.77771,
          34.244308
        ]
      },
      "properties": {
        "name": "諭鶴羽ダム",
        "location_marker": "①",
        "pref": "兵庫県",
        "river_system": "三原川",
        "river": "諭鶴羽川",
        "card_ver": "1.1",
        "facility": "①\n三原川水系ダム統合管理所\n（大日ダム管理所）\n\n②\n洲本土木事務所ダム管理課",
        "hours": "9:00～17:00\n（土・日・祝祭日・年末年始は配布しておりません。）\n※①は職員が不在の場合があります",
        "address": "兵庫県南あわじ市賀集生子162-2",
        "url": "https://web.pref.hyogo.lg.jp/ks13/wd16_000000067.html"
      }
    },
    {
      "type": "Feature",
      "geometry": {
        "type": "Point",
        "coordinates": [
          134.890579,
          34.346664
        ]
      },
      "properties": {
        "name": "諭鶴羽ダム",
        "location_marker": "②",
        "pref": "兵庫県",
        "river_system": "三原川",
        "river": "諭鶴羽川",
        "card_ver": "1.1",
        "facility": "①\n三原川水系ダム統合管理所\n（大日ダム管理所）\n\n②\n洲本土木事務所ダム管理課",
        "hours": "9:00～17:00\n（土・日・祝祭日・年末年始は配布しておりません。）\n※①は職員が不在の場合があります",
        "address": "兵庫県洲本市塩屋2-4-5",
        "url": "https://web.pref.hyogo.lg.jp/ks13/wd16_000000067.html"
      }
    },
    {
      "type": "Feature",
      "geometry": {
        "type": "Point",
        "coordinates": [
          134.441269,
          34.93927
        ]
      },
      "properties": {
        "name": "金出地ダム",
        "location_marker": "①",
        "pref": "兵庫県",
        "river_system": "千種川",
        "river": "鞍居川",
        "card_ver": "1.1",
        "facility": "①\n光都土木事務所ダム管理課\n\n②\n上郡町観光案内所",
        "hours": "①\n9:00～1７:00（土・日・祝祭日・年末年始は配布しておりません）　\n\n②\n9:30～16:30（月・年末年始は配布しておりません）",
        "address": "兵庫県赤穂郡上郡町光都2-25",
        "url": "https://web.pref.hyogo.lg.jp/ks13/wd16_000000067.html"
      }
    },
    {
      "type": "Feature",
      "geometry": {
        "type": "Point",
        "coordinates": [
          134.354828,
          34.866116
        ]
      },
      "properties": {
        "name": "金出地ダム",
        "location_marker": "②",
        "pref": "兵庫県",
        "river_system": "千種川",
        "river": "鞍居川",
        "card_ver": "1.1",
        "facility": "①\n光都土木事務所ダム管理課\n\n②\n上郡町観光案内所",
        "hours": "①\n9:00～1７:00（土・日・祝祭日・年末年始は配布しておりません）　\n\n②\n9:30～16:30（月・年末年始は配布しておりません）",
        "address": "兵庫県赤穂郡上郡町駅前222",
        "url": "https://web.pref.hyogo.lg.jp/ks13/wd16_000000067.html"
      }
    },
    {
      "type": "Feature",
      "geometry": {
        "type": "Point",
        "coordinates": [
          134.441269,
          34.93927
        ]
      },
      "properties": {
        "name": "長谷ダム\n［兵庫県］",
        "location_marker": null,
        "pref": "兵庫県",
        "river_system": "千種川",
        "river": "長谷川",
        "card_ver": "1.0",
        "facility": "光都土木事務所ダム管理課",
        "hours": "9:00～1７:00\n（土・日・祝祭日・年末年始は配布しておりません）",
        "address": "兵庫県赤穂郡上郡町光都2-25",
        "url": "https://web.pref.hyogo.lg.jp/ks13/wd16_000000067.html"
      }
    },
    {
      "type": "Feature",
      "geometry": {
        "type": "Point",
        "coordinates": [
          134.749588,
          35.071159
        ]
      },
      "properties": {
        "name": "長谷ダム\n［関西電力］",
        "location_marker": "①",
        "pref": "兵庫県",
        "river_system": "市川",
        "river": "犬見川",
        "card_ver": "1.0",
        "facility": "①神河町観光協会\n\n②ふれあいマーケット長谷店",
        "hours": "①\n9：00～17：00\n（定休日：毎週水曜日、年末年始は配布しておりません。）\n②\n10：00～18：00（日曜日は１７：００まで）\n（定休日：年始は配布しておりません）",
        "address": "兵庫県神崎郡神河町鍛冶１４２－４７",
        "url": "①\nhttps://www.kamikawa-navi.jp/\n"
      }
    },
    {
      "type": "Feature",
      "geometry": {
        "type": "Point",
        "coordinates": [
          134.730881,
          35.125141
        ]
      },
      "properties": {
        "name": "長谷ダム\n［関西電力］",
        "location_marker": "②",
        "pref": "兵庫県",
        "river_system": "市川",
        "river": "犬見川",
        "card_ver": "1.0",
        "facility": "①神河町観光協会\n\n②ふれあいマーケット長谷店",
        "hours": "①\n9：00～17：00\n（定休日：毎週水曜日、年末年始は配布しておりません。）\n②\n10：00～18：00（日曜日は１７：００まで）\n（定休日：年始は配布しておりません）",
        "address": "兵庫県神河町長谷１０５８",
        "url": "①\nhttps://www.kamikawa-navi.jp/\n"
      }
    },
    {
      "type": "Feature",
      "geometry": {
        "type": "Point",
        "coordinates": [
          135.209244,
          34.927483
        ]
      },
      "properties": {
        "name": "青野ダム",
        "location_marker": null,
        "pref": "兵庫県",
        "river_system": "武庫川",
        "river": "青野川",
        "card_ver": "1.1",
        "facility": "青野ダム管理所",
        "hours": "9:00～1７:00\n（土・日・祝祭日・年末年始は配布しておりません）",
        "address": "兵庫県三田市加茂上平山1221",
        "url": "https://web.pref.hyogo.lg.jp/ks13/wd16_000000067.html"
      }
    },
    {
      "type": "Feature",
      "geometry": {
        "type": "Point",
        "coordinates": [
          134.880936,
          35.223183
        ]
      },
      "properties": {
        "name": "黒川ダム",
        "location_marker": null,
        "pref": "兵庫県",
        "river_system": "市川",
        "river": "市川",
        "card_ver": "1.0",
        "facility": "黒川温泉 美人の湯",
        "hours": "１１：００～１９：００\n定 休 日：水曜日、年末年始",
        "address": "兵庫県朝来市生野町黒川457-1",
        "url": "https://hyogo-kurokawaonsen.com/"
      }
    },
    {
      "type": "Feature",
      "geometry": {
        "type": "Point",
        "coordinates": [
          142.656433,
          44.401604
        ]
      },
      "properties": {
        "name": "サンルダム",
        "location_marker": null,
        "pref": "北海道",
        "river_system": "天塩川",
        "river": "サンル川",
        "card_ver": "1.1",
        "facility": "サンルダム管理支所",
        "hours": "9:00～17:00（土･日･祝日を含む）",
        "address": "北海道上川郡下川町珊瑠1595番地",
        "url": "https://www.hkd.mlit.go.jp/as/tisui/ho928l0000001bwp.html"
      }
    },
    {
      "type": "Feature",
      "geometry": {
        "type": "Point",
        "coordinates": [
          142.00235,
          43.249813
        ]
      },
      "properties": {
        "name": "三笠ぽんべつダム（建設中）",
        "location_marker": "①",
        "pref": "北海道",
        "river_system": "石狩川",
        "river": "幾春別川",
        "card_ver": "2",
        "facility": "①\n新桂沢ダム管理支所\n\n②\n幾春別川ダム建設事業所",
        "hours": "①\n9:00～17:00\n\n②\n9:00～17:00\n(平日のみ)\n※②ダムカード配布場所とダムは離れています。",
        "address": "北海道三笠市桂沢",
        "url": "①https://www.hkd.mlit.go.jp/sp/iwamizawa_kasen/kluhh4000000fmbo.html\n\n②https://www.hkd.mlit.go.jp/sp/ikushunbetu_damu/index.html"
      }
    },
    {
      "type": "Feature",
      "geometry": {
        "type": "Point",
        "coordinates": [
          141.958771,
          43.256935
        ]
      },
      "properties": {
        "name": "三笠ぽんべつダム（建設中）",
        "location_marker": "②",
        "pref": "北海道",
        "river_system": "石狩川",
        "river": "幾春別川",
        "card_ver": "2",
        "facility": "①\n新桂沢ダム管理支所\n\n②\n幾春別川ダム建設事業所",
        "hours": "①\n9:00～17:00\n\n②\n9:00～17:00\n(平日のみ)\n※②ダムカード配布場所とダムは離れています。",
        "address": "北海道三笠市幾春別山手町91-1",
        "url": "①https://www.hkd.mlit.go.jp/sp/iwamizawa_kasen/kluhh4000000fmbo.html\n\n②https://www.hkd.mlit.go.jp/sp/ikushunbetu_damu/index.html"
      }
    },
    {
      "type": "Feature",
      "geometry": {
        "type": "Point",
        "coordinates": [
          140.125916,
          41.819454
        ]
      },
      "properties": {
        "name": "上ノ国ダム",
        "location_marker": "①",
        "pref": "北海道",
        "river_system": "天野川",
        "river": "目名川",
        "card_ver": "2",
        "facility": "①\n上ノ国ダム管理所\n\n②\n渡島総合振興局　\n函館建設管理部江差出張所\n\n③\n道の駅　もんじゅ",
        "hours": "①\n9:00～12:00\n（閉庁日（土・日・祝日）及び年末年始（12月2９日～１月３日）は配布しておりません。）\n\n②\n13:00～17:00\n（閉庁日（土・日・祝日）及び年末年始（12月2９日～１月３日）は配布しておりません。）\n\n③\n9:00～17:30　　　　　　　　\n（土・日・祝日のみ配布しております。）",
        "address": "北海道檜山郡上ノ国町字内郷",
        "url": "http://www.oshima.pref.hokkaido.lg.jp/kk/hkk/kaminokuni.htm"
      }
    },
    {
      "type": "Feature",
      "geometry": {
        "type": "Point",
        "coordinates": [
          140.127838,
          41.858967
        ]
      },
      "properties": {
        "name": "上ノ国ダム",
        "location_marker": "②",
        "pref": "北海道",
        "river_system": "天野川",
        "river": "目名川",
        "card_ver": "2",
        "facility": "①\n上ノ国ダム管理所\n\n②\n渡島総合振興局　\n函館建設管理部江差出張所\n\n③\n道の駅　もんじゅ",
        "hours": "①\n9:00～12:00\n（閉庁日（土・日・祝日）及び年末年始（12月2９日～１月３日）は配布しておりません。）\n\n②\n13:00～17:00\n（閉庁日（土・日・祝日）及び年末年始（12月2９日～１月３日）は配布しておりません。）\n\n③\n9:00～17:30　　　　　　　　\n（土・日・祝日のみ配布しております。）",
        "address": "北海道檜山郡江差町字陣屋町336-3",
        "url": "http://www.oshima.pref.hokkaido.lg.jp/kk/hkk/kaminokuni.htm"
      }
    },
    {
      "type": "Feature",
      "geometry": {
        "type": "Point",
        "coordinates": [
          140.096237,
          41.802223
        ]
      },
      "properties": {
        "name": "上ノ国ダム",
        "location_marker": "③",
        "pref": "北海道",
        "river_system": "天野川",
        "river": "目名川",
        "card_ver": "2",
        "facility": "①\n上ノ国ダム管理所\n\n②\n渡島総合振興局　\n函館建設管理部江差出張所\n\n③\n道の駅　もんじゅ",
        "hours": "①\n9:00～12:00\n（閉庁日（土・日・祝日）及び年末年始（12月2９日～１月３日）は配布しておりません。）\n\n②\n13:00～17:00\n（閉庁日（土・日・祝日）及び年末年始（12月2９日～１月３日）は配布しておりません。）\n\n③\n9:00～17:30　　　　　　　　\n（土・日・祝日のみ配布しております。）",
        "address": "北海道檜山郡上ノ国町字原歌3",
        "url": "http://www.oshima.pref.hokkaido.lg.jp/kk/hkk/kaminokuni.htm"
      }
    },
    {
      "type": "Feature",
      "geometry": {
        "type": "Point",
        "coordinates": [
          142.178391,
          42.635429
        ]
      },
      "properties": {
        "name": "二風谷ダム",
        "location_marker": "①",
        "pref": "北海道",
        "river_system": "沙流川",
        "river": "沙流川",
        "card_ver": "1.2",
        "facility": "①\n二風谷ダム管理支所\n\n②\n沙流川歴史館",
        "hours": "①\n8:30～17:15（平日）\n9:00～16:30（土・日・祝日）\n\n②\n9:00～16:30\n（休館日（月曜日。ただし、月曜日が祝日の場合は、その翌日）\n",
        "address": "北海道沙流郡平取町字二風谷２４－４",
        "url": "①https://www.hkd.mlit.go.jp/mr/sarugawa_damu/tn6s9g0000002hxf.html\n②\nhttps://www.biratori-ainu-culture.com/trip/sarugawa-museum/"
      }
    },
    {
      "type": "Feature",
      "geometry": {
        "type": "Point",
        "coordinates": [
          142.178391,
          42.635429
        ]
      },
      "properties": {
        "name": "二風谷ダム",
        "location_marker": "②",
        "pref": "北海道",
        "river_system": "沙流川",
        "river": "沙流川",
        "card_ver": "1.2",
        "facility": "①\n二風谷ダム管理支所\n\n②\n沙流川歴史館",
        "hours": "①\n8:30～17:15（平日）\n9:00～16:30（土・日・祝日）\n\n②\n9:00～16:30\n（休館日（月曜日。ただし、月曜日が祝日の場合は、その翌日）\n",
        "address": "北海道沙流郡平取町字二風谷２２７－２",
        "url": "①https://www.hkd.mlit.go.jp/mr/sarugawa_damu/tn6s9g0000002hxf.html\n②\nhttps://www.biratori-ainu-culture.com/trip/sarugawa-museum/"
      }
    },
    {
      "type": "Feature",
      "geometry": {
        "type": "Point",
        "coordinates": [
          140.884094,
          42.862892
        ]
      },
      "properties": {
        "name": "京極ダム",
        "location_marker": null,
        "pref": "北海道",
        "river_system": "尻別川",
        "river": "ペーペナイ川",
        "card_ver": "1",
        "facility": "湧学館",
        "hours": "9:00～17:00（休館日：年末年始12／31～1／5）",
        "address": "北海道虻田郡京極町字京極１５８番地１",
        "url": "https://www.hepco.co.jp/energy/water_power/damcard_kyogoku.html"
      }
    },
    {
      "type": "Feature",
      "geometry": {
        "type": "Point",
        "coordinates": [
          140.884094,
          42.862892
        ]
      },
      "properties": {
        "name": "京極発電所上部調整池",
        "location_marker": null,
        "pref": "北海道",
        "river_system": "－",
        "river": "－",
        "card_ver": "1",
        "facility": "湧学館",
        "hours": "9:00～17:00（休館日：年末年始12／31～1／5）",
        "address": "北海道虻田郡京極町字京極１５８番地１",
        "url": "https://www.hepco.co.jp/energy/water_power/damcard_kyogoku.html"
      }
    },
    {
      "type": "Feature",
      "geometry": {
        "type": "Point",
        "coordinates": [
          142.982788,
          43.097271
        ]
      },
      "properties": {
        "name": "佐幌ダム",
        "location_marker": "①",
        "pref": "北海道",
        "river_system": "十勝川",
        "river": "佐幌川",
        "card_ver": "2",
        "facility": "①\n十勝総合振興局\n帯広建設管理部鹿追出張所\n\n②\n新得町公民館",
        "hours": "①\n9:00～12:00、13:00～17:00\n（閉庁日（土・日・祝日）及び年末年始（12月2９日～１月３日）は配布しておりません。）\n\n②\n9:00～21:00\n（土・日・祝日のみ配布しております。（12月29日～1月3日は休館日のため、配布しておりません。））",
        "address": "北海道河東郡鹿追町南町1-54",
        "url": "http://www.tokachi.pref.hokkaido.lg.jp/kk/okk/sa-dam-index.htm"
      }
    },
    {
      "type": "Feature",
      "geometry": {
        "type": "Point",
        "coordinates": [
          142.839661,
          43.079926
        ]
      },
      "properties": {
        "name": "佐幌ダム",
        "location_marker": "②",
        "pref": "北海道",
        "river_system": "十勝川",
        "river": "佐幌川",
        "card_ver": "2",
        "facility": "①\n十勝総合振興局\n帯広建設管理部鹿追出張所\n\n②\n新得町公民館",
        "hours": "①\n9:00～12:00、13:00～17:00\n（閉庁日（土・日・祝日）及び年末年始（12月2９日～１月３日）は配布しておりません。）\n\n②\n9:00～21:00\n（土・日・祝日のみ配布しております。（12月29日～1月3日は休館日のため、配布しておりません。））",
        "address": "北海道上川郡新得町4条南4丁目9番地",
        "url": "http://www.tokachi.pref.hokkaido.lg.jp/kk/okk/sa-dam-index.htm"
      }
    },
    {
      "type": "Feature",
      "geometry": {
        "type": "Point",
        "coordinates": [
          142.968384,
          43.341362
        ]
      },
      "properties": {
        "name": "十勝ダム",
        "location_marker": null,
        "pref": "北海道",
        "river_system": "十勝川",
        "river": "十勝川",
        "card_ver": "1.2",
        "facility": "十勝ダム管理支所",
        "hours": "9:00～17:00\n（土・日・祝日を含む）「正面入口の風除室内右側のインターホンを押して下さい。」",
        "address": "北海道上川郡新得町字屈足トムラウシ",
        "url": "https://www.hkd.mlit.go.jp/ob/obihiro_kasen/ctll1r000000337f.html"
      }
    },
    {
      "type": "Feature",
      "geometry": {
        "type": "Point",
        "coordinates": [
          142.040268,
          42.786709
        ]
      },
      "properties": {
        "name": "厚幌ダム",
        "location_marker": "①",
        "pref": "北海道",
        "river_system": "厚真川",
        "river": "厚真川",
        "card_ver": "2",
        "facility": "①\n厚幌ダム管理所\n\n②\n胆振総合振興局\n室蘭建設管理部苫小牧出張所\n",
        "hours": "①\n9:00～12:00\n（閉庁日（土・日・祝日）及び年末年始（12月2９日～１月３日）は配布しておりません。）\n\n②\n9:00～12:00、13:00～17:00\n（閉庁日（土・日・祝日）及び年末年始（12月2９日～１月３日）は配布しておりません。）",
        "address": "北海道勇払郡厚真町字幌内",
        "url": "https://www.iburi.pref.hokkaido.lg.jp/kk/mkk/mur-dogen/kanriDam/apporodam.html"
      }
    },
    {
      "type": "Feature",
      "geometry": {
        "type": "Point",
        "coordinates": [
          141.620483,
          42.647995
        ]
      },
      "properties": {
        "name": "厚幌ダム",
        "location_marker": "②",
        "pref": "北海道",
        "river_system": "厚真川",
        "river": "厚真川",
        "card_ver": "2",
        "facility": "①\n厚幌ダム管理所\n\n②\n胆振総合振興局\n室蘭建設管理部苫小牧出張所\n",
        "hours": "①\n9:00～12:00\n（閉庁日（土・日・祝日）及び年末年始（12月2９日～１月３日）は配布しておりません。）\n\n②\n9:00～12:00、13:00～17:00\n（閉庁日（土・日・祝日）及び年末年始（12月2９日～１月３日）は配布しておりません。）",
        "address": "北海道苫小牧市日の出町2丁目2番7号",
        "url": "https://www.iburi.pref.hokkaido.lg.jp/kk/mkk/mur-dogen/kanriDam/apporodam.html"
      }
    },
    {
      "type": "Feature",
      "geometry": {
        "type": "Point",
        "coordinates": [
          142.254272,
          42.988964
        ]
      },
      "properties": {
        "name": "夕張シューパロダム",
        "location_marker": null,
        "pref": "北海道",
        "river_system": "石狩川",
        "river": "夕張川",
        "card_ver": "2.1",
        "facility": "夕張川ダム総合管理事務所",
        "hours": "9:00～17:00（土・日・祝日を含む）\n（雨、雪等で通行止めの場合は、配布できません。土・日・祝日は正面入口左側のインターホンを押して下さい。）",
        "address": "北海道夕張市南部青葉町573番地",
        "url": "https://www.hkd.mlit.go.jp/sp/yuubari_damu/e1lg9o0000004muu.html"
      }
    },
    {
      "type": "Feature",
      "geometry": {
        "type": "Point",
        "coordinates": [
          143.035294,
          43.65868
        ]
      },
      "properties": {
        "name": "大雪ダム",
        "location_marker": null,
        "pref": "北海道",
        "river_system": "石狩川",
        "river": "石狩川",
        "card_ver": "2",
        "facility": "大雪ダム管理支所",
        "hours": "9:00～17:00\n（土・日・祝日を含む）",
        "address": "北海道上川郡上川町字層雲峡大学平",
        "url": "https://www.hkd.mlit.go.jp/as/tisui/ho928l00000040bo.html"
      }
    },
    {
      "type": "Feature",
      "geometry": {
        "type": "Point",
        "coordinates": [
          141.11644,
          42.952518
        ]
      },
      "properties": {
        "name": "定山渓ダム",
        "location_marker": "①",
        "pref": "北海道",
        "river_system": "石狩川",
        "river": "小樽内川",
        "card_ver": "2",
        "facility": "①\n定山渓ダム管理支所\n\n②\n定山渓ダム下流園地（定山渓ダム資料館）",
        "hours": "①\n9：00～17：00\n（平日のみ）\n\n②\n9：30～16：00\n（土・日・祝日を含む）\n※月曜日休館、月曜日が祝日の場合は次の平日を休館\n　ただし、10月1日～11月3日は無休\n※11月3日～4月29日（冬季閉鎖）　　　　",
        "address": "北海道札幌市南区定山渓８区",
        "url": "①\nhttps://www.hkd.mlit.go.jp/sp/toyohira_damu/kluhh4000000b7ql.html\n②\nhttps://www.hkd.mlit.go.jp/sp/toyohira_damu/kluhh4000000b7ql.html"
      }
    },
    {
      "type": "Feature",
      "geometry": {
        "type": "Point",
        "coordinates": [
          141.11644,
          42.952518
        ]
      },
      "properties": {
        "name": "定山渓ダム",
        "location_marker": "②",
        "pref": "北海道",
        "river_system": "石狩川",
        "river": "小樽内川",
        "card_ver": "2",
        "facility": "①\n定山渓ダム管理支所\n\n②\n定山渓ダム下流園地（定山渓ダム資料館）",
        "hours": "①\n9：00～17：00\n（平日のみ）\n\n②\n9：30～16：00\n（土・日・祝日を含む）\n※月曜日休館、月曜日が祝日の場合は次の平日を休館\n　ただし、10月1日～11月3日は無休\n※11月3日～4月29日（冬季閉鎖）　　　　",
        "address": "北海道札幌市南区定山渓８区",
        "url": "①\nhttps://www.hkd.mlit.go.jp/sp/toyohira_damu/kluhh4000000b7ql.html\n②\nhttps://www.hkd.mlit.go.jp/sp/toyohira_damu/kluhh4000000b7ql.html"
      }
    },
    {
      "type": "Feature",
      "geometry": {
        "type": "Point",
        "coordinates": [
          142.968384,
          43.341362
        ]
      },
      "properties": {
        "name": "富村ダム",
        "location_marker": null,
        "pref": "北海道",
        "river_system": "十勝川",
        "river": "トムラウシ川",
        "card_ver": "1",
        "facility": "トムラウシ温泉　東大雪荘",
        "hours": "9:00～17:00（土・日・祝日含む）",
        "address": "北海道上川郡新得町屈足トムラウシ",
        "url": "https://www.hepco.co.jp/energy/water_power/damcard_tomura_iwamatsu.html"
      }
    },
    {
      "type": "Feature",
      "geometry": {
        "type": "Point",
        "coordinates": [
          141.943283,
          44.053936
        ]
      },
      "properties": {
        "name": "小平ダム",
        "location_marker": "①",
        "pref": "北海道",
        "river_system": "小平蘂川",
        "river": "小平蘂川",
        "card_ver": "2",
        "facility": "①\n小平ダム管理所\n\n②\n留萌振興局　　　　　　　　\n留萌建設管理部事業室事業課\n\n③\n道の駅おびら鰊番屋内1F小平町観光交流センター　　\n特産品販売コーナー\n\n④\n小平町総合交流ターミナル「ゆったりかん」",
        "hours": "①\n9:00～12:00\n（閉庁日（土・日・祝日）及び年末年始（12月2９日～１月３日）は配布しておりません。）\n\n②\n13:00～17:00\n（閉庁日（土・日・祝日）及び年末年始（12月2９日～１月３日）は配布しておりません。）\n\n③\n10:00～17:00\n（土・日・祝日のみ配布しております。（年末年始は休館日のため、配布しておりません。））\n\n④\n7:00～22:00\n（土・日・祝日のみ配布しております。（毎月第３火曜日は休館日のため、配布しておりません。））",
        "address": "北海道留萌郡小平町字滝下",
        "url": "http://www.rumoi.pref.hokkaido.lg.jp/kk/rkk/obiradam.htm"
      }
    },
    {
      "type": "Feature",
      "geometry": {
        "type": "Point",
        "coordinates": [
          141.671143,
          43.936333
        ]
      },
      "properties": {
        "name": "小平ダム",
        "location_marker": "②",
        "pref": "北海道",
        "river_system": "小平蘂川",
        "river": "小平蘂川",
        "card_ver": "2",
        "facility": "①\n小平ダム管理所\n\n②\n留萌振興局　　　　　　　　\n留萌建設管理部事業室事業課\n\n③\n道の駅おびら鰊番屋内1F小平町観光交流センター　　\n特産品販売コーナー\n\n④\n小平町総合交流ターミナル「ゆったりかん」",
        "hours": "①\n9:00～12:00\n（閉庁日（土・日・祝日）及び年末年始（12月2９日～１月３日）は配布しておりません。）\n\n②\n13:00～17:00\n（閉庁日（土・日・祝日）及び年末年始（12月2９日～１月３日）は配布しておりません。）\n\n③\n10:00～17:00\n（土・日・祝日のみ配布しております。（年末年始は休館日のため、配布しておりません。））\n\n④\n7:00～22:00\n（土・日・祝日のみ配布しております。（毎月第３火曜日は休館日のため、配布しておりません。））",
        "address": "北海道留萌市東雲町1-56",
        "url": "http://www.rumoi.pref.hokkaido.lg.jp/kk/rkk/obiradam.htm"
      }
    },
    {
      "type": "Feature",
      "geometry": {
        "type": "Point",
        "coordinates": [
          141.67659,
          44.137955
        ]
      },
      "properties": {
        "name": "小平ダム",
        "location_marker": "③",
        "pref": "北海道",
        "river_system": "小平蘂川",
        "river": "小平蘂川",
        "card_ver": "2",
        "facility": "①\n小平ダム管理所\n\n②\n留萌振興局　　　　　　　　\n留萌建設管理部事業室事業課\n\n③\n道の駅おびら鰊番屋内1F小平町観光交流センター　　\n特産品販売コーナー\n\n④\n小平町総合交流ターミナル「ゆったりかん」",
        "hours": "①\n9:00～12:00\n（閉庁日（土・日・祝日）及び年末年始（12月2９日～１月３日）は配布しておりません。）\n\n②\n13:00～17:00\n（閉庁日（土・日・祝日）及び年末年始（12月2９日～１月３日）は配布しておりません。）\n\n③\n10:00～17:00\n（土・日・祝日のみ配布しております。（年末年始は休館日のため、配布しておりません。））\n\n④\n7:00～22:00\n（土・日・祝日のみ配布しております。（毎月第３火曜日は休館日のため、配布しておりません。））",
        "address": "北海道留萌郡小平町字鬼鹿広富",
        "url": "http://www.rumoi.pref.hokkaido.lg.jp/kk/rkk/obiradam.htm"
      }
    },
    {
      "type": "Feature",
      "geometry": {
        "type": "Point",
        "coordinates": [
          141.678009,
          44.015633
        ]
      },
      "properties": {
        "name": "小平ダム",
        "location_marker": "④",
        "pref": "北海道",
        "river_system": "小平蘂川",
        "river": "小平蘂川",
        "card_ver": "2",
        "facility": "①\n小平ダム管理所\n\n②\n留萌振興局　　　　　　　　\n留萌建設管理部事業室事業課\n\n③\n道の駅おびら鰊番屋内1F小平町観光交流センター　　\n特産品販売コーナー\n\n④\n小平町総合交流ターミナル「ゆったりかん」",
        "hours": "①\n9:00～12:00\n（閉庁日（土・日・祝日）及び年末年始（12月2９日～１月３日）は配布しておりません。）\n\n②\n13:00～17:00\n（閉庁日（土・日・祝日）及び年末年始（12月2９日～１月３日）は配布しておりません。）\n\n③\n10:00～17:00\n（土・日・祝日のみ配布しております。（年末年始は休館日のため、配布しておりません。））\n\n④\n7:00～22:00\n（土・日・祝日のみ配布しております。（毎月第３火曜日は休館日のため、配布しておりません。））",
        "address": "北海道留萌郡小平町字小平町479-1",
        "url": "http://www.rumoi.pref.hokkaido.lg.jp/kk/rkk/obiradam.htm"
      }
    },
    {
      "type": "Feature",
      "geometry": {
        "type": "Point",
        "coordinates": [
          142.968384,
          43.341362
        ]
      },
      "properties": {
        "name": "屈足ダム",
        "location_marker": null,
        "pref": "北海道",
        "river_system": "十勝川",
        "river": "十勝川",
        "card_ver": "1",
        "facility": "十勝ダム管理支所",
        "hours": "9:00～17:00\n（土・日・祝日を含む）\n正面入口の風除室内右側のインターホンを押して下さい。",
        "address": "北海道上川郡新得町字屈足トムラウシ",
        "url": "https://www.jpower.co.jp/damcard/kuttari.html"
      }
    },
    {
      "type": "Feature",
      "geometry": {
        "type": "Point",
        "coordinates": [
          142.781586,
          44.099007
        ]
      },
      "properties": {
        "name": "岩尾内ダム",
        "location_marker": null,
        "pref": "北海道",
        "river_system": "天塩川",
        "river": "天塩川",
        "card_ver": "2",
        "facility": "岩尾内ダム管理支所",
        "hours": "9:00～17:00\n（土・日・祝日を含む）",
        "address": "北海道士別市朝日町岩尾内7314番地",
        "url": "https://www.hkd.mlit.go.jp/as/tisui/ho928l0000001ey3.html"
      }
    },
    {
      "type": "Feature",
      "geometry": {
        "type": "Point",
        "coordinates": [
          142.968384,
          43.341362
        ]
      },
      "properties": {
        "name": "岩松ダム",
        "location_marker": null,
        "pref": "北海道",
        "river_system": "十勝川",
        "river": "十勝川",
        "card_ver": "1",
        "facility": "トムラウシ温泉　東大雪荘",
        "hours": "9:00～17:00（土・日・祝日含む）",
        "address": "北海道上川郡新得町屈足トムラウシ",
        "url": "https://www.hepco.co.jp/energy/water_power/damcard_tomura_iwamatsu.html"
      }
    },
    {
      "type": "Feature",
      "geometry": {
        "type": "Point",
        "coordinates": [
          141.06842,
          42.431034
        ]
      },
      "properties": {
        "name": "幌別ダム",
        "location_marker": "①",
        "pref": "北海道",
        "river_system": "胆振幌別川",
        "river": "胆振幌別川",
        "card_ver": "1",
        "facility": "①\n北海道企業局室蘭地区　　　　　　工業用水道管理事務所\n\n②\n登別温泉観光案内所\n\n③\n登別市観光交流センター（1階観光案内所）\n\n④\n登別市役所（1階宿直室）",
        "hours": "①\n9:00～17:00\n（閉庁日（土・日・祝日）及び年末年始（12月2９日～１月３日）は配布しておりません。）\n\n②\n9:00～18:00\n（土・日・祝日のみ配布しております。）\n\n③\n9:00～17:30\n（土・日・祝日のみ配布しております。）\n\n④\n9:00～17:00\n（土・日・祝日及び年末年始（12月2９日～１月３日）のみ配布しております。）",
        "address": "北海道登別市川上町308番地60",
        "url": "https://www.pref.hokkaido.lg.jp/kg/kgs/damcard.html"
      }
    },
    {
      "type": "Feature",
      "geometry": {
        "type": "Point",
        "coordinates": [
          141.14267,
          42.492519
        ]
      },
      "properties": {
        "name": "幌別ダム",
        "location_marker": "②",
        "pref": "北海道",
        "river_system": "胆振幌別川",
        "river": "胆振幌別川",
        "card_ver": "1",
        "facility": "①\n北海道企業局室蘭地区　　　　　　工業用水道管理事務所\n\n②\n登別温泉観光案内所\n\n③\n登別市観光交流センター（1階観光案内所）\n\n④\n登別市役所（1階宿直室）",
        "hours": "①\n9:00～17:00\n（閉庁日（土・日・祝日）及び年末年始（12月2９日～１月３日）は配布しておりません。）\n\n②\n9:00～18:00\n（土・日・祝日のみ配布しております。）\n\n③\n9:00～17:30\n（土・日・祝日のみ配布しております。）\n\n④\n9:00～17:00\n（土・日・祝日及び年末年始（12月2９日～１月３日）のみ配布しております。）",
        "address": "北海道登別市登別温泉町60番地",
        "url": "https://www.pref.hokkaido.lg.jp/kg/kgs/damcard.html"
      }
    },
    {
      "type": "Feature",
      "geometry": {
        "type": "Point",
        "coordinates": [
          141.179428,
          42.450558
        ]
      },
      "properties": {
        "name": "幌別ダム",
        "location_marker": "③",
        "pref": "北海道",
        "river_system": "胆振幌別川",
        "river": "胆振幌別川",
        "card_ver": "1",
        "facility": "①\n北海道企業局室蘭地区　　　　　　工業用水道管理事務所\n\n②\n登別温泉観光案内所\n\n③\n登別市観光交流センター（1階観光案内所）\n\n④\n登別市役所（1階宿直室）",
        "hours": "①\n9:00～17:00\n（閉庁日（土・日・祝日）及び年末年始（12月2９日～１月３日）は配布しておりません。）\n\n②\n9:00～18:00\n（土・日・祝日のみ配布しております。）\n\n③\n9:00～17:30\n（土・日・祝日のみ配布しております。）\n\n④\n9:00～17:00\n（土・日・祝日及び年末年始（12月2９日～１月３日）のみ配布しております。）",
        "address": "北海道登別市登別港町1丁目4番地9",
        "url": "https://www.pref.hokkaido.lg.jp/kg/kgs/damcard.html"
      }
    },
    {
      "type": "Feature",
      "geometry": {
        "type": "Point",
        "coordinates": [
          141.106491,
          42.412941
        ]
      },
      "properties": {
        "name": "幌別ダム",
        "location_marker": "④",
        "pref": "北海道",
        "river_system": "胆振幌別川",
        "river": "胆振幌別川",
        "card_ver": "1",
        "facility": "①\n北海道企業局室蘭地区　　　　　　工業用水道管理事務所\n\n②\n登別温泉観光案内所\n\n③\n登別市観光交流センター（1階観光案内所）\n\n④\n登別市役所（1階宿直室）",
        "hours": "①\n9:00～17:00\n（閉庁日（土・日・祝日）及び年末年始（12月2９日～１月３日）は配布しておりません。）\n\n②\n9:00～18:00\n（土・日・祝日のみ配布しております。）\n\n③\n9:00～17:30\n（土・日・祝日のみ配布しております。）\n\n④\n9:00～17:00\n（土・日・祝日及び年末年始（12月2９日～１月３日）のみ配布しております。）",
        "address": "北海道登別市中央町6丁目11番地",
        "url": "https://www.pref.hokkaido.lg.jp/kg/kgs/damcard.html"
      }
    },
    {
      "type": "Feature",
      "geometry": {
        "type": "Point",
        "coordinates": [
          142.433533,
          42.669949
        ]
      },
      "properties": {
        "name": "平取ダム",
        "location_marker": null,
        "pref": "北海道",
        "river_system": "沙流川",
        "river": "額平川",
        "card_ver": "2",
        "facility": "平取ダム管理支所",
        "hours": "\n８:３０～1７:１５（土・日・祝日を含む）\n（土・日・祝日は管理支所入口のインターホンを押して下さい。）\n",
        "address": "北海道沙流郡平取町字芽生８４－７",
        "url": "https://www.hkd.mlit.go.jp/mr/sarugawa_damu/tn6s9g0000002cmr.html"
      }
    },
    {
      "type": "Feature",
      "geometry": {
        "type": "Point",
        "coordinates": [
          143.976318,
          43.188362
        ]
      },
      "properties": {
        "name": "庶路ダム",
        "location_marker": "①",
        "pref": "北海道",
        "river_system": "庶路川",
        "river": "庶路川",
        "card_ver": "2",
        "facility": "①\n庶路ダム管理所\n\n②\n釧路総合振興局　　　　　　\n釧路建設管理部事業室事業課\n\n③\n道の駅　しらぬか恋問",
        "hours": "①\n9:00～12:00\n（閉庁日（土・日・祝日）及び冬期間（12月1日～3月31日）は配布しておりません。）\n\n②\n13:00～17:00\n（閉庁日（土・日・祝日）及び年末年始（12月2９日～１月３日）は配布しておりません。）\n\n③\n9:00～19:00（土・日・祝日のみ配布しております。（12月30日～1月3日は配布しておりません。）",
        "address": "北海道白糠郡白糠町字滝の上地先",
        "url": "http://www.kushiro.pref.hokkaido.lg.jp/kk/kkk/syorodam/top.htm"
      }
    },
    {
      "type": "Feature",
      "geometry": {
        "type": "Point",
        "coordinates": [
          144.389282,
          42.996571
        ]
      },
      "properties": {
        "name": "庶路ダム",
        "location_marker": "②",
        "pref": "北海道",
        "river_system": "庶路川",
        "river": "庶路川",
        "card_ver": "2",
        "facility": "①\n庶路ダム管理所\n\n②\n釧路総合振興局　　　　　　\n釧路建設管理部事業室事業課\n\n③\n道の駅　しらぬか恋問",
        "hours": "①\n9:00～12:00\n（閉庁日（土・日・祝日）及び冬期間（12月1日～3月31日）は配布しておりません。）\n\n②\n13:00～17:00\n（閉庁日（土・日・祝日）及び年末年始（12月2９日～１月３日）は配布しておりません。）\n\n③\n9:00～19:00（土・日・祝日のみ配布しております。（12月30日～1月3日は配布しておりません。）",
        "address": "北海道釧路市双葉町6-10",
        "url": "http://www.kushiro.pref.hokkaido.lg.jp/kk/kkk/syorodam/top.htm"
      }
    },
    {
      "type": "Feature",
      "geometry": {
        "type": "Point",
        "coordinates": [
          144.19278,
          42.991364
        ]
      },
      "properties": {
        "name": "庶路ダム",
        "location_marker": "③",
        "pref": "北海道",
        "river_system": "庶路川",
        "river": "庶路川",
        "card_ver": "2",
        "facility": "①\n庶路ダム管理所\n\n②\n釧路総合振興局　　　　　　\n釧路建設管理部事業室事業課\n\n③\n道の駅　しらぬか恋問",
        "hours": "①\n9:00～12:00\n（閉庁日（土・日・祝日）及び冬期間（12月1日～3月31日）は配布しておりません。）\n\n②\n13:00～17:00\n（閉庁日（土・日・祝日）及び年末年始（12月2９日～１月３日）は配布しておりません。）\n\n③\n9:00～19:00（土・日・祝日のみ配布しております。（12月30日～1月3日は配布しておりません。）",
        "address": "北海道白糠郡白糠町恋問3丁目2番地1",
        "url": "http://www.kushiro.pref.hokkaido.lg.jp/kk/kkk/syorodam/top.htm"
      }
    },
    {
      "type": "Feature",
      "geometry": {
        "type": "Point",
        "coordinates": [
          141.556808,
          43.323521
        ]
      },
      "properties": {
        "name": "当別ダム",
        "location_marker": "①",
        "pref": "北海道",
        "river_system": "石狩川",
        "river": "当別川",
        "card_ver": "2",
        "facility": "①\n当別ダム管理所\n\n②\n空知総合振興局\n札幌建設管理部当別出張所\n\n③\n道民の森神居尻案内所",
        "hours": "①\n9:00～12:00\n（閉庁日（土・日・祝日）及び年末年始（12月2９日～１月３日）は配布しておりません。）\n\n②\n13:00～17:00\n（閉庁日（土・日・祝日）及び年末年始（12月2９日～１月３日）は配布しておりません。）\n\n③\n9:30～16:30\n（土・日・祝日のみ配布しております。（5月1日～10月31日　））",
        "address": "北海道石狩郡当別町字青山十万坪",
        "url": "http://www.sorachi.pref.hokkaido.lg.jp/kk/skk/dam/toubetu/index.htm"
      }
    },
    {
      "type": "Feature",
      "geometry": {
        "type": "Point",
        "coordinates": [
          141.51329,
          43.208672
        ]
      },
      "properties": {
        "name": "当別ダム",
        "location_marker": "②",
        "pref": "北海道",
        "river_system": "石狩川",
        "river": "当別川",
        "card_ver": "2",
        "facility": "①\n当別ダム管理所\n\n②\n空知総合振興局\n札幌建設管理部当別出張所\n\n③\n道民の森神居尻案内所",
        "hours": "①\n9:00～12:00\n（閉庁日（土・日・祝日）及び年末年始（12月2９日～１月３日）は配布しておりません。）\n\n②\n13:00～17:00\n（閉庁日（土・日・祝日）及び年末年始（12月2９日～１月３日）は配布しておりません。）\n\n③\n9:30～16:30\n（土・日・祝日のみ配布しております。（5月1日～10月31日　））",
        "address": "北海道石狩郡当別町栄町192番地7",
        "url": "http://www.sorachi.pref.hokkaido.lg.jp/kk/skk/dam/toubetu/index.htm"
      }
    },
    {
      "type": "Feature",
      "geometry": {
        "type": "Point",
        "coordinates": [
          141.588867,
          43.401131
        ]
      },
      "properties": {
        "name": "当別ダム",
        "location_marker": "③",
        "pref": "北海道",
        "river_system": "石狩川",
        "river": "当別川",
        "card_ver": "2",
        "facility": "①\n当別ダム管理所\n\n②\n空知総合振興局\n札幌建設管理部当別出張所\n\n③\n道民の森神居尻案内所",
        "hours": "①\n9:00～12:00\n（閉庁日（土・日・祝日）及び年末年始（12月2９日～１月３日）は配布しておりません。）\n\n②\n13:00～17:00\n（閉庁日（土・日・祝日）及び年末年始（12月2９日～１月３日）は配布しておりません。）\n\n③\n9:30～16:30\n（土・日・祝日のみ配布しております。（5月1日～10月31日　））",
        "address": "北海道石狩郡当別町字青山奥三番川  2513-149",
        "url": "http://www.sorachi.pref.hokkaido.lg.jp/kk/skk/dam/toubetu/index.htm"
      }
    },
    {
      "type": "Feature",
      "geometry": {
        "type": "Point",
        "coordinates": [
          141.937469,
          43.562119
        ]
      },
      "properties": {
        "name": "徳富ダム",
        "location_marker": "①",
        "pref": "北海道",
        "river_system": "石狩川",
        "river": "徳富川",
        "card_ver": "2",
        "facility": "①\n空知総合振興局　　　　　　\n札幌建設管理部滝川出張所\n\n②\n新十津川物産館",
        "hours": "①\n9:00～12:00、13:00～17:00\n（閉庁日（土・日・祝日）及び年末年始（12月2９日～１月３日）は配布しておりません。）\n\n②\n10:00～17:30（3月～10月）\n10:00～16:00（11月～2月）\n（土・日・祝日のみ配布しております。（12月31日～1月3日は休館日のため、配布しておりません。））",
        "address": "北海道滝川市流通団地3丁目1-5",
        "url": "https://www.sorachi.pref.hokkaido.lg.jp/kk/skk/dam/toppudam/index2.html"
      }
    },
    {
      "type": "Feature",
      "geometry": {
        "type": "Point",
        "coordinates": [
          141.8694,
          43.552963
        ]
      },
      "properties": {
        "name": "徳富ダム",
        "location_marker": "②",
        "pref": "北海道",
        "river_system": "石狩川",
        "river": "徳富川",
        "card_ver": "2",
        "facility": "①\n空知総合振興局　　　　　　\n札幌建設管理部滝川出張所\n\n②\n新十津川物産館",
        "hours": "①\n9:00～12:00、13:00～17:00\n（閉庁日（土・日・祝日）及び年末年始（12月2９日～１月３日）は配布しておりません。）\n\n②\n10:00～17:30（3月～10月）\n10:00～16:00（11月～2月）\n（土・日・祝日のみ配布しております。（12月31日～1月3日は休館日のため、配布しておりません。））",
        "address": "北海道樺戸郡新十津川町中央5-1",
        "url": "https://www.sorachi.pref.hokkaido.lg.jp/kk/skk/dam/toppudam/index2.html"
      }
    },
    {
      "type": "Feature",
      "geometry": {
        "type": "Point",
        "coordinates": [
          142.712738,
          43.660755
        ]
      },
      "properties": {
        "name": "忠別ダム",
        "location_marker": null,
        "pref": "北海道",
        "river_system": "石狩川",
        "river": "忠別川",
        "card_ver": "2",
        "facility": "忠別ダム管理支所　",
        "hours": "8:30～17:15\n（土・日・祝日を含む）",
        "address": "北海道上川郡東川町ノカナン",
        "url": "https://www.hkd.mlit.go.jp/as/tisui/ho928l00000044km.html"
      }
    },
    {
      "type": "Feature",
      "geometry": {
        "type": "Point",
        "coordinates": [
          142.604309,
          43.967846
        ]
      },
      "properties": {
        "name": "愛別ダム",
        "location_marker": "①",
        "pref": "北海道",
        "river_system": "石狩川",
        "river": "狩布川",
        "card_ver": "2",
        "facility": "①\n愛別ダム管理所\n\n②\n上川総合振興局　　　　　　\n旭川建設管理部事業室事業課\n\n③\n蔵ＫＵＲＡＲＡ（くらら）",
        "hours": "①\n9:00～12:00\n（閉庁日（土・日・祝日）及び年末年始（12月2９日～１月３日）は配布しておりません。）\n\n②\n13:00～17:00\n（閉庁日（土・日・祝日）及び年末年始（12月2９日～１月３日）は配布しておりません。）\n\n③\n10:00～19:00\n（土・日・祝日のみ配布しております。（毎週火曜日及び12月31日～1月3日は休館日のため、配布しておりません。））",
        "address": "北海道上川郡愛別町字協和地先",
        "url": "http://www.kamikawa.pref.hokkaido.lg.jp/kk/akk/contents/OSHIRASE/aibetsu/index.htm"
      }
    },
    {
      "type": "Feature",
      "geometry": {
        "type": "Point",
        "coordinates": [
          142.373505,
          43.781586
        ]
      },
      "properties": {
        "name": "愛別ダム",
        "location_marker": "②",
        "pref": "北海道",
        "river_system": "石狩川",
        "river": "狩布川",
        "card_ver": "2",
        "facility": "①\n愛別ダム管理所\n\n②\n上川総合振興局　　　　　　\n旭川建設管理部事業室事業課\n\n③\n蔵ＫＵＲＡＲＡ（くらら）",
        "hours": "①\n9:00～12:00\n（閉庁日（土・日・祝日）及び年末年始（12月2９日～１月３日）は配布しておりません。）\n\n②\n13:00～17:00\n（閉庁日（土・日・祝日）及び年末年始（12月2９日～１月３日）は配布しておりません。）\n\n③\n10:00～19:00\n（土・日・祝日のみ配布しております。（毎週火曜日及び12月31日～1月3日は休館日のため、配布しておりません。））",
        "address": "北海道旭川市東3条5丁目1-44",
        "url": "http://www.kamikawa.pref.hokkaido.lg.jp/kk/akk/contents/OSHIRASE/aibetsu/index.htm"
      }
    },
    {
      "type": "Feature",
      "geometry": {
        "type": "Point",
        "coordinates": [
          142.574493,
          43.908043
        ]
      },
      "properties": {
        "name": "愛別ダム",
        "location_marker": "③",
        "pref": "北海道",
        "river_system": "石狩川",
        "river": "狩布川",
        "card_ver": "2",
        "facility": "①\n愛別ダム管理所\n\n②\n上川総合振興局　　　　　　\n旭川建設管理部事業室事業課\n\n③\n蔵ＫＵＲＡＲＡ（くらら）",
        "hours": "①\n9:00～12:00\n（閉庁日（土・日・祝日）及び年末年始（12月2９日～１月３日）は配布しておりません。）\n\n②\n13:00～17:00\n（閉庁日（土・日・祝日）及び年末年始（12月2９日～１月３日）は配布しておりません。）\n\n③\n10:00～19:00\n（土・日・祝日のみ配布しております。（毎週火曜日及び12月31日～1月3日は休館日のため、配布しておりません。））",
        "address": "北海道上川郡愛別町字本町119",
        "url": "http://www.kamikawa.pref.hokkaido.lg.jp/kk/akk/contents/OSHIRASE/aibetsu/index.htm"
      }
    },
    {
      "type": "Feature",
      "geometry": {
        "type": "Point",
        "coordinates": [
          140.774002,
          41.874508
        ]
      },
      "properties": {
        "name": "新中野ダム",
        "location_marker": "①",
        "pref": "北海道",
        "river_system": "亀田川",
        "river": "亀田川",
        "card_ver": "2",
        "facility": "①\n新中野ダム管理所\n\n②\n渡島総合振興局　　　　　　\n函館建設管理部事業室事業課\n\n③\n道南四季の杜公園",
        "hours": "①\n9:00～12:00\n（閉庁日（土・日・祝日）及び年末年始（12月2９日～１月３日）は配布しておりません。）\n\n②\n13:00～17:00\n（閉庁日（土・日・祝日）及び年末年始（12月2９日～１月３日）は配布しておりません。）\n\n③\n9:00～17:00\n（土・日・祝日のみ配布しております。（12月29日～1月3日は休館日のため、配布しておりません。））",
        "address": "北海道函館市亀田中野町",
        "url": "http://www.oshima.pref.hokkaido.lg.jp/kk/hkk/sinnnakanodam.htm"
      }
    },
    {
      "type": "Feature",
      "geometry": {
        "type": "Point",
        "coordinates": [
          140.746521,
          41.817963
        ]
      },
      "properties": {
        "name": "新中野ダム",
        "location_marker": "②",
        "pref": "北海道",
        "river_system": "亀田川",
        "river": "亀田川",
        "card_ver": "2",
        "facility": "①\n新中野ダム管理所\n\n②\n渡島総合振興局　　　　　　\n函館建設管理部事業室事業課\n\n③\n道南四季の杜公園",
        "hours": "①\n9:00～12:00\n（閉庁日（土・日・祝日）及び年末年始（12月2９日～１月３日）は配布しておりません。）\n\n②\n13:00～17:00\n（閉庁日（土・日・祝日）及び年末年始（12月2９日～１月３日）は配布しておりません。）\n\n③\n9:00～17:00\n（土・日・祝日のみ配布しております。（12月29日～1月3日は休館日のため、配布しておりません。））",
        "address": "北海道函館市美原1-47-8",
        "url": "http://www.oshima.pref.hokkaido.lg.jp/kk/hkk/sinnnakanodam.htm"
      }
    },
    {
      "type": "Feature",
      "geometry": {
        "type": "Point",
        "coordinates": [
          140.765518,
          41.850147
        ]
      },
      "properties": {
        "name": "新中野ダム",
        "location_marker": "③",
        "pref": "北海道",
        "river_system": "亀田川",
        "river": "亀田川",
        "card_ver": "2",
        "facility": "①\n新中野ダム管理所\n\n②\n渡島総合振興局　　　　　　\n函館建設管理部事業室事業課\n\n③\n道南四季の杜公園",
        "hours": "①\n9:00～12:00\n（閉庁日（土・日・祝日）及び年末年始（12月2９日～１月３日）は配布しておりません。）\n\n②\n13:00～17:00\n（閉庁日（土・日・祝日）及び年末年始（12月2９日～１月３日）は配布しておりません。）\n\n③\n9:00～17:00\n（土・日・祝日のみ配布しております。（12月29日～1月3日は休館日のため、配布しておりません。））",
        "address": "北海道函館市亀田中野町199-2",
        "url": "http://www.oshima.pref.hokkaido.lg.jp/kk/hkk/sinnnakanodam.htm"
      }
    },
    {
      "type": "Feature",
      "geometry": {
        "type": "Point",
        "coordinates": [
          142.00235,
          43.249813
        ]
      },
      "properties": {
        "name": "新桂沢ダム",
        "location_marker": "①",
        "pref": "北海道",
        "river_system": "石狩川",
        "river": "幾春別川",
        "card_ver": "1",
        "facility": "①\n新桂沢ダム管理支所\n\n②\n幾春別川ダム建設事業所",
        "hours": "①\n9:00～17:00\n\n②\n9:00～17:00\n(平日のみ)\n※②ダムカード配布場所とダムは離れています。",
        "address": "北海道三笠市桂沢",
        "url": "①https://www.hkd.mlit.go.jp/sp/iwamizawa_kasen/kluhh4000000fmbo.html\n\n②https://www.hkd.mlit.go.jp/sp/ikushunbetu_damu/index.html"
      }
    },
    {
      "type": "Feature",
      "geometry": {
        "type": "Point",
        "coordinates": [
          141.958771,
          43.256935
        ]
      },
      "properties": {
        "name": "新桂沢ダム",
        "location_marker": "②",
        "pref": "北海道",
        "river_system": "石狩川",
        "river": "幾春別川",
        "card_ver": "1",
        "facility": "①\n新桂沢ダム管理支所\n\n②\n幾春別川ダム建設事業所",
        "hours": "①\n9:00～17:00\n\n②\n9:00～17:00\n(平日のみ)\n※②ダムカード配布場所とダムは離れています。",
        "address": "北海道三笠市幾春別山手町91-1",
        "url": "①https://www.hkd.mlit.go.jp/sp/iwamizawa_kasen/kluhh4000000fmbo.html\n\n②https://www.hkd.mlit.go.jp/sp/ikushunbetu_damu/index.html"
      }
    },
    {
      "type": "Feature",
      "geometry": {
        "type": "Point",
        "coordinates": [
          141.713776,
          44.359798
        ]
      },
      "properties": {
        "name": "有明ダム",
        "location_marker": "①",
        "pref": "北海道",
        "river_system": "茂築別川",
        "river": "茂築別川",
        "card_ver": "2",
        "facility": "①\n留萌振興局\n留萌建設管理部羽幌出張所\n\n②\nしょさんべつ温泉　ホテル　岬の湯（フロント）",
        "hours": "①\n9:00～12:00、13:00～17:00\n（閉庁日（土・日・祝日）及び年末年始（12月2９日～１月３日）は配布しておりません。）\n\n②\n11:00～22:00\n（土・日・祝日のみ配布しております。）",
        "address": "北海道苫前郡羽幌町寿町2",
        "url": "http://www.rumoi.pref.hokkaido.lg.jp/kk/rkk/ariakedam.htm"
      }
    },
    {
      "type": "Feature",
      "geometry": {
        "type": "Point",
        "coordinates": [
          141.772736,
          44.5578
        ]
      },
      "properties": {
        "name": "有明ダム",
        "location_marker": "②",
        "pref": "北海道",
        "river_system": "茂築別川",
        "river": "茂築別川",
        "card_ver": "2",
        "facility": "①\n留萌振興局\n留萌建設管理部羽幌出張所\n\n②\nしょさんべつ温泉　ホテル　岬の湯（フロント）",
        "hours": "①\n9:00～12:00、13:00～17:00\n（閉庁日（土・日・祝日）及び年末年始（12月2９日～１月３日）は配布しておりません。）\n\n②\n11:00～22:00\n（土・日・祝日のみ配布しております。）",
        "address": "北海道苫前郡初山別村字豊岬153",
        "url": "http://www.rumoi.pref.hokkaido.lg.jp/kk/rkk/ariakedam.htm"
      }
    },
    {
      "type": "Feature",
      "geometry": {
        "type": "Point",
        "coordinates": [
          141.055756,
          43.124313
        ]
      },
      "properties": {
        "name": "朝里ダム",
        "location_marker": "①",
        "pref": "北海道",
        "river_system": "朝里川",
        "river": "朝里川",
        "card_ver": "2",
        "facility": "①\n朝里ダム管理所\n\n②\n後志総合振興局　　　　　　\n小樽建設管理部事業室事業課\n\n③\n朝里ダム記念館\n\n④\nウィンケル　ビレッジ\n\n⑤\n朝里クラッセホテル",
        "hours": "①\n9:00～12:00\n（閉庁日（土・日・祝日）及び年末年始（12月2９日～１月３日）は配布しておりません。）\n\n②\n13:00～17:00\n（閉庁日（土・日・祝日）及び年末年始（12月2９日～１月３日）は配布しておりません。）\n\n③\n10:00～16:00\n（土・日・祝日のみ配布しております。（4月下旬～10月下旬　））\n\n④\n9:00～17:00\n（土・日・祝日のみ配布しております。）\n\n⑤\n9:00～17:00\n（土・日・祝日のみ配布しております。）",
        "address": "北海道小樽市朝里川温泉2丁目",
        "url": "https://www.shiribeshi.pref.hokkaido.lg.jp/fs/4/3/0/5/2/7/8/_/asaridamu.pdf"
      }
    },
    {
      "type": "Feature",
      "geometry": {
        "type": "Point",
        "coordinates": [
          141.045685,
          43.137749
        ]
      },
      "properties": {
        "name": "朝里ダム",
        "location_marker": "②",
        "pref": "北海道",
        "river_system": "朝里川",
        "river": "朝里川",
        "card_ver": "2",
        "facility": "①\n朝里ダム管理所\n\n②\n後志総合振興局　　　　　　\n小樽建設管理部事業室事業課\n\n③\n朝里ダム記念館\n\n④\nウィンケル　ビレッジ\n\n⑤\n朝里クラッセホテル",
        "hours": "①\n9:00～12:00\n（閉庁日（土・日・祝日）及び年末年始（12月2９日～１月３日）は配布しておりません。）\n\n②\n13:00～17:00\n（閉庁日（土・日・祝日）及び年末年始（12月2９日～１月３日）は配布しておりません。）\n\n③\n10:00～16:00\n（土・日・祝日のみ配布しております。（4月下旬～10月下旬　））\n\n④\n9:00～17:00\n（土・日・祝日のみ配布しております。）\n\n⑤\n9:00～17:00\n（土・日・祝日のみ配布しております。）",
        "address": "北海道小樽市朝里川温泉2-745",
        "url": "https://www.shiribeshi.pref.hokkaido.lg.jp/fs/4/3/0/5/2/7/8/_/asaridamu.pdf"
      }
    },
    {
      "type": "Feature",
      "geometry": {
        "type": "Point",
        "coordinates": [
          141.042007,
          43.129482
        ]
      },
      "properties": {
        "name": "朝里ダム",
        "location_marker": "③",
        "pref": "北海道",
        "river_system": "朝里川",
        "river": "朝里川",
        "card_ver": "2",
        "facility": "①\n朝里ダム管理所\n\n②\n後志総合振興局　　　　　　\n小樽建設管理部事業室事業課\n\n③\n朝里ダム記念館\n\n④\nウィンケル　ビレッジ\n\n⑤\n朝里クラッセホテル",
        "hours": "①\n9:00～12:00\n（閉庁日（土・日・祝日）及び年末年始（12月2９日～１月３日）は配布しておりません。）\n\n②\n13:00～17:00\n（閉庁日（土・日・祝日）及び年末年始（12月2９日～１月３日）は配布しておりません。）\n\n③\n10:00～16:00\n（土・日・祝日のみ配布しております。（4月下旬～10月下旬　））\n\n④\n9:00～17:00\n（土・日・祝日のみ配布しております。）\n\n⑤\n9:00～17:00\n（土・日・祝日のみ配布しております。）",
        "address": "北海道小樽市朝里川温泉2丁目580",
        "url": "https://www.shiribeshi.pref.hokkaido.lg.jp/fs/4/3/0/5/2/7/8/_/asaridamu.pdf"
      }
    },
    {
      "type": "Feature",
      "geometry": {
        "type": "Point",
        "coordinates": [
          141.039795,
          43.143688
        ]
      },
      "properties": {
        "name": "朝里ダム",
        "location_marker": "④",
        "pref": "北海道",
        "river_system": "朝里川",
        "river": "朝里川",
        "card_ver": "2",
        "facility": "①\n朝里ダム管理所\n\n②\n後志総合振興局　　　　　　\n小樽建設管理部事業室事業課\n\n③\n朝里ダム記念館\n\n④\nウィンケル　ビレッジ\n\n⑤\n朝里クラッセホテル",
        "hours": "①\n9:00～12:00\n（閉庁日（土・日・祝日）及び年末年始（12月2９日～１月３日）は配布しておりません。）\n\n②\n13:00～17:00\n（閉庁日（土・日・祝日）及び年末年始（12月2９日～１月３日）は配布しておりません。）\n\n③\n10:00～16:00\n（土・日・祝日のみ配布しております。（4月下旬～10月下旬　））\n\n④\n9:00～17:00\n（土・日・祝日のみ配布しております。）\n\n⑤\n9:00～17:00\n（土・日・祝日のみ配布しております。）",
        "address": "北海道小樽市朝里川温泉2丁目686",
        "url": "https://www.shiribeshi.pref.hokkaido.lg.jp/fs/4/3/0/5/2/7/8/_/asaridamu.pdf"
      }
    },
    {
      "type": "Feature",
      "geometry": {
        "type": "Point",
        "coordinates": [
          141.045685,
          43.137749
        ]
      },
      "properties": {
        "name": "朝里ダム",
        "location_marker": "⑤",
        "pref": "北海道",
        "river_system": "朝里川",
        "river": "朝里川",
        "card_ver": "2",
        "facility": "①\n朝里ダム管理所\n\n②\n後志総合振興局　　　　　　\n小樽建設管理部事業室事業課\n\n③\n朝里ダム記念館\n\n④\nウィンケル　ビレッジ\n\n⑤\n朝里クラッセホテル",
        "hours": "①\n9:00～12:00\n（閉庁日（土・日・祝日）及び年末年始（12月2９日～１月３日）は配布しておりません。）\n\n②\n13:00～17:00\n（閉庁日（土・日・祝日）及び年末年始（12月2９日～１月３日）は配布しておりません。）\n\n③\n10:00～16:00\n（土・日・祝日のみ配布しております。（4月下旬～10月下旬　））\n\n④\n9:00～17:00\n（土・日・祝日のみ配布しております。）\n\n⑤\n9:00～17:00\n（土・日・祝日のみ配布しております。）",
        "address": "北海道小樽市朝里川温泉2丁目676-1",
        "url": "https://www.shiribeshi.pref.hokkaido.lg.jp/fs/4/3/0/5/2/7/8/_/asaridamu.pdf"
      }
    },
    {
      "type": "Feature",
      "geometry": {
        "type": "Point",
        "coordinates": [
          142.826675,
          42.620014
        ]
      },
      "properties": {
        "name": "札内川ダム",
        "location_marker": null,
        "pref": "北海道",
        "river_system": "十勝川",
        "river": "札内川",
        "card_ver": "1.2",
        "facility": "札内川ダム管理支所",
        "hours": "8:30～17:15（土・日・祝日を含む）\n（雨、雪等で通行止めの日もあり、配布できない場合もあります）",
        "address": "北海道河西郡中札内村南札内７３５－２",
        "url": "https://www.hkd.mlit.go.jp/ob/obihiro_kasen/ctll1r0000000biu.html"
      }
    },
    {
      "type": "Feature",
      "geometry": {
        "type": "Point",
        "coordinates": [
          141.691772,
          43.012535
        ]
      },
      "properties": {
        "name": "栗山ダム",
        "location_marker": "①",
        "pref": "北海道",
        "river_system": "石狩川",
        "river": "ポンウエンベツ川",
        "card_ver": "2",
        "facility": "①\n空知総合振興局\n札幌建設管理部長沼出張所\n\n②\n栗山ダムパークゴルフコース",
        "hours": "①\n\n9:00～12:00、13:00～17:00\n（閉庁日（土・日・祝日）及び年末年始（12月2９日～１月３日）は配布しておりません。）\n\n②\n8:00～18:00（4月下旬～9月30日）\n8:00～17:00（10月1日～11月3日）\n（土・日・祝日のみ配布しております。）",
        "address": "北海道夕張郡長沼町錦町北1-3-14",
        "url": "http://www.sorachi.pref.hokkaido.lg.jp/kk/skk/dam/kuri_dam/index.htm"
      }
    },
    {
      "type": "Feature",
      "geometry": {
        "type": "Point",
        "coordinates": [
          141.880035,
          43.086674
        ]
      },
      "properties": {
        "name": "栗山ダム",
        "location_marker": "②",
        "pref": "北海道",
        "river_system": "石狩川",
        "river": "ポンウエンベツ川",
        "card_ver": "2",
        "facility": "①\n空知総合振興局\n札幌建設管理部長沼出張所\n\n②\n栗山ダムパークゴルフコース",
        "hours": "①\n\n9:00～12:00、13:00～17:00\n（閉庁日（土・日・祝日）及び年末年始（12月2９日～１月３日）は配布しておりません。）\n\n②\n8:00～18:00（4月下旬～9月30日）\n8:00～17:00（10月1日～11月3日）\n（土・日・祝日のみ配布しております。）",
        "address": "北海道夕張郡栗山町本沢1-1",
        "url": "http://www.sorachi.pref.hokkaido.lg.jp/kk/skk/dam/kuri_dam/index.htm"
      }
    },
    {
      "type": "Feature",
      "geometry": {
        "type": "Point",
        "coordinates": [
          143.015457,
          42.189301
        ]
      },
      "properties": {
        "name": "様似ダム",
        "location_marker": "①",
        "pref": "北海道",
        "river_system": "様似川",
        "river": "様似川",
        "card_ver": "2",
        "facility": "①\n様似ダム管理所\n\n②\n胆振総合振興局　　　　　　\n室蘭建設管理部浦河出張所\n\n③\n様似観光案内所",
        "hours": "①\n9:00～12:00\n（閉庁日（土・日・祝日）及び年末年始（12月2９日～１月３日）は配布しておりません。）\n\n②\n13:00～17:00\n（閉庁日（土・日・祝日）及び年末年始（12月2９日～１月３日）は配布しておりません。）\n\n③\n8:30～16:30\n（土・日・祝日のみ配布しております。（4月中旬～10月中旬））",
        "address": "北海道様似郡様似町新富",
        "url": "http://www.iburi.pref.hokkaido.lg.jp/kk/mkk/mur-dogen/kanriDam/dam-samani.html"
      }
    },
    {
      "type": "Feature",
      "geometry": {
        "type": "Point",
        "coordinates": [
          142.769073,
          42.193905
        ]
      },
      "properties": {
        "name": "様似ダム",
        "location_marker": "②",
        "pref": "北海道",
        "river_system": "様似川",
        "river": "様似川",
        "card_ver": "2",
        "facility": "①\n様似ダム管理所\n\n②\n胆振総合振興局　　　　　　\n室蘭建設管理部浦河出張所\n\n③\n様似観光案内所",
        "hours": "①\n9:00～12:00\n（閉庁日（土・日・祝日）及び年末年始（12月2９日～１月３日）は配布しておりません。）\n\n②\n13:00～17:00\n（閉庁日（土・日・祝日）及び年末年始（12月2９日～１月３日）は配布しておりません。）\n\n③\n8:30～16:30\n（土・日・祝日のみ配布しております。（4月中旬～10月中旬））",
        "address": "北海道浦河郡浦河町向が丘西2-568-59",
        "url": "http://www.iburi.pref.hokkaido.lg.jp/kk/mkk/mur-dogen/kanriDam/dam-samani.html"
      }
    },
    {
      "type": "Feature",
      "geometry": {
        "type": "Point",
        "coordinates": [
          142.932434,
          42.127964
        ]
      },
      "properties": {
        "name": "様似ダム",
        "location_marker": "③",
        "pref": "北海道",
        "river_system": "様似川",
        "river": "様似川",
        "card_ver": "2",
        "facility": "①\n様似ダム管理所\n\n②\n胆振総合振興局　　　　　　\n室蘭建設管理部浦河出張所\n\n③\n様似観光案内所",
        "hours": "①\n9:00～12:00\n（閉庁日（土・日・祝日）及び年末年始（12月2９日～１月３日）は配布しておりません。）\n\n②\n13:00～17:00\n（閉庁日（土・日・祝日）及び年末年始（12月2９日～１月３日）は配布しておりません。）\n\n③\n8:30～16:30\n（土・日・祝日のみ配布しております。（4月中旬～10月中旬））",
        "address": "北海道様似郡様似町大通1丁目101-1",
        "url": "http://www.iburi.pref.hokkaido.lg.jp/kk/mkk/mur-dogen/kanriDam/dam-samani.html"
      }
    },
    {
      "type": "Feature",
      "geometry": {
        "type": "Point",
        "coordinates": [
          143.544678,
          43.233288
        ]
      },
      "properties": {
        "name": "活込ダム",
        "location_marker": null,
        "pref": "北海道",
        "river_system": "十勝川",
        "river": "美里別川",
        "card_ver": "1.1",
        "facility": "あしょろ庵",
        "hours": "10:00～15:00（レストラン営業時間内のみ）\n※年中無休（臨時休業あり）ご来店時は事前に店舗にご確認ください。",
        "address": "北海道足寄郡足寄町西町1-1",
        "url": "https://www.jpower.co.jp/damcard/kakkomi.html"
      }
    },
    {
      "type": "Feature",
      "geometry": {
        "type": "Point",
        "coordinates": [
          142.823959,
          42.236923
        ]
      },
      "properties": {
        "name": "浦河ダム",
        "location_marker": "①",
        "pref": "北海道",
        "river_system": "向別川",
        "river": "向別川",
        "card_ver": "2",
        "facility": "①\n浦河ダム管理所\n\n②\n胆振総合振興局\n室蘭建設管理部浦河出張所\n\n③\nうらかわ優駿ビレッジ \nAERU（アエル）",
        "hours": "①\n9:00～12:00\n（閉庁日（土・日・祝日）及び年末年始（12月2９日～１月３日）は配布しておりません。）\n\n②\n13:00～17:00\n（閉庁日（土・日・祝日）及び年末年始（12月2９日～１月３日）は配布しておりません。）\n\n③\n7:00～23:00\n 通年（不定休）\n（土・日・祝日のみ配布しております。）",
        "address": "北海道浦河郡浦河町字上向別359-16",
        "url": "http://www.iburi.pref.hokkaido.lg.jp/kk/mkk/mur-dogen/kanriDam/dam-urakawa.html"
      }
    },
    {
      "type": "Feature",
      "geometry": {
        "type": "Point",
        "coordinates": [
          142.769073,
          42.193905
        ]
      },
      "properties": {
        "name": "浦河ダム",
        "location_marker": "②",
        "pref": "北海道",
        "river_system": "向別川",
        "river": "向別川",
        "card_ver": "2",
        "facility": "①\n浦河ダム管理所\n\n②\n胆振総合振興局\n室蘭建設管理部浦河出張所\n\n③\nうらかわ優駿ビレッジ \nAERU（アエル）",
        "hours": "①\n9:00～12:00\n（閉庁日（土・日・祝日）及び年末年始（12月2９日～１月３日）は配布しておりません。）\n\n②\n13:00～17:00\n（閉庁日（土・日・祝日）及び年末年始（12月2９日～１月３日）は配布しておりません。）\n\n③\n7:00～23:00\n 通年（不定休）\n（土・日・祝日のみ配布しております。）",
        "address": "北海道浦河郡浦河町向が丘西2-568-59",
        "url": "http://www.iburi.pref.hokkaido.lg.jp/kk/mkk/mur-dogen/kanriDam/dam-urakawa.html"
      }
    },
    {
      "type": "Feature",
      "geometry": {
        "type": "Point",
        "coordinates": [
          142.883789,
          42.236362
        ]
      },
      "properties": {
        "name": "浦河ダム",
        "location_marker": "③",
        "pref": "北海道",
        "river_system": "向別川",
        "river": "向別川",
        "card_ver": "2",
        "facility": "①\n浦河ダム管理所\n\n②\n胆振総合振興局\n室蘭建設管理部浦河出張所\n\n③\nうらかわ優駿ビレッジ \nAERU（アエル）",
        "hours": "①\n9:00～12:00\n（閉庁日（土・日・祝日）及び年末年始（12月2９日～１月３日）は配布しておりません。）\n\n②\n13:00～17:00\n（閉庁日（土・日・祝日）及び年末年始（12月2９日～１月３日）は配布しておりません。）\n\n③\n7:00～23:00\n 通年（不定休）\n（土・日・祝日のみ配布しております。）",
        "address": "北海道浦河郡浦河町西舎141番40",
        "url": "http://www.iburi.pref.hokkaido.lg.jp/kk/mkk/mur-dogen/kanriDam/dam-urakawa.html"
      }
    },
    {
      "type": "Feature",
      "geometry": {
        "type": "Point",
        "coordinates": [
          142.3349,
          43.418659
        ]
      },
      "properties": {
        "name": "滝里ダム",
        "location_marker": "①",
        "pref": "北海道",
        "river_system": "石狩川",
        "river": "空知川",
        "card_ver": "2",
        "facility": "①\n滝里ダム管理支所\n\n②\n滝里ダム防災施設（芦別市滝里湖オートキャンプ場受付）",
        "hours": "①\n9:00～17:00\n（土・日・祝日を含む）\n※土・日・祝日は、玄関左側のインターホンでお伝えください。\n\n②\n9:00～16:30　4月下旬～11月4日\n（土・日・祝日を含む）\n※②ダムカード配布場所とダムは離れておりますのでご注意願います。",
        "address": "北海道芦別市滝里町６８３",
        "url": "①https://www.hkd.mlit.go.jp/sp/sorati_kasen/kluhh4000000cwnt.html\n②https://go-to-ashibetsu.com/media/2018/02/24/45"
      }
    },
    {
      "type": "Feature",
      "geometry": {
        "type": "Point",
        "coordinates": [
          142.3349,
          43.418659
        ]
      },
      "properties": {
        "name": "滝里ダム",
        "location_marker": "②",
        "pref": "北海道",
        "river_system": "石狩川",
        "river": "空知川",
        "card_ver": "2",
        "facility": "①\n滝里ダム管理支所\n\n②\n滝里ダム防災施設（芦別市滝里湖オートキャンプ場受付）",
        "hours": "①\n9:00～17:00\n（土・日・祝日を含む）\n※土・日・祝日は、玄関左側のインターホンでお伝えください。\n\n②\n9:00～16:30　4月下旬～11月4日\n（土・日・祝日を含む）\n※②ダムカード配布場所とダムは離れておりますのでご注意願います。",
        "address": "北海道芦別市滝里町２８８",
        "url": "①https://www.hkd.mlit.go.jp/sp/sorati_kasen/kluhh4000000cwnt.html\n②https://go-to-ashibetsu.com/media/2018/02/24/45"
      }
    },
    {
      "type": "Feature",
      "geometry": {
        "type": "Point",
        "coordinates": [
          141.635406,
          42.941574
        ]
      },
      "properties": {
        "name": "漁川ダム",
        "location_marker": null,
        "pref": "北海道",
        "river_system": "石狩川",
        "river": "漁川",
        "card_ver": "1.2",
        "facility": "漁川ダム管理支所　",
        "hours": "８:30～17:15\n（土・日・祝日を含む）",
        "address": "北海道恵庭市漁平",
        "url": "https://www.hkd.mlit.go.jp/sp/titose_kasen/kluhh4000000fl9x.html"
      }
    },
    {
      "type": "Feature",
      "geometry": {
        "type": "Point",
        "coordinates": [
          141.70694,
          43.861256
        ]
      },
      "properties": {
        "name": "留萌ダム",
        "location_marker": null,
        "pref": "北海道",
        "river_system": "留萌川",
        "river": "チバベリ川",
        "card_ver": "1.1",
        "facility": "留萌ダム管理支所",
        "hours": "9:00～17:00（土・日・祝日を含む（3月中旬～11月下旬）（詳細はホームページをご確認ください））",
        "address": "北海道留萌市大字留萌村字チバベリ3692",
        "url": "https://www.hkd.mlit.go.jp/rm/rumoi_kaihatu/f6h4sv00000004n8.html"
      }
    },
    {
      "type": "Feature",
      "geometry": {
        "type": "Point",
        "coordinates": [
          140.912506,
          41.863205
        ]
      },
      "properties": {
        "name": "矢別ダム",
        "location_marker": "①",
        "pref": "北海道",
        "river_system": "汐泊川",
        "river": "汐泊川",
        "card_ver": "2",
        "facility": "①\n矢別ダム管理所\n\n②\n渡島総合振興局　　　　　　\n函館建設管理部事業室事業課\n\n③\n道南四季の杜公園",
        "hours": "①\n9:00～12:00\n（閉庁日（土・日・祝日）及び年末年始（12月2９日～１月３日）は配布しておりません。）\n\n②\n13:00～17:00\n（閉庁日（土・日・祝日）及び年末年始（12月2９日～１月３日）は配布しておりません。）\n\n③\n9:00～17:00\n（土・日・祝日のみ配布しております。（12月29日～1月3日は休館日のため、配布しておりません。））",
        "address": "北海道函館市紅葉山町",
        "url": "http://www.oshima.pref.hokkaido.lg.jp/kk/hkk/yabetudam.htm"
      }
    },
    {
      "type": "Feature",
      "geometry": {
        "type": "Point",
        "coordinates": [
          140.746521,
          41.817963
        ]
      },
      "properties": {
        "name": "矢別ダム",
        "location_marker": "②",
        "pref": "北海道",
        "river_system": "汐泊川",
        "river": "汐泊川",
        "card_ver": "2",
        "facility": "①\n矢別ダム管理所\n\n②\n渡島総合振興局　　　　　　\n函館建設管理部事業室事業課\n\n③\n道南四季の杜公園",
        "hours": "①\n9:00～12:00\n（閉庁日（土・日・祝日）及び年末年始（12月2９日～１月３日）は配布しておりません。）\n\n②\n13:00～17:00\n（閉庁日（土・日・祝日）及び年末年始（12月2９日～１月３日）は配布しておりません。）\n\n③\n9:00～17:00\n（土・日・祝日のみ配布しております。（12月29日～1月3日は休館日のため、配布しておりません。））",
        "address": "北海道函館市美原1-47-8",
        "url": "http://www.oshima.pref.hokkaido.lg.jp/kk/hkk/yabetudam.htm"
      }
    },
    {
      "type": "Feature",
      "geometry": {
        "type": "Point",
        "coordinates": [
          140.765518,
          41.850147
        ]
      },
      "properties": {
        "name": "矢別ダム",
        "location_marker": "③",
        "pref": "北海道",
        "river_system": "汐泊川",
        "river": "汐泊川",
        "card_ver": "2",
        "facility": "①\n矢別ダム管理所\n\n②\n渡島総合振興局　　　　　　\n函館建設管理部事業室事業課\n\n③\n道南四季の杜公園",
        "hours": "①\n9:00～12:00\n（閉庁日（土・日・祝日）及び年末年始（12月2９日～１月３日）は配布しておりません。）\n\n②\n13:00～17:00\n（閉庁日（土・日・祝日）及び年末年始（12月2９日～１月３日）は配布しておりません。）\n\n③\n9:00～17:00\n（土・日・祝日のみ配布しております。（12月29日～1月3日は休館日のため、配布しておりません。））",
        "address": "北海道函館市亀田中野町199-2",
        "url": "http://www.oshima.pref.hokkaido.lg.jp/kk/hkk/yabetudam.htm"
      }
    },
    {
      "type": "Feature",
      "geometry": {
        "type": "Point",
        "coordinates": [
          143.544678,
          43.233288
        ]
      },
      "properties": {
        "name": "糠南ダム",
        "location_marker": null,
        "pref": "北海道",
        "river_system": "十勝川",
        "river": "ヌカナン川",
        "card_ver": "1",
        "facility": "あしょろ庵",
        "hours": "10:00～15:00（レストラン営業時間内のみ）\n※年中無休（臨時休業あり）ご来店時は事前に店舗にご確認ください。",
        "address": "北海道足寄郡足寄町西町1-1",
        "url": "https://www.jpower.co.jp/damcard/nukanan.html"
      }
    },
    {
      "type": "Feature",
      "geometry": {
        "type": "Point",
        "coordinates": [
          143.164642,
          43.379734
        ]
      },
      "properties": {
        "name": "糠平ダム",
        "location_marker": null,
        "pref": "北海道",
        "river_system": "十勝川",
        "river": "音更川",
        "card_ver": "1",
        "facility": "ひがし大雪自然館",
        "hours": "9:00～17:00\n休館日：毎週水曜日（水曜日が祝祭日の場合は翌日）、年末年始\n詳細はひがし大雪自然館にお問い合わせください。",
        "address": "北海道河東郡上士幌町字ぬかびら源泉郷48番地2",
        "url": "http://www.jpower.co.jp/damcard/nukabira.html"
      }
    },
    {
      "type": "Feature",
      "geometry": {
        "type": "Point",
        "coordinates": [
          140.185928,
          42.493877
        ]
      },
      "properties": {
        "name": "美利河ダム",
        "location_marker": null,
        "pref": "北海道",
        "river_system": "後志利別川",
        "river": "後志利別川",
        "card_ver": "1.3",
        "facility": "美利河ダム管理支所",
        "hours": "8:30～17:15（土・日・祝日を含む）\n（土・日・祝日は正面入口左側のインターホンを押して下さい。）",
        "address": "北海道瀬棚郡今金町字美利河",
        "url": "https://www.hkd.mlit.go.jp/hk/koumu/eqp9bq00000002hv.html"
      }
    },
    {
      "type": "Feature",
      "geometry": {
        "type": "Point",
        "coordinates": [
          141.847275,
          43.34684
        ]
      },
      "properties": {
        "name": "美唄ダム",
        "location_marker": "①",
        "pref": "北海道",
        "river_system": "石狩川",
        "river": "美唄川",
        "card_ver": "2",
        "facility": "①\n美唄ダム管理所\n\n②\n空知総合振興局\n札幌建設管理部岩見沢出張所\n\n③\n美唄市郷土史料館",
        "hours": "①\n9:00～12:00\n（閉庁日（土・日・祝日）及び年末年始（12月2９日～１月３日）は配布しておりません。）\n\n②\n13:00～17:00\n（閉庁日（土・日・祝日）及び年末年始（12月2９日～１月３日）は配布しておりません。）\n\n③\n9:00～17:00\n通年（休館日：毎週月曜日、12月29日～1月3日）",
        "address": "北海道美唄市字美唄1849-1",
        "url": "http://www.sorachi.pref.hokkaido.lg.jp/kk/skk/bibaidam/index.htm"
      }
    },
    {
      "type": "Feature",
      "geometry": {
        "type": "Point",
        "coordinates": [
          141.720993,
          43.183243
        ]
      },
      "properties": {
        "name": "美唄ダム",
        "location_marker": "②",
        "pref": "北海道",
        "river_system": "石狩川",
        "river": "美唄川",
        "card_ver": "2",
        "facility": "①\n美唄ダム管理所\n\n②\n空知総合振興局\n札幌建設管理部岩見沢出張所\n\n③\n美唄市郷土史料館",
        "hours": "①\n9:00～12:00\n（閉庁日（土・日・祝日）及び年末年始（12月2９日～１月３日）は配布しておりません。）\n\n②\n13:00～17:00\n（閉庁日（土・日・祝日）及び年末年始（12月2９日～１月３日）は配布しておりません。）\n\n③\n9:00～17:00\n通年（休館日：毎週月曜日、12月29日～1月3日）",
        "address": "北海道岩見沢市上幌向南1条2丁目",
        "url": "http://www.sorachi.pref.hokkaido.lg.jp/kk/skk/bibaidam/index.htm"
      }
    },
    {
      "type": "Feature",
      "geometry": {
        "type": "Point",
        "coordinates": [
          141.856216,
          43.332165
        ]
      },
      "properties": {
        "name": "美唄ダム",
        "location_marker": "③",
        "pref": "北海道",
        "river_system": "石狩川",
        "river": "美唄川",
        "card_ver": "2",
        "facility": "①\n美唄ダム管理所\n\n②\n空知総合振興局\n札幌建設管理部岩見沢出張所\n\n③\n美唄市郷土史料館",
        "hours": "①\n9:00～12:00\n（閉庁日（土・日・祝日）及び年末年始（12月2９日～１月３日）は配布しておりません。）\n\n②\n13:00～17:00\n（閉庁日（土・日・祝日）及び年末年始（12月2９日～１月３日）は配布しておりません。）\n\n③\n9:00～17:00\n通年（休館日：毎週月曜日、12月29日～1月3日）",
        "address": "北海道美唄市西２条南1丁目2番1号",
        "url": "http://www.sorachi.pref.hokkaido.lg.jp/kk/skk/bibaidam/index.htm"
      }
    },
    {
      "type": "Feature",
      "geometry": {
        "type": "Point",
        "coordinates": [
          142.380386,
          44.179585
        ]
      },
      "properties": {
        "name": "西岡ダム",
        "location_marker": "①",
        "pref": "北海道",
        "river_system": "天塩川",
        "river": "小沢川",
        "card_ver": "2",
        "facility": "①\n上川総合振興局\n旭川建設管理部士別出張所\n\n②\n道の駅　絵本の里けんぶち",
        "hours": "①\n9:00～12:00、13:00～17:00\n（閉庁日（土・日・祝日）及び年末年始（12月2９日～１月３日）は配布しておりません。）\n\n②\n9:00～18:00（5月～10月）\n9:00～17:00（11月～4月）\n（土・日・祝日のみ配布しております。）",
        "address": "北海道士別市西4条北1丁目",
        "url": "http://www.kamikawa.pref.hokkaido.lg.jp/kk/akk/contents/OSHIRASE/nishioka/"
      }
    },
    {
      "type": "Feature",
      "geometry": {
        "type": "Point",
        "coordinates": [
          142.408508,
          44.0961
        ]
      },
      "properties": {
        "name": "西岡ダム",
        "location_marker": "②",
        "pref": "北海道",
        "river_system": "天塩川",
        "river": "小沢川",
        "card_ver": "2",
        "facility": "①\n上川総合振興局\n旭川建設管理部士別出張所\n\n②\n道の駅　絵本の里けんぶち",
        "hours": "①\n9:00～12:00、13:00～17:00\n（閉庁日（土・日・祝日）及び年末年始（12月2９日～１月３日）は配布しておりません。）\n\n②\n9:00～18:00（5月～10月）\n9:00～17:00（11月～4月）\n（土・日・祝日のみ配布しております。）",
        "address": "北海道上川郡剣淵町東町2420",
        "url": "http://www.kamikawa.pref.hokkaido.lg.jp/kk/akk/contents/OSHIRASE/nishioka/"
      }
    },
    {
      "type": "Feature",
      "geometry": {
        "type": "Point",
        "coordinates": [
          141.11644,
          42.952518
        ]
      },
      "properties": {
        "name": "豊平峡ダム",
        "location_marker": "①",
        "pref": "北海道",
        "river_system": "石狩川",
        "river": "豊平川",
        "card_ver": "1.2",
        "facility": "①\n豊平峡ダム管理支所\n\n②\n豊平峡ダム資料室",
        "hours": "①\n１６：３０～１７：００\n（平日）\n　9：00～17：00\n（土・日・祝日）\n※4月29日～11月３日（冬季閉鎖）\n\n②\n９：００～１６：３０\n（平日）\n　土日祝日は休館\n※4月30日～10月31日（冬季閉鎖）\n",
        "address": "北海道札幌市南区定山渓７区",
        "url": "①\nhttps://www.hkd.mlit.go.jp/sp/toyohira_damu/kluhh4000000bqn7.html\n②\nhttps://www.hkd.mlit.go.jp/sp/toyohira_damu/kluhh4000000bqn7.html"
      }
    },
    {
      "type": "Feature",
      "geometry": {
        "type": "Point",
        "coordinates": [
          141.11644,
          42.952518
        ]
      },
      "properties": {
        "name": "豊平峡ダム",
        "location_marker": "②",
        "pref": "北海道",
        "river_system": "石狩川",
        "river": "豊平川",
        "card_ver": "1.2",
        "facility": "①\n豊平峡ダム管理支所\n\n②\n豊平峡ダム資料室",
        "hours": "①\n１６：３０～１７：００\n（平日）\n　9：00～17：00\n（土・日・祝日）\n※4月29日～11月３日（冬季閉鎖）\n\n②\n９：００～１６：３０\n（平日）\n　土日祝日は休館\n※4月30日～10月31日（冬季閉鎖）\n",
        "address": "北海道札幌市南区定山渓７区",
        "url": "①\nhttps://www.hkd.mlit.go.jp/sp/toyohira_damu/kluhh4000000bqn7.html\n②\nhttps://www.hkd.mlit.go.jp/sp/toyohira_damu/kluhh4000000bqn7.html"
      }
    },
    {
      "type": "Feature",
      "geometry": {
        "type": "Point",
        "coordinates": [
          142.359848,
          43.145432
        ]
      },
      "properties": {
        "name": "金山ダム",
        "location_marker": null,
        "pref": "北海道",
        "river_system": "石狩川",
        "river": "空知川",
        "card_ver": "2.1",
        "facility": "金山ダム管理支所",
        "hours": "9:00～17:00\n（土・日・祝日を含む）",
        "address": "北海道空知郡南富良野町字金山",
        "url": "https://www.hkd.mlit.go.jp/sp/sorati_kasen/kluhh40000005rta.html"
      }
    },
    {
      "type": "Feature",
      "geometry": {
        "type": "Point",
        "coordinates": [
          142.160629,
          44.289097
        ]
      },
      "properties": {
        "name": "雨竜第１ダム",
        "location_marker": "①",
        "pref": "北海道",
        "river_system": "石狩川",
        "river": "雨竜川",
        "card_ver": "1",
        "facility": "①\nレークハウスしゅまりない\n\n②\n朱鞠内湖キャンプ場管理事務所\n\n③\n③朱鞠内湖淡水漁業協同組合遊漁者管理・休憩棟",
        "hours": "①\n9:00～17:00\n（5月1日～11月末及び1月4日～3月末の土、日、祝日を含む）\n\n②\n9:00～17:00\n（5月上旬～10月下旬の土、日、祝日を含む）\n\n③\n9:00～17:00\n（1月上旬～3月末の土、日、祝日を含む）\n\n※４月、12月、1月1日～3日は配布いたしませんのでご了承ください。\n　　また、北電雨竜ダム管理所及び幌加内町役場朱鞠内支所、雨竜川ダム建設事業所では配布いたしませんので、ご了承ください。\n",
        "address": "北海道雨竜郡幌加内町字朱鞠内",
        "url": "https://www.hkd.mlit.go.jp/sp/uryuu_damu/index.html"
      }
    },
    {
      "type": "Feature",
      "geometry": {
        "type": "Point",
        "coordinates": [
          142.160629,
          44.289097
        ]
      },
      "properties": {
        "name": "雨竜第１ダム",
        "location_marker": "②",
        "pref": "北海道",
        "river_system": "石狩川",
        "river": "雨竜川",
        "card_ver": "1",
        "facility": "①\nレークハウスしゅまりない\n\n②\n朱鞠内湖キャンプ場管理事務所\n\n③\n③朱鞠内湖淡水漁業協同組合遊漁者管理・休憩棟",
        "hours": "①\n9:00～17:00\n（5月1日～11月末及び1月4日～3月末の土、日、祝日を含む）\n\n②\n9:00～17:00\n（5月上旬～10月下旬の土、日、祝日を含む）\n\n③\n9:00～17:00\n（1月上旬～3月末の土、日、祝日を含む）\n\n※４月、12月、1月1日～3日は配布いたしませんのでご了承ください。\n　　また、北電雨竜ダム管理所及び幌加内町役場朱鞠内支所、雨竜川ダム建設事業所では配布いたしませんので、ご了承ください。\n",
        "address": "北海道雨竜郡幌加内町字朱鞠内",
        "url": "https://www.hkd.mlit.go.jp/sp/uryuu_damu/index.html"
      }
    },
    {
      "type": "Feature",
      "geometry": {
        "type": "Point",
        "coordinates": [
          142.160629,
          44.289097
        ]
      },
      "properties": {
        "name": "雨竜第１ダム",
        "location_marker": "③",
        "pref": "北海道",
        "river_system": "石狩川",
        "river": "雨竜川",
        "card_ver": "1",
        "facility": "①\nレークハウスしゅまりない\n\n②\n朱鞠内湖キャンプ場管理事務所\n\n③\n③朱鞠内湖淡水漁業協同組合遊漁者管理・休憩棟",
        "hours": "①\n9:00～17:00\n（5月1日～11月末及び1月4日～3月末の土、日、祝日を含む）\n\n②\n9:00～17:00\n（5月上旬～10月下旬の土、日、祝日を含む）\n\n③\n9:00～17:00\n（1月上旬～3月末の土、日、祝日を含む）\n\n※４月、12月、1月1日～3日は配布いたしませんのでご了承ください。\n　　また、北電雨竜ダム管理所及び幌加内町役場朱鞠内支所、雨竜川ダム建設事業所では配布いたしませんので、ご了承ください。\n",
        "address": "北海道雨竜郡幌加内町字朱鞠内",
        "url": "https://www.hkd.mlit.go.jp/sp/uryuu_damu/index.html"
      }
    },
    {
      "type": "Feature",
      "geometry": {
        "type": "Point",
        "coordinates": [
          142.160629,
          44.289097
        ]
      },
      "properties": {
        "name": "雨竜第２ダム",
        "location_marker": "①",
        "pref": "北海道",
        "river_system": "石狩川",
        "river": "雨竜川",
        "card_ver": "1",
        "facility": "①\nレークハウスしゅまりない\n\n②\n朱鞠内湖キャンプ場管理事務所\n\n③\n③朱鞠内湖淡水漁業協同組合遊漁者管理・休憩棟",
        "hours": "①\n9:00～17:00\n（5月1日～11月末及び1月4日～3月末の土、日、祝日を含む）\n\n②\n9:00～17:00\n（5月上旬～10月下旬の土、日、祝日を含む）\n\n③\n9:00～17:00\n（1月上旬～3月末の土、日、祝日を含む）\n\n※４月、12月、1月1日～3日は配布いたしませんのでご了承ください。\n　　また、北電雨竜ダム管理所及び幌加内町役場朱鞠内支所、雨竜川ダム建設事業所では配布いたしませんので、ご了承ください。\n",
        "address": "北海道雨竜郡幌加内町字朱鞠内",
        "url": "https://www.hkd.mlit.go.jp/sp/uryuu_damu/index.html"
      }
    },
    {
      "type": "Feature",
      "geometry": {
        "type": "Point",
        "coordinates": [
          142.160629,
          44.289097
        ]
      },
      "properties": {
        "name": "雨竜第２ダム",
        "location_marker": "②",
        "pref": "北海道",
        "river_system": "石狩川",
        "river": "雨竜川",
        "card_ver": "1",
        "facility": "①\nレークハウスしゅまりない\n\n②\n朱鞠内湖キャンプ場管理事務所\n\n③\n③朱鞠内湖淡水漁業協同組合遊漁者管理・休憩棟",
        "hours": "①\n9:00～17:00\n（5月1日～11月末及び1月4日～3月末の土、日、祝日を含む）\n\n②\n9:00～17:00\n（5月上旬～10月下旬の土、日、祝日を含む）\n\n③\n9:00～17:00\n（1月上旬～3月末の土、日、祝日を含む）\n\n※４月、12月、1月1日～3日は配布いたしませんのでご了承ください。\n　　また、北電雨竜ダム管理所及び幌加内町役場朱鞠内支所、雨竜川ダム建設事業所では配布いたしませんので、ご了承ください。\n",
        "address": "北海道雨竜郡幌加内町字朱鞠内",
        "url": "https://www.hkd.mlit.go.jp/sp/uryuu_damu/index.html"
      }
    },
    {
      "type": "Feature",
      "geometry": {
        "type": "Point",
        "coordinates": [
          142.160629,
          44.289097
        ]
      },
      "properties": {
        "name": "雨竜第２ダム",
        "location_marker": "③",
        "pref": "北海道",
        "river_system": "石狩川",
        "river": "雨竜川",
        "card_ver": "1",
        "facility": "①\nレークハウスしゅまりない\n\n②\n朱鞠内湖キャンプ場管理事務所\n\n③\n③朱鞠内湖淡水漁業協同組合遊漁者管理・休憩棟",
        "hours": "①\n9:00～17:00\n（5月1日～11月末及び1月4日～3月末の土、日、祝日を含む）\n\n②\n9:00～17:00\n（5月上旬～10月下旬の土、日、祝日を含む）\n\n③\n9:00～17:00\n（1月上旬～3月末の土、日、祝日を含む）\n\n※４月、12月、1月1日～3日は配布いたしませんのでご了承ください。\n　　また、北電雨竜ダム管理所及び幌加内町役場朱鞠内支所、雨竜川ダム建設事業所では配布いたしませんので、ご了承ください。\n",
        "address": "北海道雨竜郡幌加内町字朱鞠内",
        "url": "https://www.hkd.mlit.go.jp/sp/uryuu_damu/index.html"
      }
    },
    {
      "type": "Feature",
      "geometry": {
        "type": "Point",
        "coordinates": [
          142.160629,
          44.289097
        ]
      },
      "properties": {
        "name": "雨竜第２ダム（再開発中）",
        "location_marker": "①",
        "pref": "北海道",
        "river_system": "石狩川",
        "river": "雨竜川",
        "card_ver": "1",
        "facility": "①\nレークハウスしゅまりない\n\n②\n朱鞠内湖キャンプ場管理事務所\n\n③\n③朱鞠内湖淡水漁業協同組合遊漁者管理・休憩棟",
        "hours": "①\n9:00～17:00\n（5月1日～11月末及び1月4日～3月末の土、日、祝日を含む）\n\n②\n9:00～17:00\n（5月上旬～10月下旬の土、日、祝日を含む）\n\n③\n9:00～17:00\n（1月上旬～3月末の土、日、祝日を含む）\n\n※４月、12月、1月1日～3日は配布いたしませんのでご了承ください。\n　　また、北電雨竜ダム管理所及び幌加内町役場朱鞠内支所、雨竜川ダム建設事業所では配布いたしませんので、ご了承ください。\n",
        "address": "北海道雨竜郡幌加内町字朱鞠内",
        "url": "https://www.hkd.mlit.go.jp/sp/uryuu_damu/index.html"
      }
    },
    {
      "type": "Feature",
      "geometry": {
        "type": "Point",
        "coordinates": [
          142.160629,
          44.289097
        ]
      },
      "properties": {
        "name": "雨竜第２ダム（再開発中）",
        "location_marker": "②",
        "pref": "北海道",
        "river_system": "石狩川",
        "river": "雨竜川",
        "card_ver": "1",
        "facility": "①\nレークハウスしゅまりない\n\n②\n朱鞠内湖キャンプ場管理事務所\n\n③\n③朱鞠内湖淡水漁業協同組合遊漁者管理・休憩棟",
        "hours": "①\n9:00～17:00\n（5月1日～11月末及び1月4日～3月末の土、日、祝日を含む）\n\n②\n9:00～17:00\n（5月上旬～10月下旬の土、日、祝日を含む）\n\n③\n9:00～17:00\n（1月上旬～3月末の土、日、祝日を含む）\n\n※４月、12月、1月1日～3日は配布いたしませんのでご了承ください。\n　　また、北電雨竜ダム管理所及び幌加内町役場朱鞠内支所、雨竜川ダム建設事業所では配布いたしませんので、ご了承ください。\n",
        "address": "北海道雨竜郡幌加内町字朱鞠内",
        "url": "https://www.hkd.mlit.go.jp/sp/uryuu_damu/index.html"
      }
    },
    {
      "type": "Feature",
      "geometry": {
        "type": "Point",
        "coordinates": [
          142.160629,
          44.289097
        ]
      },
      "properties": {
        "name": "雨竜第２ダム（再開発中）",
        "location_marker": "③",
        "pref": "北海道",
        "river_system": "石狩川",
        "river": "雨竜川",
        "card_ver": "1",
        "facility": "①\nレークハウスしゅまりない\n\n②\n朱鞠内湖キャンプ場管理事務所\n\n③\n③朱鞠内湖淡水漁業協同組合遊漁者管理・休憩棟",
        "hours": "①\n9:00～17:00\n（5月1日～11月末及び1月4日～3月末の土、日、祝日を含む）\n\n②\n9:00～17:00\n（5月上旬～10月下旬の土、日、祝日を含む）\n\n③\n9:00～17:00\n（1月上旬～3月末の土、日、祝日を含む）\n\n※４月、12月、1月1日～3日は配布いたしませんのでご了承ください。\n　　また、北電雨竜ダム管理所及び幌加内町役場朱鞠内支所、雨竜川ダム建設事業所では配布いたしませんので、ご了承ください。\n",
        "address": "北海道雨竜郡幌加内町字朱鞠内",
        "url": "https://www.hkd.mlit.go.jp/sp/uryuu_damu/index.html"
      }
    },
    {
      "type": "Feature",
      "geometry": {
        "type": "Point",
        "coordinates": [
          142.063339,
          42.493813
        ]
      },
      "properties": {
        "name": "高見ダム",
        "location_marker": "①",
        "pref": "北海道",
        "river_system": "静内川",
        "river": "静内川",
        "card_ver": "2",
        "facility": "①\n胆振総合振興局室蘭建設　　\n管理部門別出張所\n\n②\n新ひだか町観光情報センター“ぽっぽ“",
        "hours": "①\n9:00～12:00、13:00～17:00\n（閉庁日（土・日・祝日）及び年末年始（12月2９日～１月３日）は配布しておりません。）\n\n②\n10:00～15:00\n（土・日・祝日のみ配布しております。（12月30日～1月3日は休館日のため、配布しておりません。））",
        "address": "北海道沙流郡日高町字緑町　41-64",
        "url": "http://www.iburi.pref.hokkaido.lg.jp/kk/mkk/mur-dogen/kanriDam/dam-takami.html"
      }
    },
    {
      "type": "Feature",
      "geometry": {
        "type": "Point",
        "coordinates": [
          142.360809,
          42.336742
        ]
      },
      "properties": {
        "name": "高見ダム",
        "location_marker": "②",
        "pref": "北海道",
        "river_system": "静内川",
        "river": "静内川",
        "card_ver": "2",
        "facility": "①\n胆振総合振興局室蘭建設　　\n管理部門別出張所\n\n②\n新ひだか町観光情報センター“ぽっぽ“",
        "hours": "①\n9:00～12:00、13:00～17:00\n（閉庁日（土・日・祝日）及び年末年始（12月2９日～１月３日）は配布しておりません。）\n\n②\n10:00～15:00\n（土・日・祝日のみ配布しております。（12月30日～1月3日は休館日のため、配布しておりません。））",
        "address": "北海道日高郡新ひだか町静内本町5丁目　1-21",
        "url": "http://www.iburi.pref.hokkaido.lg.jp/kk/mkk/mur-dogen/kanriDam/dam-takami.html"
      }
    },
    {
      "type": "Feature",
      "geometry": {
        "type": "Point",
        "coordinates": [
          143.453323,
          43.626698
        ]
      },
      "properties": {
        "name": "鹿ノ子ダム",
        "location_marker": null,
        "pref": "北海道",
        "river_system": "常呂川",
        "river": "常呂川",
        "card_ver": "1.3",
        "facility": "鹿ノ子ダム管理支所",
        "hours": "9:00～17:00（土・日・祝日を含む）「正面入口の風除室内左側のインターホンを押して下さい。」",
        "address": "北海道常呂郡置戸町字常元",
        "url": "https://www.hkd.mlit.go.jp/ab/tisui/icrceh0000000gph.html"
      }
    },
    {
      "type": "Feature",
      "geometry": {
        "type": "Point",
        "coordinates": [
          140.083511,
          35.229408
        ]
      },
      "properties": {
        "name": "亀山ダム",
        "location_marker": "①",
        "pref": "千葉県",
        "river_system": "小櫃川",
        "river": "小櫃川",
        "card_ver": "2",
        "facility": "①\n千葉県亀山・片倉ダム管理事務所\n\n②\n亀山観光案内所 やすらぎ館",
        "hours": "①\n8:30～12:00、13:00～17:15\n（土・日・祝日および年末年始の配布はしておりません。ただし、亀山ダムにお越しの方に限り、郵送申込による配布を行っています。詳細はホームページをご確認ください。）\n\n②\n10:00～15:00\n（水曜定休(祝日は除く)および年末年始の配布はしておりません）",
        "address": "千葉県君津市豊田３３",
        "url": "①\nhttp://www.pref.chiba.lg.jp/d-kameyama/index.html\n\n②\nhttp://www.kazusakameyama.com/"
      }
    },
    {
      "type": "Feature",
      "geometry": {
        "type": "Point",
        "coordinates": [
          140.081955,
          35.215031
        ]
      },
      "properties": {
        "name": "亀山ダム",
        "location_marker": "②",
        "pref": "千葉県",
        "river_system": "小櫃川",
        "river": "小櫃川",
        "card_ver": "2",
        "facility": "①\n千葉県亀山・片倉ダム管理事務所\n\n②\n亀山観光案内所 やすらぎ館",
        "hours": "①\n8:30～12:00、13:00～17:15\n（土・日・祝日および年末年始の配布はしておりません。ただし、亀山ダムにお越しの方に限り、郵送申込による配布を行っています。詳細はホームページをご確認ください。）\n\n②\n10:00～15:00\n（水曜定休(祝日は除く)および年末年始の配布はしておりません）",
        "address": "千葉県君津市川俣旧川俣８",
        "url": "①\nhttp://www.pref.chiba.lg.jp/d-kameyama/index.html\n\n②\nhttp://www.kazusakameyama.com/"
      }
    },
    {
      "type": "Feature",
      "geometry": {
        "type": "Point",
        "coordinates": [
          140.69957,
          35.831474
        ]
      },
      "properties": {
        "name": "利根川河口堰",
        "location_marker": null,
        "pref": "千葉県",
        "river_system": "利根川",
        "river": "利根川",
        "card_ver": "2",
        "facility": "利根川河口堰管理所",
        "hours": "9時から12時まで、13時から17時まで（土曜日、日曜日、祝日を含む）\n12時から13時までは休憩時間のためご遠慮願います。",
        "address": "千葉県香取郡東庄町新宿２２７６",
        "url": "https://www.water.go.jp/kanto/tonekako/"
      }
    },
    {
      "type": "Feature",
      "geometry": {
        "type": "Point",
        "coordinates": [
          140.138977,
          35.843323
        ]
      },
      "properties": {
        "name": "北千葉導水路",
        "location_marker": "①",
        "pref": "千葉県",
        "river_system": "利根川",
        "river": "北千葉導水路",
        "card_ver": "1",
        "facility": "①\n北千葉第一機場\n\n②\n北千葉ビジターセンター\n\n③\n松戸排水機場",
        "hours": "①\n9:00～17:00\n（土、日、祝祭日および年末年始は配布していません）\n\n②\n9:30～16:00\n（閉庁日（月曜日ただし、月曜日が祝祭日の場合は火曜日）及び年末年始（12月2９日～１月３日）を除く。）\n\n③\n9:00～17:00\n（土、日、祝祭日および年末年始は配布していません）",
        "address": "千葉県印西市発作1207",
        "url": "http://www.ktr.mlit.go.jp/tonege/"
      }
    },
    {
      "type": "Feature",
      "geometry": {
        "type": "Point",
        "coordinates": [
          139.993179,
          35.865044
        ]
      },
      "properties": {
        "name": "北千葉導水路",
        "location_marker": "②",
        "pref": "千葉県",
        "river_system": "利根川",
        "river": "北千葉導水路",
        "card_ver": "1",
        "facility": "①\n北千葉第一機場\n\n②\n北千葉ビジターセンター\n\n③\n松戸排水機場",
        "hours": "①\n9:00～17:00\n（土、日、祝祭日および年末年始は配布していません）\n\n②\n9:30～16:00\n（閉庁日（月曜日ただし、月曜日が祝祭日の場合は火曜日）及び年末年始（12月2９日～１月３日）を除く。）\n\n③\n9:00～17:00\n（土、日、祝祭日および年末年始は配布していません）",
        "address": "千葉県柏市戸張新田四反町26",
        "url": "http://www.ktr.mlit.go.jp/tonege/"
      }
    },
    {
      "type": "Feature",
      "geometry": {
        "type": "Point",
        "coordinates": [
          139.892731,
          35.822571
        ]
      },
      "properties": {
        "name": "北千葉導水路",
        "location_marker": "③",
        "pref": "千葉県",
        "river_system": "利根川",
        "river": "北千葉導水路",
        "card_ver": "1",
        "facility": "①\n北千葉第一機場\n\n②\n北千葉ビジターセンター\n\n③\n松戸排水機場",
        "hours": "①\n9:00～17:00\n（土、日、祝祭日および年末年始は配布していません）\n\n②\n9:30～16:00\n（閉庁日（月曜日ただし、月曜日が祝祭日の場合は火曜日）及び年末年始（12月2９日～１月３日）を除く。）\n\n③\n9:00～17:00\n（土、日、祝祭日および年末年始は配布していません）",
        "address": "千葉県松戸市主水新田102",
        "url": "http://www.ktr.mlit.go.jp/tonege/"
      }
    },
    {
      "type": "Feature",
      "geometry": {
        "type": "Point",
        "coordinates": [
          140.254944,
          35.785583
        ]
      },
      "properties": {
        "name": "北印旛沼",
        "location_marker": null,
        "pref": "千葉県",
        "river_system": "利根川",
        "river": null,
        "card_ver": "1",
        "facility": "①\n印旛沼漁業協同組合\n\n②\nレストラン水産センター",
        "hours": "①\n9:00～17:00\n（木曜日、土曜日及び年末年始の配布なし）\n\n②\n11:00～17:00\n（木曜及び年末年始の配布なし）",
        "address": "千葉県成田市北須賀1622-2",
        "url": "https://www.city.narita.chiba.jp/business/page166008.html"
      }
    },
    {
      "type": "Feature",
      "geometry": {
        "type": "Point",
        "coordinates": [
          140.029114,
          35.861481
        ]
      },
      "properties": {
        "name": "手賀沼",
        "location_marker": "①",
        "pref": "千葉県",
        "river_system": "利根川",
        "river": "手賀沼",
        "card_ver": "1",
        "facility": "①\nあびこ農産物直売所あびこん\n\n②\n道の駅しょうなん（インフォメーションカウンター）",
        "hours": "①\n9:00～1７:00\n（毎月第４水曜日（第４水曜日が祝日にあたる場合は第３水曜日）及び年末年始の配布なし）\n\n②\n９:00～1７:00\n（臨時休業日及び年末年始の配布なし）",
        "address": "千葉県我孫子市高野山新田１９３",
        "url": "①\nhttp://www.city.abiko.chiba.jp/event/shiminouen/hanbai.html\n\n②\nhttp://www.michinoeki-shonan.jp"
      }
    },
    {
      "type": "Feature",
      "geometry": {
        "type": "Point",
        "coordinates": [
          140.023636,
          35.857937
        ]
      },
      "properties": {
        "name": "手賀沼",
        "location_marker": "②",
        "pref": "千葉県",
        "river_system": "利根川",
        "river": "手賀沼",
        "card_ver": "1",
        "facility": "①\nあびこ農産物直売所あびこん\n\n②\n道の駅しょうなん（インフォメーションカウンター）",
        "hours": "①\n9:00～1７:00\n（毎月第４水曜日（第４水曜日が祝日にあたる場合は第３水曜日）及び年末年始の配布なし）\n\n②\n９:00～1７:00\n（臨時休業日及び年末年始の配布なし）",
        "address": "千葉県柏市箕輪新田５９－２",
        "url": "①\nhttp://www.city.abiko.chiba.jp/event/shiminouen/hanbai.html\n\n②\nhttp://www.michinoeki-shonan.jp"
      }
    },
    {
      "type": "Feature",
      "geometry": {
        "type": "Point",
        "coordinates": [
          140.29393,
          35.52272
        ]
      },
      "properties": {
        "name": "東金ダム",
        "location_marker": null,
        "pref": "千葉県",
        "river_system": "真亀川",
        "river": "十文字川",
        "card_ver": "1",
        "facility": "房総導水路管理所",
        "hours": "9:00～17:00\n（閉庁日（土・日・祝日）及び年末年始（12月2９日～１月３日）は配布しておりません。）\n※ダムと配布場所が離れていますので、配布の際はダムへ行った証明写真等が必要となります。",
        "address": "千葉県大網白里市池田455",
        "url": "http://www.water.go.jp/kanto/bouso/"
      }
    },
    {
      "type": "Feature",
      "geometry": {
        "type": "Point",
        "coordinates": [
          140.083511,
          35.229408
        ]
      },
      "properties": {
        "name": "片倉ダム",
        "location_marker": "①",
        "pref": "千葉県",
        "river_system": "小櫃川",
        "river": "笹川",
        "card_ver": "1.3",
        "facility": "①\n千葉県亀山・片倉ダム管理事務所\n\n②\n亀山観光案内所 やすらぎ館",
        "hours": "①\n8:30～12:00、13:00～17:15\n（土・日・祝日および年末年始の配布はしておりません。ただし、亀山ダムにお越しの方に限り、郵送申込による配布を行っています。詳細はホームページをご確認ください。）\n\n②\n10:00～15:00\n（水曜定休(祝日は除く)および年末年始の配布はしておりません）",
        "address": "千葉県君津市豊田３３",
        "url": "①\nhttp://www.pref.chiba.lg.jp/d-kameyama/index.html\n\n②\nhttp://www.kazusakameyama.com/"
      }
    },
    {
      "type": "Feature",
      "geometry": {
        "type": "Point",
        "coordinates": [
          140.081955,
          35.215031
        ]
      },
      "properties": {
        "name": "片倉ダム",
        "location_marker": "②",
        "pref": "千葉県",
        "river_system": "小櫃川",
        "river": "笹川",
        "card_ver": "1.3",
        "facility": "①\n千葉県亀山・片倉ダム管理事務所\n\n②\n亀山観光案内所 やすらぎ館",
        "hours": "①\n8:30～12:00、13:00～17:15\n（土・日・祝日および年末年始の配布はしておりません。ただし、亀山ダムにお越しの方に限り、郵送申込による配布を行っています。詳細はホームページをご確認ください。）\n\n②\n10:00～15:00\n（水曜定休(祝日は除く)および年末年始の配布はしておりません）",
        "address": "千葉県君津市川俣旧川俣８",
        "url": "①\nhttp://www.pref.chiba.lg.jp/d-kameyama/index.html\n\n②\nhttp://www.kazusakameyama.com/"
      }
    },
    {
      "type": "Feature",
      "geometry": {
        "type": "Point",
        "coordinates": [
          140.083511,
          35.229408
        ]
      },
      "properties": {
        "name": "矢那川ダム",
        "location_marker": "①",
        "pref": "千葉県",
        "river_system": "矢那川",
        "river": "田高川",
        "card_ver": "1.1",
        "facility": "①\n千葉県亀山・片倉ダム管理事務所\n\n②\n亀山観光案内所 やすらぎ館",
        "hours": "①\n8:30～12:00、13:00～17:15\n（土・日・祝日および年末年始の配布はしておりません。ただし、亀山ダムにお越しの方に限り、郵送申込による配布を行っています。詳細はホームページをご確認ください。）\n\n②\n10:00～15:00\n（水曜定休(祝日は除く)および年末年始の配布はしておりません）",
        "address": "千葉県君津市豊田３３",
        "url": "①\nhttp://www.pref.chiba.lg.jp/d-kameyama/index.html\n\n②\nhttp://www.kazusakameyama.com/"
      }
    },
    {
      "type": "Feature",
      "geometry": {
        "type": "Point",
        "coordinates": [
          140.081955,
          35.215031
        ]
      },
      "properties": {
        "name": "矢那川ダム",
        "location_marker": "②",
        "pref": "千葉県",
        "river_system": "矢那川",
        "river": "田高川",
        "card_ver": "1.1",
        "facility": "①\n千葉県亀山・片倉ダム管理事務所\n\n②\n亀山観光案内所 やすらぎ館",
        "hours": "①\n8:30～12:00、13:00～17:15\n（土・日・祝日および年末年始の配布はしておりません。ただし、亀山ダムにお越しの方に限り、郵送申込による配布を行っています。詳細はホームページをご確認ください。）\n\n②\n10:00～15:00\n（水曜定休(祝日は除く)および年末年始の配布はしておりません）",
        "address": "千葉県君津市川俣旧川俣８",
        "url": "①\nhttp://www.pref.chiba.lg.jp/d-kameyama/index.html\n\n②\nhttp://www.kazusakameyama.com/"
      }
    },
    {
      "type": "Feature",
      "geometry": {
        "type": "Point",
        "coordinates": [
          140.202072,
          35.74054
        ]
      },
      "properties": {
        "name": "西印旛沼",
        "location_marker": null,
        "pref": "千葉県",
        "river_system": "利根川",
        "river": null,
        "card_ver": "1",
        "facility": "佐倉ふるさと広場・管理棟「佐蘭花」",
        "hours": "9:00～17:00\n（11月～2月は9:00～16:00）\n（年末年始の配布なし）",
        "address": "千葉県佐倉市臼井田2714",
        "url": "https://www.city.sakura.lg.jp/soshiki/koenryokuchika/3/5/15384.html"
      }
    },
    {
      "type": "Feature",
      "geometry": {
        "type": "Point",
        "coordinates": [
          140.29393,
          35.52272
        ]
      },
      "properties": {
        "name": "長柄ダム\n［水資源機構］",
        "location_marker": "①",
        "pref": "千葉県",
        "river_system": "村田川",
        "river": "支川村田川",
        "card_ver": "1",
        "facility": "\n①\n房総導水路管理所\n\n②\n長柄町都市農村交流センター",
        "hours": "①\n9:00～17:00\n（閉庁日（土・日・祝日）及び年末年始（12月2９日～１月３日）は配布しておりません。）\n※ダムと配布場所が離れていますので、配布の際はダムへ行った証明写真等が必要となります。\n\n②\n9:00～16:00\n（木曜日を除く毎日）\n年末年始休閉館。７月～８月は定休日なし。詳細は、ホームページをご確認下さい。",
        "address": "千葉県大網白里市池田455",
        "url": "①\nhttp://www.water.go.jp/kanto/bouso/\n\n②\nhttp://www.wakuwaku-nagara.com/"
      }
    },
    {
      "type": "Feature",
      "geometry": {
        "type": "Point",
        "coordinates": [
          140.219086,
          35.471695
        ]
      },
      "properties": {
        "name": "長柄ダム\n［水資源機構］",
        "location_marker": "②",
        "pref": "千葉県",
        "river_system": "村田川",
        "river": "支川村田川",
        "card_ver": "1",
        "facility": "\n①\n房総導水路管理所\n\n②\n長柄町都市農村交流センター",
        "hours": "①\n9:00～17:00\n（閉庁日（土・日・祝日）及び年末年始（12月2９日～１月３日）は配布しておりません。）\n※ダムと配布場所が離れていますので、配布の際はダムへ行った証明写真等が必要となります。\n\n②\n9:00～16:00\n（木曜日を除く毎日）\n年末年始休閉館。７月～８月は定休日なし。詳細は、ホームページをご確認下さい。",
        "address": "千葉県長生郡長柄町山之郷70-15",
        "url": "①\nhttp://www.water.go.jp/kanto/bouso/\n\n②\nhttp://www.wakuwaku-nagara.com/"
      }
    },
    {
      "type": "Feature",
      "geometry": {
        "type": "Point",
        "coordinates": [
          140.143723,
          35.352291
        ]
      },
      "properties": {
        "name": "高滝ダム",
        "location_marker": "①",
        "pref": "千葉県",
        "river_system": "養老川",
        "river": "養老川",
        "card_ver": "1.2",
        "facility": "①\n千葉県高滝ダム管理事務所\n\n②\n高滝ダム記念館",
        "hours": "①\n8:30～17:15\n（土・日・祝日および年末年始の配布なし）\n\n②\n9:00～17:00\n（月曜（月曜が祝日の場合は翌日）と年末年始の配布なし）",
        "address": "千葉県市原市養老４６８",
        "url": "①\nhttp://www.pref.chiba.lg.jp/d-takataki/index.html\n\n②\nhttp://ichiharazaidan.or.jp/takataki"
      }
    },
    {
      "type": "Feature",
      "geometry": {
        "type": "Point",
        "coordinates": [
          140.143723,
          35.352291
        ]
      },
      "properties": {
        "name": "高滝ダム",
        "location_marker": "②",
        "pref": "千葉県",
        "river_system": "養老川",
        "river": "養老川",
        "card_ver": "1.2",
        "facility": "①\n千葉県高滝ダム管理事務所\n\n②\n高滝ダム記念館",
        "hours": "①\n8:30～17:15\n（土・日・祝日および年末年始の配布なし）\n\n②\n9:00～17:00\n（月曜（月曜が祝日の場合は翌日）と年末年始の配布なし）",
        "address": "千葉県市原市養老４７１－１",
        "url": "①\nhttp://www.pref.chiba.lg.jp/d-takataki/index.html\n\n②\nhttp://ichiharazaidan.or.jp/takataki"
      }
    },
    {
      "type": "Feature",
      "geometry": {
        "type": "Point",
        "coordinates": [
          135.705368,
          33.601166
        ]
      },
      "properties": {
        "name": "七川ダム",
        "location_marker": null,
        "pref": "和歌山県",
        "river_system": "古座川",
        "river": "古座川",
        "card_ver": "4",
        "facility": "七川ダム管理事務所",
        "hours": "9:00～17:45\n（土、日、祝祭日を含む）",
        "address": "和歌山県東牟婁郡古座川町佐田１０１６\n（ＴＥＬ　0735-76-0009）",
        "url": "https://www.pref.wakayama.lg.jp/prefg/130700/d00156625.html"
      }
    },
    {
      "type": "Feature",
      "geometry": {
        "type": "Point",
        "coordinates": [
          135.360489,
          34.066944
        ]
      },
      "properties": {
        "name": "二川ダム",
        "location_marker": null,
        "pref": "和歌山県",
        "river_system": "有田川",
        "river": "有田川",
        "card_ver": "3",
        "facility": "二川ダム管理事務所",
        "hours": "9:00～17:45\n（土、日、祝祭日を含む）",
        "address": "和歌山県有田郡有田川町二川５１８－２\n（TEL　0737-23-0251）",
        "url": "https://www.pref.wakayama.lg.jp/prefg/130400/kensetsu/futagawadam/home_f.html"
      }
    },
    {
      "type": "Feature",
      "geometry": {
        "type": "Point",
        "coordinates": [
          135.15213,
          33.897984
        ]
      },
      "properties": {
        "name": "切目川ダム",
        "location_marker": "①",
        "pref": "和歌山県",
        "river_system": "切目川",
        "river": "切目川",
        "card_ver": "2",
        "facility": "①\n日高振興局建設部総務調整課\n\n②\n印南町役場総務課",
        "hours": "①\n9:00～17:45\n（土・日・祝日除く）\n※配布には、ダムへ行った証明（写真等）が必要となります\n\n②\n8:30～17:15\n（土・日・祝日を含む）\n※配布には、ダムへ行った証明（写真等）が必要となります",
        "address": "和歌山県御坊市湯川町財部651\n（TEL　0738-24-29４５）",
        "url": "https://www.pref.wakayama.lg.jp/prefg/130500/d00153712.html"
      }
    },
    {
      "type": "Feature",
      "geometry": {
        "type": "Point",
        "coordinates": [
          135.214706,
          33.821209
        ]
      },
      "properties": {
        "name": "切目川ダム",
        "location_marker": "②",
        "pref": "和歌山県",
        "river_system": "切目川",
        "river": "切目川",
        "card_ver": "2",
        "facility": "①\n日高振興局建設部総務調整課\n\n②\n印南町役場総務課",
        "hours": "①\n9:00～17:45\n（土・日・祝日除く）\n※配布には、ダムへ行った証明（写真等）が必要となります\n\n②\n8:30～17:15\n（土・日・祝日を含む）\n※配布には、ダムへ行った証明（写真等）が必要となります",
        "address": "和歌山県日高郡印南町大字印南2570\n（TEL　0738-42-0120）",
        "url": "https://www.pref.wakayama.lg.jp/prefg/130500/d00153712.html"
      }
    },
    {
      "type": "Feature",
      "geometry": {
        "type": "Point",
        "coordinates": [
          135.300186,
          33.96524
        ]
      },
      "properties": {
        "name": "尾曽谷ダム",
        "location_marker": "①",
        "pref": "和歌山県",
        "river_system": "日高川",
        "river": "高津尾川",
        "card_ver": "1",
        "facility": "①\n日高川交流センター　\n\n②\n道の駅 SanPin中津　\n",
        "hours": "①\n8:30～17:15\n休館日は12/29～1/3の年末年始\n\n②\n8:00～17:00\n休館日は12/31～1/2の年末年始",
        "address": "和歌山県日高郡日高川町高津尾７１８－３",
        "url": "①\nhttps://www.town.hidakagawa.lg.jp/kyouiku/kouryu-center/index.html\n\n②\nhttps://hidakagawa.net/sanpin-nakatsu/"
      }
    },
    {
      "type": "Feature",
      "geometry": {
        "type": "Point",
        "coordinates": [
          135.270752,
          33.954975
        ]
      },
      "properties": {
        "name": "尾曽谷ダム",
        "location_marker": "②",
        "pref": "和歌山県",
        "river_system": "日高川",
        "river": "高津尾川",
        "card_ver": "1",
        "facility": "①\n日高川交流センター　\n\n②\n道の駅 SanPin中津　\n",
        "hours": "①\n8:30～17:15\n休館日は12/29～1/3の年末年始\n\n②\n8:00～17:00\n休館日は12/31～1/2の年末年始",
        "address": "和歌山県日高郡日高川町船津820番地",
        "url": "①\nhttps://www.town.hidakagawa.lg.jp/kyouiku/kouryu-center/index.html\n\n②\nhttps://hidakagawa.net/sanpin-nakatsu/"
      }
    },
    {
      "type": "Feature",
      "geometry": {
        "type": "Point",
        "coordinates": [
          135.229568,
          33.988178
        ]
      },
      "properties": {
        "name": "広川ダム",
        "location_marker": null,
        "pref": "和歌山県",
        "river_system": "広川",
        "river": "広川",
        "card_ver": "2",
        "facility": "有田振興局建設部広川出張所",
        "hours": "9:00～17:45（土、日、祝祭日を含む）\n休日は広川出張所２階事務所入口のインターホンを押して下さい。",
        "address": "和歌山県有田郡広川町下津木１６１９－６\n（TEL　0737-67-2104）",
        "url": "https://www.pref.wakayama.lg.jp/prefg/130400/kensetsu/hirogawadam/home_h.html"
      }
    },
    {
      "type": "Feature",
      "geometry": {
        "type": "Point",
        "coordinates": [
          135.390869,
          33.961617
        ]
      },
      "properties": {
        "name": "椿山ダム",
        "location_marker": null,
        "pref": "和歌山県",
        "river_system": "日高川",
        "river": "日高川",
        "card_ver": "3",
        "facility": "椿山ダム管理事務所",
        "hours": "9:00～17:45\n（土、日、祝祭日を含む）",
        "address": "和歌山県日高郡日高川町初湯川１８７４\n（TEL　0738-57-0400）",
        "url": "https://www.pref.wakayama.lg.jp/prefg/130500/d00153720.html"
      }
    },
    {
      "type": "Feature",
      "geometry": {
        "type": "Point",
        "coordinates": [
          135.196793,
          34.252357
        ]
      },
      "properties": {
        "name": "紀の川大堰",
        "location_marker": null,
        "pref": "和歌山県",
        "river_system": "紀の川",
        "river": "紀の川",
        "card_ver": "1",
        "facility": "紀の川大堰管理所",
        "hours": "9:30～16:00(土・日・祝日を含む）\n「水ときらめき紀の川館」の玄関インターホンを押して下さい。",
        "address": "和歌山県和歌山市有本４６２",
        "url": "http://www.kkr.mlit.go.jp/wakayama/"
      }
    },
    {
      "type": "Feature",
      "geometry": {
        "type": "Point",
        "coordinates": [
          139.005249,
          36.114712
        ]
      },
      "properties": {
        "name": "下久保ダム",
        "location_marker": null,
        "pref": "埼玉県",
        "river_system": "利根川",
        "river": "神流川",
        "card_ver": "2.2",
        "facility": "下久保ダム管理所",
        "hours": "8:30～17:00（土・日・祝日を含む）",
        "address": "埼玉県児玉郡神川町大字矢納1356-3",
        "url": "https://www.water.go.jp/kanto/simokubo/index.html"
      }
    },
    {
      "type": "Feature",
      "geometry": {
        "type": "Point",
        "coordinates": [
          138.829224,
          35.910919
        ]
      },
      "properties": {
        "name": "二瀬ダム",
        "location_marker": null,
        "pref": "埼玉県",
        "river_system": "荒川",
        "river": "荒川",
        "card_ver": "1.1",
        "facility": "二瀬ダム管理所",
        "hours": "8:30～17:15（土・日・祝日を含む）",
        "address": "埼玉県秩父市大滝３９３１－１",
        "url": "http://www.ktr.mlit.go.jp/futase/"
      }
    },
    {
      "type": "Feature",
      "geometry": {
        "type": "Point",
        "coordinates": [
          139.481049,
          36.184593
        ]
      },
      "properties": {
        "name": "利根大堰",
        "location_marker": "①",
        "pref": "埼玉県",
        "river_system": "利根川",
        "river": "利根川",
        "card_ver": "3",
        "facility": "①\n利根導水総合管理所\n\n②\n忍城バスターミナル観光案内所",
        "hours": "①\n8:30～17:00\n（閉庁日（土・日・祝日）及び年末年始（12月2９日～１月３日）を除く。）：管理所にて配付\n\n②\n3月～11月（9:30～16:30)　12月～2月(10:00～16:00)年末年始(12月29日～1月3日を除く）土曜・日曜・祝日：忍城ﾊﾞｽﾀｰﾐﾅﾙ観光案内所（受付）にて配付\n②の配付に当たっては、電光掲示板にある利根大堰スタンプが押印された用紙を案内所へ持参、提示。\n",
        "address": "埼玉県行田市大字須加字船川４３６９",
        "url": "https://www.water.go.jp/kanto/tone/"
      }
    },
    {
      "type": "Feature",
      "geometry": {
        "type": "Point",
        "coordinates": [
          139.456802,
          36.136879
        ]
      },
      "properties": {
        "name": "利根大堰",
        "location_marker": "②",
        "pref": "埼玉県",
        "river_system": "利根川",
        "river": "利根川",
        "card_ver": "3",
        "facility": "①\n利根導水総合管理所\n\n②\n忍城バスターミナル観光案内所",
        "hours": "①\n8:30～17:00\n（閉庁日（土・日・祝日）及び年末年始（12月2９日～１月３日）を除く。）：管理所にて配付\n\n②\n3月～11月（9:30～16:30)　12月～2月(10:00～16:00)年末年始(12月29日～1月3日を除く）土曜・日曜・祝日：忍城ﾊﾞｽﾀｰﾐﾅﾙ観光案内所（受付）にて配付\n②の配付に当たっては、電光掲示板にある利根大堰スタンプが押印された用紙を案内所へ持参、提示。\n",
        "address": "埼玉県行田市本丸3-5",
        "url": "https://www.water.go.jp/kanto/tone/"
      }
    },
    {
      "type": "Feature",
      "geometry": {
        "type": "Point",
        "coordinates": [
          138.965881,
          36.064865
        ]
      },
      "properties": {
        "name": "合角ダム",
        "location_marker": null,
        "pref": "埼玉県",
        "river_system": "荒川",
        "river": "吉田川",
        "card_ver": "1.1",
        "facility": "合角ダム管理所",
        "hours": "9:00～16:00\n（土・日・祝祭日および年末年始も配布します）",
        "address": "埼玉県秩父市上吉田４８５０－１",
        "url": "http://www.pref.saitama.lg.jp/b1007/k-dam/"
      }
    },
    {
      "type": "Feature",
      "geometry": {
        "type": "Point",
        "coordinates": [
          139.149704,
          35.868259
        ]
      },
      "properties": {
        "name": "有間ダム",
        "location_marker": null,
        "pref": "埼玉県",
        "river_system": "荒川",
        "river": "有間川",
        "card_ver": "1.1",
        "facility": "有間ダム管理所",
        "hours": "9:00～16:00\n（土・日・祝祭日および年末年始は配布していません）",
        "address": "埼玉県飯能市下名栗１８３０",
        "url": "https://www.pref.saitama.lg.jp/soshiki/b1005/kasen/arimadamu/index.html"
      }
    },
    {
      "type": "Feature",
      "geometry": {
        "type": "Point",
        "coordinates": [
          139.726242,
          36.098286
        ]
      },
      "properties": {
        "name": "権現堂調節池",
        "location_marker": null,
        "pref": "埼玉県",
        "river_system": "利根川",
        "river": "権現堂川",
        "card_ver": "1.1",
        "facility": "権現堂調節池管理所",
        "hours": "9:30～16:30\n（土、日、祝祭日および年末年始は配布していません）",
        "address": "埼玉県幸手市大字権現堂１０１４",
        "url": "http://www.pref.saitama.lg.jp/b1012/gongendoukanri.html"
      }
    },
    {
      "type": "Feature",
      "geometry": {
        "type": "Point",
        "coordinates": [
          139.481049,
          36.184593
        ]
      },
      "properties": {
        "name": "武蔵水路",
        "location_marker": "①",
        "pref": "埼玉県",
        "river_system": "－",
        "river": "－",
        "card_ver": "1",
        "facility": "①\n利根導水総合管理所\n\n②\n忍城バスターミナル観光案内所",
        "hours": "①\n8:30～17:00\n（閉庁日（土・日・祝日）及び年末年始（12月2９日～１月３日）を除く。）：管理所にて配付\n\n②\n3月～11月(9:30～16:30)　12月～2月(10:00～16:00)年末年始(12月29日～1月3日を除く)土曜・日曜・祝日：忍城ﾊﾞｽﾀｰﾐﾅﾙ観光案内所（受付）にて配付\n②の配付に当たっては、電光掲示板にある利根大堰スタンプが押印された用紙を案内所へ持参、提示。\n",
        "address": "埼玉県行田市大字須加字船川４３６９",
        "url": "https://www.water.go.jp/kanto/tone/"
      }
    },
    {
      "type": "Feature",
      "geometry": {
        "type": "Point",
        "coordinates": [
          139.456802,
          36.136879
        ]
      },
      "properties": {
        "name": "武蔵水路",
        "location_marker": "②",
        "pref": "埼玉県",
        "river_system": "－",
        "river": "－",
        "card_ver": "1",
        "facility": "①\n利根導水総合管理所\n\n②\n忍城バスターミナル観光案内所",
        "hours": "①\n8:30～17:00\n（閉庁日（土・日・祝日）及び年末年始（12月2９日～１月３日）を除く。）：管理所にて配付\n\n②\n3月～11月(9:30～16:30)　12月～2月(10:00～16:00)年末年始(12月29日～1月3日を除く)土曜・日曜・祝日：忍城ﾊﾞｽﾀｰﾐﾅﾙ観光案内所（受付）にて配付\n②の配付に当たっては、電光掲示板にある利根大堰スタンプが押印された用紙を案内所へ持参、提示。\n",
        "address": "埼玉県行田市本丸3-5",
        "url": "https://www.water.go.jp/kanto/tone/"
      }
    },
    {
      "type": "Feature",
      "geometry": {
        "type": "Point",
        "coordinates": [
          139.057861,
          35.95734
        ]
      },
      "properties": {
        "name": "浦山ダム",
        "location_marker": null,
        "pref": "埼玉県",
        "river_system": "荒川",
        "river": "浦山川",
        "card_ver": "1",
        "facility": "浦山ダム防災資料館「うららぴあ」",
        "hours": "9:00～17:00\n（土・日・祝日含む。年末年始は配布しません。）",
        "address": "埼玉県秩父市荒川久那4041",
        "url": "https://www.water.go.jp/kanto/arakawa/index.html"
      }
    },
    {
      "type": "Feature",
      "geometry": {
        "type": "Point",
        "coordinates": [
          138.829224,
          35.910919
        ]
      },
      "properties": {
        "name": "滝沢ダム",
        "location_marker": null,
        "pref": "埼玉県",
        "river_system": "荒川",
        "river": "中津川",
        "card_ver": "1.2",
        "facility": "滝沢ダム管理所",
        "hours": "9:00～17:00\n（土・日・祝日含む。年末年始は配布しません。）",
        "address": "埼玉県秩父市大滝3021",
        "url": "https://www.water.go.jp/kanto/arakawa/index.html"
      }
    },
    {
      "type": "Feature",
      "geometry": {
        "type": "Point",
        "coordinates": [
          139.169876,
          36.116989
        ]
      },
      "properties": {
        "name": "玉淀ダム",
        "location_marker": null,
        "pref": "埼玉県",
        "river_system": "荒川",
        "river": "荒川",
        "card_ver": "1",
        "facility": "東京発電(株)埼玉事業所玉淀事務所",
        "hours": "24時間(自動配布機)\n（土・日・祝日を含む）",
        "address": "埼玉県大里郡寄居町大字末野１４４１－１",
        "url": "https://tokyohatsuden.co.jp"
      }
    },
    {
      "type": "Feature",
      "geometry": {
        "type": "Point",
        "coordinates": [
          139.623367,
          35.842663
        ]
      },
      "properties": {
        "name": "荒川貯水池",
        "location_marker": "①",
        "pref": "埼玉県",
        "river_system": "荒川",
        "river": "荒川",
        "card_ver": "1",
        "facility": "①\n西浦和出張所\n\n②\n彩湖自然学習センター",
        "hours": "①\n8:30～17:15（土・日・祝日及び年末年始１２月２９日～１月３日は配布していません）\n\n②\n10:00～16:30（休館日は配布していません）\n休館日：第２・第４・第５月曜日（この日が国民の祝日の場合を除く）\n毎月末日(この日が、土曜日・日曜日・国民の祝日の場合を除く）\n年末年始（12月2９日～1月4日）",
        "address": "埼玉県さいたま市桜区田島8-17-1",
        "url": "①\nhttp://www.ktr.mlit.go.jp/arajo/\n\n②\nhttp://www.city.toda.saitama.jp/soshiki/378/"
      }
    },
    {
      "type": "Feature",
      "geometry": {
        "type": "Point",
        "coordinates": [
          139.633789,
          35.818977
        ]
      },
      "properties": {
        "name": "荒川貯水池",
        "location_marker": "②",
        "pref": "埼玉県",
        "river_system": "荒川",
        "river": "荒川",
        "card_ver": "1",
        "facility": "①\n西浦和出張所\n\n②\n彩湖自然学習センター",
        "hours": "①\n8:30～17:15（土・日・祝日及び年末年始１２月２９日～１月３日は配布していません）\n\n②\n10:00～16:30（休館日は配布していません）\n休館日：第２・第４・第５月曜日（この日が国民の祝日の場合を除く）\n毎月末日(この日が、土曜日・日曜日・国民の祝日の場合を除く）\n年末年始（12月2９日～1月4日）",
        "address": "埼玉県戸田市大字内谷2887",
        "url": "①\nhttp://www.ktr.mlit.go.jp/arajo/\n\n②\nhttp://www.city.toda.saitama.jp/soshiki/378/"
      }
    },
    {
      "type": "Feature",
      "geometry": {
        "type": "Point",
        "coordinates": [
          139.128357,
          36.191113
        ]
      },
      "properties": {
        "name": "間瀬ダム\n（間瀬堰堤）",
        "location_marker": "①",
        "pref": "埼玉県",
        "river_system": "利根川",
        "river": "間瀬川",
        "card_ver": "1",
        "facility": "①\n本庄市観光協会児玉支部\n\n②\n美児沢用水土地改良区\n\n③\n本庄市観光農業センター",
        "hours": "①\n８：30～17：15（土・日・祝祭日および12/29～1/3は配布していません） \n\n②\n８：30～17：15（土・日・祝祭日および12/29～1/3は配布していません）   \n\n③\n10：00～16：00（木曜および12/26～\n1/7は配布していません） ",
        "address": "埼玉県本庄市児玉町八幡山368",
        "url": "①\nhttps://www.honjo-kanko.jp/"
      }
    },
    {
      "type": "Feature",
      "geometry": {
        "type": "Point",
        "coordinates": [
          139.181534,
          36.177189
        ]
      },
      "properties": {
        "name": "間瀬ダム\n（間瀬堰堤）",
        "location_marker": "②",
        "pref": "埼玉県",
        "river_system": "利根川",
        "river": "間瀬川",
        "card_ver": "1",
        "facility": "①\n本庄市観光協会児玉支部\n\n②\n美児沢用水土地改良区\n\n③\n本庄市観光農業センター",
        "hours": "①\n８：30～17：15（土・日・祝祭日および12/29～1/3は配布していません） \n\n②\n８：30～17：15（土・日・祝祭日および12/29～1/3は配布していません）   \n\n③\n10：00～16：00（木曜および12/26～\n1/7は配布していません） ",
        "address": "埼玉県児玉郡美里町大字木部323-4",
        "url": "①\nhttps://www.honjo-kanko.jp/"
      }
    },
    {
      "type": "Feature",
      "geometry": {
        "type": "Point",
        "coordinates": [
          139.121429,
          36.166515
        ]
      },
      "properties": {
        "name": "間瀬ダム\n（間瀬堰堤）",
        "location_marker": "③",
        "pref": "埼玉県",
        "river_system": "利根川",
        "river": "間瀬川",
        "card_ver": "1",
        "facility": "①\n本庄市観光協会児玉支部\n\n②\n美児沢用水土地改良区\n\n③\n本庄市観光農業センター",
        "hours": "①\n８：30～17：15（土・日・祝祭日および12/29～1/3は配布していません） \n\n②\n８：30～17：15（土・日・祝祭日および12/29～1/3は配布していません）   \n\n③\n10：00～16：00（木曜および12/26～\n1/7は配布していません） ",
        "address": "埼玉県本庄市児玉町小平653",
        "url": "①\nhttps://www.honjo-kanko.jp/"
      }
    },
    {
      "type": "Feature",
      "geometry": {
        "type": "Point",
        "coordinates": [
          131.498672,
          33.131481
        ]
      },
      "properties": {
        "name": "ななせダム",
        "location_marker": null,
        "pref": "大分県",
        "river_system": "大分川",
        "river": "七瀬川",
        "card_ver": "1",
        "facility": "道の駅のつはる",
        "hours": "9:00～17:00\n年中無休（年末年始は休業予定）",
        "address": "大分県大分市下原1717番地の1",
        "url": "http://www.qsr.mlit.go.jp/oitagawa/"
      }
    },
    {
      "type": "Feature",
      "geometry": {
        "type": "Point",
        "coordinates": [
          131.711624,
          32.824474
        ]
      },
      "properties": {
        "name": "北川ダム",
        "location_marker": null,
        "pref": "大分県",
        "river_system": "五ヶ瀬川",
        "river": "北川",
        "card_ver": "1",
        "facility": "北川ダム管理事務所",
        "hours": "9:30～12:00、13:00～16:00（土・日・祝日含む）　※管理所玄関のインターホンを押して下さい。（ダム周辺巡視等のため不在の場合があります。）",
        "address": "大分県佐伯市宇目町大字南田原2369",
        "url": "http://www.pref.oita.jp/soshiki/17200/damcard.html"
      }
    },
    {
      "type": "Feature",
      "geometry": {
        "type": "Point",
        "coordinates": [
          130.964523,
          33.224724
        ]
      },
      "properties": {
        "name": "大山ダム",
        "location_marker": null,
        "pref": "大分県",
        "river_system": "筑後川",
        "river": "赤石川",
        "card_ver": "1.1",
        "facility": "筑後川上流総合管理所\n(大山ダム管理所)",
        "hours": "8:30～17:00（土・日・祝日含む）\n※管理所玄関のインターホンを押してください。\n※休日は、巡視等で不在の場合があります。",
        "address": "大分県日田市大山町西大山2008-1",
        "url": "http://www.water.go.jp/chikugo/oyama/"
      }
    },
    {
      "type": "Feature",
      "geometry": {
        "type": "Point",
        "coordinates": [
          131.668823,
          33.444241
        ]
      },
      "properties": {
        "name": "安岐ダム",
        "location_marker": null,
        "pref": "大分県",
        "river_system": "安岐川",
        "river": "安岐川",
        "card_ver": "1",
        "facility": "安岐ダム管理所",
        "hours": "9:30～12:00、13:00～16:00（土・日・祝日含む）※管理所玄関のインターホンを押して下さい。（ダム周辺巡視等のため不在の場合があります。）",
        "address": "大分県国東市安岐町大字矢川1007-6",
        "url": "http://www.pref.oita.jp/soshiki/17200/damcard.html"
      }
    },
    {
      "type": "Feature",
      "geometry": {
        "type": "Point",
        "coordinates": [
          131.173752,
          33.58424
        ]
      },
      "properties": {
        "name": "平成大堰",
        "location_marker": null,
        "pref": "大分県",
        "river_system": "山国川",
        "river": "山国川",
        "card_ver": "1",
        "facility": "山国川河川事務所ダム管理課",
        "hours": "9:00～17:00（土・日・祝日を含む）\n・休日は、玄関のインターホンを押してください。\n・休日は、巡視で不在の時があります。（30分程度）",
        "address": "大分県中津市大字高瀬１８５１－２",
        "url": "https://www.qsr.mlit.go.jp/yamakuni/"
      }
    },
    {
      "type": "Feature",
      "geometry": {
        "type": "Point",
        "coordinates": [
          131.848007,
          32.973133
        ]
      },
      "properties": {
        "name": "床木ダム",
        "location_marker": null,
        "pref": "大分県",
        "river_system": "番匠川",
        "river": "床木川",
        "card_ver": "1",
        "facility": "床木ダム管理所",
        "hours": "9:30～12:00、13:00～16:00（土・日・祝日含む）　※管理所玄関のインターホンを押して下さい。（ダム周辺巡視等のため不在の場合があります。）",
        "address": "大分県佐伯市弥生町大字床木ホドハル1852-2",
        "url": "http://www.pref.oita.jp/soshiki/17200/damcard.html"
      }
    },
    {
      "type": "Feature",
      "geometry": {
        "type": "Point",
        "coordinates": [
          130.964523,
          33.224724
        ]
      },
      "properties": {
        "name": "松原ダム",
        "location_marker": "①",
        "pref": "大分県",
        "river_system": "筑後川",
        "river": "筑後川",
        "card_ver": "1.1",
        "facility": "①松原ダム管理支所　　　　　　　　　　　　　　　　　　　　　　　　②まつばら館\n③おすそわけ野菜のレストラン松原",
        "hours": "①8:30～17:15（平日）\n10:00～17:00（土・日・祝日）\n②10:00～17:00（土・日・祝日）\n③11:00～15:00（火曜、水曜日を除く平日）\n11:00～18:00（土・日・祝）",
        "address": "大分県日田市大山町西大山8492-2",
        "url": "①②http://www.qsr.mlit.go.jp/toukan/\n③http://osusowake-yasai.com/"
      }
    },
    {
      "type": "Feature",
      "geometry": {
        "type": "Point",
        "coordinates": [
          130.964523,
          33.224724
        ]
      },
      "properties": {
        "name": "松原ダム",
        "location_marker": "②",
        "pref": "大分県",
        "river_system": "筑後川",
        "river": "筑後川",
        "card_ver": "1.1",
        "facility": "①松原ダム管理支所　　　　　　　　　　　　　　　　　　　　　　　　②まつばら館\n③おすそわけ野菜のレストラン松原",
        "hours": "①8:30～17:15（平日）\n10:00～17:00（土・日・祝日）\n②10:00～17:00（土・日・祝日）\n③11:00～15:00（火曜、水曜日を除く平日）\n11:00～18:00（土・日・祝）",
        "address": "大分県日田市大山町大字西大山ヲク畑8492－2",
        "url": "①②http://www.qsr.mlit.go.jp/toukan/\n③http://osusowake-yasai.com/"
      }
    },
    {
      "type": "Feature",
      "geometry": {
        "type": "Point",
        "coordinates": [
          130.964523,
          33.224724
        ]
      },
      "properties": {
        "name": "松原ダム",
        "location_marker": "③",
        "pref": "大分県",
        "river_system": "筑後川",
        "river": "筑後川",
        "card_ver": "1.1",
        "facility": "①松原ダム管理支所　　　　　　　　　　　　　　　　　　　　　　　　②まつばら館\n③おすそわけ野菜のレストラン松原",
        "hours": "①8:30～17:15（平日）\n10:00～17:00（土・日・祝日）\n②10:00～17:00（土・日・祝日）\n③11:00～15:00（火曜、水曜日を除く平日）\n11:00～18:00（土・日・祝）",
        "address": "大分県日田市大山町西大山8492-1",
        "url": "①②http://www.qsr.mlit.go.jp/toukan/\n③http://osusowake-yasai.com/"
      }
    },
    {
      "type": "Feature",
      "geometry": {
        "type": "Point",
        "coordinates": [
          131.61264,
          33.238129
        ]
      },
      "properties": {
        "name": "沈堕取水堰",
        "location_marker": null,
        "pref": "大分県",
        "river_system": "大野川",
        "river": "大野川",
        "card_ver": "1",
        "facility": "道の駅　おおの\n道の駅　きよかわ",
        "hours": "９時〜１8時（12/31～1/3を除く）\nダム管理所に備え付けている申込書に必要事項をご記入の上、配布場所にてカードと交換してください。",
        "address": "大分県道の駅　大野\n　豊後大野市大野町田中43-10\n\n道の駅　きよかわ\n　豊後大野市清川町砂田1574番地１",
        "url": "http://www.kyuden.co.jp/company_outline_branch_oita_index.html"
      }
    },
    {
      "type": "Feature",
      "geometry": {
        "type": "Point",
        "coordinates": [
          131.317108,
          32.9734
        ]
      },
      "properties": {
        "name": "玉来ダム",
        "location_marker": null,
        "pref": "大分県",
        "river_system": "大野川",
        "river": "玉来川",
        "card_ver": "1",
        "facility": "玉来ダム管理所",
        "hours": "9:30～12:00、13:00～16:00（土・日・祝日含む）　※管理所玄関のインターホンを押して下さい。（ダム周辺巡視等のため不在の場合があります。）",
        "address": "大分県竹田市大字志土知字西谷1813",
        "url": "http://www.pref.oita.jp/soshiki/17200/damcard.html"
      }
    },
    {
      "type": "Feature",
      "geometry": {
        "type": "Point",
        "coordinates": [
          131.238449,
          33.031178
        ]
      },
      "properties": {
        "name": "稲葉ダム",
        "location_marker": null,
        "pref": "大分県",
        "river_system": "大野川",
        "river": "稲葉川",
        "card_ver": "2",
        "facility": "稲葉ダム管理所",
        "hours": "9:30～12:00、13:00～16:00（土・日・祝日含む）　※管理所玄関のインターホンを押して下さい。（ダム周辺巡視等のため不在の場合があります。）",
        "address": "大分県竹田市久住町大字白丹字相ヶ鶴776",
        "url": "http://www.pref.oita.jp/soshiki/17200/damcard.html"
      }
    },
    {
      "type": "Feature",
      "geometry": {
        "type": "Point",
        "coordinates": [
          131.398178,
          32.973476
        ]
      },
      "properties": {
        "name": "竹田調整池堰",
        "location_marker": null,
        "pref": "大分県",
        "river_system": "大野川",
        "river": "大野川",
        "card_ver": "1",
        "facility": "竹田観光案内所\n道の駅　竹田\n道の駅　すごう",
        "hours": "竹田観光案内所8時30分〜17時30分（1/1〜1/2を除く）\n道の駅　竹田：9:00～18:00（12/31～1./1を除く）\n道の駅　すごう：8:30～17:30（12/31～1./1を除く））\nダム管理所に備え付けている申込書に必要事項をご記入の上、配布場所にてカードと交換してください。",
        "address": "大分県竹田観光案内所\n　竹田市大字会々2335-１\n道の駅　竹田\n　竹田市米納634ー2\n道の駅　すごう\n　竹田市菅生989—1",
        "url": "http://www.kyuden.co.jp/company_outline_branch_oita_index.html"
      }
    },
    {
      "type": "Feature",
      "geometry": {
        "type": "Point",
        "coordinates": [
          131.61264,
          33.238129
        ]
      },
      "properties": {
        "name": "篠原ダム",
        "location_marker": null,
        "pref": "大分県",
        "river_system": "大分川",
        "river": "大分川",
        "card_ver": "1",
        "facility": "かぐらちゃや\n韓国苑　庄内店\nスマイル広場",
        "hours": "９時〜１8時（1/1〜1/3を除く）\nダム管理所に備え付けている申込書に必要事項をご記入の上、配布場所にてカードと交換してください。",
        "address": "大分県かぐらちゃや\n由布市庄内町大竜1588\n韓国苑　庄内店\n由布市庄内町東長宝165-1\nスマイル広場\n由布市庄内町東長宝132-12",
        "url": "http://www.kyuden.co.jp/company_outline_branch_oita_index.html"
      }
    },
    {
      "type": "Feature",
      "geometry": {
        "type": "Point",
        "coordinates": [
          131.126144,
          33.450222
        ]
      },
      "properties": {
        "name": "耶馬渓ダム",
        "location_marker": null,
        "pref": "大分県",
        "river_system": "山国川",
        "river": "山移川",
        "card_ver": "1.2",
        "facility": "山国川河川事務所ダム管理課",
        "hours": "9:00～17:00（土・日・祝日を含む）\n・休日は、玄関のインターホンを押してください。\n・休日は、巡視で不在の時があります。（３０分程度）",
        "address": "大分県中津市耶馬溪町大字柿坂１８０６－６",
        "url": "http://www.qsr.mlit.go.jp/yamakuni/"
      }
    },
    {
      "type": "Feature",
      "geometry": {
        "type": "Point",
        "coordinates": [
          131.412949,
          33.125587
        ]
      },
      "properties": {
        "name": "芹川ダム",
        "location_marker": null,
        "pref": "大分県",
        "river_system": "大分川",
        "river": "芹川",
        "card_ver": "2",
        "facility": "芹川ダム管理事務所",
        "hours": "9:30～12:00、13:00～16:00（土・日・祝日含む）　※管理所玄関のインターホンを押して下さい。（ダム周辺巡視等のため不在の場合があります。）",
        "address": "大分県竹田市直入町大字下田北字本田尻2230-6",
        "url": "http://www.pref.oita.jp/soshiki/17200/damcard.html"
      }
    },
    {
      "type": "Feature",
      "geometry": {
        "type": "Point",
        "coordinates": [
          131.732269,
          33.563328
        ]
      },
      "properties": {
        "name": "行入ダム",
        "location_marker": null,
        "pref": "大分県",
        "river_system": "田深川",
        "river": "横手川",
        "card_ver": "1",
        "facility": "行入ダム管理所",
        "hours": "9:30～12:00、13:00～16:00（土・日・祝日含む）※管理所玄関のインターホンを押して下さい。（ダム周辺巡視等のため不在の場合があります。）",
        "address": "大分県国東市大字横手5055-2",
        "url": "http://www.pref.oita.jp/soshiki/17200/damcard.html"
      }
    },
    {
      "type": "Feature",
      "geometry": {
        "type": "Point",
        "coordinates": [
          131.758698,
          32.996414
        ]
      },
      "properties": {
        "name": "野津ダム",
        "location_marker": null,
        "pref": "大分県",
        "river_system": "大野川",
        "river": "垣河内川",
        "card_ver": "1",
        "facility": "野津ダム管理所",
        "hours": "9:30～12:00、13:00～16:00（土・日・祝日含む）　※管理所玄関のインターホンを押して下さい。（ダム周辺巡視等のため不在の場合があります。）",
        "address": "大分県臼杵市野津町大字垣河内字山手内1639-8",
        "url": "http://www.pref.oita.jp/soshiki/17200/damcard.html"
      }
    },
    {
      "type": "Feature",
      "geometry": {
        "type": "Point",
        "coordinates": [
          131.814926,
          33.079388
        ]
      },
      "properties": {
        "name": "青江ダム",
        "location_marker": null,
        "pref": "大分県",
        "river_system": "青江川",
        "river": "青江川",
        "card_ver": "1",
        "facility": "青江ダム管理所",
        "hours": "9:30～12:00、13:00～16:00（土・日・祝日含む）　※管理所玄関のインターホンを押して下さい。（ダム周辺巡視等のため不在の場合があります。）",
        "address": "大分県津久見市上青江字奥山7036-979",
        "url": "http://www.pref.oita.jp/soshiki/17200/damcard.html"
      }
    },
    {
      "type": "Feature",
      "geometry": {
        "type": "Point",
        "coordinates": [
          130.938416,
          33.31712
        ]
      },
      "properties": {
        "name": "高瀬川ダム",
        "location_marker": null,
        "pref": "大分県",
        "river_system": "筑後川",
        "river": "高瀬川",
        "card_ver": "1",
        "facility": "日田市観光協会",
        "hours": "９時〜１７時（休日：1/1〜1/2）\nダム管理所に備え付けている申込書に必要事項をご記入の上、配布場所にてカードと交換してください。",
        "address": "大分県日田市元町１１－３",
        "url": "https://www.kyuden.co.jp/company/outline/branch/oita/initiative/damcard.html"
      }
    },
    {
      "type": "Feature",
      "geometry": {
        "type": "Point",
        "coordinates": [
          131.87616,
          32.8605
        ]
      },
      "properties": {
        "name": "黒沢ダム",
        "location_marker": null,
        "pref": "大分県",
        "river_system": "番匠川",
        "river": "堅田川",
        "card_ver": "1",
        "facility": "黒沢ダム管理所",
        "hours": "9:30～12:00、13:00～16:00（土・日・祝日含む）※管理所玄関のインターホンを押して下さい。（ダム周辺巡視等のため不在の場合があります。）",
        "address": "大分県佐伯市青山字黒沢",
        "url": "http://www.pref.oita.jp/soshiki/17200/damcard.html"
      }
    },
    {
      "type": "Feature",
      "geometry": {
        "type": "Point",
        "coordinates": [
          135.558853,
          34.817852
        ]
      },
      "properties": {
        "name": "安威川ダム",
        "location_marker": "①",
        "pref": "大阪府",
        "river_system": "淀川",
        "river": "安威川",
        "card_ver": "2",
        "facility": "①\n大阪府茨木土木事務所\n\n②\n茨木市忍頂寺スポーツ公園　竜王山荘\n\n③安威川ダム管理所前（自動発券機）\n\n④ダムパークいばきたパークセンター",
        "hours": "①\n9:00～17:45（土・日・祝日及び年末年始（12/29～1/3）は除く）\n\n②\n9:00～21:00（12/29～1/4は除く）\n\n③\n24時間・365日\n\n④\n9:00～17:30（12/29～1/3は除く）",
        "address": "大阪府茨木市中穂積1丁目3-43（三島府民センター）",
        "url": "①\nhttps://www.pref.osaka.lg.jp/soshikikarasagasu/ibarakidoboku/index.html\n\n②\nhttps://meijisp.jp/ninchoji/\n\n④https://dampark-ibakita.com/"
      }
    },
    {
      "type": "Feature",
      "geometry": {
        "type": "Point",
        "coordinates": [
          135.536682,
          34.894753
        ]
      },
      "properties": {
        "name": "安威川ダム",
        "location_marker": "②",
        "pref": "大阪府",
        "river_system": "淀川",
        "river": "安威川",
        "card_ver": "2",
        "facility": "①\n大阪府茨木土木事務所\n\n②\n茨木市忍頂寺スポーツ公園　竜王山荘\n\n③安威川ダム管理所前（自動発券機）\n\n④ダムパークいばきたパークセンター",
        "hours": "①\n9:00～17:45（土・日・祝日及び年末年始（12/29～1/3）は除く）\n\n②\n9:00～21:00（12/29～1/4は除く）\n\n③\n24時間・365日\n\n④\n9:00～17:30（12/29～1/3は除く）",
        "address": "大阪府茨木市忍頂寺1049番地",
        "url": "①\nhttps://www.pref.osaka.lg.jp/soshikikarasagasu/ibarakidoboku/index.html\n\n②\nhttps://meijisp.jp/ninchoji/\n\n④https://dampark-ibakita.com/"
      }
    },
    {
      "type": "Feature",
      "geometry": {
        "type": "Point",
        "coordinates": [
          135.562378,
          34.875263
        ]
      },
      "properties": {
        "name": "安威川ダム",
        "location_marker": "③",
        "pref": "大阪府",
        "river_system": "淀川",
        "river": "安威川",
        "card_ver": "2",
        "facility": "①\n大阪府茨木土木事務所\n\n②\n茨木市忍頂寺スポーツ公園　竜王山荘\n\n③安威川ダム管理所前（自動発券機）\n\n④ダムパークいばきたパークセンター",
        "hours": "①\n9:00～17:45（土・日・祝日及び年末年始（12/29～1/3）は除く）\n\n②\n9:00～21:00（12/29～1/4は除く）\n\n③\n24時間・365日\n\n④\n9:00～17:30（12/29～1/3は除く）",
        "address": "大阪府茨木市大字生保地内",
        "url": "①\nhttps://www.pref.osaka.lg.jp/soshikikarasagasu/ibarakidoboku/index.html\n\n②\nhttps://meijisp.jp/ninchoji/\n\n④https://dampark-ibakita.com/"
      }
    },
    {
      "type": "Feature",
      "geometry": {
        "type": "Point",
        "coordinates": [
          135.561874,
          34.873924
        ]
      },
      "properties": {
        "name": "安威川ダム",
        "location_marker": "④",
        "pref": "大阪府",
        "river_system": "淀川",
        "river": "安威川",
        "card_ver": "2",
        "facility": "①\n大阪府茨木土木事務所\n\n②\n茨木市忍頂寺スポーツ公園　竜王山荘\n\n③安威川ダム管理所前（自動発券機）\n\n④ダムパークいばきたパークセンター",
        "hours": "①\n9:00～17:45（土・日・祝日及び年末年始（12/29～1/3）は除く）\n\n②\n9:00～21:00（12/29～1/4は除く）\n\n③\n24時間・365日\n\n④\n9:00～17:30（12/29～1/3は除く）",
        "address": "大阪府茨木市大字生保53-1",
        "url": "①\nhttps://www.pref.osaka.lg.jp/soshikikarasagasu/ibarakidoboku/index.html\n\n②\nhttps://meijisp.jp/ninchoji/\n\n④https://dampark-ibakita.com/"
      }
    },
    {
      "type": "Feature",
      "geometry": {
        "type": "Point",
        "coordinates": [
          135.525635,
          34.397564
        ]
      },
      "properties": {
        "name": "滝畑ダム",
        "location_marker": null,
        "pref": "大阪府",
        "river_system": "大和川",
        "river": "石川",
        "card_ver": "2",
        "facility": "大阪府南河内農と緑の総合事務所滝畑ダム分室",
        "hours": "10:00～12:15、13:00～16:00",
        "address": "大阪府河内長野市滝畑２４０－２",
        "url": "https://www.pref.osaka.lg.jp/o120170/minamikawachinm/m_index/k_takihatadam.html"
      }
    },
    {
      "type": "Feature",
      "geometry": {
        "type": "Point",
        "coordinates": [
          135.597076,
          34.502125
        ]
      },
      "properties": {
        "name": "狭山池ダム",
        "location_marker": "①",
        "pref": "大阪府",
        "river_system": "大和川",
        "river": "西除川",
        "card_ver": "1.1",
        "facility": "①\n大阪府富田林土木事務所（河川砂防グループ）\n\n②\n大阪府立狭山池博物館",
        "hours": "①\n9:00～17:45\n（土・日・祝日は除く）\n\n②\n10:00～17:00\n（休館日＝月曜日・月曜休日の場合翌日　を除く）",
        "address": "大阪府富田林市寿町二丁目六番一号",
        "url": "①\nhttps://www.pref.osaka.lg.jp/soshikikarasagasu/tondo/index.html\n\n②\nhttp://www.sayamaikehaku.osakasayama.osaka.jp/"
      }
    },
    {
      "type": "Feature",
      "geometry": {
        "type": "Point",
        "coordinates": [
          135.551895,
          34.510361
        ]
      },
      "properties": {
        "name": "狭山池ダム",
        "location_marker": "②",
        "pref": "大阪府",
        "river_system": "大和川",
        "river": "西除川",
        "card_ver": "1.1",
        "facility": "①\n大阪府富田林土木事務所（河川砂防グループ）\n\n②\n大阪府立狭山池博物館",
        "hours": "①\n9:00～17:45\n（土・日・祝日は除く）\n\n②\n10:00～17:00\n（休館日＝月曜日・月曜休日の場合翌日　を除く）",
        "address": "大阪府大阪狭山市池尻中2丁目",
        "url": "①\nhttps://www.pref.osaka.lg.jp/soshikikarasagasu/tondo/index.html\n\n②\nhttp://www.sayamaikehaku.osakasayama.osaka.jp/"
      }
    },
    {
      "type": "Feature",
      "geometry": {
        "type": "Point",
        "coordinates": [
          135.428116,
          34.821106
        ]
      },
      "properties": {
        "name": "箕面川ダム",
        "location_marker": "①",
        "pref": "大阪府",
        "river_system": "淀川",
        "river": "箕面川",
        "card_ver": "2",
        "facility": "①\n大阪府池田土木事務所\n　（河川砂防グループ）\n\n②\n大阪府営箕面公園管理事務所",
        "hours": "①\n９:００～１７:４５\n（土・日・祝日は除く）\n\n②\n９:００～１７:３０\n（年末年始は除く）",
        "address": "大阪府池田市城南１ｰ１ｰ１",
        "url": "①\nhttps://www.pref.osaka.lg.jp/soshikikarasagasu/ikedo/index.html\n\n②\nhttps://www.mino-park.jp/"
      }
    },
    {
      "type": "Feature",
      "geometry": {
        "type": "Point",
        "coordinates": [
          135.470062,
          34.843502
        ]
      },
      "properties": {
        "name": "箕面川ダム",
        "location_marker": "②",
        "pref": "大阪府",
        "river_system": "淀川",
        "river": "箕面川",
        "card_ver": "2",
        "facility": "①\n大阪府池田土木事務所\n　（河川砂防グループ）\n\n②\n大阪府営箕面公園管理事務所",
        "hours": "①\n９:００～１７:４５\n（土・日・祝日は除く）\n\n②\n９:００～１７:３０\n（年末年始は除く）",
        "address": "大阪府箕面市箕面公園1-18",
        "url": "①\nhttps://www.pref.osaka.lg.jp/soshikikarasagasu/ikedo/index.html\n\n②\nhttps://www.mino-park.jp/"
      }
    },
    {
      "type": "Feature",
      "geometry": {
        "type": "Point",
        "coordinates": [
          135.83577,
          33.844727
        ]
      },
      "properties": {
        "name": "二津野ダム",
        "location_marker": "①",
        "pref": "奈良県",
        "river_system": "新宮川",
        "river": "熊野川",
        "card_ver": "1",
        "facility": "①\n十津川電力所\n（十津川第二発電所）\n\n②\n十津川村観光協会（公衆浴場「滝の湯」内",
        "hours": "\n①\n9:00～17:30\n定休日：土、日、祝祭日、年末年始（12/29-1/3）、5月1日\n\n②\n8:30〜17:00\n定休日：木曜日(祝日の場合は翌日)\n",
        "address": "和歌山県新宮市熊野川町相須４８５",
        "url": "http://www.jpower.co.jp/damcard/futatsuno.html"
      }
    },
    {
      "type": "Feature",
      "geometry": {
        "type": "Point",
        "coordinates": [
          135.794479,
          33.981113
        ]
      },
      "properties": {
        "name": "二津野ダム",
        "location_marker": "②",
        "pref": "奈良県",
        "river_system": "新宮川",
        "river": "熊野川",
        "card_ver": "1",
        "facility": "①\n十津川電力所\n（十津川第二発電所）\n\n②\n十津川村観光協会（公衆浴場「滝の湯」内",
        "hours": "\n①\n9:00～17:30\n定休日：土、日、祝祭日、年末年始（12/29-1/3）、5月1日\n\n②\n8:30〜17:00\n定休日：木曜日(祝日の場合は翌日)\n",
        "address": "奈良県吉野郡十津川村小原373-1",
        "url": "http://www.jpower.co.jp/damcard/futatsuno.html"
      }
    },
    {
      "type": "Feature",
      "geometry": {
        "type": "Point",
        "coordinates": [
          135.817245,
          34.522209
        ]
      },
      "properties": {
        "name": "初瀬ダム\n［奈良県］",
        "location_marker": null,
        "pref": "奈良県",
        "river_system": "大和川",
        "river": "大和川",
        "card_ver": "1.1",
        "facility": "橿原総合庁舎１階正面入口　守衛所",
        "hours": "8:30～17:00（土、日、祝日含む）\n※平日及び休日とも初瀬ダムでは配布しておりません",
        "address": "奈良県橿原市常盤町６０５－５",
        "url": "http://www.pref.nara.jp/dd_aspx_menuid-12718.htm"
      }
    },
    {
      "type": "Feature",
      "geometry": {
        "type": "Point",
        "coordinates": [
          135.917007,
          34.339329
        ]
      },
      "properties": {
        "name": "大滝ダム",
        "location_marker": null,
        "pref": "奈良県",
        "river_system": "紀の川",
        "river": "紀の川",
        "card_ver": "1.1",
        "facility": "大滝ダム管理支所",
        "hours": "８:00～1９:00（土・日・祝日を含む）\n大滝ダム管理支所玄関のインターホンを押して下さい。",
        "address": "奈良県吉野郡川上村大滝１０５１",
        "url": "http://www.kkr.mlit.go.jp/kinokawa/"
      }
    },
    {
      "type": "Feature",
      "geometry": {
        "type": "Point",
        "coordinates": [
          135.765198,
          34.6357
        ]
      },
      "properties": {
        "name": "大門ダム\n［奈良県］",
        "location_marker": null,
        "pref": "奈良県",
        "river_system": "大和川",
        "river": "大門川",
        "card_ver": "1",
        "facility": "奈良県郡山土木事務所\n工務課　施設保全係\n庶務工事課　庶務工事係",
        "hours": "8:30～17:00\n（土、日、祝祭日は配布しておりません）",
        "address": "奈良県大和郡山市満願寺町60-1",
        "url": "http://www.pref.nara.jp/dd.aspx?menuid=12211"
      }
    },
    {
      "type": "Feature",
      "geometry": {
        "type": "Point",
        "coordinates": [
          135.888748,
          34.595181
        ]
      },
      "properties": {
        "name": "天理ダム",
        "location_marker": null,
        "pref": "奈良県",
        "river_system": "大和川",
        "river": "布留川",
        "card_ver": "2",
        "facility": "天理ダム管理センター",
        "hours": "8:30～17:00（土、日、祝日含む）\n天理ダム管理センター玄関のイン\nターホンを押して下さい。",
        "address": "奈良県天理市長滝町１４－７",
        "url": "http://www.pref.nara.jp/15083.htm"
      }
    },
    {
      "type": "Feature",
      "geometry": {
        "type": "Point",
        "coordinates": [
          135.794479,
          33.981113
        ]
      },
      "properties": {
        "name": "奥里ダム",
        "location_marker": "①",
        "pref": "奈良県",
        "river_system": "新宮川",
        "river": "滝川",
        "card_ver": "1",
        "facility": "①\n十津川電力所\n（十津川第一発電所）\n\n②\n十津川村観光協会（公衆浴場「滝の湯」内",
        "hours": "\n①\n9:00～17:30\n（土、日、祝祭日、年末年始（12/29-1/3）、5月1日は除く）\n\n②\n8:30〜17:00\n定休日：木曜日(祝日の場合は翌日)\n",
        "address": "奈良県吉野郡十津川村小原５－３",
        "url": "http://www.jpower.co.jp/damcard/okusato.html"
      }
    },
    {
      "type": "Feature",
      "geometry": {
        "type": "Point",
        "coordinates": [
          135.794479,
          33.981113
        ]
      },
      "properties": {
        "name": "奥里ダム",
        "location_marker": "②",
        "pref": "奈良県",
        "river_system": "新宮川",
        "river": "滝川",
        "card_ver": "1",
        "facility": "①\n十津川電力所\n（十津川第一発電所）\n\n②\n十津川村観光協会（公衆浴場「滝の湯」内",
        "hours": "\n①\n9:00～17:30\n（土、日、祝祭日、年末年始（12/29-1/3）、5月1日は除く）\n\n②\n8:30〜17:00\n定休日：木曜日(祝日の場合は翌日)\n",
        "address": "奈良県吉野郡十津川村小原373-1",
        "url": "http://www.jpower.co.jp/damcard/okusato.html"
      }
    },
    {
      "type": "Feature",
      "geometry": {
        "type": "Point",
        "coordinates": [
          136.010666,
          34.556099
        ]
      },
      "properties": {
        "name": "室生ダム",
        "location_marker": null,
        "pref": "奈良県",
        "river_system": "淀川",
        "river": "宇陀川",
        "card_ver": "1.2",
        "facility": "室生ダム管理所",
        "hours": "8:45～17:15\n（土・日・祝日を含む）",
        "address": "奈良県宇陀市室生大野３８４６",
        "url": "https://www.water.go.jp/kansai/kizugawa/index.htm"
      }
    },
    {
      "type": "Feature",
      "geometry": {
        "type": "Point",
        "coordinates": [
          135.888748,
          34.595181
        ]
      },
      "properties": {
        "name": "岩井川ダム",
        "location_marker": "①",
        "pref": "奈良県",
        "river_system": "大和川",
        "river": "岩井川",
        "card_ver": "1.1",
        "facility": "①\n天理ダム管理センター\n\n\n②\n奈良土木事務所　管理課",
        "hours": "①\n8:30～17:00（土、日、祝日含む）\n天理ダム管理センター玄関のイン\nターホンを押して下さい。\n\n②\n8:30～17:00（土、日、祝日含む）",
        "address": "奈良県天理市長滝町１４－７",
        "url": "http://www.pref.nara.jp/21725.htm"
      }
    },
    {
      "type": "Feature",
      "geometry": {
        "type": "Point",
        "coordinates": [
          135.835663,
          34.668362
        ]
      },
      "properties": {
        "name": "岩井川ダム",
        "location_marker": "②",
        "pref": "奈良県",
        "river_system": "大和川",
        "river": "岩井川",
        "card_ver": "1.1",
        "facility": "①\n天理ダム管理センター\n\n\n②\n奈良土木事務所　管理課",
        "hours": "①\n8:30～17:00（土、日、祝日含む）\n天理ダム管理センター玄関のイン\nターホンを押して下さい。\n\n②\n8:30～17:00（土、日、祝日含む）",
        "address": "奈良県奈良市南紀寺町2-251",
        "url": "http://www.pref.nara.jp/21725.htm"
      }
    },
    {
      "type": "Feature",
      "geometry": {
        "type": "Point",
        "coordinates": [
          135.974655,
          34.695126
        ]
      },
      "properties": {
        "name": "布目ダム",
        "location_marker": null,
        "pref": "奈良県",
        "river_system": "淀川",
        "river": "布目川",
        "card_ver": "1.2",
        "facility": "布目ダム管理所",
        "hours": "8:45～17:15\n（土・日・祝日を含む）",
        "address": "奈良県奈良市北野山町８６９－２",
        "url": "https://www.water.go.jp/kansai/kizugawa/index.htm"
      }
    },
    {
      "type": "Feature",
      "geometry": {
        "type": "Point",
        "coordinates": [
          135.794479,
          33.981113
        ]
      },
      "properties": {
        "name": "旭ダム",
        "location_marker": null,
        "pref": "奈良県",
        "river_system": "新宮川",
        "river": "旭川",
        "card_ver": "1",
        "facility": "十津川村観光協会　（公衆浴場「滝の湯」内）",
        "hours": "８：３０〜１７：００\n　定 休 日：木曜日",
        "address": "奈良県吉野郡十津川村小原373-1",
        "url": "http://totsukawa.info/index.html"
      }
    },
    {
      "type": "Feature",
      "geometry": {
        "type": "Point",
        "coordinates": [
          135.943634,
          34.069103
        ]
      },
      "properties": {
        "name": "池原ダム",
        "location_marker": null,
        "pref": "奈良県",
        "river_system": "新宮川",
        "river": "北山川",
        "card_ver": "1.1",
        "facility": "「きなり館」売店\n （下北山スポーツ公園　きなりの郷　内）",
        "hours": "平日　　　　11:30～20:00\n土日祝日　　11:00～20:00\n休館日　　　毎週火曜日\n\n※「きなり館」休館日は、下北山スポーツ公園内の総合管理事務所で配布します。",
        "address": "奈良県吉野郡下北山村上池原1026",
        "url": "http://www.jpower.co.jp/damcard/ikehara.html"
      }
    },
    {
      "type": "Feature",
      "geometry": {
        "type": "Point",
        "coordinates": [
          135.794479,
          33.981113
        ]
      },
      "properties": {
        "name": "瀬戸ダム",
        "location_marker": null,
        "pref": "奈良県",
        "river_system": "新宮川",
        "river": "瀬戸谷川",
        "card_ver": "1",
        "facility": "十津川村観光協会　（公衆浴場「滝の湯」内）",
        "hours": "８：３０〜１７：００\n　定 休 日：木曜日",
        "address": "奈良県吉野郡十津川村小原373-1",
        "url": "http://totsukawa.info/index.html"
      }
    },
    {
      "type": "Feature",
      "geometry": {
        "type": "Point",
        "coordinates": [
          135.766022,
          34.173119
        ]
      },
      "properties": {
        "name": "猿谷ダム",
        "location_marker": null,
        "pref": "奈良県",
        "river_system": "新宮川",
        "river": "熊野川",
        "card_ver": "1.2",
        "facility": "猿谷ダム管理支所",
        "hours": "８:00～1９:00（土・日・祝日を含む）\n猿谷ダム管理支所玄関のインターホンを押して下さい。",
        "address": "奈良県五條市大塔町辻堂１－３",
        "url": "http://www.kkr.mlit.go.jp/kinokawa/"
      }
    },
    {
      "type": "Feature",
      "geometry": {
        "type": "Point",
        "coordinates": [
          135.842361,
          34.628448
        ]
      },
      "properties": {
        "name": "白川ダム\n［奈良県］",
        "location_marker": null,
        "pref": "奈良県",
        "river_system": "大和川",
        "river": "高瀬川、楢川",
        "card_ver": "1.1",
        "facility": "白川ダム管理センター",
        "hours": "8:30～17:00（土、日、祝日含む）\n白川ダム管理センター玄関のイン\nターホンを押して下さい。",
        "address": "奈良県天理市和爾町８７５－１",
        "url": "http://www.pref.nara.jp/15084.htm"
      }
    },
    {
      "type": "Feature",
      "geometry": {
        "type": "Point",
        "coordinates": [
          135.794479,
          33.981113
        ]
      },
      "properties": {
        "name": "風屋ダム",
        "location_marker": "①",
        "pref": "奈良県",
        "river_system": "新宮川",
        "river": "熊野川",
        "card_ver": "1",
        "facility": "①\n十津川電力所\n（十津川第一発電所）\n\n②\n十津川村観光協会（公衆浴場「滝の湯」内",
        "hours": "\n①\n9:00～17:30\n定休日：土、日、祝祭日、年末年始（12/29-1/3）、5月1日\n\n②\n8:30〜17:00\n定休日：木曜日(祝日の場合は翌日)\n",
        "address": "奈良県吉野郡十津川村小原５－３",
        "url": "http://www.jpower.co.jp/damcard/kazeya.html"
      }
    },
    {
      "type": "Feature",
      "geometry": {
        "type": "Point",
        "coordinates": [
          135.794479,
          33.981113
        ]
      },
      "properties": {
        "name": "風屋ダム",
        "location_marker": "②",
        "pref": "奈良県",
        "river_system": "新宮川",
        "river": "熊野川",
        "card_ver": "1",
        "facility": "①\n十津川電力所\n（十津川第一発電所）\n\n②\n十津川村観光協会（公衆浴場「滝の湯」内",
        "hours": "\n①\n9:00～17:30\n定休日：土、日、祝祭日、年末年始（12/29-1/3）、5月1日\n\n②\n8:30〜17:00\n定休日：木曜日(祝日の場合は翌日)\n",
        "address": "奈良県吉野郡十津川村小原373-1",
        "url": "http://www.jpower.co.jp/damcard/kazeya.html"
      }
    },
    {
      "type": "Feature",
      "geometry": {
        "type": "Point",
        "coordinates": [
          141.197052,
          38.684307
        ]
      },
      "properties": {
        "name": "パシフィックコンサルタンツ長沼ダム",
        "location_marker": null,
        "pref": "宮城県",
        "river_system": "北上川",
        "river": "迫川",
        "card_ver": "2.2",
        "facility": "宮城県東部土木事務所登米地域事務所",
        "hours": "8:30～17:15\n(土・日・祝日・年末年始は配布していません)\n",
        "address": "宮城県登米市迫町佐沼字西佐沼150-5",
        "url": "http://www.pref.miyagi.jp/soshiki/et-tmdbk/"
      }
    },
    {
      "type": "Feature",
      "geometry": {
        "type": "Point",
        "coordinates": [
          140.44165,
          37.992992
        ]
      },
      "properties": {
        "name": "七ヶ宿ダム",
        "location_marker": null,
        "pref": "宮城県",
        "river_system": "阿武隈川",
        "river": "白石川",
        "card_ver": "2",
        "facility": "七ヶ宿ダム管理所",
        "hours": "9:00～17:00（土・日・祝日を含む）\n※土日祝日は、庁舎入口警備員室にて配付。\n※ダムカードの配布場所はダムに隣接しています。",
        "address": "宮城県刈田郡七ヶ宿町字切通52-40",
        "url": "http://www.thr.mlit.go.jp/shichika/"
      }
    },
    {
      "type": "Feature",
      "geometry": {
        "type": "Point",
        "coordinates": [
          140.712006,
          38.576054
        ]
      },
      "properties": {
        "name": "二ツ石ダム",
        "location_marker": "①",
        "pref": "宮城県",
        "river_system": "鳴瀬川",
        "river": "鳴瀬川",
        "card_ver": "1",
        "facility": "①\nやくらい薬師の湯\n\n②\n食彩市場 みやざき どどんこ館\n\n③\n①､②が休館日の場合には、\n鳴瀬川総合開発工事事務所",
        "hours": "①\n９：００～１７：００\n（休館日：毎週月曜日）\n\n②\n９：３０～１８：００\n（休館日：毎週月曜日（祝日の場合は翌日））\n\n③\n９：００～１７：４５\n（土日祝日は閉館）",
        "address": "宮城県加美郡加美町字味ヶ袋薬莱原1-76",
        "url": "https://www.thr.mlit.go.jp/naruse/damcardrally.html"
      }
    },
    {
      "type": "Feature",
      "geometry": {
        "type": "Point",
        "coordinates": [
          140.685074,
          38.644798
        ]
      },
      "properties": {
        "name": "二ツ石ダム",
        "location_marker": "②",
        "pref": "宮城県",
        "river_system": "鳴瀬川",
        "river": "鳴瀬川",
        "card_ver": "1",
        "facility": "①\nやくらい薬師の湯\n\n②\n食彩市場 みやざき どどんこ館\n\n③\n①､②が休館日の場合には、\n鳴瀬川総合開発工事事務所",
        "hours": "①\n９：００～１７：００\n（休館日：毎週月曜日）\n\n②\n９：３０～１８：００\n（休館日：毎週月曜日（祝日の場合は翌日））\n\n③\n９：００～１７：４５\n（土日祝日は閉館）",
        "address": "宮城県加美郡加美町宮崎町42",
        "url": "https://www.thr.mlit.go.jp/naruse/damcardrally.html"
      }
    },
    {
      "type": "Feature",
      "geometry": {
        "type": "Point",
        "coordinates": [
          140.966812,
          38.57114
        ]
      },
      "properties": {
        "name": "二ツ石ダム",
        "location_marker": "③",
        "pref": "宮城県",
        "river_system": "鳴瀬川",
        "river": "鳴瀬川",
        "card_ver": "1",
        "facility": "①\nやくらい薬師の湯\n\n②\n食彩市場 みやざき どどんこ館\n\n③\n①､②が休館日の場合には、\n鳴瀬川総合開発工事事務所",
        "hours": "①\n９：００～１７：００\n（休館日：毎週月曜日）\n\n②\n９：３０～１８：００\n（休館日：毎週月曜日（祝日の場合は翌日））\n\n③\n９：００～１７：４５\n（土日祝日は閉館）",
        "address": "宮城県大崎市古川駅前大通１－５－１８",
        "url": "https://www.thr.mlit.go.jp/naruse/damcardrally.html"
      }
    },
    {
      "type": "Feature",
      "geometry": {
        "type": "Point",
        "coordinates": [
          140.712006,
          38.576054
        ]
      },
      "properties": {
        "name": "漆沢ダム",
        "location_marker": "①",
        "pref": "宮城県",
        "river_system": "鳴瀬川",
        "river": "鳴瀬川",
        "card_ver": "1",
        "facility": "①\nやくらい薬師の湯\n\n②\n食彩市場 みやざき どどんこ館\n\n③\n①､②が休館日の場合には、\n鳴瀬川総合開発工事事務所",
        "hours": "①\n９：００～１７：００\n（休館日：毎週月曜日）\n\n②\n９：３０～１８：００\n（休館日：毎週月曜日（祝日の場合は翌日））\n\n③\n９：００～１７：４５\n（土日祝日は閉館）",
        "address": "宮城県加美郡加美町字味ヶ袋薬莱原1-76",
        "url": "https://www.thr.mlit.go.jp/naruse/damcardrally.html"
      }
    },
    {
      "type": "Feature",
      "geometry": {
        "type": "Point",
        "coordinates": [
          140.685074,
          38.644798
        ]
      },
      "properties": {
        "name": "漆沢ダム",
        "location_marker": "②",
        "pref": "宮城県",
        "river_system": "鳴瀬川",
        "river": "鳴瀬川",
        "card_ver": "1",
        "facility": "①\nやくらい薬師の湯\n\n②\n食彩市場 みやざき どどんこ館\n\n③\n①､②が休館日の場合には、\n鳴瀬川総合開発工事事務所",
        "hours": "①\n９：００～１７：００\n（休館日：毎週月曜日）\n\n②\n９：３０～１８：００\n（休館日：毎週月曜日（祝日の場合は翌日））\n\n③\n９：００～１７：４５\n（土日祝日は閉館）",
        "address": "宮城県加美郡加美町宮崎町42",
        "url": "https://www.thr.mlit.go.jp/naruse/damcardrally.html"
      }
    },
    {
      "type": "Feature",
      "geometry": {
        "type": "Point",
        "coordinates": [
          140.966812,
          38.57114
        ]
      },
      "properties": {
        "name": "漆沢ダム",
        "location_marker": "③",
        "pref": "宮城県",
        "river_system": "鳴瀬川",
        "river": "鳴瀬川",
        "card_ver": "1",
        "facility": "①\nやくらい薬師の湯\n\n②\n食彩市場 みやざき どどんこ館\n\n③\n①､②が休館日の場合には、\n鳴瀬川総合開発工事事務所",
        "hours": "①\n９：００～１７：００\n（休館日：毎週月曜日）\n\n②\n９：３０～１８：００\n（休館日：毎週月曜日（祝日の場合は翌日））\n\n③\n９：００～１７：４５\n（土日祝日は閉館）",
        "address": "宮城県大崎市古川駅前大通１－５－１８",
        "url": "https://www.thr.mlit.go.jp/naruse/damcardrally.html"
      }
    },
    {
      "type": "Feature",
      "geometry": {
        "type": "Point",
        "coordinates": [
          140.700439,
          38.203911
        ]
      },
      "properties": {
        "name": "釜房ダム",
        "location_marker": null,
        "pref": "宮城県",
        "river_system": "名取川",
        "river": "碁石川",
        "card_ver": "3",
        "facility": "釜房ダム管理所",
        "hours": "8:30～17:00（土・日・祝日を含む）\n（但し、年末年始12月29日～1月3日を除く）\n※平日は、ダム管理所に隣接した「釜房ダム学習資料館」で配布しています。",
        "address": "宮城県柴田郡川崎町大字小野字大平山10-6",
        "url": "httpｓ://www.thr.mlit.go.jp/kamafusa/"
      }
    },
    {
      "type": "Feature",
      "geometry": {
        "type": "Point",
        "coordinates": [
          140.694199,
          38.297531
        ]
      },
      "properties": {
        "name": "青下第一ダム",
        "location_marker": null,
        "pref": "宮城県",
        "river_system": "広瀬川",
        "river": "青下川",
        "card_ver": "1.1",
        "facility": "仙台市水道記念館",
        "hours": "開館日の9:30～16:00\n（休館日については、ダムカードの配布は行っておりません。）\n※休館日：月曜日（祝休日を除く）、祝休日の翌日（土・日曜、祝休日を除く）、冬期(12/1～3/31)",
        "address": "宮城県仙台市青葉区熊ヶ根字大原道地内",
        "url": "http://www.suidou.city.sendai.jp/"
      }
    },
    {
      "type": "Feature",
      "geometry": {
        "type": "Point",
        "coordinates": [
          140.701385,
          38.745255
        ]
      },
      "properties": {
        "name": "鳴子ダム",
        "location_marker": null,
        "pref": "宮城県",
        "river_system": "北上川",
        "river": "江合川",
        "card_ver": "3",
        "facility": "鳴子ダム管理所",
        "hours": "8:30～17:００\n（土・日・祝日を含む）\n（但し、年末年始（１２／２９～１／３）を除く）",
        "address": "宮城県大崎市鳴子温泉字岩渕2-8",
        "url": "http://www.thr.mlit.go.jp/naruko/"
      }
    },
    {
      "type": "Feature",
      "geometry": {
        "type": "Point",
        "coordinates": [
          140.712006,
          38.576054
        ]
      },
      "properties": {
        "name": "鳴瀬川ダム",
        "location_marker": "①",
        "pref": "宮城県",
        "river_system": "鳴瀬川",
        "river": "鳴瀬川",
        "card_ver": "0.1",
        "facility": "①\nやくらい薬師の湯\n\n②\n食彩市場 みやざき どどんこ館\n\n③\n①､②が休館日の場合には、\n鳴瀬川総合開発工事事務所",
        "hours": "①\n９：００～１７：００\n（休館日：毎週月曜日）\n\n②\n９：３０～１８：００\n（休館日：毎週月曜日（祝日の場合は翌日））\n\n③\n９：００～１７：４５\n（土日祝日は閉館）",
        "address": "宮城県加美郡加美町字味ヶ袋薬莱原1-76",
        "url": "https://www.thr.mlit.go.jp/naruse/damcardrally.html"
      }
    },
    {
      "type": "Feature",
      "geometry": {
        "type": "Point",
        "coordinates": [
          140.685074,
          38.644798
        ]
      },
      "properties": {
        "name": "鳴瀬川ダム",
        "location_marker": "②",
        "pref": "宮城県",
        "river_system": "鳴瀬川",
        "river": "鳴瀬川",
        "card_ver": "0.1",
        "facility": "①\nやくらい薬師の湯\n\n②\n食彩市場 みやざき どどんこ館\n\n③\n①､②が休館日の場合には、\n鳴瀬川総合開発工事事務所",
        "hours": "①\n９：００～１７：００\n（休館日：毎週月曜日）\n\n②\n９：３０～１８：００\n（休館日：毎週月曜日（祝日の場合は翌日））\n\n③\n９：００～１７：４５\n（土日祝日は閉館）",
        "address": "宮城県加美郡加美町宮崎町42",
        "url": "https://www.thr.mlit.go.jp/naruse/damcardrally.html"
      }
    },
    {
      "type": "Feature",
      "geometry": {
        "type": "Point",
        "coordinates": [
          140.966812,
          38.57114
        ]
      },
      "properties": {
        "name": "鳴瀬川ダム",
        "location_marker": "③",
        "pref": "宮城県",
        "river_system": "鳴瀬川",
        "river": "鳴瀬川",
        "card_ver": "0.1",
        "facility": "①\nやくらい薬師の湯\n\n②\n食彩市場 みやざき どどんこ館\n\n③\n①､②が休館日の場合には、\n鳴瀬川総合開発工事事務所",
        "hours": "①\n９：００～１７：００\n（休館日：毎週月曜日）\n\n②\n９：３０～１８：００\n（休館日：毎週月曜日（祝日の場合は翌日））\n\n③\n９：００～１７：４５\n（土日祝日は閉館）",
        "address": "宮城県大崎市古川駅前大通１－５－１８",
        "url": "https://www.thr.mlit.go.jp/naruse/damcardrally.html"
      }
    },
    {
      "type": "Feature",
      "geometry": {
        "type": "Point",
        "coordinates": [
          131.387619,
          32.117355
        ]
      },
      "properties": {
        "name": "一ツ瀬ダム",
        "location_marker": "①",
        "pref": "宮崎県",
        "river_system": "一ツ瀬川",
        "river": "一ツ瀬",
        "card_ver": "1",
        "facility": "①\nこのはな館\n\n②\nゆたーと\n\n③\nサン・ルピナス",
        "hours": "①\n１０：００～１７：００、休館日：毎週月曜日（祝日の場合は翌日）\n※配布には、ダムへ行った証明（写真等）が必要となります。\n②\n１０：００～２１：００（10月～6月）、１０：００～２２：００（7月～9月）、休館日：第３水曜日、１月１日\n※配布には、ダムへ行った証明（写真等）が必要となります。\n③\n１０：００～２２：００、休館日：第３月曜日（祝日の場合は翌日）\n※配布には、ダムへ行った証明（写真等）が必要となります。",
        "address": "宮崎県西都市大字三宅４９４１－１",
        "url": "①\nhttp://www.saito-kanko.jp/konohanakan/\n\n②\nhttp://www.yutato.com/\n\n③\nhttp://sun-lupinus.info/"
      }
    },
    {
      "type": "Feature",
      "geometry": {
        "type": "Point",
        "coordinates": [
          131.131805,
          32.192345
        ]
      },
      "properties": {
        "name": "一ツ瀬ダム",
        "location_marker": "②",
        "pref": "宮崎県",
        "river_system": "一ツ瀬川",
        "river": "一ツ瀬",
        "card_ver": "1",
        "facility": "①\nこのはな館\n\n②\nゆたーと\n\n③\nサン・ルピナス",
        "hours": "①\n１０：００～１７：００、休館日：毎週月曜日（祝日の場合は翌日）\n※配布には、ダムへ行った証明（写真等）が必要となります。\n②\n１０：００～２１：００（10月～6月）、１０：００～２２：００（7月～9月）、休館日：第３水曜日、１月１日\n※配布には、ダムへ行った証明（写真等）が必要となります。\n③\n１０：００～２２：００、休館日：第３月曜日（祝日の場合は翌日）\n※配布には、ダムへ行った証明（写真等）が必要となります。",
        "address": "宮崎県児湯郡西米良村大字村所２６０－６",
        "url": "①\nhttp://www.saito-kanko.jp/konohanakan/\n\n②\nhttp://www.yutato.com/\n\n③\nhttp://sun-lupinus.info/"
      }
    },
    {
      "type": "Feature",
      "geometry": {
        "type": "Point",
        "coordinates": [
          131.496124,
          32.074261
        ]
      },
      "properties": {
        "name": "一ツ瀬ダム",
        "location_marker": "③",
        "pref": "宮崎県",
        "river_system": "一ツ瀬川",
        "river": "一ツ瀬",
        "card_ver": "1",
        "facility": "①\nこのはな館\n\n②\nゆたーと\n\n③\nサン・ルピナス",
        "hours": "①\n１０：００～１７：００、休館日：毎週月曜日（祝日の場合は翌日）\n※配布には、ダムへ行った証明（写真等）が必要となります。\n②\n１０：００～２１：００（10月～6月）、１０：００～２２：００（7月～9月）、休館日：第３水曜日、１月１日\n※配布には、ダムへ行った証明（写真等）が必要となります。\n③\n１０：００～２２：００、休館日：第３月曜日（祝日の場合は翌日）\n※配布には、ダムへ行った証明（写真等）が必要となります。",
        "address": "宮崎県児湯郡新富町大字三納代１８５９－１",
        "url": "①\nhttp://www.saito-kanko.jp/konohanakan/\n\n②\nhttp://www.yutato.com/\n\n③\nhttp://sun-lupinus.info/"
      }
    },
    {
      "type": "Feature",
      "geometry": {
        "type": "Point",
        "coordinates": [
          131.160126,
          32.504303
        ]
      },
      "properties": {
        "name": "上椎葉ダム",
        "location_marker": null,
        "pref": "宮崎県",
        "river_system": "耳川",
        "river": "耳川",
        "card_ver": "1",
        "facility": "椎葉村観光協会",
        "hours": "8：30～17：15\n【営業日】年末年始以外営業\n※配布には、ダムへ行った証明（写真等）が必要となります。",
        "address": "宮崎県東臼杵郡椎葉村下福良１８２6-108",
        "url": "http://www.kyuden.co.jp/company_outline_branch_miyazaki_initiative_damcard_kamishiiba.html"
      }
    },
    {
      "type": "Feature",
      "geometry": {
        "type": "Point",
        "coordinates": [
          131.355255,
          32.519569
        ]
      },
      "properties": {
        "name": "塚原ダム",
        "location_marker": null,
        "pref": "宮崎県",
        "river_system": "耳川",
        "river": "耳川",
        "card_ver": "1",
        "facility": "もろっこはうす",
        "hours": "平日 8：30～17：30\n土日祝　8：30～17：00\n【営業日】年末年始以外営業 火曜・第２、第４日曜定休（月により変更あり）\n※配布には、ダムへ行った証明（写真等）が必要となります。",
        "address": "宮崎県東臼杵郡諸塚村家代2640-3",
        "url": "http://www.kyuden.co.jp/company_outline_branch_miyazaki_initiative_damcard_tsukabaru.html"
      }
    },
    {
      "type": "Feature",
      "geometry": {
        "type": "Point",
        "coordinates": [
          131.491821,
          32.412971
        ]
      },
      "properties": {
        "name": "大内原ダム",
        "location_marker": null,
        "pref": "宮崎県",
        "river_system": "耳川",
        "river": "耳川",
        "card_ver": "1",
        "facility": "道の駅とうごう",
        "hours": "8：00～18：00\n【営業日】不定休、12/31～1/2休\n※配布には、ダムへ行った証明（写真等）が必要となります。",
        "address": "宮崎県日向市東郷山陰辛244-1",
        "url": "http://www.kyuden.co.jp/company_outline_branch_miyazaki_initiative_damcard_oouchibaru.html"
      }
    },
    {
      "type": "Feature",
      "geometry": {
        "type": "Point",
        "coordinates": [
          131.095169,
          31.768847
        ]
      },
      "properties": {
        "name": "大淀川第一ダム",
        "location_marker": "①",
        "pref": "宮崎県",
        "river_system": "大淀川",
        "river": "大淀川",
        "card_ver": "1",
        "facility": "①\n道の駅　都城\n\n②\nのじりこぴあ",
        "hours": "①\n９：0０～１８：００、休館日：１月１日、1月、4月、7月、10月の第3月曜日\n※配布には、ダムへ行った証明（写真等）が必要となります。\n②\n９：００～１７：００（１０月～４月）、９：００～１７：３０（５月～９月）、年中無休\n※配布には、ダムへ行った証明（写真等）が必要となります。",
        "address": "宮崎県都城市都北町５２２５－１",
        "url": "①\nhttp://www.takaokaonsen.jp/\n\n②\nhttp://www.qsr.mlit.go.jp/n-michi/michi_no_eki/kobetu/miyakonojyo/miyakonojyo.html\n\n③\nhttp://www.hermec.co.jp/nojirikopia/"
      }
    },
    {
      "type": "Feature",
      "geometry": {
        "type": "Point",
        "coordinates": [
          131.110092,
          31.961796
        ]
      },
      "properties": {
        "name": "大淀川第一ダム",
        "location_marker": "②",
        "pref": "宮崎県",
        "river_system": "大淀川",
        "river": "大淀川",
        "card_ver": "1",
        "facility": "①\n道の駅　都城\n\n②\nのじりこぴあ",
        "hours": "①\n９：0０～１８：００、休館日：１月１日、1月、4月、7月、10月の第3月曜日\n※配布には、ダムへ行った証明（写真等）が必要となります。\n②\n９：００～１７：００（１０月～４月）、９：００～１７：３０（５月～９月）、年中無休\n※配布には、ダムへ行った証明（写真等）が必要となります。",
        "address": "宮崎県小林市野尻町東麓５１６０",
        "url": "①\nhttp://www.takaokaonsen.jp/\n\n②\nhttp://www.qsr.mlit.go.jp/n-michi/michi_no_eki/kobetu/miyakonojyo/miyakonojyo.html\n\n③\nhttp://www.hermec.co.jp/nojirikopia/"
      }
    },
    {
      "type": "Feature",
      "geometry": {
        "type": "Point",
        "coordinates": [
          131.396484,
          32.24548
        ]
      },
      "properties": {
        "name": "大瀬内ダム",
        "location_marker": "①",
        "pref": "宮崎県",
        "river_system": "小丸川",
        "river": "大瀬内谷川",
        "card_ver": "1",
        "facility": "①\nいしかわうち\n\n②\nピノッＱパーク\n\n③\n湯らら",
        "hours": "①\n９：００～１７：００、休館日：毎週月曜日及び１２月２９日～１月３日\n※配布は石河内ダムとセットになります\n\n②\n９：００～１７：００、休館日：平日及び１２月２９日～１月３日\n※土日祝日のみ配布\n※配布は石河内ダムとセットになります。\n\n③\n１０：００～２１：００、休館日：毎週火曜日（祝日の場合は翌日）\n※配布は石河内ダムとセットになります。",
        "address": "宮崎県児湯郡木城町大字石河内５３３番地２",
        "url": "①\nhttp://www.town.kijo.lg.jp/matidukuri-suisin/kanko_gaido/nakabae-kouen.html\n\n②\nhttp://www.town.kijo.lg.jp/matidukuri-suisin/kanko_gaido/nakabae-kouen.html\n\n③\nhttp://service.kijo.jp/~yurara/"
      }
    },
    {
      "type": "Feature",
      "geometry": {
        "type": "Point",
        "coordinates": [
          131.396484,
          32.24548
        ]
      },
      "properties": {
        "name": "大瀬内ダム",
        "location_marker": "②",
        "pref": "宮崎県",
        "river_system": "小丸川",
        "river": "大瀬内谷川",
        "card_ver": "1",
        "facility": "①\nいしかわうち\n\n②\nピノッＱパーク\n\n③\n湯らら",
        "hours": "①\n９：００～１７：００、休館日：毎週月曜日及び１２月２９日～１月３日\n※配布は石河内ダムとセットになります\n\n②\n９：００～１７：００、休館日：平日及び１２月２９日～１月３日\n※土日祝日のみ配布\n※配布は石河内ダムとセットになります。\n\n③\n１０：００～２１：００、休館日：毎週火曜日（祝日の場合は翌日）\n※配布は石河内ダムとセットになります。",
        "address": "宮崎県児湯郡木城町大字石河内１２４６－１４",
        "url": "①\nhttp://www.town.kijo.lg.jp/matidukuri-suisin/kanko_gaido/nakabae-kouen.html\n\n②\nhttp://www.town.kijo.lg.jp/matidukuri-suisin/kanko_gaido/nakabae-kouen.html\n\n③\nhttp://service.kijo.jp/~yurara/"
      }
    },
    {
      "type": "Feature",
      "geometry": {
        "type": "Point",
        "coordinates": [
          131.458145,
          32.174862
        ]
      },
      "properties": {
        "name": "大瀬内ダム",
        "location_marker": "③",
        "pref": "宮崎県",
        "river_system": "小丸川",
        "river": "大瀬内谷川",
        "card_ver": "1",
        "facility": "①\nいしかわうち\n\n②\nピノッＱパーク\n\n③\n湯らら",
        "hours": "①\n９：００～１７：００、休館日：毎週月曜日及び１２月２９日～１月３日\n※配布は石河内ダムとセットになります\n\n②\n９：００～１７：００、休館日：平日及び１２月２９日～１月３日\n※土日祝日のみ配布\n※配布は石河内ダムとセットになります。\n\n③\n１０：００～２１：００、休館日：毎週火曜日（祝日の場合は翌日）\n※配布は石河内ダムとセットになります。",
        "address": "宮崎県児湯郡木城町大字高城１４０３－１",
        "url": "①\nhttp://www.town.kijo.lg.jp/matidukuri-suisin/kanko_gaido/nakabae-kouen.html\n\n②\nhttp://www.town.kijo.lg.jp/matidukuri-suisin/kanko_gaido/nakabae-kouen.html\n\n③\nhttp://service.kijo.jp/~yurara/"
      }
    },
    {
      "type": "Feature",
      "geometry": {
        "type": "Point",
        "coordinates": [
          131.264832,
          31.83563
        ]
      },
      "properties": {
        "name": "天神ダム",
        "location_marker": null,
        "pref": "宮崎県",
        "river_system": "大淀川",
        "river": "境川",
        "card_ver": "1",
        "facility": "天神ダム管理所",
        "hours": "9時～16時（管理人がダム点検等で不在の場合あり）",
        "address": "宮崎県宮崎市田野町乙241-31",
        "url": "http://www.city.miyazaki.miyazaki.jp/business/agriculture_and_fisheries/development/damcard.html"
      }
    },
    {
      "type": "Feature",
      "geometry": {
        "type": "Point",
        "coordinates": [
          131.355255,
          32.519569
        ]
      },
      "properties": {
        "name": "宮の元ダム",
        "location_marker": null,
        "pref": "宮崎県",
        "river_system": "耳川",
        "river": "七ツ山川",
        "card_ver": "1",
        "facility": "しいたけの館２１（諸塚村観光協会）",
        "hours": "8：30～17：00\n【営業日】年末年始以外営業 水曜定休\n※配布には、ダムへ行った証明（写真等）が必要となります。",
        "address": "宮崎県東臼杵郡諸塚村家代3068",
        "url": "http://www.kyuden.co.jp/company_outline_branch_miyazaki_initiative_damcard_miyanomoto.html"
      }
    },
    {
      "type": "Feature",
      "geometry": {
        "type": "Point",
        "coordinates": [
          131.355255,
          32.519569
        ]
      },
      "properties": {
        "name": "山須原ダム",
        "location_marker": null,
        "pref": "宮崎県",
        "river_system": "耳川",
        "river": "耳川",
        "card_ver": "2",
        "facility": "山本商店",
        "hours": "9：00～18：00\n【営業日】不定休\n※配布には、ダムへ行った証明（写真等）が必要となります。　",
        "address": "宮崎県東臼杵郡諸塚村家代4978-1",
        "url": "http://www.kyuden.co.jp/company_outline_branch_miyazaki_initiative_damcard_yamasubaru.html"
      }
    },
    {
      "type": "Feature",
      "geometry": {
        "type": "Point",
        "coordinates": [
          131.160126,
          32.504303
        ]
      },
      "properties": {
        "name": "岩屋戸ダム",
        "location_marker": null,
        "pref": "宮崎県",
        "river_system": "耳川",
        "river": "耳川",
        "card_ver": "1",
        "facility": "平家本陣　",
        "hours": "9：00～17：00　\n【営業日】年末年始以外営業\n※配布には、ダムへ行った証明（写真等）が必要となります。",
        "address": "宮崎県東臼杵郡椎葉村下福良509-23",
        "url": "http://www.kyuden.co.jp/company_outline_branch_miyazaki_initiative_damcard_iwayado.html"
      }
    },
    {
      "type": "Feature",
      "geometry": {
        "type": "Point",
        "coordinates": [
          131.056076,
          31.979944
        ]
      },
      "properties": {
        "name": "岩瀬ダム",
        "location_marker": null,
        "pref": "宮崎県",
        "river_system": "大淀川",
        "river": "岩瀬川",
        "card_ver": "1",
        "facility": "岩瀬ダム管理所",
        "hours": "9:00～17:00（土・日・祝日含む）",
        "address": "宮崎県小林市野尻町大字東麓字寺原４７９０",
        "url": "http://www.pref.miyazaki.lg.jp/kasen/kurashi/shakaikiban/damcard.html"
      }
    },
    {
      "type": "Feature",
      "geometry": {
        "type": "Point",
        "coordinates": [
          131.420319,
          31.907995
        ]
      },
      "properties": {
        "name": "広沢ダム",
        "location_marker": "①",
        "pref": "宮崎県",
        "river_system": "大淀川",
        "river": "浦之名川",
        "card_ver": "1",
        "facility": "①\n宮崎市農村整備課\n\n②\n小林市野尻庁舎地域整備課\n\n③\n綾町農林振興課\n\n④\n大淀川左岸土地改良区",
        "hours": "①\n8時45分～16時30分（土・日・祝日・年末年始は除く）\n\n②\n8時30分～17時15分（土・日・祝日・年末年始は除く）\n\n③\n8時30分～17時15分（土・日・祝日・年末年始は除く）\n\n④\n8時30分～17時15分（土・日・祝日・年末年始は除く）",
        "address": "宮崎県宮崎市橘通西1-1-1",
        "url": "http://www.city.miyazaki.miyazaki.jp/business/agriculture_and_fisheries/development/damcard.html"
      }
    },
    {
      "type": "Feature",
      "geometry": {
        "type": "Point",
        "coordinates": [
          131.110092,
          31.961796
        ]
      },
      "properties": {
        "name": "広沢ダム",
        "location_marker": "②",
        "pref": "宮崎県",
        "river_system": "大淀川",
        "river": "浦之名川",
        "card_ver": "1",
        "facility": "①\n宮崎市農村整備課\n\n②\n小林市野尻庁舎地域整備課\n\n③\n綾町農林振興課\n\n④\n大淀川左岸土地改良区",
        "hours": "①\n8時45分～16時30分（土・日・祝日・年末年始は除く）\n\n②\n8時30分～17時15分（土・日・祝日・年末年始は除く）\n\n③\n8時30分～17時15分（土・日・祝日・年末年始は除く）\n\n④\n8時30分～17時15分（土・日・祝日・年末年始は除く）",
        "address": "宮崎県小林市野尻町東麓1183-2",
        "url": "http://www.city.miyazaki.miyazaki.jp/business/agriculture_and_fisheries/development/damcard.html"
      }
    },
    {
      "type": "Feature",
      "geometry": {
        "type": "Point",
        "coordinates": [
          131.240356,
          31.994806
        ]
      },
      "properties": {
        "name": "広沢ダム",
        "location_marker": "③",
        "pref": "宮崎県",
        "river_system": "大淀川",
        "river": "浦之名川",
        "card_ver": "1",
        "facility": "①\n宮崎市農村整備課\n\n②\n小林市野尻庁舎地域整備課\n\n③\n綾町農林振興課\n\n④\n大淀川左岸土地改良区",
        "hours": "①\n8時45分～16時30分（土・日・祝日・年末年始は除く）\n\n②\n8時30分～17時15分（土・日・祝日・年末年始は除く）\n\n③\n8時30分～17時15分（土・日・祝日・年末年始は除く）\n\n④\n8時30分～17時15分（土・日・祝日・年末年始は除く）",
        "address": "宮崎県東諸県郡綾町大字南俣1128",
        "url": "http://www.city.miyazaki.miyazaki.jp/business/agriculture_and_fisheries/development/damcard.html"
      }
    },
    {
      "type": "Feature",
      "geometry": {
        "type": "Point",
        "coordinates": [
          131.292282,
          31.941364
        ]
      },
      "properties": {
        "name": "広沢ダム",
        "location_marker": "④",
        "pref": "宮崎県",
        "river_system": "大淀川",
        "river": "浦之名川",
        "card_ver": "1",
        "facility": "①\n宮崎市農村整備課\n\n②\n小林市野尻庁舎地域整備課\n\n③\n綾町農林振興課\n\n④\n大淀川左岸土地改良区",
        "hours": "①\n8時45分～16時30分（土・日・祝日・年末年始は除く）\n\n②\n8時30分～17時15分（土・日・祝日・年末年始は除く）\n\n③\n8時30分～17時15分（土・日・祝日・年末年始は除く）\n\n④\n8時30分～17時15分（土・日・祝日・年末年始は除く）",
        "address": "宮崎県宮崎市高岡町高浜836-3",
        "url": "http://www.city.miyazaki.miyazaki.jp/business/agriculture_and_fisheries/development/damcard.html"
      }
    },
    {
      "type": "Feature",
      "geometry": {
        "type": "Point",
        "coordinates": [
          131.38443,
          31.65896
        ]
      },
      "properties": {
        "name": "広渡ダム",
        "location_marker": null,
        "pref": "宮崎県",
        "river_system": "広渡川",
        "river": "広渡川",
        "card_ver": "1",
        "facility": "広渡ダム管理所",
        "hours": "9:00～17:00（土・日・祝日含む）",
        "address": "宮崎県日南市北郷町大字北河内字板谷",
        "url": "http://www.pref.miyazaki.lg.jp/kasen/kurashi/shakaikiban/damcard.html"
      }
    },
    {
      "type": "Feature",
      "geometry": {
        "type": "Point",
        "coordinates": [
          131.300537,
          31.615946
        ]
      },
      "properties": {
        "name": "日南ダム",
        "location_marker": null,
        "pref": "宮崎県",
        "river_system": "広渡川",
        "river": "酒谷川",
        "card_ver": "1",
        "facility": "日南ダム管理所",
        "hours": "9:00～17:00（土・日・祝日含む）",
        "address": "宮崎県日南市酒谷大字名尾",
        "url": "http://www.pref.miyazaki.lg.jp/kasen/kurashi/shakaikiban/damcard.html"
      }
    },
    {
      "type": "Feature",
      "geometry": {
        "type": "Point",
        "coordinates": [
          131.387619,
          32.117355
        ]
      },
      "properties": {
        "name": "杉安ダム",
        "location_marker": "①",
        "pref": "宮崎県",
        "river_system": "一ツ瀬川",
        "river": "一ツ瀬",
        "card_ver": "1",
        "facility": "①\nこのはな館\n\n②\nゆたーと\n\n③\nサン・ルピナス",
        "hours": "①\n１０：００～１７：００、休館日：毎週月曜日（祝日の場合は翌日）\n※配布には、ダムへ行った証明（写真等）が必要となります。\n②\n１０：００～２１：００（10月～6月）、１０：００～２２：００（7月～9月）、休館日：第３水曜日、１月１日\n※配布には、ダムへ行った証明（写真等）が必要となります。\n③\n１０：００～２２：００、休館日：第３月曜日（祝日の場合は翌日）\n※配布には、ダムへ行った証明（写真等）が必要となります。",
        "address": "宮崎県西都市大字三宅４９４１－１",
        "url": "①\nhttp://www.saito-kanko.jp/konohanakan/\n\n②\nhttp://www.yutato.com/\n\n③\nhttp://sun-lupinus.info/"
      }
    },
    {
      "type": "Feature",
      "geometry": {
        "type": "Point",
        "coordinates": [
          131.131805,
          32.192345
        ]
      },
      "properties": {
        "name": "杉安ダム",
        "location_marker": "②",
        "pref": "宮崎県",
        "river_system": "一ツ瀬川",
        "river": "一ツ瀬",
        "card_ver": "1",
        "facility": "①\nこのはな館\n\n②\nゆたーと\n\n③\nサン・ルピナス",
        "hours": "①\n１０：００～１７：００、休館日：毎週月曜日（祝日の場合は翌日）\n※配布には、ダムへ行った証明（写真等）が必要となります。\n②\n１０：００～２１：００（10月～6月）、１０：００～２２：００（7月～9月）、休館日：第３水曜日、１月１日\n※配布には、ダムへ行った証明（写真等）が必要となります。\n③\n１０：００～２２：００、休館日：第３月曜日（祝日の場合は翌日）\n※配布には、ダムへ行った証明（写真等）が必要となります。",
        "address": "宮崎県児湯郡西米良村大字村所２６０－６",
        "url": "①\nhttp://www.saito-kanko.jp/konohanakan/\n\n②\nhttp://www.yutato.com/\n\n③\nhttp://sun-lupinus.info/"
      }
    },
    {
      "type": "Feature",
      "geometry": {
        "type": "Point",
        "coordinates": [
          131.496124,
          32.074261
        ]
      },
      "properties": {
        "name": "杉安ダム",
        "location_marker": "③",
        "pref": "宮崎県",
        "river_system": "一ツ瀬川",
        "river": "一ツ瀬",
        "card_ver": "1",
        "facility": "①\nこのはな館\n\n②\nゆたーと\n\n③\nサン・ルピナス",
        "hours": "①\n１０：００～１７：００、休館日：毎週月曜日（祝日の場合は翌日）\n※配布には、ダムへ行った証明（写真等）が必要となります。\n②\n１０：００～２１：００（10月～6月）、１０：００～２２：００（7月～9月）、休館日：第３水曜日、１月１日\n※配布には、ダムへ行った証明（写真等）が必要となります。\n③\n１０：００～２２：００、休館日：第３月曜日（祝日の場合は翌日）\n※配布には、ダムへ行った証明（写真等）が必要となります。",
        "address": "宮崎県児湯郡新富町大字三納代１８５９－１",
        "url": "①\nhttp://www.saito-kanko.jp/konohanakan/\n\n②\nhttp://www.yutato.com/\n\n③\nhttp://sun-lupinus.info/"
      }
    },
    {
      "type": "Feature",
      "geometry": {
        "type": "Point",
        "coordinates": [
          131.362869,
          32.29874
        ]
      },
      "properties": {
        "name": "松尾ダム",
        "location_marker": null,
        "pref": "宮崎県",
        "river_system": "小丸川",
        "river": "小丸川",
        "card_ver": "1",
        "facility": "松尾ダム管理所",
        "hours": "9:00～17:00（土・日・祝日含む）",
        "address": "宮崎県児湯郡木城町大字中之又字松尾４番８号",
        "url": "http://www.pref.miyazaki.lg.jp/kasen/kurashi/shakaikiban/damcard.html"
      }
    },
    {
      "type": "Feature",
      "geometry": {
        "type": "Point",
        "coordinates": [
          131.232925,
          32.64777
        ]
      },
      "properties": {
        "name": "桑野内ダム",
        "location_marker": "①",
        "pref": "宮崎県",
        "river_system": "五ヶ瀬川",
        "river": "五ヶ瀬川",
        "card_ver": "1",
        "facility": "①\nごかせ観光協会\n（特産センターごかせ内)\n\n②\n五ヶ瀬ワイナリー（株）",
        "hours": "①\n9：00～17：45\n【営業日】年末年始以外営業\n\n②\n9：30～17：00\n【営業日】年末年始以外営業\n（12月～2月は9：30から16：30）\n\nダムを訪問せず、左記配布場所へ直接訪問※することで配布します。\n※桑野内ダムへのアクセス道路は、狭隘であるため安全性の観点から無理に訪問　\n　されないよう、お願いします。",
        "address": "宮崎県西臼杵郡五ヶ瀬町大字三ヶ所98－1",
        "url": "https://www.kyuden.co.jp/company/outline/branch/miyazaki/initiative/damcard/kuwanouchi.html"
      }
    },
    {
      "type": "Feature",
      "geometry": {
        "type": "Point",
        "coordinates": [
          131.222107,
          32.722046
        ]
      },
      "properties": {
        "name": "桑野内ダム",
        "location_marker": "②",
        "pref": "宮崎県",
        "river_system": "五ヶ瀬川",
        "river": "五ヶ瀬川",
        "card_ver": "1",
        "facility": "①\nごかせ観光協会\n（特産センターごかせ内)\n\n②\n五ヶ瀬ワイナリー（株）",
        "hours": "①\n9：00～17：45\n【営業日】年末年始以外営業\n\n②\n9：30～17：00\n【営業日】年末年始以外営業\n（12月～2月は9：30から16：30）\n\nダムを訪問せず、左記配布場所へ直接訪問※することで配布します。\n※桑野内ダムへのアクセス道路は、狭隘であるため安全性の観点から無理に訪問　\n　されないよう、お願いします。",
        "address": "宮崎県西臼杵郡五ヶ瀬町大字桑野内4847－1",
        "url": "https://www.kyuden.co.jp/company/outline/branch/miyazaki/initiative/damcard/kuwanouchi.html"
      }
    },
    {
      "type": "Feature",
      "geometry": {
        "type": "Point",
        "coordinates": [
          131.645065,
          32.549534
        ]
      },
      "properties": {
        "name": "沖田ダム",
        "location_marker": null,
        "pref": "宮崎県",
        "river_system": "沖田川",
        "river": "沖田川",
        "card_ver": "1",
        "facility": "沖田ダム管理所",
        "hours": "9:00～17:00（土・日・祝日含む）",
        "address": "宮崎県延岡市小野町５５９４番地２４",
        "url": "http://www.pref.miyazaki.lg.jp/kasen/kurashi/shakaikiban/damcard.html"
      }
    },
    {
      "type": "Feature",
      "geometry": {
        "type": "Point",
        "coordinates": [
          131.322769,
          32.345078
        ]
      },
      "properties": {
        "name": "渡川ダム",
        "location_marker": null,
        "pref": "宮崎県",
        "river_system": "小丸川",
        "river": "渡川",
        "card_ver": "1",
        "facility": "渡川ダム管理所",
        "hours": "9:00～17:00（土・日・祝日含む）",
        "address": "宮崎県東臼杵郡美郷町南郷中渡川字杭谷５９０番４９",
        "url": "http://www.pref.miyazaki.lg.jp/kasen/kurashi/shakaikiban/damcard.html"
      }
    },
    {
      "type": "Feature",
      "geometry": {
        "type": "Point",
        "coordinates": [
          131.318085,
          31.940643
        ]
      },
      "properties": {
        "name": "瓜田ダム",
        "location_marker": null,
        "pref": "宮崎県",
        "river_system": "大淀川",
        "river": "瓜田川",
        "card_ver": "1",
        "facility": "瓜田ダム管理所",
        "hours": "9:00～17:00（土・日・祝日含む）",
        "address": "宮崎県宮崎市高岡町小山田三代堂１８６５－１",
        "url": "http://www.pref.miyazaki.lg.jp/kasen/kurashi/shakaikiban/damcard.html"
      }
    },
    {
      "type": "Feature",
      "geometry": {
        "type": "Point",
        "coordinates": [
          131.114792,
          32.064941
        ]
      },
      "properties": {
        "name": "田代八重ダム",
        "location_marker": null,
        "pref": "宮崎県",
        "river_system": "大淀川",
        "river": "綾北川",
        "card_ver": "1",
        "facility": "田代八重ダム管理所",
        "hours": "　令和4年台風第14号の影響により、ダムへアクセスする道路が通行止めとなっており、ダムカードの配布を一時中止しております。御迷惑をおかけいたします。",
        "address": "宮崎県小林市須木大字下田字下宇都１１０番地５",
        "url": "http://www.pref.miyazaki.lg.jp/kasen/kurashi/shakaikiban/damcard.html"
      }
    },
    {
      "type": "Feature",
      "geometry": {
        "type": "Point",
        "coordinates": [
          131.396484,
          32.24548
        ]
      },
      "properties": {
        "name": "石河内ダム",
        "location_marker": "①",
        "pref": "宮崎県",
        "river_system": "小丸川",
        "river": "小丸川",
        "card_ver": "1",
        "facility": "①\nいしかわうち\n\n②\nピノッＱパーク\n\n③\n湯らら",
        "hours": "①\n９：００～１７：００、休館日：毎週月曜日及び１２月２９日～１月３日\n※配布には、ダムへ行った証明（写真等）が必要となります。\n\n②\n９：００～１７：００、休館日：平日及び１２月２９日～１月３日\n※土日祝日のみ配布\n※配布には、ダムへ行った証明（写真等）が必要となります。\n\n③\n１０：００～２１：００、休館日：毎週火曜日（祝日の場合は翌日）\n※配布には、ダムへ行った証明（写真等）が必要となります。",
        "address": "宮崎県児湯郡木城町大字石河内５３３番地２",
        "url": "①\nhttp://www.town.kijo.lg.jp/matidukuri-suisin/kanko_gaido/nakabae-kouen.html\n\n②\nhttp://www.town.kijo.lg.jp/matidukuri-suisin/kanko_gaido/nakabae-kouen.html\n\n③\nhttp://service.kijo.jp/~yurara/"
      }
    },
    {
      "type": "Feature",
      "geometry": {
        "type": "Point",
        "coordinates": [
          131.396484,
          32.24548
        ]
      },
      "properties": {
        "name": "石河内ダム",
        "location_marker": "②",
        "pref": "宮崎県",
        "river_system": "小丸川",
        "river": "小丸川",
        "card_ver": "1",
        "facility": "①\nいしかわうち\n\n②\nピノッＱパーク\n\n③\n湯らら",
        "hours": "①\n９：００～１７：００、休館日：毎週月曜日及び１２月２９日～１月３日\n※配布には、ダムへ行った証明（写真等）が必要となります。\n\n②\n９：００～１７：００、休館日：平日及び１２月２９日～１月３日\n※土日祝日のみ配布\n※配布には、ダムへ行った証明（写真等）が必要となります。\n\n③\n１０：００～２１：００、休館日：毎週火曜日（祝日の場合は翌日）\n※配布には、ダムへ行った証明（写真等）が必要となります。",
        "address": "宮崎県児湯郡木城町大字石河内１２４６－１４",
        "url": "①\nhttp://www.town.kijo.lg.jp/matidukuri-suisin/kanko_gaido/nakabae-kouen.html\n\n②\nhttp://www.town.kijo.lg.jp/matidukuri-suisin/kanko_gaido/nakabae-kouen.html\n\n③\nhttp://service.kijo.jp/~yurara/"
      }
    },
    {
      "type": "Feature",
      "geometry": {
        "type": "Point",
        "coordinates": [
          131.458145,
          32.174862
        ]
      },
      "properties": {
        "name": "石河内ダム",
        "location_marker": "③",
        "pref": "宮崎県",
        "river_system": "小丸川",
        "river": "小丸川",
        "card_ver": "1",
        "facility": "①\nいしかわうち\n\n②\nピノッＱパーク\n\n③\n湯らら",
        "hours": "①\n９：００～１７：００、休館日：毎週月曜日及び１２月２９日～１月３日\n※配布には、ダムへ行った証明（写真等）が必要となります。\n\n②\n９：００～１７：００、休館日：平日及び１２月２９日～１月３日\n※土日祝日のみ配布\n※配布には、ダムへ行った証明（写真等）が必要となります。\n\n③\n１０：００～２１：００、休館日：毎週火曜日（祝日の場合は翌日）\n※配布には、ダムへ行った証明（写真等）が必要となります。",
        "address": "宮崎県児湯郡木城町大字高城１４０３－１",
        "url": "①\nhttp://www.town.kijo.lg.jp/matidukuri-suisin/kanko_gaido/nakabae-kouen.html\n\n②\nhttp://www.town.kijo.lg.jp/matidukuri-suisin/kanko_gaido/nakabae-kouen.html\n\n③\nhttp://service.kijo.jp/~yurara/"
      }
    },
    {
      "type": "Feature",
      "geometry": {
        "type": "Point",
        "coordinates": [
          131.668015,
          32.760994
        ]
      },
      "properties": {
        "name": "祝子ダム",
        "location_marker": null,
        "pref": "宮崎県",
        "river_system": "五ヶ瀬川",
        "river": "祝子川",
        "card_ver": "1",
        "facility": "祝子ダム管理所",
        "hours": "9:00～17:00（土・日・祝日含む）",
        "address": "宮崎県延岡市北川町川内名字田下後山１０５１９番地１８",
        "url": "http://www.pref.miyazaki.lg.jp/kasen/kurashi/shakaikiban/damcard.html"
      }
    },
    {
      "type": "Feature",
      "geometry": {
        "type": "Point",
        "coordinates": [
          131.253357,
          32.121834
        ]
      },
      "properties": {
        "name": "立花ダム",
        "location_marker": null,
        "pref": "宮崎県",
        "river_system": "一ツ瀬川",
        "river": "三財川",
        "card_ver": "1",
        "facility": "立花ダム管理所",
        "hours": "　令和7年6月の梅雨前線による豪雨の影響により、ダムへアクセスする道路が通行止めとなっており、ダムカードの配布を一時中止しております。御迷惑をおかけいたします。",
        "address": "宮崎県西都市大字寒川字蛇籠２１６番地４",
        "url": "http://www.pref.miyazaki.lg.jp/kasen/kurashi/shakaikiban/damcard.html"
      }
    },
    {
      "type": "Feature",
      "geometry": {
        "type": "Point",
        "coordinates": [
          131.114792,
          32.064941
        ]
      },
      "properties": {
        "name": "綾北ダム",
        "location_marker": null,
        "pref": "宮崎県",
        "river_system": "大淀川",
        "river": "綾北川",
        "card_ver": "1",
        "facility": "綾北ダム管理所",
        "hours": "　令和4年台風第14号の影響により、ダムへアクセスする道路が通行止めとなっており、ダムカードの配布を一時中止しております。御迷惑をおかけいたします。",
        "address": "宮崎県小林市須木大字下田字下宇都１番１３１",
        "url": "http://www.pref.miyazaki.lg.jp/kasen/kurashi/shakaikiban/damcard.html"
      }
    },
    {
      "type": "Feature",
      "geometry": {
        "type": "Point",
        "coordinates": [
          131.114792,
          32.064941
        ]
      },
      "properties": {
        "name": "綾南ダム",
        "location_marker": null,
        "pref": "宮崎県",
        "river_system": "大淀川",
        "river": "本庄川",
        "card_ver": "1",
        "facility": "綾南ダム管理所",
        "hours": "9:00～17:00（土・日・祝日含む）",
        "address": "宮崎県小林市須木大字下田字中野２３６番地１５１",
        "url": "http://www.pref.miyazaki.lg.jp/kasen/kurashi/shakaikiban/damcard.html"
      }
    },
    {
      "type": "Feature",
      "geometry": {
        "type": "Point",
        "coordinates": [
          131.405487,
          32.671638
        ]
      },
      "properties": {
        "name": "西畑ダム",
        "location_marker": "①",
        "pref": "宮崎県",
        "river_system": "五ヶ瀬川",
        "river": "綱の瀬川",
        "card_ver": "1",
        "facility": "①\n日之影町観光協会 観光案内所\n（道の駅青雲橋内）\n\n②\n道の駅北方よっちみろ屋",
        "hours": "①\n8：30～17：15\n【営業日】正月以外営業\n\n②\n8：00～18：00\n【営業日】年末年始以外営業",
        "address": "宮崎県西臼杵郡日之影町大字七折8705-12",
        "url": "https://www.kyuden.co.jp/company/outline/branch/miyazaki/initiative/damcard/nishihata.html"
      }
    },
    {
      "type": "Feature",
      "geometry": {
        "type": "Point",
        "coordinates": [
          131.483505,
          32.585968
        ]
      },
      "properties": {
        "name": "西畑ダム",
        "location_marker": "②",
        "pref": "宮崎県",
        "river_system": "五ヶ瀬川",
        "river": "綱の瀬川",
        "card_ver": "1",
        "facility": "①\n日之影町観光協会 観光案内所\n（道の駅青雲橋内）\n\n②\n道の駅北方よっちみろ屋",
        "hours": "①\n8：30～17：15\n【営業日】正月以外営業\n\n②\n8：00～18：00\n【営業日】年末年始以外営業",
        "address": "宮崎県延岡市北方町早日渡巳175番地1",
        "url": "https://www.kyuden.co.jp/company/outline/branch/miyazaki/initiative/damcard/nishihata.html"
      }
    },
    {
      "type": "Feature",
      "geometry": {
        "type": "Point",
        "coordinates": [
          131.440079,
          32.437565
        ]
      },
      "properties": {
        "name": "西郷ダム",
        "location_marker": null,
        "pref": "宮崎県",
        "river_system": "耳川",
        "river": "耳川",
        "card_ver": "2",
        "facility": "美郷レイクランド",
        "hours": "10：00～20：00\n【営業日】年末年始以外営業 火曜・水曜定休\n※配布には、ダムへ行った証明（写真等）が必要となります。\n",
        "address": "宮崎県東臼杵郡美郷町西郷田代5812-1",
        "url": "http://www.kyuden.co.jp/company_outline_branch_miyazaki_initiative_damcard_saigou.html"
      }
    },
    {
      "type": "Feature",
      "geometry": {
        "type": "Point",
        "coordinates": [
          131.355255,
          32.519569
        ]
      },
      "properties": {
        "name": "諸塚ダム",
        "location_marker": null,
        "pref": "宮崎県",
        "river_system": "耳川",
        "river": "柳原川",
        "card_ver": "1",
        "facility": "しいたけの館２１（諸塚村観光協会）",
        "hours": "8：30～17：00\n【営業日】年末年始以外営業 水曜定休\n※配布には、ダムへ行った証明（写真等）が必要となります。",
        "address": "宮崎県東臼杵郡諸塚村家代3068",
        "url": "http://www.kyuden.co.jp/company_outline_branch_miyazaki_initiative_damcard_morotsuka.html"
      }
    },
    {
      "type": "Feature",
      "geometry": {
        "type": "Point",
        "coordinates": [
          131.313934,
          32.143108
        ]
      },
      "properties": {
        "name": "長谷ダム",
        "location_marker": null,
        "pref": "宮崎県",
        "river_system": "一ツ瀬川",
        "river": "三納川",
        "card_ver": "1",
        "facility": "長谷ダム管理所",
        "hours": "9:00～17:00（土・日・祝日含む）",
        "address": "宮崎県西都市大字三納字尾田所１１６９３の１１",
        "url": "http://www.pref.miyazaki.lg.jp/kasen/kurashi/shakaikiban/damcard.html"
      }
    },
    {
      "type": "Feature",
      "geometry": {
        "type": "Point",
        "coordinates": [
          131.095169,
          31.768847
        ]
      },
      "properties": {
        "name": "高岡ダム",
        "location_marker": "①",
        "pref": "宮崎県",
        "river_system": "大淀川",
        "river": "大淀川",
        "card_ver": "1",
        "facility": "①\n道の駅　都城\n\n②\nのじりこぴあ",
        "hours": "①\n９：0０～１８：００、休館日：１月１日、1月、4月、7月、10月の第3月曜日\n※配布には、ダムへ行った証明（写真等）が必要となります。\n②\n９：００～１７：００（１０月～４月）、９：００～１７：３０（５月～９月）、年中無休\n※配布には、ダムへ行った証明（写真等）が必要となります。",
        "address": "宮崎県都城市都北町５２２５－１",
        "url": "①\nhttp://www.qsr.mlit.go.jp/n-michi/michi_no_eki/kobetu/miyakonojyo/miyakonojyo.html\n\n②\nhttp://www.hermec.co.jp/nojirikopia/"
      }
    },
    {
      "type": "Feature",
      "geometry": {
        "type": "Point",
        "coordinates": [
          131.110092,
          31.961796
        ]
      },
      "properties": {
        "name": "高岡ダム",
        "location_marker": "②",
        "pref": "宮崎県",
        "river_system": "大淀川",
        "river": "大淀川",
        "card_ver": "1",
        "facility": "①\n道の駅　都城\n\n②\nのじりこぴあ",
        "hours": "①\n９：0０～１８：００、休館日：１月１日、1月、4月、7月、10月の第3月曜日\n※配布には、ダムへ行った証明（写真等）が必要となります。\n②\n９：００～１７：００（１０月～４月）、９：００～１７：３０（５月～９月）、年中無休\n※配布には、ダムへ行った証明（写真等）が必要となります。",
        "address": "宮崎県小林市野尻町東麓５１６０",
        "url": "①\nhttp://www.qsr.mlit.go.jp/n-michi/michi_no_eki/kobetu/miyakonojyo/miyakonojyo.html\n\n②\nhttp://www.hermec.co.jp/nojirikopia/"
      }
    },
    {
      "type": "Feature",
      "geometry": {
        "type": "Point",
        "coordinates": [
          137.438416,
          36.640179
        ]
      },
      "properties": {
        "name": "上市川ダム",
        "location_marker": null,
        "pref": "富山県",
        "river_system": "上市川",
        "river": "上市川",
        "card_ver": "1",
        "facility": "上市川ダム管理事務所",
        "hours": "９：００～１７：００\n（土日祝日、年末年始を含む）\n◆上記時間内でも都合により配布できない場合がありますので、お出かけの際は事前に連絡された方が確実です。",
        "address": "富山県中新川郡上市町東種字郷津1-2",
        "url": "http://www.pref.toyama.jp/cms_sec/1551/index.html"
      }
    },
    {
      "type": "Feature",
      "geometry": {
        "type": "Point",
        "coordinates": [
          137.438416,
          36.640179
        ]
      },
      "properties": {
        "name": "上市川第二ダム",
        "location_marker": null,
        "pref": "富山県",
        "river_system": "上市川",
        "river": "上市川",
        "card_ver": "1",
        "facility": "上市川ダム管理事務所",
        "hours": "９：００～１７：００\n（土日祝日、年末年始を含む）\n◆上記時間内でも都合により配布できない場合がありますので、お出かけの際は事前に連絡された方が確実です。",
        "address": "富山県中新川郡上市町東種字郷津1-2",
        "url": "http://www.pref.toyama.jp/cms_sec/1551/index.html"
      }
    },
    {
      "type": "Feature",
      "geometry": {
        "type": "Point",
        "coordinates": [
          137.188858,
          36.49379
        ]
      },
      "properties": {
        "name": "久婦須川ダム",
        "location_marker": null,
        "pref": "富山県",
        "river_system": "神通川",
        "river": "久婦須川",
        "card_ver": "1",
        "facility": "久婦須川ダム管理所",
        "hours": "９：００～１７：００ （土日祝日、年末年始を除く）\n\n◆上記時間内でも都合により配布できない場合がありますので、お出かけの際は事前に連絡された方が確実です。\n",
        "address": "富山県富山市八尾町桐谷字助島18-6",
        "url": "http://www.pref.toyama.jp/cms_sec/1503/kj00014172.html"
      }
    },
    {
      "type": "Feature",
      "geometry": {
        "type": "Point",
        "coordinates": [
          136.872818,
          36.755505
        ]
      },
      "properties": {
        "name": "五位ダム",
        "location_marker": null,
        "pref": "富山県",
        "river_system": "小矢部川",
        "river": "子撫川",
        "card_ver": "1",
        "facility": "五位ダム管理所",
        "hours": "９：００～１６：３０ （土日祝日、年末年始を含む）\n\n◆上記時間内でも都合により配布できない場合がありますので、お出かけの際は事前に連絡された方が確実です。",
        "address": "富山県高岡市福岡町五位堀切191",
        "url": "http://www.pref.toyama.jp/cms_sec/1602/kj00017563.html"
      }
    },
    {
      "type": "Feature",
      "geometry": {
        "type": "Point",
        "coordinates": [
          136.812149,
          36.422241
        ]
      },
      "properties": {
        "name": "刀利ダム",
        "location_marker": null,
        "pref": "富山県",
        "river_system": "小矢部川",
        "river": "小矢部川",
        "card_ver": "1",
        "facility": "小矢部川ダム管理事務所",
        "hours": "９：００～１７：００ （土日祝日、年末年始を含む）\n\n◆上記時間内でも都合により配布できない場合がありますので、お出かけの際は事前に連絡された方が確実です。 ",
        "address": "富山県南砺市刀利字大平72の2",
        "url": "http://www.pref.toyama.jp/cms_sec/1602/kj00017563.html"
      }
    },
    {
      "type": "Feature",
      "geometry": {
        "type": "Point",
        "coordinates": [
          137.020737,
          36.460693
        ]
      },
      "properties": {
        "name": "利賀川ダム",
        "location_marker": "①",
        "pref": "富山県",
        "river_system": "庄川",
        "river": "利賀川",
        "card_ver": "1",
        "facility": "①\n利賀市民センター\n\n②\n利賀川ダム冬期事務所",
        "hours": "①\n９：００～１７：００ \n（土日祝日、年末年始を含む）\n\n②\n９：００～１７：００ \n（１２月～３月のみ配布。土日祝日、年末年始を含む）\n◆上記時間内でも都合により配布できない場合がありますので、お出かけの際は事前に連絡された方が確実です。\n ◆12月～３月の冬期事務所開所期間中のみ配布します。\n",
        "address": "富山県南砺市利賀村171",
        "url": "http://www.pref.toyama.jp/cms_sec/1503/kj00014172.html"
      }
    },
    {
      "type": "Feature",
      "geometry": {
        "type": "Point",
        "coordinates": [
          136.992874,
          36.37746
        ]
      },
      "properties": {
        "name": "利賀川ダム",
        "location_marker": "②",
        "pref": "富山県",
        "river_system": "庄川",
        "river": "利賀川",
        "card_ver": "1",
        "facility": "①\n利賀市民センター\n\n②\n利賀川ダム冬期事務所",
        "hours": "①\n９：００～１７：００ \n（土日祝日、年末年始を含む）\n\n②\n９：００～１７：００ \n（１２月～３月のみ配布。土日祝日、年末年始を含む）\n◆上記時間内でも都合により配布できない場合がありますので、お出かけの際は事前に連絡された方が確実です。\n ◆12月～３月の冬期事務所開所期間中のみ配布します。\n",
        "address": "富山県南砺市利賀村大勘場556",
        "url": "http://www.pref.toyama.jp/cms_sec/1503/kj00014172.html"
      }
    },
    {
      "type": "Feature",
      "geometry": {
        "type": "Point",
        "coordinates": [
          137.041245,
          36.652718
        ]
      },
      "properties": {
        "name": "和田川ダム",
        "location_marker": null,
        "pref": "富山県",
        "river_system": "庄川",
        "river": "和田川",
        "card_ver": "1",
        "facility": "和田川ダム管理事務所",
        "hours": "９：００～１７：００\n（土日祝日、年末年始を含む）\n◆上記時間内でも都合により配布できない場合がありますので、お出かけの際は事前に連絡された方が確実です。",
        "address": "富山県砺波市増山1491",
        "url": "http://www.pref.toyama.jp/cms_sec/1552/index.html"
      }
    },
    {
      "type": "Feature",
      "geometry": {
        "type": "Point",
        "coordinates": [
          136.873062,
          36.493355
        ]
      },
      "properties": {
        "name": "城端ダム",
        "location_marker": null,
        "pref": "富山県",
        "river_system": "小矢部川",
        "river": "山田川",
        "card_ver": "1",
        "facility": "城端ダム管理所",
        "hours": "９：００～１７：００ （土日祝日、年末年始を除く）\n\n◆上記時間内でも都合により配布できない場合がありますので、お出かけの際は事前に連絡された方が確実です。",
        "address": "富山県南砺市上原字大仏島811",
        "url": "http://www.pref.toyama.jp/cms_sec/1503/kj00014172.html"
      }
    },
    {
      "type": "Feature",
      "geometry": {
        "type": "Point",
        "coordinates": [
          136.813782,
          36.324806
        ]
      },
      "properties": {
        "name": "境川ダム",
        "location_marker": null,
        "pref": "富山県",
        "river_system": "庄川",
        "river": "境川",
        "card_ver": "1",
        "facility": "桂湖ビジターセンター",
        "hours": "９：００～１７：００\n（土日祝日を含む。１１月中旬～５月上旬は配布していません）\n＊火曜日はセンター閉所のため配布しません。\n＊１１月中旬～５月上旬までは道路が通行止めになるため配布しません。",
        "address": "富山県南砺市桂",
        "url": "http://www.pref.toyama.jp/cms_sec/1563/index.html"
      }
    },
    {
      "type": "Feature",
      "geometry": {
        "type": "Point",
        "coordinates": [
          137.485733,
          36.859489
        ]
      },
      "properties": {
        "name": "大谷ダム\n［富山県］",
        "location_marker": null,
        "pref": "富山県",
        "river_system": "黒瀬川",
        "river": "大谷川",
        "card_ver": "1",
        "facility": "大谷ダム管理所",
        "hours": "９：００～１７：００ （土日祝日、年末年始を除く）\n\n◆上記時間内でも都合により配布できない場合がありますので、お出かけの際は事前に連絡された方が確実です。 ",
        "address": "富山県黒部市栗寺字南大平208-9",
        "url": "http://www.pref.toyama.jp/cms_sec/1503/kj00014172.html"
      }
    },
    {
      "type": "Feature",
      "geometry": {
        "type": "Point",
        "coordinates": [
          136.858704,
          36.693089
        ]
      },
      "properties": {
        "name": "子撫川ダム",
        "location_marker": null,
        "pref": "富山県",
        "river_system": "小矢部川",
        "river": "子撫川",
        "card_ver": "1",
        "facility": "子撫川統合ダム管理事務所",
        "hours": "９：００～１７：００\n（土日祝日、年末年始を含む）\n◆上記時間内でも都合により配布できない場合がありますので、お出かけの際は事前に連絡された方が確実です。",
        "address": "富山県小矢部市宮中字新村15",
        "url": "http://www.pref.toyama.jp/cms_sec/1559/index.html"
      }
    },
    {
      "type": "Feature",
      "geometry": {
        "type": "Point",
        "coordinates": [
          137.580658,
          36.819408
        ]
      },
      "properties": {
        "name": "宇奈月ダム",
        "location_marker": null,
        "pref": "富山県",
        "river_system": "黒部川",
        "river": "黒部川",
        "card_ver": "3",
        "facility": "宇奈月ダム管理所",
        "hours": "9:00～16:30　休館日：年末年始",
        "address": "富山県黒部市宇奈月町舟見明日音沢４－９",
        "url": "http://www.hrr.mlit.go.jp/kurobe/"
      }
    },
    {
      "type": "Feature",
      "geometry": {
        "type": "Point",
        "coordinates": [
          137.073822,
          36.497665
        ]
      },
      "properties": {
        "name": "室牧ダム",
        "location_marker": null,
        "pref": "富山県",
        "river_system": "神通川",
        "river": "井田川",
        "card_ver": "1",
        "facility": "室牧ダム管理事務所",
        "hours": "９：００～１７：００\n（土日祝日を含む）\n◆上記時間内でも都合により配布できない場合がありますので、お出かけの際は事前に連絡された方が確実です。\n＊１１月下旬～４月末までは道路が通行止めになるため配布しません。",
        "address": "富山県富山市八尾町蒲谷41-3\n＊道路の道幅が狭く、広い駐車スペースがないので、ご注意ください。",
        "url": "http://www.pref.toyama.jp/cms_sec/1550/index.html"
      }
    },
    {
      "type": "Feature",
      "geometry": {
        "type": "Point",
        "coordinates": [
          136.995193,
          36.572254
        ]
      },
      "properties": {
        "name": "小牧ダム",
        "location_marker": null,
        "pref": "富山県",
        "river_system": "庄川",
        "river": "庄川",
        "card_ver": "1",
        "facility": "庄川ウッドプラザ",
        "hours": "9:00～18:00\n※12月1日～2月末日は16:00閉館\n休館日は年末年始\n※12月1日～2月末日は毎週火曜日休",
        "address": "富山県砺波市庄川町金屋1058",
        "url": "https://mizukinen.com/woodplaza.html"
      }
    },
    {
      "type": "Feature",
      "geometry": {
        "type": "Point",
        "coordinates": [
          137.530182,
          36.791271
        ]
      },
      "properties": {
        "name": "布施川ダム",
        "location_marker": null,
        "pref": "富山県",
        "river_system": "片貝川",
        "river": "布施川",
        "card_ver": "1",
        "facility": "布施川ダム管理所",
        "hours": "９：００～１７：００ （土日祝日、年末年始を除く）\n\n◆上記時間内でも都合により配布できない場合がありますので、お出かけの際は事前に連絡された方が確実です。 ",
        "address": "富山県黒部市福平字大坂285",
        "url": "http://www.pref.toyama.jp/cms_sec/1503/kj00014172.html"
      }
    },
    {
      "type": "Feature",
      "geometry": {
        "type": "Point",
        "coordinates": [
          137.518951,
          36.471951
        ]
      },
      "properties": {
        "name": "有峰ダム",
        "location_marker": null,
        "pref": "富山県",
        "river_system": "常願寺川",
        "river": "和田川",
        "card_ver": "1",
        "facility": "有峰ビジターセンター",
        "hours": "9:00～16:30（土・日・祝日を含む）\n※冬期期間（例年11月上旬～5月31日）は有峰林道閉鎖のため、配付はできません。",
        "address": "富山県富山市有峰２６－１５",
        "url": "http://www.rikuden.co.jp/pr/arimine.html"
      }
    },
    {
      "type": "Feature",
      "geometry": {
        "type": "Point",
        "coordinates": [
          137.559982,
          36.946186
        ]
      },
      "properties": {
        "name": "朝日小川ダム",
        "location_marker": null,
        "pref": "富山県",
        "river_system": "小川",
        "river": "小川",
        "card_ver": "1",
        "facility": "朝日小川ダム管理所",
        "hours": "９：００～１７：００ （土日祝日、年末年始を除く）\n\n◆上記時間内でも都合により配布できない場合がありますので、お出かけの際は事前に連絡された方が確実です。 ",
        "address": "富山県下新川郡朝日村山崎字道口1-6",
        "url": "http://www.pref.toyama.jp/cms_sec/1503/kj00014172.html"
      }
    },
    {
      "type": "Feature",
      "geometry": {
        "type": "Point",
        "coordinates": [
          137.064362,
          36.582733
        ]
      },
      "properties": {
        "name": "湯谷川ダム",
        "location_marker": null,
        "pref": "富山県",
        "river_system": "神通川",
        "river": "湯谷川",
        "card_ver": "1",
        "facility": "湯谷川ダム管理事務所",
        "hours": "９：００～１５：００ （土日祝日、年末年始を含む）\n\n◆上記時間内でも都合により配布できない場合がありますので、お出かけの際は事前に連絡された方が確実です。",
        "address": "富山県富山市山田中村字赤目谷614",
        "url": "http://www.pref.toyama.jp/cms_sec/1602/kj00017563.html"
      }
    },
    {
      "type": "Feature",
      "geometry": {
        "type": "Point",
        "coordinates": [
          137.31311,
          36.551006
        ]
      },
      "properties": {
        "name": "熊野川ダム",
        "location_marker": null,
        "pref": "富山県",
        "river_system": "神通川",
        "river": "熊野川",
        "card_ver": "1",
        "facility": "熊野川ダム管理所",
        "hours": "９：００～１７：００ （土日祝日、年末年始を除く）\n\n◆上記時間内でも都合により配布できない場合がありますので、お出かけの際は事前に連絡された方が確実です。\n ◆12月上旬～5月下旬までは道路が通行止めになるため配布しません。",
        "address": "富山県富山市手出12",
        "url": "http://www.pref.toyama.jp/cms_sec/1503/kj00014172.html"
      }
    },
    {
      "type": "Feature",
      "geometry": {
        "type": "Point",
        "coordinates": [
          137.370209,
          36.638206
        ]
      },
      "properties": {
        "name": "白岩川ダム",
        "location_marker": null,
        "pref": "富山県",
        "river_system": "白岩川",
        "river": "白岩川",
        "card_ver": "1",
        "facility": "白岩川ダム管理事務所",
        "hours": "９：００～１７：００\n（4月～10月は土日祝日を含む、11月～3月は土日祝日及び年末年始を除く）\n◆上記時間内でも都合により配布できない場合がありますので、お出かけの際は事前に連絡された方が確実です。",
        "address": "富山県中新川郡立山町白岩字矢割29",
        "url": "http://www.pref.toyama.jp/cms_sec/1554/index.html"
      }
    },
    {
      "type": "Feature",
      "geometry": {
        "type": "Point",
        "coordinates": [
          136.812149,
          36.422241
        ]
      },
      "properties": {
        "name": "臼中ダム",
        "location_marker": null,
        "pref": "富山県",
        "river_system": "小矢部川",
        "river": "小矢部川",
        "card_ver": "1",
        "facility": "小矢部川ダム管理事務所",
        "hours": "９：００～１７：００ （土日祝日、年末年始を含む）\n\n◆上記時間内でも都合により配布できない場合がありますので、お出かけの際は事前に連絡された方が確実です。 ",
        "address": "富山県南砺市刀利字大平72の2",
        "url": "http://www.pref.toyama.jp/cms_sec/1602/kj00017563.html"
      }
    },
    {
      "type": "Feature",
      "geometry": {
        "type": "Point",
        "coordinates": [
          137.55304,
          36.881634
        ]
      },
      "properties": {
        "name": "舟川ダム",
        "location_marker": null,
        "pref": "富山県",
        "river_system": "小川",
        "river": "舟川",
        "card_ver": "1",
        "facility": "舟川ダム管理所",
        "hours": "９：００～１７：００ （土日祝日、年末年始を除く）\n\n◆上記時間内でも都合により配布できない場合がありますので、お出かけの際は事前に連絡された方が確実です。 \n◆12月上旬～5月上旬までは道路が通行止めになるため配布しません。",
        "address": "富山県下新川郡入善町舟見六谷12",
        "url": "http://www.pref.toyama.jp/cms_sec/1503/kj00014172.html"
      }
    },
    {
      "type": "Feature",
      "geometry": {
        "type": "Point",
        "coordinates": [
          137.441406,
          36.754784
        ]
      },
      "properties": {
        "name": "角川ダム",
        "location_marker": null,
        "pref": "富山県",
        "river_system": "角川",
        "river": "角川",
        "card_ver": "1",
        "facility": "角川ダム管理所",
        "hours": "９：００～１７：００ （土日祝日、年末年始を除く）\n\n◆上記時間内でも都合により配布できない場合がありますので、お出かけの際は事前に連絡された方が確実です。 ",
        "address": "富山県魚津市鹿熊487",
        "url": "http://www.pref.toyama.jp/cms_sec/1503/kj00014172.html"
      }
    },
    {
      "type": "Feature",
      "geometry": {
        "type": "Point",
        "coordinates": [
          137.581909,
          36.583675
        ]
      },
      "properties": {
        "name": "黒部ダム\n［関西電力］",
        "location_marker": null,
        "pref": "富山県",
        "river_system": "黒部川",
        "river": "黒部川",
        "card_ver": "4",
        "facility": "黒部ダムレストハウス1階黒部ダム案内所",
        "hours": "８：０0～1７：００\n\n※4月中旬頃～11月下旬（土・日・祝日を含む）",
        "address": "富山県中新川郡立山町芦峅寺",
        "url": "https://www.kurobe-dam.com/event_info/damcard.html"
      }
    },
    {
      "type": "Feature",
      "geometry": {
        "type": "Point",
        "coordinates": [
          132.045563,
          34.096893
        ]
      },
      "properties": {
        "name": "中山川ダム",
        "location_marker": null,
        "pref": "山口県",
        "river_system": "島田川",
        "river": "中山川",
        "card_ver": "1",
        "facility": "岩国市周東総合支所",
        "hours": "9:00～17:00\n（土・日・祝日・12/29～1/3は除く）\n※配布条件として、ダムへ行った証明（写真）を提示すること。",
        "address": "山口県岩国市周東町下久原1208-1",
        "url": "https://www.pref.yamaguchi.lg.jp/soshiki/132/23907.html"
      }
    },
    {
      "type": "Feature",
      "geometry": {
        "type": "Point",
        "coordinates": [
          131.642426,
          34.291553
        ]
      },
      "properties": {
        "name": "佐波川ダム",
        "location_marker": null,
        "pref": "山口県",
        "river_system": "佐波川",
        "river": "佐波川",
        "card_ver": "1",
        "facility": "山口県佐波川ダム管理事務所",
        "hours": "9:00～17:00\n（土・日・祝日を含む）",
        "address": "山口県山口市徳地野谷字掛の平620番地",
        "url": "https://www.pref.yamaguchi.lg.jp/soshiki/132/23881.html"
      }
    },
    {
      "type": "Feature",
      "geometry": {
        "type": "Point",
        "coordinates": [
          131.281021,
          34.064102
        ]
      },
      "properties": {
        "name": "厚東川ダム",
        "location_marker": null,
        "pref": "山口県",
        "river_system": "厚東川",
        "river": "厚東川",
        "card_ver": "1.1",
        "facility": "山口県厚東川ダム管理事務所",
        "hours": "9:00～17:00\n（土・日・祝日を含む）",
        "address": "山口県宇部市大字木田字落畑144-4",
        "url": "https://www.pref.yamaguchi.lg.jp/soshiki/132/23881.html"
      }
    },
    {
      "type": "Feature",
      "geometry": {
        "type": "Point",
        "coordinates": [
          131.798431,
          34.166866
        ]
      },
      "properties": {
        "name": "向道ダム",
        "location_marker": null,
        "pref": "山口県",
        "river_system": "錦川",
        "river": "錦川",
        "card_ver": "1",
        "facility": "山口県向道ダム管理事務所",
        "hours": "9:00～17:00\n（土・日・祝日を含む）",
        "address": "山口県周南市大字大道理260-7",
        "url": "https://www.pref.yamaguchi.lg.jp/soshiki/132/23881.html"
      }
    },
    {
      "type": "Feature",
      "geometry": {
        "type": "Point",
        "coordinates": [
          131.047333,
          34.367596
        ]
      },
      "properties": {
        "name": "大坊ダム",
        "location_marker": null,
        "pref": "山口県",
        "river_system": "掛淵川",
        "river": "大坊川",
        "card_ver": "1",
        "facility": "山口県大坊ダム管理所",
        "hours": "9:00～17:00\n（土・日・祝日を含む）",
        "address": "山口県長門市油谷河原坂根",
        "url": "https://www.pref.yamaguchi.lg.jp/soshiki/132/23881.html"
      }
    },
    {
      "type": "Feature",
      "geometry": {
        "type": "Point",
        "coordinates": [
          131.28894,
          34.057949
        ]
      },
      "properties": {
        "name": "宇部丸山ダム",
        "location_marker": "①",
        "pref": "山口県",
        "river_system": "厚東川",
        "river": "薬師川",
        "card_ver": "1",
        "facility": "①\n二俣瀬地域交流センター\nダムの郷\n\n②\n二俣瀬ふれあい市場",
        "hours": "①\n10:00～16:00\n（土・日・祝日、お盆、年末年始を除く）\n\n②\n10:00～14:00\n（土・日のみ配布）(年末年始を除く）",
        "address": "山口県宇部市大字木田520-4",
        "url": "①\nhttps://www.pref.yamaguchi.lg.jp/soshiki/161/25965.html\n\n②\nhttps://www.pref.yamaguchi.lg.jp/soshiki/161/25965.html"
      }
    },
    {
      "type": "Feature",
      "geometry": {
        "type": "Point",
        "coordinates": [
          131.28894,
          34.057949
        ]
      },
      "properties": {
        "name": "宇部丸山ダム",
        "location_marker": "②",
        "pref": "山口県",
        "river_system": "厚東川",
        "river": "薬師川",
        "card_ver": "1",
        "facility": "①\n二俣瀬地域交流センター\nダムの郷\n\n②\n二俣瀬ふれあい市場",
        "hours": "①\n10:00～16:00\n（土・日・祝日、お盆、年末年始を除く）\n\n②\n10:00～14:00\n（土・日のみ配布）(年末年始を除く）",
        "address": "山口県宇部市大字木田519",
        "url": "①\nhttps://www.pref.yamaguchi.lg.jp/soshiki/161/25965.html\n\n②\nhttps://www.pref.yamaguchi.lg.jp/soshiki/161/25965.html"
      }
    },
    {
      "type": "Feature",
      "geometry": {
        "type": "Point",
        "coordinates": [
          132.206451,
          33.922737
        ]
      },
      "properties": {
        "name": "屋代ダム",
        "location_marker": null,
        "pref": "山口県",
        "river_system": "屋代川",
        "river": "屋代川",
        "card_ver": "1.1",
        "facility": "日本ハワイ移民資料館",
        "hours": "９時30分から１６時30分まで\n（月曜日（月曜日が祝日の時はその翌日）および12/29～1/3を除く）\n※配布条件として、ダムへ行った証明（写真）を提示すること。",
        "address": "山口県大島郡周防大島町大字西屋代2144",
        "url": "https://www.pref.yamaguchi.lg.jp/soshiki/132/23881.html"
      }
    },
    {
      "type": "Feature",
      "geometry": {
        "type": "Point",
        "coordinates": [
          131.767929,
          34.173935
        ]
      },
      "properties": {
        "name": "島地川ダム",
        "location_marker": null,
        "pref": "山口県",
        "river_system": "佐波川",
        "river": "島地川",
        "card_ver": "2",
        "facility": "島地川ダム管理支所",
        "hours": "9:00～17:00\n（土・日・祝日を含む）\n平日・休日共に管理所玄関のインターホンを押してください。",
        "address": "山口県周南市大字高瀬２５７",
        "url": "http://www.cgr.mlit.go.jp/yamaguchi/"
      }
    },
    {
      "type": "Feature",
      "geometry": {
        "type": "Point",
        "coordinates": [
          131.787979,
          34.108047
        ]
      },
      "properties": {
        "name": "川上ダム\n［山口県］",
        "location_marker": null,
        "pref": "山口県",
        "river_system": "富田川",
        "river": "富田川",
        "card_ver": "3",
        "facility": "山口県川上ダム管理事務所",
        "hours": "9:00～17:00\n（土・日・祝日を含む）",
        "address": "山口県周南市大字川上13-1",
        "url": "https://www.pref.yamaguchi.lg.jp/soshiki/132/23881.html"
      }
    },
    {
      "type": "Feature",
      "geometry": {
        "type": "Point",
        "coordinates": [
          131.921814,
          34.274345
        ]
      },
      "properties": {
        "name": "平瀬ダム",
        "location_marker": null,
        "pref": "山口県",
        "river_system": "錦川",
        "river": "錦川",
        "card_ver": "4",
        "facility": "山口県菅野・平瀬ダム統合管理事務所",
        "hours": "9:00～17:00\n（土・日・祝日を含む）",
        "address": "山口県岩国市錦町広瀬5341- 1",
        "url": "https://www.pref.yamaguchi.lg.jp/soshiki/132/23881.html"
      }
    },
    {
      "type": "Feature",
      "geometry": {
        "type": "Point",
        "coordinates": [
          131.121628,
          34.225925
        ]
      },
      "properties": {
        "name": "木屋川ダム",
        "location_marker": null,
        "pref": "山口県",
        "river_system": "木屋川",
        "river": "木屋川",
        "card_ver": "1",
        "facility": "山口県木屋川ダム管理事務所",
        "hours": "9:00～17:00\n（土・日・祝日を含む）",
        "address": "山口県下関市豊田町大字大河内字切石",
        "url": "https://www.pref.yamaguchi.lg.jp/soshiki/132/23881.html"
      }
    },
    {
      "type": "Feature",
      "geometry": {
        "type": "Point",
        "coordinates": [
          131.872162,
          34.089306
        ]
      },
      "properties": {
        "name": "末武川ダム",
        "location_marker": null,
        "pref": "山口県",
        "river_system": "末武川",
        "river": "末武川",
        "card_ver": "1",
        "facility": "下松市役所米川公民館",
        "hours": "9:00～17:00\n（土・日・祝日を含む）\n（毎月第３日曜日および12/29～1/3を除く）\n※配布条件として、ダムへ行った証明（写真）を提示すること。",
        "address": "山口県下松市下谷167-1",
        "url": "https://www.pref.yamaguchi.lg.jp/soshiki/132/23881.html"
      }
    },
    {
      "type": "Feature",
      "geometry": {
        "type": "Point",
        "coordinates": [
          131.906876,
          34.171551
        ]
      },
      "properties": {
        "name": "水越ダム",
        "location_marker": null,
        "pref": "山口県",
        "river_system": "錦川",
        "river": "錦川",
        "card_ver": "1",
        "facility": "山口県企業局東部発電事務所\nダム管理課",
        "hours": "9:00～17:00\n（土・日・祝日および12/29～1/3を除く）",
        "address": "山口県周南市金峰北小田原842-2",
        "url": "https://www.pref.yamaguchi.lg.jp/soshiki/161/25965.html"
      }
    },
    {
      "type": "Feature",
      "geometry": {
        "type": "Point",
        "coordinates": [
          131.03656,
          34.152039
        ]
      },
      "properties": {
        "name": "湯の原ダム",
        "location_marker": null,
        "pref": "山口県",
        "river_system": "木屋川",
        "river": "木屋川",
        "card_ver": "1",
        "facility": "山口県企業局西部利水事務所",
        "hours": "9:00～17:00\n（土・日・祝日・12/29～1/3は除く）",
        "address": "山口県下関市菊川町西中山３８４－１",
        "url": "https://www.pref.yamaguchi.lg.jp/soshiki/161/25965.html"
      }
    },
    {
      "type": "Feature",
      "geometry": {
        "type": "Point",
        "coordinates": [
          131.253769,
          34.358665
        ]
      },
      "properties": {
        "name": "湯免ダム",
        "location_marker": null,
        "pref": "山口県",
        "river_system": "三隅川",
        "river": "辻並川",
        "card_ver": "1",
        "facility": "長門市役所三隅支所",
        "hours": "8:30～17:15(土・日・祝日を含む)\n※配布条件として、ダムへ行った証明（写真）を提示すること。",
        "address": "山口県長門市三隅中1473番地",
        "url": "https://www.pref.yamaguchi.lg.jp/soshiki/132/23881.html"
      }
    },
    {
      "type": "Feature",
      "geometry": {
        "type": "Point",
        "coordinates": [
          132.02681,
          34.211948
        ]
      },
      "properties": {
        "name": "生見川ダム",
        "location_marker": null,
        "pref": "山口県",
        "river_system": "錦川",
        "river": "生見川",
        "card_ver": "2",
        "facility": "山口県生見川ダム管理所",
        "hours": "9:00～17:00\n（土・日・祝日を含む）",
        "address": "山口県岩国市美川町南桑小郷11701-3",
        "url": "https://www.pref.yamaguchi.lg.jp/soshiki/132/23881.html"
      }
    },
    {
      "type": "Feature",
      "geometry": {
        "type": "Point",
        "coordinates": [
          131.22554,
          34.006836
        ]
      },
      "properties": {
        "name": "美祢ダム",
        "location_marker": null,
        "pref": "山口県",
        "river_system": "厚狭川",
        "river": "日永川",
        "card_ver": "1",
        "facility": "山口県企業局厚東川工業用水道事務所",
        "hours": "9:00～17:00\n（土・日・祝日・12/29～1/3は除く）",
        "address": "山口県宇部市西宇部北5丁目6-4",
        "url": "https://www.pref.yamaguchi.lg.jp/soshiki/161/25965.html"
      }
    },
    {
      "type": "Feature",
      "geometry": {
        "type": "Point",
        "coordinates": [
          131.935074,
          34.144592
        ]
      },
      "properties": {
        "name": "菅野ダム",
        "location_marker": null,
        "pref": "山口県",
        "river_system": "錦川",
        "river": "錦川",
        "card_ver": "2",
        "facility": "山口県菅野ダム管理所",
        "hours": "9:00～17:00\n（土・日・祝日を含む）",
        "address": "山口県周南市大字中須北字川平194-3",
        "url": "https://www.pref.yamaguchi.lg.jp/soshiki/132/23881.html"
      }
    },
    {
      "type": "Feature",
      "geometry": {
        "type": "Point",
        "coordinates": [
          131.140091,
          34.778282
        ]
      },
      "properties": {
        "name": "見島ダム",
        "location_marker": null,
        "pref": "山口県",
        "river_system": "大谷川",
        "river": "大谷川",
        "card_ver": "1",
        "facility": "萩市役所見島支所",
        "hours": "9:00～17:00\n（土・日・祝日を含む）\n（12/29～1/3を除く）\n※配布条件として、ダムへ行った証明（写真）を提示すること。",
        "address": "山口県萩市見島326-12",
        "url": "https://www.pref.yamaguchi.lg.jp/soshiki/132/23881.html"
      }
    },
    {
      "type": "Feature",
      "geometry": {
        "type": "Point",
        "coordinates": [
          131.495499,
          34.35368
        ]
      },
      "properties": {
        "name": "阿武川ダム",
        "location_marker": null,
        "pref": "山口県",
        "river_system": "阿武川",
        "river": "阿武川",
        "card_ver": "1",
        "facility": "山口県阿武川ダム管理事務所",
        "hours": "9:00～17:00\n（土・日・祝日を含む）",
        "address": "山口県萩市川上2343-1",
        "url": "https://www.pref.yamaguchi.lg.jp/soshiki/132/23881.html"
      }
    },
    {
      "type": "Feature",
      "geometry": {
        "type": "Point",
        "coordinates": [
          132.112854,
          33.983452
        ]
      },
      "properties": {
        "name": "黒杭川ダム",
        "location_marker": null,
        "pref": "山口県",
        "river_system": "柳井川",
        "river": "黒杭川",
        "card_ver": "2.1",
        "facility": "山口県黒杭川ダム管理所",
        "hours": "9:00～17:00\n（土・日・祝日を含む）",
        "address": "山口県柳井市柳井森ヶ迫1031-4",
        "url": "https://www.pref.yamaguchi.lg.jp/soshiki/132/23881.html"
      }
    },
    {
      "type": "Feature",
      "geometry": {
        "type": "Point",
        "coordinates": [
          132.112854,
          33.983452
        ]
      },
      "properties": {
        "name": "黒杭川上流ダム",
        "location_marker": null,
        "pref": "山口県",
        "river_system": "柳井川",
        "river": "黒杭川",
        "card_ver": "1.2",
        "facility": "山口県黒杭川ダム管理所",
        "hours": "9:00～17:00\n（土・日・祝日を含む）",
        "address": "山口県柳井市柳井森ヶ迫1031-4",
        "url": "https://www.pref.yamaguchi.lg.jp/soshiki/132/23881.html"
      }
    },
    {
      "type": "Feature",
      "geometry": {
        "type": "Point",
        "coordinates": [
          140.174683,
          38.320072
        ]
      },
      "properties": {
        "name": "上郷ダム",
        "location_marker": "①",
        "pref": "山形県",
        "river_system": "最上川",
        "river": "最上川",
        "card_ver": "1.1",
        "facility": "①\n道の駅　あさひまち\n\n②\n松本亭一農舎",
        "hours": "①\n9:00～18：00\n冬期は9：00～17：00\n※上記時間内でも都合により配布できない場合があります。\n\n②\n9:00～18：00\n※上記時間内でも都合により配布できない場合があります。",
        "address": "山形県西村山郡朝日町大字和合字北又２７７４",
        "url": "https://www.tohoku-epco.co.jp/information/1216232_2521.html"
      }
    },
    {
      "type": "Feature",
      "geometry": {
        "type": "Point",
        "coordinates": [
          140.121429,
          38.291195
        ]
      },
      "properties": {
        "name": "上郷ダム",
        "location_marker": "②",
        "pref": "山形県",
        "river_system": "最上川",
        "river": "最上川",
        "card_ver": "1.1",
        "facility": "①\n道の駅　あさひまち\n\n②\n松本亭一農舎",
        "hours": "①\n9:00～18：00\n冬期は9：00～17：00\n※上記時間内でも都合により配布できない場合があります。\n\n②\n9:00～18：00\n※上記時間内でも都合により配布できない場合があります。",
        "address": "山形県西村山郡朝日町常盤ろ１",
        "url": "https://www.tohoku-epco.co.jp/information/1216232_2521.html"
      }
    },
    {
      "type": "Feature",
      "geometry": {
        "type": "Point",
        "coordinates": [
          139.821671,
          38.548119
        ]
      },
      "properties": {
        "name": "八久和ダム",
        "location_marker": null,
        "pref": "山形県",
        "river_system": "赤川",
        "river": "梵字川",
        "card_ver": "1",
        "facility": "庄内発電技術センター赤川ダム管理所",
        "hours": "9：00～17：00",
        "address": "山形県鶴岡市大針字仲畑55-1",
        "url": "https://www.tohoku-epco.co.jp/pastinformation/1201881_821.html"
      }
    },
    {
      "type": "Feature",
      "geometry": {
        "type": "Point",
        "coordinates": [
          140.217346,
          38.13612
        ]
      },
      "properties": {
        "name": "前川ダム",
        "location_marker": "①",
        "pref": "山形県",
        "river_system": "最上川",
        "river": "前川",
        "card_ver": "1",
        "facility": "①\n前川ダム管理所\n\n②\n村山総合支庁\n山形統合ダム管理課",
        "hours": "①\n9:00～17:00\n（土・日・祝日・年末年始を除く）\n\n②\n9:00～16:30\n（土・日・祝日・年末年始を除く）\n※ダムカードの配布場所とダムは離れておりますのでご注意願います。また、ダムカードをご希望の場合はダムを訪れた証明（写真等）が必要となります。\n※11月末から４月下旬までは、村山総合支庁山形統合ダム管理課においてのみ配布いたします。",
        "address": "山形県上山市川口地内",
        "url": "https://www.pref.yamagata.jp/180006/kurashi/kendo/kasen_dam/dam/dam_kenmin/damcard.html"
      }
    },
    {
      "type": "Feature",
      "geometry": {
        "type": "Point",
        "coordinates": [
          140.354996,
          38.244652
        ]
      },
      "properties": {
        "name": "前川ダム",
        "location_marker": "②",
        "pref": "山形県",
        "river_system": "最上川",
        "river": "前川",
        "card_ver": "1",
        "facility": "①\n前川ダム管理所\n\n②\n村山総合支庁\n山形統合ダム管理課",
        "hours": "①\n9:00～17:00\n（土・日・祝日・年末年始を除く）\n\n②\n9:00～16:30\n（土・日・祝日・年末年始を除く）\n※ダムカードの配布場所とダムは離れておりますのでご注意願います。また、ダムカードをご希望の場合はダムを訪れた証明（写真等）が必要となります。\n※11月末から４月下旬までは、村山総合支庁山形統合ダム管理課においてのみ配布いたします。",
        "address": "山形県山形市小白川町4丁目10-7",
        "url": "https://www.pref.yamagata.jp/180006/kurashi/kendo/kasen_dam/dam/dam_kenmin/damcard.html"
      }
    },
    {
      "type": "Feature",
      "geometry": {
        "type": "Point",
        "coordinates": [
          140.022995,
          38.455948
        ]
      },
      "properties": {
        "name": "寒河江ダム",
        "location_marker": null,
        "pref": "山形県",
        "river_system": "最上川",
        "river": "寒河江川",
        "card_ver": "1.1",
        "facility": "最上川ダム統合管理事務所\n（寒河江ダム）",
        "hours": "9:00～17:00（土・日・祝日を含む）",
        "address": "山形県西村山郡西川町大字砂子関158",
        "url": "https://www.thr.mlit.go.jp/mogami/sagae-info/overview.html"
      }
    },
    {
      "type": "Feature",
      "geometry": {
        "type": "Point",
        "coordinates": [
          139.821671,
          38.548119
        ]
      },
      "properties": {
        "name": "新落合ダム",
        "location_marker": null,
        "pref": "山形県",
        "river_system": "赤川",
        "river": "赤川",
        "card_ver": "1",
        "facility": "庄内発電技術センター赤川ダム管理所",
        "hours": "9：00～17：00",
        "address": "山形県鶴岡市大針字仲畑55-1",
        "url": "https://www.tohoku-epco.co.jp/pastinformation/1201881_821.html"
      }
    },
    {
      "type": "Feature",
      "geometry": {
        "type": "Point",
        "coordinates": [
          140.558884,
          38.724319
        ]
      },
      "properties": {
        "name": "最上小国川流水型ダム",
        "location_marker": null,
        "pref": "山形県",
        "river_system": "最上川",
        "river": "最上小国川",
        "card_ver": "1",
        "facility": "「おくのほそ道」\n赤倉ゆけむり館",
        "hours": "9:00～20:30　※水曜日は13:00～20:30\n（『「おくのほそ道」赤倉ゆけむり館』の休館日及び営業時間外を除く）\n※ダムカードの配布場所とダムは離れておりますのでご注意願います。\n※ダム管理所入口にダムカード引換用紙を準備しております。ご記入の上赤倉ゆけむり館へお越しください。",
        "address": "山形県最上郡最上町大字富澤 817-1",
        "url": "https://www.pref.yamagata.jp/314074/kensei/shoukai/soshikiannai/mogamikensetsu/20201130-01.html"
      }
    },
    {
      "type": "Feature",
      "geometry": {
        "type": "Point",
        "coordinates": [
          139.894241,
          38.556274
        ]
      },
      "properties": {
        "name": "月山ダム",
        "location_marker": null,
        "pref": "山形県",
        "river_system": "赤川",
        "river": "梵字川",
        "card_ver": "1.1",
        "facility": "月山ダム管理所",
        "hours": "9:00～16:30（土・日・祝日を含む）\n※12月～3月は平日のみ",
        "address": "山形県鶴岡市上名川字東山8-112",
        "url": "https://www.thr.mlit.go.jp/gassan/"
      }
    },
    {
      "type": "Feature",
      "geometry": {
        "type": "Point",
        "coordinates": [
          140.034683,
          38.110725
        ]
      },
      "properties": {
        "name": "木地山ダム",
        "location_marker": null,
        "pref": "山形県",
        "river_system": "最上川",
        "river": "置賜野川",
        "card_ver": "1.1",
        "facility": "置賜総合支庁\n西置賜地域振興局内\n総合案内窓口（１階）",
        "hours": "８:３0～1７:00\n（土・日・祝日・年末年始を除く）\n※ダムカードの配布場所とダムは離れておりますのでご注意願います。",
        "address": "山形県長井市高野町二丁目3番１号",
        "url": "https://www.pref.yamagata.jp/180006/kurashi/kendo/kasen_dam/dam/dam_kenmin/damcard.html"
      }
    },
    {
      "type": "Feature",
      "geometry": {
        "type": "Point",
        "coordinates": [
          139.821671,
          38.548119
        ]
      },
      "properties": {
        "name": "梵字川ダム",
        "location_marker": null,
        "pref": "山形県",
        "river_system": "赤川",
        "river": "梵字川",
        "card_ver": "1",
        "facility": "庄内発電技術センター赤川ダム管理所",
        "hours": "9：00～17：00",
        "address": "山形県鶴岡市大針字仲畑55-1",
        "url": "https://www.tohoku-epco.co.jp/pastinformation/1201881_821.html"
      }
    },
    {
      "type": "Feature",
      "geometry": {
        "type": "Point",
        "coordinates": [
          139.832672,
          38.044388
        ]
      },
      "properties": {
        "name": "横川ダム\n［国交省］",
        "location_marker": null,
        "pref": "山形県",
        "river_system": "荒川",
        "river": "横川",
        "card_ver": "2",
        "facility": "きてくろ館及び横川ダム管理支所",
        "hours": "9:00～17:00（土・日・祝日を含む）　　　　　　　　　　　　　　　　　　　　　　　　　　　　　　　　　　　　　　　　　　　　　　　　　　　　　　　　　　　　　　　　　　　　　　　　　　　　　　　　　　　　　　　　　　　　　　　　　　　　　　　　　　　　　　　　　　　　　　　　　　　　　　　　　　　　　　　　　　　　　\n※冬期間(12月～4月第一週まで)はきてくろ館閉館のため管理支所にて配布します。",
        "address": "山形県西置賜郡小国町大字綱木箱口736",
        "url": "http://www.hrr.mlit.go.jp/uetsu/contents/dam/yokokawa/index.html"
      }
    },
    {
      "type": "Feature",
      "geometry": {
        "type": "Point",
        "coordinates": [
          140.097778,
          38.436275
        ]
      },
      "properties": {
        "name": "水ヶ瀞ダム",
        "location_marker": null,
        "pref": "山形県",
        "river_system": "最上川",
        "river": "寒河江川",
        "card_ver": "1",
        "facility": "道の駅　にしかわ",
        "hours": "8：30～18：00\n定休日　年末年始\n※上記時間内でも都合により配布できない場合があります。",
        "address": "山形県西村山郡西川町大字水沢２３０４",
        "url": "https://www.tohoku-epco.co.jp/information/1216232_2521.html"
      }
    },
    {
      "type": "Feature",
      "geometry": {
        "type": "Point",
        "coordinates": [
          140.054306,
          38.839767
        ]
      },
      "properties": {
        "name": "田沢川ダム\n【配布停止中】",
        "location_marker": null,
        "pref": "山形県",
        "river_system": "最上川",
        "river": "田沢川",
        "card_ver": "1",
        "facility": "田沢川ダム管理所",
        "hours": "※災害の影響でダムへの経路が全面通行止めとなっているため、ダムカードの配布を一時停止しております。",
        "address": "山形県酒田市山元奥山１１０",
        "url": "https://www.pref.yamagata.jp/180006/kurashi/kendo/kasen_dam/dam/dam_kenmin/damcard.html"
      }
    },
    {
      "type": "Feature",
      "geometry": {
        "type": "Point",
        "coordinates": [
          140.431458,
          38.372887
        ]
      },
      "properties": {
        "name": "留山川ダム",
        "location_marker": "①",
        "pref": "山形県",
        "river_system": "最上川",
        "river": "留山川",
        "card_ver": "1",
        "facility": "①\n留山川ダム管理所\n\n②\n村山総合支庁\n山形統合ダム管理課",
        "hours": "①\n9:00～17:00\n（土・日・祝日・年末年始を除く）\n\n②\n9:00～16:30\n（土・日・祝日・年末年始を除く）\n※ダムカードの配布場所とダムは離れておりますのでご注意願います。また、ダムカードをご希望の場合はダムを訪れた証明（写真等）が必要となります。\n※11月末から４月下旬までは、村山総合支庁山形統合ダム管理課においてのみ配布いたします。",
        "address": "山形県天童市山口地内",
        "url": "https://www.pref.yamagata.jp/180006/kurashi/kendo/kasen_dam/dam/dam_kenmin/damcard.html"
      }
    },
    {
      "type": "Feature",
      "geometry": {
        "type": "Point",
        "coordinates": [
          140.354996,
          38.244652
        ]
      },
      "properties": {
        "name": "留山川ダム",
        "location_marker": "②",
        "pref": "山形県",
        "river_system": "最上川",
        "river": "留山川",
        "card_ver": "1",
        "facility": "①\n留山川ダム管理所\n\n②\n村山総合支庁\n山形統合ダム管理課",
        "hours": "①\n9:00～17:00\n（土・日・祝日・年末年始を除く）\n\n②\n9:00～16:30\n（土・日・祝日・年末年始を除く）\n※ダムカードの配布場所とダムは離れておりますのでご注意願います。また、ダムカードをご希望の場合はダムを訪れた証明（写真等）が必要となります。\n※11月末から４月下旬までは、村山総合支庁山形統合ダム管理課においてのみ配布いたします。",
        "address": "山形県山形市小白川町4丁目10-7",
        "url": "https://www.pref.yamagata.jp/180006/kurashi/kendo/kasen_dam/dam/dam_kenmin/damcard.html"
      }
    },
    {
      "type": "Feature",
      "geometry": {
        "type": "Point",
        "coordinates": [
          139.92215,
          37.977734
        ]
      },
      "properties": {
        "name": "白川ダム\n［国交省］",
        "location_marker": null,
        "pref": "山形県",
        "river_system": "最上川",
        "river": "置賜白川",
        "card_ver": "1",
        "facility": "白川ダム管理支所",
        "hours": "9:00～17:00（土・日・祝日を含む）",
        "address": "山形県西置賜郡飯豊町大字高峰字栗梨沢4215",
        "url": "https://www.thr.mlit.go.jp/mogami/shirakawa-info/overview.html"
      }
    },
    {
      "type": "Feature",
      "geometry": {
        "type": "Point",
        "coordinates": [
          140.426575,
          38.426842
        ]
      },
      "properties": {
        "name": "白水川ダム",
        "location_marker": "①",
        "pref": "山形県",
        "river_system": "最上川",
        "river": "白水川",
        "card_ver": "1",
        "facility": "①\n白水川ダム管理所\n\n\n②\n村山総合支庁\n山形統合ダム管理課",
        "hours": "①\n9:00～17:00\n（土・日・祝日・年末年始を除く）\n\n②\n9:00～16:30\n（土・日・祝日・年末年始を除く）\n※ダムカードの配布場所とダムは離れておりますのでご注意願います。また、ダムカードをご希望の場合はダムを訪れた証明（写真等）が必要となります。\n※11月末から４月下旬までは、村山総合支庁山形統合ダム管理課においてのみ配布いたします。",
        "address": "山形県東根市泉郷地内",
        "url": "https://www.pref.yamagata.jp/180006/kurashi/kendo/kasen_dam/dam/dam_kenmin/damcard.html"
      }
    },
    {
      "type": "Feature",
      "geometry": {
        "type": "Point",
        "coordinates": [
          140.354996,
          38.244652
        ]
      },
      "properties": {
        "name": "白水川ダム",
        "location_marker": "②",
        "pref": "山形県",
        "river_system": "最上川",
        "river": "白水川",
        "card_ver": "1",
        "facility": "①\n白水川ダム管理所\n\n\n②\n村山総合支庁\n山形統合ダム管理課",
        "hours": "①\n9:00～17:00\n（土・日・祝日・年末年始を除く）\n\n②\n9:00～16:30\n（土・日・祝日・年末年始を除く）\n※ダムカードの配布場所とダムは離れておりますのでご注意願います。また、ダムカードをご希望の場合はダムを訪れた証明（写真等）が必要となります。\n※11月末から４月下旬までは、村山総合支庁山形統合ダム管理課においてのみ配布いたします。",
        "address": "山形県山形市小白川町4丁目10-7",
        "url": "https://www.pref.yamagata.jp/180006/kurashi/kendo/kasen_dam/dam/dam_kenmin/damcard.html"
      }
    },
    {
      "type": "Feature",
      "geometry": {
        "type": "Point",
        "coordinates": [
          140.036911,
          37.837376
        ]
      },
      "properties": {
        "name": "綱木川ダム",
        "location_marker": null,
        "pref": "山形県",
        "river_system": "最上川",
        "river": "綱木川",
        "card_ver": "1",
        "facility": "綱木川ダム管理所",
        "hours": "9:３0～1６:00\n（土・日・祝日・年末年始を除く）\n※職員不在の場合がありますので、事前にお問い合わせください。",
        "address": "山形県米沢市大字簗沢字糸畔6984-78",
        "url": "https://www.pref.yamagata.jp/180006/kurashi/kendo/kasen_dam/dam/dam_kenmin/damcard.html"
      }
    },
    {
      "type": "Feature",
      "geometry": {
        "type": "Point",
        "coordinates": [
          139.780136,
          38.503551
        ]
      },
      "properties": {
        "name": "荒沢ダム",
        "location_marker": null,
        "pref": "山形県",
        "river_system": "赤川",
        "river": "赤川",
        "card_ver": "1.1",
        "facility": "庄内総合支庁\n荒沢ダム管理課",
        "hours": "9:00～16:00\n（土・日・祝日を含む）（年末年始を除く）",
        "address": "山形県鶴岡市荒沢字狩篭１４５",
        "url": "https://www.pref.yamagata.jp/180006/kurashi/kendo/kasen_dam/dam/dam_kenmin/damcard.html"
      }
    },
    {
      "type": "Feature",
      "geometry": {
        "type": "Point",
        "coordinates": [
          140.420685,
          38.21207
        ]
      },
      "properties": {
        "name": "蔵王ダム",
        "location_marker": "①",
        "pref": "山形県",
        "river_system": "最上川",
        "river": "馬見ヶ崎川",
        "card_ver": "2",
        "facility": "①\n蔵王ダム管理所\n\n\n②\n村山総合支庁\n山形統合ダム管理課",
        "hours": "①\n9:00～17:00\n（土・日・祝日・年末年始を除く）\n②\n9:00～16:30\n（土・日・祝日・年末年始を除く）\n※ダムカードの配布場所とダムは離れておりますのでご注意願います。また、ダムカードをご希望の場合はダムを訪れた証明（写真等）が必要となります。\n※11月末から４月下旬までは、村山総合支庁山形統合ダム管理課においてのみ配布いたします。",
        "address": "山形県山形市大字上宝沢葉ノ木沢地内",
        "url": "https://www.pref.yamagata.jp/180006/kurashi/kendo/kasen_dam/dam/dam_kenmin/damcard.html"
      }
    },
    {
      "type": "Feature",
      "geometry": {
        "type": "Point",
        "coordinates": [
          140.354996,
          38.244652
        ]
      },
      "properties": {
        "name": "蔵王ダム",
        "location_marker": "②",
        "pref": "山形県",
        "river_system": "最上川",
        "river": "馬見ヶ崎川",
        "card_ver": "2",
        "facility": "①\n蔵王ダム管理所\n\n\n②\n村山総合支庁\n山形統合ダム管理課",
        "hours": "①\n9:00～17:00\n（土・日・祝日・年末年始を除く）\n②\n9:00～16:30\n（土・日・祝日・年末年始を除く）\n※ダムカードの配布場所とダムは離れておりますのでご注意願います。また、ダムカードをご希望の場合はダムを訪れた証明（写真等）が必要となります。\n※11月末から４月下旬までは、村山総合支庁山形統合ダム管理課においてのみ配布いたします。",
        "address": "山形県山形市小白川町4丁目10-7",
        "url": "https://www.pref.yamagata.jp/180006/kurashi/kendo/kasen_dam/dam/dam_kenmin/damcard.html"
      }
    },
    {
      "type": "Feature",
      "geometry": {
        "type": "Point",
        "coordinates": [
          139.90947,
          38.147163
        ]
      },
      "properties": {
        "name": "長井ダム",
        "location_marker": null,
        "pref": "山形県",
        "river_system": "最上川",
        "river": "置賜野川",
        "card_ver": "1",
        "facility": "長井ダム管理支所",
        "hours": "9:00～17:00（土・日・祝日を含む）",
        "address": "山形県長井市平野字北脇ノ沢４１６４－９",
        "url": "https://www.thr.mlit.go.jp/mogami/nagai-info/overview.html"
      }
    },
    {
      "type": "Feature",
      "geometry": {
        "type": "Point",
        "coordinates": [
          140.158325,
          38.984882
        ]
      },
      "properties": {
        "name": "高坂ダム",
        "location_marker": null,
        "pref": "山形県",
        "river_system": "最上川",
        "river": "鮭川",
        "card_ver": "2",
        "facility": "最上総合支庁\n高坂ダム管理課",
        "hours": "9:00～16:00\n（土・日・祝日・年末年始を除く）\n※ダムカードの配布場所とダムは離れておりますのでご注意願います。\n※また、現在災害復旧工事に伴う全面通行止のため、ダムに行くことができません。",
        "address": "山形県最上郡真室川町大字差首鍋２０３５",
        "url": "https://www.pref.yamagata.jp/314076/kensei/shoukai/soshikiannai/mogamikensetsu/314076.html"
      }
    },
    {
      "type": "Feature",
      "geometry": {
        "type": "Point",
        "coordinates": [
          138.810959,
          35.665031
        ]
      },
      "properties": {
        "name": "上日川ダム",
        "location_marker": "①",
        "pref": "山梨県",
        "river_system": "富士川",
        "river": "日川",
        "card_ver": "1",
        "facility": "①\nやまと天目山温泉\n\n②\n道の駅　甲斐大和",
        "hours": "①\n【営業時間】10:00～19:00\n【定 休 日 】水曜日、年末年始\n※ダムカード配布場所とダムは離れた場所ありますのでご注意願います。また、ダムカードが欲しい場合はダムに行った証明（写真等）が必要となります。\n\n②\nグリーンシーズン（3月～１１月）\n【営業時間】９：００～１８：００(水曜日のみ１７：００)\n【定休日】　無休\nスノーシーズン  （１２月～２月）\n【営業時間】９：００～１７：００\n【定休日】 　水曜日・年末年始\n\n※各シーズン期間は変更になる場合がございますので詳細は事前にご確認ください。\n\n※ダムカード配布場所とダムは離れた場所ありますのでご注意願います。また、ダムカードが欲しい場合はダムに行った証明（写真等）が必要となります。",
        "address": "山梨県甲州市大和町木賊517",
        "url": "①\nhttp://www.daibosatsu-kankou.com/facility/yamato_tenmoku_hotspring.php\n\n②\nhttps://kaiyamato.com/"
      }
    },
    {
      "type": "Feature",
      "geometry": {
        "type": "Point",
        "coordinates": [
          138.799042,
          35.65366
        ]
      },
      "properties": {
        "name": "上日川ダム",
        "location_marker": "②",
        "pref": "山梨県",
        "river_system": "富士川",
        "river": "日川",
        "card_ver": "1",
        "facility": "①\nやまと天目山温泉\n\n②\n道の駅　甲斐大和",
        "hours": "①\n【営業時間】10:00～19:00\n【定 休 日 】水曜日、年末年始\n※ダムカード配布場所とダムは離れた場所ありますのでご注意願います。また、ダムカードが欲しい場合はダムに行った証明（写真等）が必要となります。\n\n②\nグリーンシーズン（3月～１１月）\n【営業時間】９：００～１８：００(水曜日のみ１７：００)\n【定休日】　無休\nスノーシーズン  （１２月～２月）\n【営業時間】９：００～１７：００\n【定休日】 　水曜日・年末年始\n\n※各シーズン期間は変更になる場合がございますので詳細は事前にご確認ください。\n\n※ダムカード配布場所とダムは離れた場所ありますのでご注意願います。また、ダムカードが欲しい場合はダムに行った証明（写真等）が必要となります。",
        "address": "山梨県甲州市大和町初鹿野2248",
        "url": "①\nhttp://www.daibosatsu-kankou.com/facility/yamato_tenmoku_hotspring.php\n\n②\nhttps://kaiyamato.com/"
      }
    },
    {
      "type": "Feature",
      "geometry": {
        "type": "Point",
        "coordinates": [
          138.558914,
          35.856319
        ]
      },
      "properties": {
        "name": "塩川ダム",
        "location_marker": null,
        "pref": "山梨県",
        "river_system": "富士川",
        "river": "塩川",
        "card_ver": "2",
        "facility": "大門・塩川ダム管理事務所　塩川ダム管理課",
        "hours": "8:30～17:15\n（土、日、祝祭日も含む）",
        "address": "山梨県北杜市須玉町比志３７８３－１",
        "url": "https://www.pref.yamanashi.jp/dam-dmskkn/92021224905.html"
      }
    },
    {
      "type": "Feature",
      "geometry": {
        "type": "Point",
        "coordinates": [
          138.435074,
          35.923233
        ]
      },
      "properties": {
        "name": "大門ダム\n［山梨県］",
        "location_marker": null,
        "pref": "山梨県",
        "river_system": "富士川",
        "river": "大門川",
        "card_ver": "1",
        "facility": "大門・塩川ダム管理事務所　大門ダム管理課",
        "hours": "8:30～17:15\n（土、日、祝祭日も含む）",
        "address": "山梨県北杜市高根町清里３６５４－７",
        "url": "https://www.pref.yamanashi.jp/dam-dmskkn/toppage.html"
      }
    },
    {
      "type": "Feature",
      "geometry": {
        "type": "Point",
        "coordinates": [
          138.737213,
          35.835087
        ]
      },
      "properties": {
        "name": "広瀬ダム",
        "location_marker": null,
        "pref": "山梨県",
        "river_system": "富士川",
        "river": "笛吹川",
        "card_ver": "1",
        "facility": "広瀬・琴川ダム管理事務所広瀬ダム管理課",
        "hours": "8:30～17:15\n（土、日、祝祭日も含む）",
        "address": "山梨県山梨市三富上釜口篠平１１７８－１",
        "url": "https://www.pref.yamanashi.jp/damu-hrkt/index.html"
      }
    },
    {
      "type": "Feature",
      "geometry": {
        "type": "Point",
        "coordinates": [
          138.952286,
          35.692577
        ]
      },
      "properties": {
        "name": "深城ダム",
        "location_marker": null,
        "pref": "山梨県",
        "river_system": "相模川",
        "river": "葛野川",
        "card_ver": "2",
        "facility": "深城ダム管理事務所",
        "hours": "8:30～17:15\n（土、日、祝祭日も含む）",
        "address": "山梨県大月市七保町瀬戸2308-11",
        "url": "https://www.pref.yamanashi.jp/damu-fk/index.html"
      }
    },
    {
      "type": "Feature",
      "geometry": {
        "type": "Point",
        "coordinates": [
          138.644379,
          35.811237
        ]
      },
      "properties": {
        "name": "琴川ダム",
        "location_marker": null,
        "pref": "山梨県",
        "river_system": "富士川",
        "river": "琴川",
        "card_ver": "1",
        "facility": "広瀬・琴川ダム管理事務所琴川ダム管理課",
        "hours": "8:30～17:15\n（土、日、祝祭日も含む）",
        "address": "山梨県山梨市牧丘町北原４１４０－６１",
        "url": "https://www.pref.yamanashi.jp/damu-hrkt/index.html"
      }
    },
    {
      "type": "Feature",
      "geometry": {
        "type": "Point",
        "coordinates": [
          138.579193,
          35.760036
        ]
      },
      "properties": {
        "name": "荒川ダム",
        "location_marker": null,
        "pref": "山梨県",
        "river_system": "富士川",
        "river": "荒川",
        "card_ver": "1.1",
        "facility": "荒川ダム管理事務所",
        "hours": "8:30～17:15\n（土、日、祝祭日も含む）",
        "address": "山梨県甲府市川窪町浦の山９７２",
        "url": "https://www.pref.yamanashi.jp/damu-arkw/index.html"
      }
    },
    {
      "type": "Feature",
      "geometry": {
        "type": "Point",
        "coordinates": [
          138.276611,
          35.603207
        ]
      },
      "properties": {
        "name": "西山ダム\n［山梨県］",
        "location_marker": null,
        "pref": "山梨県",
        "river_system": "富士川",
        "river": "早川",
        "card_ver": "1",
        "facility": "早川水系取水口監視所",
        "hours": "8：30～17：15\n（土・日・祝祭日を含む）",
        "address": "山梨県南巨摩郡早川町奈良田1076-1",
        "url": "http://www.pref.yamanashi.jp/hayakawa-h/"
      }
    },
    {
      "type": "Feature",
      "geometry": {
        "type": "Point",
        "coordinates": [
          137.330719,
          35.531681
        ]
      },
      "properties": {
        "name": "中野方ダム",
        "location_marker": null,
        "pref": "岐阜県",
        "river_system": "木曽川",
        "river": "中野方川",
        "card_ver": "2",
        "facility": "中野方ダム管理事務所",
        "hours": "平日　9:30～15:30\n土・日・祝日　9:30～15:30",
        "address": "岐阜県恵那市中野方町4357-37",
        "url": "https://www.pref.gifu.lg.jp/page/9150.html"
      }
    },
    {
      "type": "Feature",
      "geometry": {
        "type": "Point",
        "coordinates": [
          137.148254,
          35.494083
        ]
      },
      "properties": {
        "name": "丸山ダム",
        "location_marker": null,
        "pref": "岐阜県",
        "river_system": "木曽川",
        "river": "木曽川",
        "card_ver": "3",
        "facility": "木曽川水系ダム統合管理事務所\n丸山ダム管理支所",
        "hours": "7:30～19:00（土・日・祝日を含む）",
        "address": "岐阜県加茂郡八百津町八百津1276-2",
        "url": "https://www.cbr.mlit.go.jp/maruyama/index.html"
      }
    },
    {
      "type": "Feature",
      "geometry": {
        "type": "Point",
        "coordinates": [
          137.370361,
          36.224861
        ]
      },
      "properties": {
        "name": "丹生川ダム",
        "location_marker": null,
        "pref": "岐阜県",
        "river_system": "神通川",
        "river": "荒城川",
        "card_ver": "2.1",
        "facility": "丹生川ダム管理事務所",
        "hours": "平日　9:30～16:00\n土・日・祝日　9:30～16:00",
        "address": "岐阜県高山市丹生川町折敷地カクシクレ3136",
        "url": "https://www.pref.gifu.lg.jp/page/141.html"
      }
    },
    {
      "type": "Feature",
      "geometry": {
        "type": "Point",
        "coordinates": [
          137.032364,
          35.438061
        ]
      },
      "properties": {
        "name": "今渡ダム",
        "location_marker": null,
        "pref": "岐阜県",
        "river_system": "木曽川",
        "river": "木曽川",
        "card_ver": "1",
        "facility": "リバーポートパーク美濃加茂",
        "hours": "9:00～17:00\n毎週火曜日休",
        "address": "岐阜県美濃加茂市御門町 2-6-6",
        "url": "https://rppm.jp/"
      }
    },
    {
      "type": "Feature",
      "geometry": {
        "type": "Point",
        "coordinates": [
          136.946594,
          35.761623
        ]
      },
      "properties": {
        "name": "内ケ谷ダム",
        "location_marker": null,
        "pref": "岐阜県",
        "river_system": "木曽川",
        "river": "亀尾島川",
        "card_ver": "3",
        "facility": "長良川上流河川開発工事事務所",
        "hours": "平日　9:00～17:00",
        "address": "岐阜県郡上市八幡町初音1727-2　郡上総合庁舎内",
        "url": "https://www.pref.gifu.lg.jp/page/142.html"
      }
    },
    {
      "type": "Feature",
      "geometry": {
        "type": "Point",
        "coordinates": [
          137.23465,
          35.913422
        ]
      },
      "properties": {
        "name": "大ヶ洞ダム",
        "location_marker": null,
        "pref": "岐阜県",
        "river_system": "木曽川",
        "river": "大ヶ洞川",
        "card_ver": "2",
        "facility": "大ヶ洞ダム管理事務所",
        "hours": "平日　8:30～15:30\n土・日・祝日　8:30～17:15",
        "address": "岐阜県下呂市萩原町大ヶ洞大張1314-4",
        "url": "https://www.pref.gifu.lg.jp/page/67843.html"
      }
    },
    {
      "type": "Feature",
      "geometry": {
        "type": "Point",
        "coordinates": [
          137.401306,
          35.476257
        ]
      },
      "properties": {
        "name": "大井ダム",
        "location_marker": null,
        "pref": "岐阜県",
        "river_system": "木曽川",
        "river": "木曽川",
        "card_ver": "1",
        "facility": "恵那峡ビジターセンター",
        "hours": "4月～11月　9:00～17:00\n12月～3月　10:00～16:00\n休館日は12/28～1/3の年末年始",
        "address": "岐阜県恵那市大井町2709-79",
        "url": "https://www.kankou-ena.jp/6387.php"
      }
    },
    {
      "type": "Feature",
      "geometry": {
        "type": "Point",
        "coordinates": [
          136.834167,
          36.146488
        ]
      },
      "properties": {
        "name": "大白川ダム",
        "location_marker": null,
        "pref": "岐阜県",
        "river_system": "庄川",
        "river": "大白川",
        "card_ver": "1",
        "facility": "白水湖畔ロッジ（白山レイクサイドロッジ）",
        "hours": "県道451号線白山公園線は大雨等気象状況により全面通行止めが実施されることがあり、その場合には以下配布日時であっても配布中止となりますのでご注意ください。\n\n・202４年７月１３日～１０月２７日\n但し、９月２日～１０月２７日は平日休業\n営業時間午前９時～午後３時",
        "address": "岐阜県大野郡白川村平瀬大白川",
        "url": "https://www.jpower.co.jp/damcard/ooshirakawa.html"
      }
    },
    {
      "type": "Feature",
      "geometry": {
        "type": "Point",
        "coordinates": [
          137.324768,
          35.347294
        ]
      },
      "properties": {
        "name": "小里川ダム",
        "location_marker": null,
        "pref": "岐阜県",
        "river_system": "庄内川",
        "river": "小里川",
        "card_ver": "1",
        "facility": "小里川ダム管理支所\n1階 ふれあい館",
        "hours": "9:00～16:00(土・日・祝を含む）\n（12月２9日～1月3日は除く）",
        "address": "岐阜県恵那市山岡町田代１５６５－２１",
        "url": "https://www.cbr.mlit.go.jp/shonai/origawa/index.html"
      }
    },
    {
      "type": "Feature",
      "geometry": {
        "type": "Point",
        "coordinates": [
          137.150406,
          35.778046
        ]
      },
      "properties": {
        "name": "岩屋ダム",
        "location_marker": null,
        "pref": "岐阜県",
        "river_system": "木曽川",
        "river": "馬瀬川",
        "card_ver": "2",
        "facility": "木曽川上流ダム総合管理所\n岩屋ダム管理所",
        "hours": "8:30～17:00\n（土・日・祝日含む）",
        "address": "岐阜県下呂市金山町卯野原６－２７",
        "url": "https://www.water.go.jp/chubu/iwaya/index.html"
      }
    },
    {
      "type": "Feature",
      "geometry": {
        "type": "Point",
        "coordinates": [
          137.45694,
          35.370625
        ]
      },
      "properties": {
        "name": "岩村ダム",
        "location_marker": null,
        "pref": "岐阜県",
        "river_system": "木曽川",
        "river": "富田川",
        "card_ver": "2",
        "facility": "岩村ダム管理事務所",
        "hours": "平日　9:30～15:30\n土・日・祝日　9:30～15:30",
        "address": "岐阜県恵那市岩村町富田字鈴ヶ根7-53",
        "url": "https://www.pref.gifu.lg.jp/page/9149.html"
      }
    },
    {
      "type": "Feature",
      "geometry": {
        "type": "Point",
        "coordinates": [
          136.897461,
          36.14156
        ]
      },
      "properties": {
        "name": "御母衣ダム",
        "location_marker": null,
        "pref": "岐阜県",
        "river_system": "庄川",
        "river": "庄川",
        "card_ver": "2",
        "facility": "ＭＩＢＯＲＯダムサイドパーク",
        "hours": "9：00～16：00\n休館日：毎週水曜日\n（但しGW・夏休み・10月10日～11月10日は原則無休）\n冬期休館期間：12月16日～3月14日",
        "address": "岐阜県大野郡白川村牧１４０－１",
        "url": "http://www.jpower.co.jp/damcard/miboro.html"
      }
    },
    {
      "type": "Feature",
      "geometry": {
        "type": "Point",
        "coordinates": [
          136.457169,
          35.675747
        ]
      },
      "properties": {
        "name": "徳山ダム",
        "location_marker": null,
        "pref": "岐阜県",
        "river_system": "木曽川",
        "river": "揖斐川",
        "card_ver": "2",
        "facility": "徳山ダム管理所",
        "hours": "9:00～17:00\n（土・日・祝日含む）",
        "address": "岐阜県揖斐郡揖斐川町開田４４８",
        "url": "https://www.water.go.jp/chubu/tokuyama/"
      }
    },
    {
      "type": "Feature",
      "geometry": {
        "type": "Point",
        "coordinates": [
          136.493958,
          35.248245
        ]
      },
      "properties": {
        "name": "打上調整池",
        "location_marker": "①",
        "pref": "岐阜県",
        "river_system": "木曽川",
        "river": "東谷川",
        "card_ver": "1",
        "facility": "①\n日本昭和音楽村管理事務所\n\n②\nいなべ市郷土資料館",
        "hours": "①\n9:00～16:30\n（休館日は除く　休館日：水曜、祝日の翌日、年末年始）\n※休館日は念のため日本昭和音楽村ホームページにてご確認ください。\n\n②\n9:00～17:00（ただし、入館は16:00まで）\n（休館日：月・火曜日、年末年始）",
        "address": "岐阜県大垣市上石津町下山2011",
        "url": "①\nhttp://www.city.ogaki.lg.jp/0000002104.html\n\n②\nhttps://www.city.inabe.mie.jp/shisetsu/bunkashisetsu/bunkashisetsu/1002724.html"
      }
    },
    {
      "type": "Feature",
      "geometry": {
        "type": "Point",
        "coordinates": [
          136.498642,
          35.201321
        ]
      },
      "properties": {
        "name": "打上調整池",
        "location_marker": "②",
        "pref": "岐阜県",
        "river_system": "木曽川",
        "river": "東谷川",
        "card_ver": "1",
        "facility": "①\n日本昭和音楽村管理事務所\n\n②\nいなべ市郷土資料館",
        "hours": "①\n9:00～16:30\n（休館日は除く　休館日：水曜、祝日の翌日、年末年始）\n※休館日は念のため日本昭和音楽村ホームページにてご確認ください。\n\n②\n9:00～17:00（ただし、入館は16:00まで）\n（休館日：月・火曜日、年末年始）",
        "address": "三重県いなべ市藤原町上相場838",
        "url": "①\nhttp://www.city.ogaki.lg.jp/0000002104.html\n\n②\nhttps://www.city.inabe.mie.jp/shisetsu/bunkashisetsu/bunkashisetsu/1002724.html"
      }
    },
    {
      "type": "Feature",
      "geometry": {
        "type": "Point",
        "coordinates": [
          136.480057,
          35.598362
        ]
      },
      "properties": {
        "name": "横山ダム",
        "location_marker": null,
        "pref": "岐阜県",
        "river_system": "木曽川",
        "river": "揖斐川",
        "card_ver": "3",
        "facility": "木曽川水系ダム統合管理事務所\n横山ダム管理庁舎",
        "hours": "8:30～17:15\n（土・日・祝日を含む）",
        "address": "岐阜県揖斐郡揖斐川町東横山1330",
        "url": "https://www.cbr.mlit.go.jp/kisojyo/yokoyama/jyoho/card/index.html"
      }
    },
    {
      "type": "Feature",
      "geometry": {
        "type": "Point",
        "coordinates": [
          137.422897,
          35.261421
        ]
      },
      "properties": {
        "name": "矢作第二ダム",
        "location_marker": "①",
        "pref": "岐阜県",
        "river_system": "矢作川",
        "river": "矢作川",
        "card_ver": "1",
        "facility": "①マレットハウス\n➁串原コミュニティーセンター（マレットハウス隣接）\n※②は、水曜日限定配布",
        "hours": "①8:00～17:00\n毎週水曜日（祝日は営業）及び年末年始休業\n②8:30～17:15\n年末年始休業\n※②は、水曜日限定配布",
        "address": "岐阜県恵那市串原3111-4\n➁岐阜県恵那市\n　串原3146-3",
        "url": "https://sasayurinoyu.jp/facilities.html"
      }
    },
    {
      "type": "Feature",
      "geometry": {
        "type": "Point",
        "coordinates": [
          136.888596,
          35.895798
        ]
      },
      "properties": {
        "name": "阿多岐ダム",
        "location_marker": null,
        "pref": "岐阜県",
        "river_system": "木曽川",
        "river": "阿多岐川",
        "card_ver": "2.3",
        "facility": "阿多岐ダム管理事務所",
        "hours": "平日　9:30～16:00\n土・日・祝日　9:30～16:00",
        "address": "岐阜県郡上市白鳥町中西1085-72",
        "url": "https://www.pref.gifu.lg.jp/page/9148.html"
      }
    },
    {
      "type": "Feature",
      "geometry": {
        "type": "Point",
        "coordinates": [
          137.462143,
          35.438343
        ]
      },
      "properties": {
        "name": "阿木川ダム",
        "location_marker": null,
        "pref": "岐阜県",
        "river_system": "木曽川",
        "river": "阿木川",
        "card_ver": "1",
        "facility": "木曽川上流ダム総合管理所",
        "hours": "8:30～17:00\n（土・日・祝日含む）",
        "address": "岐阜県恵那市東野字花無山２２０１－７９",
        "url": "http://www.water.go.jp/chubu/agigawa/ndex.html"
      }
    },
    {
      "type": "Feature",
      "geometry": {
        "type": "Point",
        "coordinates": [
          137.453644,
          36.074627
        ]
      },
      "properties": {
        "name": "高根第一ダム",
        "location_marker": null,
        "pref": "岐阜県",
        "river_system": "木曽川",
        "river": "飛騨川",
        "card_ver": "1",
        "facility": "道の駅「飛騨たかね工房」",
        "hours": "４～10月　9:00～18:00\n11～3月　 9:00～17:00\n休業日：火曜日(祝日の場合は営業振替あり)・年末年始\n※配布場所から高根第一ダムまで車で約20分と離れていますので、高根第一ダムに行った証明としてデジカメ・携帯等で撮影した「高根第一ダム」の写真を提示するか、当日の高根第一ダムの景色の感想をお話しください。",
        "address": "岐阜県高山市高根町中洞７６７－４",
        "url": "https://www.chuden.co.jp/energy/renew/ren_setsubi/water/damcard/"
      }
    },
    {
      "type": "Feature",
      "geometry": {
        "type": "Point",
        "coordinates": [
          133.453415,
          34.990585
        ]
      },
      "properties": {
        "name": "三室川ダム",
        "location_marker": "①",
        "pref": "岡山県",
        "river_system": "高梁川",
        "river": "三室川",
        "card_ver": "2",
        "facility": "①\n高梁川ダム統合管理事務所（備中県民局新見地域事務所内）\nおよび\n河本ダム管理事務所\n\n②\n千屋ダム管理事務所",
        "hours": "①\n9:00～17:00\n（土・日・祝日および年末年始は配布していません）\nおよび\n9:00～17:00\n（土・日・祝日を含む）\n※配布には、ダムへ行った証明（写真等）が必要となります\n\n②\n9:00～17:00\n（土・日・祝日を含む）\n※配布には、ダムへ行った証明（写真等）が必要となります",
        "address": "岡山県新見市高尾２４００\nおよび\n岡山県新見市金谷１２６－２",
        "url": "①\nhttp://www.pref.okayama.jp/soshiki/115/\n\n②\nhttp://www.pref.okayama.jp/soshiki/115/"
      }
    },
    {
      "type": "Feature",
      "geometry": {
        "type": "Point",
        "coordinates": [
          133.501114,
          35.080189
        ]
      },
      "properties": {
        "name": "三室川ダム",
        "location_marker": "②",
        "pref": "岡山県",
        "river_system": "高梁川",
        "river": "三室川",
        "card_ver": "2",
        "facility": "①\n高梁川ダム統合管理事務所（備中県民局新見地域事務所内）\nおよび\n河本ダム管理事務所\n\n②\n千屋ダム管理事務所",
        "hours": "①\n9:00～17:00\n（土・日・祝日および年末年始は配布していません）\nおよび\n9:00～17:00\n（土・日・祝日を含む）\n※配布には、ダムへ行った証明（写真等）が必要となります\n\n②\n9:00～17:00\n（土・日・祝日を含む）\n※配布には、ダムへ行った証明（写真等）が必要となります",
        "address": "岡山県新見市菅生７９４３－８",
        "url": "①\nhttp://www.pref.okayama.jp/soshiki/115/\n\n②\nhttp://www.pref.okayama.jp/soshiki/115/"
      }
    },
    {
      "type": "Feature",
      "geometry": {
        "type": "Point",
        "coordinates": [
          134.244202,
          34.867489
        ]
      },
      "properties": {
        "name": "八塔寺川ダム",
        "location_marker": null,
        "pref": "岡山県",
        "river_system": "吉井川",
        "river": "八塔寺川",
        "card_ver": "1",
        "facility": "八塔寺川ダム管理事務所",
        "hours": "9:30～16:15\n（土・日・祝日を含む）",
        "address": "岡山県備前市吉永町高田３６１－２",
        "url": "http://www.pref.okayama.jp/soshiki/83/"
      }
    },
    {
      "type": "Feature",
      "geometry": {
        "type": "Point",
        "coordinates": [
          133.501114,
          35.080189
        ]
      },
      "properties": {
        "name": "千屋ダム",
        "location_marker": null,
        "pref": "岡山県",
        "river_system": "高梁川",
        "river": "高梁川",
        "card_ver": "2",
        "facility": "千屋ダム管理事務所",
        "hours": "9:00～17:00\n（土・日・祝日を含む）",
        "address": "岡山県新見市菅生７９４３－８",
        "url": "http://www.pref.okayama.jp/soshiki/115/"
      }
    },
    {
      "type": "Feature",
      "geometry": {
        "type": "Point",
        "coordinates": [
          134.107788,
          34.734039
        ]
      },
      "properties": {
        "name": "坂根堰",
        "location_marker": null,
        "pref": "岡山県",
        "river_system": "吉井川",
        "river": "吉井川",
        "card_ver": "1",
        "facility": "岡山河川事務所 坂根出張所",
        "hours": "9:00～17:15\n（土・日・祝日を含む）",
        "address": "岡山県備前市坂根字土井５０２－３",
        "url": "http://www.cgr.mlit.go.jp/okakawa/jimusho/kouhoushi_sakane/ko_dayori_menu.htm"
      }
    },
    {
      "type": "Feature",
      "geometry": {
        "type": "Point",
        "coordinates": [
          133.516983,
          35.017323
        ]
      },
      "properties": {
        "name": "小阪部川ダム",
        "location_marker": null,
        "pref": "岡山県",
        "river_system": "高梁川",
        "river": "小坂部川",
        "card_ver": "2",
        "facility": "小阪部川ダム管理事務所\nおよび\n河本ダム管理事務所",
        "hours": "9:00～17:00\n（土・日・祝日および年末年始は配布していません）\nおよび\n9:00～17:00\n（土・日・祝日を含む）\n※配布には、ダムへ行った証明（写真等）が必要となります",
        "address": "岡山県新見市上熊谷６９６１\nおよび\n岡山県新見市金谷１２６－２",
        "url": "http://t-midori.net/index.htm\nhttp://www.pref.okayama.jp/soshiki/115/"
      }
    },
    {
      "type": "Feature",
      "geometry": {
        "type": "Point",
        "coordinates": [
          133.872375,
          34.911915
        ]
      },
      "properties": {
        "name": "旭川ダム\n［岡山県］",
        "location_marker": null,
        "pref": "岡山県",
        "river_system": "旭川",
        "river": "旭川",
        "card_ver": "1",
        "facility": "旭川ダム統合管理事務所",
        "hours": "9:00～17:00\n（土・日・祝日を含む）",
        "address": "岡山県岡山市北区建部町鶴田９３１",
        "url": "http://www.pref.okayama.jp/soshiki/82/"
      }
    },
    {
      "type": "Feature",
      "geometry": {
        "type": "Point",
        "coordinates": [
          133.872375,
          34.911915
        ]
      },
      "properties": {
        "name": "楢井ダム",
        "location_marker": null,
        "pref": "岡山県",
        "river_system": "高梁川",
        "river": "右の谷川",
        "card_ver": "2",
        "facility": "旭川ダム統合管理事務所\nおよび\n楢井ダム管理事務所\n(備中県民局 高梁地域事務所内)",
        "hours": "9:00～17:00\n（土・日・祝日を含む）\nおよび\n9:00～17:00\n（土・日・祝日および年末年始は配布していません）\n※配布には、ダムへ行った証明（写真等）が必要となります",
        "address": "岡山県岡山市北区建部町鶴田９３１\nおよび\n岡山県高梁市落合町近似２８６－１",
        "url": "http://www.pref.okayama.jp/soshiki/330/"
      }
    },
    {
      "type": "Feature",
      "geometry": {
        "type": "Point",
        "coordinates": [
          133.872375,
          34.911915
        ]
      },
      "properties": {
        "name": "河平ダム",
        "location_marker": "①",
        "pref": "岡山県",
        "river_system": "旭川",
        "river": "日山谷川",
        "card_ver": "1",
        "facility": "①\n旭川ダム統合管理事務所\n\n②\n楢井ダム管理事務所\n(備中県民局 高梁地域事務所内)",
        "hours": "①\n9:00～17:00（土・日・祝日を含む）\n\n②\n9:00～17:00（土・日・祝日および年末年始は配布していません）\n※配布には、ダムへ行った証明（写真等）が必要となります",
        "address": "岡山県岡山市北区建部町鶴田９３１",
        "url": "http://www.pref.okayama.jp/soshiki/82/"
      }
    },
    {
      "type": "Feature",
      "geometry": {
        "type": "Point",
        "coordinates": [
          133.610031,
          34.790146
        ]
      },
      "properties": {
        "name": "河平ダム",
        "location_marker": "②",
        "pref": "岡山県",
        "river_system": "旭川",
        "river": "日山谷川",
        "card_ver": "1",
        "facility": "①\n旭川ダム統合管理事務所\n\n②\n楢井ダム管理事務所\n(備中県民局 高梁地域事務所内)",
        "hours": "①\n9:00～17:00（土・日・祝日を含む）\n\n②\n9:00～17:00（土・日・祝日および年末年始は配布していません）\n※配布には、ダムへ行った証明（写真等）が必要となります",
        "address": "岡山県高梁市落合町近似２８６－１",
        "url": "http://www.pref.okayama.jp/soshiki/82/"
      }
    },
    {
      "type": "Feature",
      "geometry": {
        "type": "Point",
        "coordinates": [
          133.457184,
          34.969723
        ]
      },
      "properties": {
        "name": "河本ダム",
        "location_marker": null,
        "pref": "岡山県",
        "river_system": "高梁川",
        "river": "西川",
        "card_ver": "3",
        "facility": "河本ダム管理事務所",
        "hours": "9:00～17:00\n（土・日・祝日を含む）",
        "address": "岡山県新見市金谷１２６－２",
        "url": "http://www.pref.okayama.jp/soshiki/115/"
      }
    },
    {
      "type": "Feature",
      "geometry": {
        "type": "Point",
        "coordinates": [
          134.10289,
          35.171501
        ]
      },
      "properties": {
        "name": "津川ダム",
        "location_marker": null,
        "pref": "岡山県",
        "river_system": "吉井川",
        "river": "津川川",
        "card_ver": "2",
        "facility": "津川ダム管理事務所",
        "hours": "9:30～16:15\n（土・日・祝日を含む）",
        "address": "岡山県津山市加茂町下津川９９８－８",
        "url": "http://www.pref.okayama.jp/soshiki/123/"
      }
    },
    {
      "type": "Feature",
      "geometry": {
        "type": "Point",
        "coordinates": [
          133.737091,
          35.202698
        ]
      },
      "properties": {
        "name": "湯原ダム",
        "location_marker": null,
        "pref": "岡山県",
        "river_system": "旭川",
        "river": "旭川",
        "card_ver": "4",
        "facility": "湯原ダム管理事務所",
        "hours": "9:00～17:00\n（土・日・祝日を含む）",
        "address": "岡山県真庭市湯原温泉３番地",
        "url": "http://www.pref.okayama.jp/soshiki/130/"
      }
    },
    {
      "type": "Feature",
      "geometry": {
        "type": "Point",
        "coordinates": [
          133.872375,
          34.911915
        ]
      },
      "properties": {
        "name": "竹谷ダム",
        "location_marker": "①",
        "pref": "岡山県",
        "river_system": "旭川",
        "river": "竹谷川",
        "card_ver": "1",
        "facility": "①\n旭川ダム統合管理事務所\n\n②\n楢井ダム管理事務所\n(備中県民局 高梁地域事務所内)",
        "hours": "①\n9:00～17:00（土・日・祝日を含む）\n\n②\n9:00～17:00（土・日・祝日および年末年始は配布していません）\n※配布には、ダムへ行った証明（写真等）が必要となります",
        "address": "岡山県岡山市北区建部町鶴田９３１",
        "url": "http://www.pref.okayama.jp/soshiki/82/"
      }
    },
    {
      "type": "Feature",
      "geometry": {
        "type": "Point",
        "coordinates": [
          133.610031,
          34.790146
        ]
      },
      "properties": {
        "name": "竹谷ダム",
        "location_marker": "②",
        "pref": "岡山県",
        "river_system": "旭川",
        "river": "竹谷川",
        "card_ver": "1",
        "facility": "①\n旭川ダム統合管理事務所\n\n②\n楢井ダム管理事務所\n(備中県民局 高梁地域事務所内)",
        "hours": "①\n9:00～17:00（土・日・祝日を含む）\n\n②\n9:00～17:00（土・日・祝日および年末年始は配布していません）\n※配布には、ダムへ行った証明（写真等）が必要となります",
        "address": "岡山県高梁市落合町近似２８６－１",
        "url": "http://www.pref.okayama.jp/soshiki/82/"
      }
    },
    {
      "type": "Feature",
      "geometry": {
        "type": "Point",
        "coordinates": [
          133.888046,
          35.131939
        ]
      },
      "properties": {
        "name": "苫田ダム",
        "location_marker": null,
        "pref": "岡山県",
        "river_system": "吉井川",
        "river": "吉井川",
        "card_ver": "2",
        "facility": "苫田ダム管理所",
        "hours": "９:０0～1７:００（土・日・祝日を含む）\n苫田ダム管理所正面玄関のインターホンを押して下さい。",
        "address": "岡山県苫田郡鏡野町久田下原１５９２－４",
        "url": "https://www.cgr.mlit.go.jp/tomata/"
      }
    },
    {
      "type": "Feature",
      "geometry": {
        "type": "Point",
        "coordinates": [
          133.888046,
          35.131939
        ]
      },
      "properties": {
        "name": "苫田鞍部ダム",
        "location_marker": null,
        "pref": "岡山県",
        "river_system": "吉井川",
        "river": "吉井川",
        "card_ver": "1",
        "facility": "苫田ダム管理所",
        "hours": "９:０0～1７:００（土・日・祝日を含む）\n苫田ダム管理所正面玄関のインターホンを押して下さい。",
        "address": "岡山県苫田郡鏡野町久田下原１５９２－４",
        "url": "https://www.cgr.mlit.go.jp/tomata/"
      }
    },
    {
      "type": "Feature",
      "geometry": {
        "type": "Point",
        "coordinates": [
          133.453415,
          34.990585
        ]
      },
      "properties": {
        "name": "高瀬川ダム",
        "location_marker": "①",
        "pref": "岡山県",
        "river_system": "高梁川",
        "river": "高瀬川",
        "card_ver": "2",
        "facility": "①\n高梁川ダム統合管理事務所（備中県民局新見地域事務所内）\nおよび\n千屋ダム管理事務所\n\n②\n河本ダム管理事務所",
        "hours": "①\n9:00～17:00\n（土・日・祝日および年末年始は配布していません）\nおよび\n9:00～17:00\n（土・日・祝日を含む）\n※配布には、ダムへ行った証明（写真等）が必要となります\n\n②\n9:00～17:00\n（土・日・祝日を含む）\n※配布には、ダムへ行った証明（写真等）が必要となります",
        "address": "岡山県新見市高尾２４００\nおよび\n岡山県新見市菅生７９４３－８",
        "url": "①\nhttp://www.pref.okayama.jp/soshiki/115/\n\n②\nhttp://www.pref.okayama.jp/soshiki/115/"
      }
    },
    {
      "type": "Feature",
      "geometry": {
        "type": "Point",
        "coordinates": [
          133.457184,
          34.969723
        ]
      },
      "properties": {
        "name": "高瀬川ダム",
        "location_marker": "②",
        "pref": "岡山県",
        "river_system": "高梁川",
        "river": "高瀬川",
        "card_ver": "2",
        "facility": "①\n高梁川ダム統合管理事務所（備中県民局新見地域事務所内）\nおよび\n千屋ダム管理事務所\n\n②\n河本ダム管理事務所",
        "hours": "①\n9:00～17:00\n（土・日・祝日および年末年始は配布していません）\nおよび\n9:00～17:00\n（土・日・祝日を含む）\n※配布には、ダムへ行った証明（写真等）が必要となります\n\n②\n9:00～17:00\n（土・日・祝日を含む）\n※配布には、ダムへ行った証明（写真等）が必要となります",
        "address": "岡山県新見市金谷１２６－２",
        "url": "①\nhttp://www.pref.okayama.jp/soshiki/115/\n\n②\nhttp://www.pref.okayama.jp/soshiki/115/"
      }
    },
    {
      "type": "Feature",
      "geometry": {
        "type": "Point",
        "coordinates": [
          133.872375,
          34.911915
        ]
      },
      "properties": {
        "name": "鳴滝ダム",
        "location_marker": "①",
        "pref": "岡山県",
        "river_system": "旭川",
        "river": "加茂川",
        "card_ver": "1",
        "facility": "①\n旭川ダム統合管理事務所\n\n②\n楢井ダム管理事務所\n(備中県民局 高梁地域事務所内)",
        "hours": "①\n9:00～17:00（土・日・祝日を含む）\n\n②\n9:00～17:00（土・日・祝日および年末年始は配布していません）\n※配布には、ダムへ行った証明（写真等）が必要となります",
        "address": "岡山県岡山市北区建部町鶴田９３１",
        "url": "http://www.pref.okayama.jp/soshiki/82/"
      }
    },
    {
      "type": "Feature",
      "geometry": {
        "type": "Point",
        "coordinates": [
          133.610031,
          34.790146
        ]
      },
      "properties": {
        "name": "鳴滝ダム",
        "location_marker": "②",
        "pref": "岡山県",
        "river_system": "旭川",
        "river": "加茂川",
        "card_ver": "1",
        "facility": "①\n旭川ダム統合管理事務所\n\n②\n楢井ダム管理事務所\n(備中県民局 高梁地域事務所内)",
        "hours": "①\n9:00～17:00（土・日・祝日を含む）\n\n②\n9:00～17:00（土・日・祝日および年末年始は配布していません）\n※配布には、ダムへ行った証明（写真等）が必要となります",
        "address": "岡山県高梁市落合町近似２８６－１",
        "url": "http://www.pref.okayama.jp/soshiki/82/"
      }
    },
    {
      "type": "Feature",
      "geometry": {
        "type": "Point",
        "coordinates": [
          134.041275,
          35.223492
        ]
      },
      "properties": {
        "name": "黒木ダム",
        "location_marker": null,
        "pref": "岡山県",
        "river_system": "吉井川",
        "river": "倉見川",
        "card_ver": "4",
        "facility": "黒木ダム管理事務所",
        "hours": "9:00～17:00\n（土・日・祝日を含む）",
        "address": "岡山県津山市加茂町黒木６２６－１０",
        "url": "http://www.pref.okayama.jp/soshiki/231/"
      }
    },
    {
      "type": "Feature",
      "geometry": {
        "type": "Point",
        "coordinates": [
          141.111328,
          39.286808
        ]
      },
      "properties": {
        "name": "入畑ダム",
        "location_marker": "①",
        "pref": "岩手県",
        "river_system": "北上川",
        "river": "夏油川",
        "card_ver": "2",
        "facility": "①県南広域振興局土木部\n　北上土木センター　総合受付\n②鬼の館　受付\n（入畑ダムの写真を１枚以上撮っていただき、その写真を総合受付（鬼の館の場合は受付）に掲示願います。）",
        "hours": "①\n8：30～17：00\n（土・日・祝日・年末年始を除く）\n②\n9：00～16：30\n（鬼の館の休業日を除く）",
        "address": "岩手県北上市芳町2-8",
        "url": "https://www.pref.iwate.jp/kendozukuri/kasensabou/dam/1009975.html"
      }
    },
    {
      "type": "Feature",
      "geometry": {
        "type": "Point",
        "coordinates": [
          141.045258,
          39.275845
        ]
      },
      "properties": {
        "name": "入畑ダム",
        "location_marker": "②",
        "pref": "岩手県",
        "river_system": "北上川",
        "river": "夏油川",
        "card_ver": "2",
        "facility": "①県南広域振興局土木部\n　北上土木センター　総合受付\n②鬼の館　受付\n（入畑ダムの写真を１枚以上撮っていただき、その写真を総合受付（鬼の館の場合は受付）に掲示願います。）",
        "hours": "①\n8：30～17：00\n（土・日・祝日・年末年始を除く）\n②\n9：00～16：30\n（鬼の館の休業日を除く）",
        "address": "岩手県北上市和賀町岩崎16地割131",
        "url": "https://www.pref.iwate.jp/kendozukuri/kasensabou/dam/1009975.html"
      }
    },
    {
      "type": "Feature",
      "geometry": {
        "type": "Point",
        "coordinates": [
          141.130859,
          39.742947
        ]
      },
      "properties": {
        "name": "四十四田ダム",
        "location_marker": null,
        "pref": "岩手県",
        "river_system": "北上川",
        "river": "北上川",
        "card_ver": "2.2",
        "facility": "北上川ダム統合管理事務所\n（四十四田ダム）",
        "hours": "9:00～16:30\n（土・日・祝日を含む）\n※正面玄関の脇にあるインターホンを押して下さい。\n※ダムカードの配布場所はダムに隣接しています。",
        "address": "岩手県盛岡市下厨川字四十四田１",
        "url": "https://www.thr.mlit.go.jp/kitakato/"
      }
    },
    {
      "type": "Feature",
      "geometry": {
        "type": "Point",
        "coordinates": [
          141.024902,
          39.698318
        ]
      },
      "properties": {
        "name": "御所ダム",
        "location_marker": null,
        "pref": "岩手県",
        "river_system": "北上川",
        "river": "雫石川",
        "card_ver": "2.2",
        "facility": "御所湖管理所\n(御所ダム）",
        "hours": "9:00～16:30\n（土・日・祝日を含む）\n※正面玄関の脇にあるインターホンを押して下さい。\n※ダムカードの配布場所はダムに隣接しています。",
        "address": "岩手県盛岡市繋字山根192-4",
        "url": "https://www.thr.mlit.go.jp/kitakato/"
      }
    },
    {
      "type": "Feature",
      "geometry": {
        "type": "Point",
        "coordinates": [
          141.845612,
          39.266159
        ]
      },
      "properties": {
        "name": "日向ダム",
        "location_marker": "①",
        "pref": "岩手県",
        "river_system": "甲子川",
        "river": "小川川",
        "card_ver": "2",
        "facility": "①沿岸広域振興局土木部\n②道の駅　仙人峠\n（日向ダムの写真を1枚以上撮っていただき、その写真を土木部職員（②の場合はレジカウンター）に掲示願います。）",
        "hours": "①\n8：30～17：00\n（土・日・祝日・年末年始を除く）\n②\n9：00～18：00\n（道の駅仙人峠の定休日を除く）",
        "address": "岩手県釜石市新町6-50",
        "url": "https://www.pref.iwate.jp/kendozukuri/kasensabou/dam/1009975.html"
      }
    },
    {
      "type": "Feature",
      "geometry": {
        "type": "Point",
        "coordinates": [
          141.773148,
          39.253994
        ]
      },
      "properties": {
        "name": "日向ダム",
        "location_marker": "②",
        "pref": "岩手県",
        "river_system": "甲子川",
        "river": "小川川",
        "card_ver": "2",
        "facility": "①沿岸広域振興局土木部\n②道の駅　仙人峠\n（日向ダムの写真を1枚以上撮っていただき、その写真を土木部職員（②の場合はレジカウンター）に掲示願います。）",
        "hours": "①\n8：30～17：00\n（土・日・祝日・年末年始を除く）\n②\n9：00～18：00\n（道の駅仙人峠の定休日を除く）",
        "address": "岩手県釜石市甲子町第7地割155-4",
        "url": "https://www.pref.iwate.jp/kendozukuri/kasensabou/dam/1009975.html"
      }
    },
    {
      "type": "Feature",
      "geometry": {
        "type": "Point",
        "coordinates": [
          141.115967,
          39.389801
        ]
      },
      "properties": {
        "name": "早池峰ダム",
        "location_marker": "①",
        "pref": "岩手県",
        "river_system": "北上川",
        "river": "稗貫川",
        "card_ver": "2",
        "facility": "①\n県南広域振興局土木部花巻土木センター\n\n②\n早池峰ダム管理所　\n\n③\n道の駅はやちね\n※①の場合、早池峰ダムの写真を１枚以上撮っていただき、その写真を土木センター職員に掲示願います。\n",
        "hours": "①\n８:３0～1７:00\n（土、日、祝日、年末年始を除く）\n\n②\n１０：３０～１５：００\n（11月中旬から4月中旬までの平日の月水金（年末年始を除く）に配布いたします。）\n\n③\n９:０0～1６:00\n（４/２４から１１月上旬（火曜日を除く）に配布いたします）\n",
        "address": "岩手県花巻市花城町1-41",
        "url": "https://www.pref.iwate.jp/kendozukuri/kasensabou/dam/1009975.html"
      }
    },
    {
      "type": "Feature",
      "geometry": {
        "type": "Point",
        "coordinates": [
          141.347672,
          39.519104
        ]
      },
      "properties": {
        "name": "早池峰ダム",
        "location_marker": "②",
        "pref": "岩手県",
        "river_system": "北上川",
        "river": "稗貫川",
        "card_ver": "2",
        "facility": "①\n県南広域振興局土木部花巻土木センター\n\n②\n早池峰ダム管理所　\n\n③\n道の駅はやちね\n※①の場合、早池峰ダムの写真を１枚以上撮っていただき、その写真を土木センター職員に掲示願います。\n",
        "hours": "①\n８:３0～1７:00\n（土、日、祝日、年末年始を除く）\n\n②\n１０：３０～１５：００\n（11月中旬から4月中旬までの平日の月水金（年末年始を除く）に配布いたします。）\n\n③\n９:０0～1６:00\n（４/２４から１１月上旬（火曜日を除く）に配布いたします）\n",
        "address": "岩手県花巻市大迫町内川目10-24",
        "url": "https://www.pref.iwate.jp/kendozukuri/kasensabou/dam/1009975.html"
      }
    },
    {
      "type": "Feature",
      "geometry": {
        "type": "Point",
        "coordinates": [
          141.333908,
          39.448303
        ]
      },
      "properties": {
        "name": "早池峰ダム",
        "location_marker": "③",
        "pref": "岩手県",
        "river_system": "北上川",
        "river": "稗貫川",
        "card_ver": "2",
        "facility": "①\n県南広域振興局土木部花巻土木センター\n\n②\n早池峰ダム管理所　\n\n③\n道の駅はやちね\n※①の場合、早池峰ダムの写真を１枚以上撮っていただき、その写真を土木センター職員に掲示願います。\n",
        "hours": "①\n８:３0～1７:00\n（土、日、祝日、年末年始を除く）\n\n②\n１０：３０～１５：００\n（11月中旬から4月中旬までの平日の月水金（年末年始を除く）に配布いたします。）\n\n③\n９:０0～1６:00\n（４/２４から１１月上旬（火曜日を除く）に配布いたします）\n",
        "address": "岩手県花巻市大迫町10-30-114",
        "url": "https://www.pref.iwate.jp/kendozukuri/kasensabou/dam/1009975.html"
      }
    },
    {
      "type": "Feature",
      "geometry": {
        "type": "Point",
        "coordinates": [
          140.873398,
          39.281727
        ]
      },
      "properties": {
        "name": "湯田ダム",
        "location_marker": null,
        "pref": "岩手県",
        "river_system": "北上川",
        "river": "和賀川",
        "card_ver": "3.1",
        "facility": "湯田ダム管理支所",
        "hours": "9:00～16:30\n（土・日・祝日を含む）\n※正面玄関の脇にあるインターホンを押して下さい。\n※ダムカードの配布場所はダムに隣接しています。",
        "address": "岩手県和賀郡西和賀町杉名畑44地割162-15",
        "url": "https://www.thr.mlit.go.jp/kitakato/"
      }
    },
    {
      "type": "Feature",
      "geometry": {
        "type": "Point",
        "coordinates": [
          140.781876,
          39.317616
        ]
      },
      "properties": {
        "name": "湯田貯砂ダム",
        "location_marker": null,
        "pref": "岩手県",
        "river_system": "北上川",
        "river": "和賀川",
        "card_ver": "2",
        "facility": "湯夢プラザ内観光案内所（JR東日本北上線ほっとゆだ駅向かい）",
        "hours": "9:00～17:00\n（土・日・祝日を含む）",
        "address": "岩手県和賀郡西和賀町川尻40地割73番地11",
        "url": "https://yamanoideyu.com/index.html"
      }
    },
    {
      "type": "Feature",
      "geometry": {
        "type": "Point",
        "coordinates": [
          141.730942,
          40.146038
        ]
      },
      "properties": {
        "name": "滝ダム",
        "location_marker": null,
        "pref": "岩手県",
        "river_system": "久慈川",
        "river": "長内川",
        "card_ver": "1.3",
        "facility": "滝ダム管理事務所",
        "hours": "8：30～17：00\n（ 土・日・祝日の14：00～15：00を除く）",
        "address": "岩手県久慈市小久慈町1-35-23",
        "url": "https://www.pref.iwate.jp/kendozukuri/kasensabou/dam/1009975.html"
      }
    },
    {
      "type": "Feature",
      "geometry": {
        "type": "Point",
        "coordinates": [
          141.314453,
          39.29472
        ]
      },
      "properties": {
        "name": "田瀬ダム",
        "location_marker": null,
        "pref": "岩手県",
        "river_system": "北上川",
        "river": "猿ヶ石川",
        "card_ver": "4",
        "facility": "田瀬ダム管理支所",
        "hours": "9:00～16:30\n（土・日・祝日を含む）\n※正面玄関の脇にあるインターホンを押して下さい。\n※ダムカードの配布場所はダムに隣接しています。",
        "address": "岩手県花巻市東和町田瀬39-1-3",
        "url": "https://www.thr.mlit.go.jp/kitakato/"
      }
    },
    {
      "type": "Feature",
      "geometry": {
        "type": "Point",
        "coordinates": [
          141.15419,
          39.702415
        ]
      },
      "properties": {
        "name": "簗川ダム",
        "location_marker": "①",
        "pref": "岩手県",
        "river_system": "北上川",
        "river": "簗川",
        "card_ver": "4",
        "facility": "①\n盛岡広域振興局土木部　総合受付\n\n②\n盛岡東部産直センター「てんぐの里106」レジカウンター",
        "hours": "①\n9：00～16：00\n（土、日、祝日、年末年始を除く）\n\n②\n9：00～17：00\n（産直センターの休業日を除く）",
        "address": "岩手県盛岡市内丸11-1（盛岡地区合同庁舎5階：土木部）",
        "url": "https://www.pref.iwate.jp/kendozukuri/kasensabou/dam/1009975.html"
      }
    },
    {
      "type": "Feature",
      "geometry": {
        "type": "Point",
        "coordinates": [
          141.202057,
          39.674637
        ]
      },
      "properties": {
        "name": "簗川ダム",
        "location_marker": "②",
        "pref": "岩手県",
        "river_system": "北上川",
        "river": "簗川",
        "card_ver": "4",
        "facility": "①\n盛岡広域振興局土木部　総合受付\n\n②\n盛岡東部産直センター「てんぐの里106」レジカウンター",
        "hours": "①\n9：00～16：00\n（土、日、祝日、年末年始を除く）\n\n②\n9：00～17：00\n（産直センターの休業日を除く）",
        "address": "岩手県盛岡市川目第六地割85-2（産直センター）",
        "url": "https://www.pref.iwate.jp/kendozukuri/kasensabou/dam/1009975.html"
      }
    },
    {
      "type": "Feature",
      "geometry": {
        "type": "Point",
        "coordinates": [
          141.182312,
          39.716011
        ]
      },
      "properties": {
        "name": "綱取ダム",
        "location_marker": "①",
        "pref": "岩手県",
        "river_system": "北上川",
        "river": "中津川",
        "card_ver": "2",
        "facility": "①綱取ダム管理事務所\n②盛岡東部産直センター\n「てんぐの里106」レジカウンター\n（②の場合は、綱取ダムの写真を1枚以上撮っていただき、その写真をレジカウンターに提示願います。）",
        "hours": "①\n8：30～17：00\n②\n9：00～17：00\n（産直センターの休業日を除く）",
        "address": "岩手県盛岡市浅岸字二ッ森25-34",
        "url": "https://www.pref.iwate.jp/kendozukuri/kasensabou/dam/1009975.html"
      }
    },
    {
      "type": "Feature",
      "geometry": {
        "type": "Point",
        "coordinates": [
          141.202057,
          39.674637
        ]
      },
      "properties": {
        "name": "綱取ダム",
        "location_marker": "②",
        "pref": "岩手県",
        "river_system": "北上川",
        "river": "中津川",
        "card_ver": "2",
        "facility": "①綱取ダム管理事務所\n②盛岡東部産直センター\n「てんぐの里106」レジカウンター\n（②の場合は、綱取ダムの写真を1枚以上撮っていただき、その写真をレジカウンターに提示願います。）",
        "hours": "①\n8：30～17：00\n②\n9：00～17：00\n（産直センターの休業日を除く）",
        "address": "岩手県盛岡市川目第六地割85-2（産直センター）",
        "url": "https://www.pref.iwate.jp/kendozukuri/kasensabou/dam/1009975.html"
      }
    },
    {
      "type": "Feature",
      "geometry": {
        "type": "Point",
        "coordinates": [
          141.704575,
          39.095303
        ]
      },
      "properties": {
        "name": "綾里川ダム",
        "location_marker": null,
        "pref": "岩手県",
        "river_system": "綾里川",
        "river": "綾里川",
        "card_ver": "1.1",
        "facility": "沿岸広域振興局土木部\n大船渡土木センター\n（綾里川ダムの写真を1枚以上撮っていただき、その写真を土木センター職員に掲示願います。）",
        "hours": "8：30～17：00\n（土・日・祝日・年末年始を除く）",
        "address": "岩手県大船渡市猪川町字前田6-1",
        "url": "https://www.pref.iwate.jp/kendozukuri/kasensabou/dam/1009975.html"
      }
    },
    {
      "type": "Feature",
      "geometry": {
        "type": "Point",
        "coordinates": [
          140.830215,
          39.097523
        ]
      },
      "properties": {
        "name": "胆沢ダム",
        "location_marker": null,
        "pref": "岩手県",
        "river_system": "北上川",
        "river": "胆沢川",
        "card_ver": "5",
        "facility": "胆沢ダム管理支所",
        "hours": "平日　9:00～12:00 13:00～17:00\n土・日・祝日　10:00～12:00 14:00～17:00\n※正面玄関の脇にあるインターホンを押してください。\n※ダムカードの配布場所はダムに隣接しています。",
        "address": "岩手県奥州市胆沢若柳字横岳前山６",
        "url": "https://www.thr.mlit.go.jp/kitakato/"
      }
    },
    {
      "type": "Feature",
      "geometry": {
        "type": "Point",
        "coordinates": [
          141.524872,
          39.328022
        ]
      },
      "properties": {
        "name": "遠野ダム",
        "location_marker": "①",
        "pref": "岩手県",
        "river_system": "北上川",
        "river": "来内川",
        "card_ver": "3",
        "facility": "①県南広域振興局土木部遠野土木センター\n②一般社団法人遠野市観光協会\n（遠野ダムの写真を1枚以上撮っていただき、その写真を職員に提示願います。）",
        "hours": "①\n8：30～17：00\n（土、日、祝日、年末年始を除く）\n②\n8：30～17：３０\n（年末年始を除く）",
        "address": "岩手県遠野市六日町1-22",
        "url": "https://www.pref.iwate.jp/kendozukuri/kasensabou/dam/1009975.html"
      }
    },
    {
      "type": "Feature",
      "geometry": {
        "type": "Point",
        "coordinates": [
          141.53067,
          39.331978
        ]
      },
      "properties": {
        "name": "遠野ダム",
        "location_marker": "②",
        "pref": "岩手県",
        "river_system": "北上川",
        "river": "来内川",
        "card_ver": "3",
        "facility": "①県南広域振興局土木部遠野土木センター\n②一般社団法人遠野市観光協会\n（遠野ダムの写真を1枚以上撮っていただき、その写真を職員に提示願います。）",
        "hours": "①\n8：30～17：00\n（土、日、祝日、年末年始を除く）\n②\n8：30～17：３０\n（年末年始を除く）",
        "address": "岩手県遠野市新穀町5番8号",
        "url": "https://www.pref.iwate.jp/kendozukuri/kasensabou/dam/1009975.html"
      }
    },
    {
      "type": "Feature",
      "geometry": {
        "type": "Point",
        "coordinates": [
          141.524872,
          39.328022
        ]
      },
      "properties": {
        "name": "遠野第二ダム",
        "location_marker": "①",
        "pref": "岩手県",
        "river_system": "北上川",
        "river": "来内川",
        "card_ver": "4",
        "facility": "①県南広域振興局土木部遠野土木センター\n②一般社団法人遠野市観光協会\n（遠野第二ダムの写真を1枚以上撮っていただき、その写真を職員に提示願います。）",
        "hours": "①\n8：30～17：00\n（土、日、祝日、年末年始を除く）\n②\n8：30～17：３０\n（年末年始を除く）",
        "address": "岩手県遠野市六日町1-22",
        "url": "https://www.pref.iwate.jp/kendozukuri/kasensabou/dam/1009975.html"
      }
    },
    {
      "type": "Feature",
      "geometry": {
        "type": "Point",
        "coordinates": [
          141.53067,
          39.331978
        ]
      },
      "properties": {
        "name": "遠野第二ダム",
        "location_marker": "②",
        "pref": "岩手県",
        "river_system": "北上川",
        "river": "来内川",
        "card_ver": "4",
        "facility": "①県南広域振興局土木部遠野土木センター\n②一般社団法人遠野市観光協会\n（遠野第二ダムの写真を1枚以上撮っていただき、その写真を職員に提示願います。）",
        "hours": "①\n8：30～17：00\n（土、日、祝日、年末年始を除く）\n②\n8：30～17：３０\n（年末年始を除く）",
        "address": "岩手県遠野市新穀町5番8号",
        "url": "https://www.pref.iwate.jp/kendozukuri/kasensabou/dam/1009975.html"
      }
    },
    {
      "type": "Feature",
      "geometry": {
        "type": "Point",
        "coordinates": [
          141.704575,
          39.095303
        ]
      },
      "properties": {
        "name": "鷹生ダム",
        "location_marker": null,
        "pref": "岩手県",
        "river_system": "盛川",
        "river": "鷹生川",
        "card_ver": "1",
        "facility": "沿岸広域振興局土木部\n大船渡土木センター\n（鷹生ダムの写真を1枚以上撮っていただき、その写真を土木センター職員に掲示願います。）",
        "hours": "8：30～17：00\n（土・日・祝日・年末年始を除く）",
        "address": "岩手県大船渡市猪川町字前田6-1",
        "url": "https://www.pref.iwate.jp/kendozukuri/kasensabou/dam/1009975.html"
      }
    },
    {
      "type": "Feature",
      "geometry": {
        "type": "Point",
        "coordinates": [
          133.022766,
          35.188843
        ]
      },
      "properties": {
        "name": "三成ダム",
        "location_marker": null,
        "pref": "島根県",
        "river_system": "斐伊川",
        "river": "斐伊川",
        "card_ver": "3",
        "facility": "三成ダム操作所",
        "hours": "9:00～17:00\n（土・日・祝日を含む）",
        "address": "島根県仁多郡奥出雲町三成1393-12",
        "url": "https://www.pref.shimane.lg.jp/kigyo/dam_card.html"
      }
    },
    {
      "type": "Feature",
      "geometry": {
        "type": "Point",
        "coordinates": [
          132.571884,
          35.172112
        ]
      },
      "properties": {
        "name": "三瓶ダム",
        "location_marker": null,
        "pref": "島根県",
        "river_system": "静間川",
        "river": "三瓶川",
        "card_ver": "1",
        "facility": "三瓶ダム管理所",
        "hours": "9:00～17:00\n（土・日・祝日を含む）",
        "address": "島根県大田市三瓶町野城イ849-24",
        "url": "https://www.pref.shimane.lg.jp/infra/river/dam/card/"
      }
    },
    {
      "type": "Feature",
      "geometry": {
        "type": "Point",
        "coordinates": [
          132.29071,
          34.915417
        ]
      },
      "properties": {
        "name": "八戸ダム",
        "location_marker": null,
        "pref": "島根県",
        "river_system": "江の川",
        "river": "八戸川",
        "card_ver": "1",
        "facility": "八戸ダム管理所",
        "hours": "9:00～17:00\n（土・日・祝日を含む）",
        "address": "島根県江津市桜江町八戸1661-55",
        "url": "https://www.pref.shimane.lg.jp/infra/river/dam/card/"
      }
    },
    {
      "type": "Feature",
      "geometry": {
        "type": "Point",
        "coordinates": [
          132.108139,
          34.843082
        ]
      },
      "properties": {
        "name": "大長見ダム",
        "location_marker": null,
        "pref": "島根県",
        "river_system": "周布川",
        "river": "周布川",
        "card_ver": "2",
        "facility": "大長見ダム管理所",
        "hours": "9:00～17:00\n（土・日・祝日を含む）",
        "address": "島根県浜田市長見町934-14",
        "url": "https://www.pref.shimane.lg.jp/infra/river/dam/card/"
      }
    },
    {
      "type": "Feature",
      "geometry": {
        "type": "Point",
        "coordinates": [
          132.936325,
          35.21505
        ]
      },
      "properties": {
        "name": "尾原ダム",
        "location_marker": null,
        "pref": "島根県",
        "river_system": "斐伊川",
        "river": "斐伊川",
        "card_ver": "2",
        "facility": "尾原ダム管理支所",
        "hours": "9:00～17:00\n（土・日・祝日を含む）",
        "address": "島根県雲南市木次町平田２１１－５",
        "url": "https://www.cgr.mlit.go.jp/izumokasen/enjoy-dam/dam-obara/index.html"
      }
    },
    {
      "type": "Feature",
      "geometry": {
        "type": "Point",
        "coordinates": [
          133.098557,
          35.322037
        ]
      },
      "properties": {
        "name": "山佐ダム",
        "location_marker": null,
        "pref": "島根県",
        "river_system": "斐伊川",
        "river": "山佐川",
        "card_ver": "1.1",
        "facility": "山佐ダム管理所",
        "hours": "9:00～17:00\n（土・日・祝日を含む）",
        "address": "島根県安来市広瀬町上山佐3036-11",
        "url": "https://www.pref.shimane.lg.jp/infra/river/dam/card/"
      }
    },
    {
      "type": "Feature",
      "geometry": {
        "type": "Point",
        "coordinates": [
          133.14682,
          35.297813
        ]
      },
      "properties": {
        "name": "布部ダム",
        "location_marker": null,
        "pref": "島根県",
        "river_system": "斐伊川",
        "river": "飯梨川",
        "card_ver": "1",
        "facility": "布部ダム管理所",
        "hours": "9:00～17:00\n（土・日・祝日を含む）",
        "address": "島根県安来市広瀬町布部2845-20",
        "url": "https://www.pref.shimane.lg.jp/infra/river/dam/card/"
      }
    },
    {
      "type": "Feature",
      "geometry": {
        "type": "Point",
        "coordinates": [
          132.028503,
          34.748692
        ]
      },
      "properties": {
        "name": "御部ダム",
        "location_marker": null,
        "pref": "島根県",
        "river_system": "三隅川",
        "river": "三隅川",
        "card_ver": "1",
        "facility": "御部ダム管理所",
        "hours": "9:00～17:00\n（土・日・祝日を含む）",
        "address": "島根県浜田市三隅町黒沢2368-6",
        "url": "https://www.pref.shimane.lg.jp/infra/river/dam/card/"
      }
    },
    {
      "type": "Feature",
      "geometry": {
        "type": "Point",
        "coordinates": [
          132.658142,
          35.146511
        ]
      },
      "properties": {
        "name": "志津見ダム",
        "location_marker": null,
        "pref": "島根県",
        "river_system": "斐伊川",
        "river": "神戸川",
        "card_ver": "2",
        "facility": "志津見ダム管理支所",
        "hours": "9:00～17:00\n（土・日・祝日を含む）",
        "address": "島根県飯石郡飯南町角井1891-20",
        "url": "https://www.cgr.mlit.go.jp/izumokasen/enjoy-dam/dam-shitsumi/index.html"
      }
    },
    {
      "type": "Feature",
      "geometry": {
        "type": "Point",
        "coordinates": [
          132.062653,
          34.750095
        ]
      },
      "properties": {
        "name": "木都賀ダム",
        "location_marker": null,
        "pref": "島根県",
        "river_system": "三隅川",
        "river": "三隅川",
        "card_ver": "2",
        "facility": "木都賀ダム操作所",
        "hours": "9:00～17:00\n（土・日・祝日を含む）",
        "address": "島根県浜田市弥栄町木都賀１９８４－３",
        "url": "https://www.pref.shimane.lg.jp/kigyo/dam_card.html"
      }
    },
    {
      "type": "Feature",
      "geometry": {
        "type": "Point",
        "coordinates": [
          132.118271,
          34.882519
        ]
      },
      "properties": {
        "name": "浜田ダム",
        "location_marker": null,
        "pref": "島根県",
        "river_system": "浜田川",
        "river": "浜田川",
        "card_ver": "2",
        "facility": "第二浜田ダム管理所",
        "hours": "9:00～17:00\n（土・日・祝日を含む）\n※配布には、ダムへ行った証明写真が必要となります。",
        "address": "島根県浜田市河内町1952-2",
        "url": "https://www.pref.shimane.lg.jp/infra/river/dam/card/"
      }
    },
    {
      "type": "Feature",
      "geometry": {
        "type": "Point",
        "coordinates": [
          131.898193,
          34.666794
        ]
      },
      "properties": {
        "name": "益田川ダム",
        "location_marker": "①",
        "pref": "島根県",
        "river_system": "益田川",
        "river": "益田川",
        "card_ver": "1",
        "facility": "①\n益田川ダム管理所\n②\nひだまりパークみと（管理棟）",
        "hours": "①\n9:00～17:00\n（土・日・祝日を含む）\n②\n9:00～17:00　\n（月第１月曜日（祝日の場合は火曜日）及び年末年始（12月30日～1月3日）を除く）",
        "address": "島根県益田市久々茂町イ1352-1",
        "url": "①\nhttps://www.pref.shimane.lg.jp/infra/river/dam/card/\n②\nhttp://www.meshinotane.com/hidamariparkmito/"
      }
    },
    {
      "type": "Feature",
      "geometry": {
        "type": "Point",
        "coordinates": [
          131.920853,
          34.664062
        ]
      },
      "properties": {
        "name": "益田川ダム",
        "location_marker": "②",
        "pref": "島根県",
        "river_system": "益田川",
        "river": "益田川",
        "card_ver": "1",
        "facility": "①\n益田川ダム管理所\n②\nひだまりパークみと（管理棟）",
        "hours": "①\n9:00～17:00\n（土・日・祝日を含む）\n②\n9:00～17:00　\n（月第１月曜日（祝日の場合は火曜日）及び年末年始（12月30日～1月3日）を除く）",
        "address": "島根県益田市美都町笹倉３４１",
        "url": "①\nhttps://www.pref.shimane.lg.jp/infra/river/dam/card/\n②\nhttp://www.meshinotane.com/hidamariparkmito/"
      }
    },
    {
      "type": "Feature",
      "geometry": {
        "type": "Point",
        "coordinates": [
          132.118271,
          34.882519
        ]
      },
      "properties": {
        "name": "第二浜田ダム",
        "location_marker": null,
        "pref": "島根県",
        "river_system": "浜田川",
        "river": "浜田川",
        "card_ver": "1",
        "facility": "第二浜田ダム管理所",
        "hours": "9:00～17:00\n（土・日・祝日を含む）",
        "address": "島根県浜田市河内町1952-2",
        "url": "https://www.pref.shimane.lg.jp/infra/river/dam/card/"
      }
    },
    {
      "type": "Feature",
      "geometry": {
        "type": "Point",
        "coordinates": [
          133.038956,
          36.124161
        ]
      },
      "properties": {
        "name": "美田ダム",
        "location_marker": null,
        "pref": "島根県",
        "river_system": "美田川",
        "river": "美田川",
        "card_ver": "2",
        "facility": "島前集合庁舎\n隠岐支庁県土整備局\n　　　　島前事業部",
        "hours": "9:00～17:00\n（土・日・祝日は島前集合庁舎警備員室で配布）\n※配布には、ダムへ行った証明写真が必要となります",
        "address": "島根県隠岐郡西ノ島町大字別府字飯田56-17",
        "url": "https://www.pref.shimane.lg.jp/infra/river/dam/card/"
      }
    },
    {
      "type": "Feature",
      "geometry": {
        "type": "Point",
        "coordinates": [
          133.296524,
          36.249012
        ]
      },
      "properties": {
        "name": "銚子ダム",
        "location_marker": null,
        "pref": "島根県",
        "river_system": "八尾川",
        "river": "銚子川",
        "card_ver": "1",
        "facility": "銚子ダム管理所",
        "hours": "9:00～17:00\n（土・日・祝日を含む）",
        "address": "島根県隠岐郡隠岐の島町原田一ツ木985-8",
        "url": "https://www.pref.shimane.lg.jp/infra/river/dam/card/"
      }
    },
    {
      "type": "Feature",
      "geometry": {
        "type": "Point",
        "coordinates": [
          132.827881,
          34.375553
        ]
      },
      "properties": {
        "name": "仁賀ダム",
        "location_marker": null,
        "pref": "広島県",
        "river_system": "賀茂川",
        "river": "賀茂川",
        "card_ver": "1",
        "facility": "仁賀ダム管理事務所",
        "hours": "8:30～12:00,　13:00～17:15（土･日･祝日を含む）",
        "address": "広島県竹原市仁賀町1685-2",
        "url": "http://www.pref.hiroshima.lg.jp/soshiki/99/1171433837501888.html"
      }
    },
    {
      "type": "Feature",
      "geometry": {
        "type": "Point",
        "coordinates": [
          133.138794,
          34.611969
        ]
      },
      "properties": {
        "name": "八田原ダム",
        "location_marker": null,
        "pref": "広島県",
        "river_system": "芦田川",
        "river": "芦田川",
        "card_ver": "2",
        "facility": "八田原ダム管理所",
        "hours": "9:00～16:00\n（土・日・祝日を含む）",
        "address": "広島県世羅郡世羅町大字小谷字苦谷山１１００－１",
        "url": "http://www.cgr.mlit.go.jp/hattabara/"
      }
    },
    {
      "type": "Feature",
      "geometry": {
        "type": "Point",
        "coordinates": [
          133.342728,
          34.598499
        ]
      },
      "properties": {
        "name": "四川ダム",
        "location_marker": null,
        "pref": "広島県",
        "river_system": "芦田川",
        "river": "四川",
        "card_ver": "1",
        "facility": "四川ダム管理事務所",
        "hours": "8:30～12:00,　13:00～17:15（土･日･祝日を含む）",
        "address": "広島県福山市加茂町北山3006-4",
        "url": "http://www.pref.hiroshima.lg.jp/soshiki/99/1171428291940.html"
      }
    },
    {
      "type": "Feature",
      "geometry": {
        "type": "Point",
        "coordinates": [
          132.608063,
          34.656685
        ]
      },
      "properties": {
        "name": "土師ダム",
        "location_marker": "①",
        "pref": "広島県",
        "river_system": "江の川",
        "river": "江の川",
        "card_ver": "4",
        "facility": "①\n土師ダム管理所\n\n②\n土師ダムサイクリングターミナル\n\n③\nはじ丸館",
        "hours": "①\n9:00～17:00 （土・日・祝日を含む）\n\n②\n9:00～17:00 （火曜日定休）\n\n③\n9:00～17:00 （木曜日定休）",
        "address": "広島県安芸高田市八千代町土師３６９－２４",
        "url": "①\nhttp://www.cgr.mlit.go.jp/haji/\n\n②\nhttp://www.yachiyoko.com/\n"
      }
    },
    {
      "type": "Feature",
      "geometry": {
        "type": "Point",
        "coordinates": [
          132.608063,
          34.656685
        ]
      },
      "properties": {
        "name": "土師ダム",
        "location_marker": "②",
        "pref": "広島県",
        "river_system": "江の川",
        "river": "江の川",
        "card_ver": "4",
        "facility": "①\n土師ダム管理所\n\n②\n土師ダムサイクリングターミナル\n\n③\nはじ丸館",
        "hours": "①\n9:00～17:00 （土・日・祝日を含む）\n\n②\n9:00～17:00 （火曜日定休）\n\n③\n9:00～17:00 （木曜日定休）",
        "address": "広島県安芸高田市八千代町土師１１９４－１",
        "url": "①\nhttp://www.cgr.mlit.go.jp/haji/\n\n②\nhttp://www.yachiyoko.com/\n"
      }
    },
    {
      "type": "Feature",
      "geometry": {
        "type": "Point",
        "coordinates": [
          132.608063,
          34.656685
        ]
      },
      "properties": {
        "name": "土師ダム",
        "location_marker": "③",
        "pref": "広島県",
        "river_system": "江の川",
        "river": "江の川",
        "card_ver": "4",
        "facility": "①\n土師ダム管理所\n\n②\n土師ダムサイクリングターミナル\n\n③\nはじ丸館",
        "hours": "①\n9:00～17:00 （土・日・祝日を含む）\n\n②\n9:00～17:00 （火曜日定休）\n\n③\n9:00～17:00 （木曜日定休）",
        "address": "広島県安芸高田市八千代町土師７０９",
        "url": "①\nhttp://www.cgr.mlit.go.jp/haji/\n\n②\nhttp://www.yachiyoko.com/\n"
      }
    },
    {
      "type": "Feature",
      "geometry": {
        "type": "Point",
        "coordinates": [
          133.05809,
          34.640308
        ]
      },
      "properties": {
        "name": "山田川ダム",
        "location_marker": null,
        "pref": "広島県",
        "river_system": "芦田川",
        "river": "山田川",
        "card_ver": "1",
        "facility": "山田川ダム管理事務所",
        "hours": "8:30～12:00,　13:00～17:15（土･日･祝日を含む）",
        "address": "広島県世羅郡世羅町別迫251-4",
        "url": "http://www.pref.hiroshima.lg.jp/soshiki/99/1171431618683.html"
      }
    },
    {
      "type": "Feature",
      "geometry": {
        "type": "Point",
        "coordinates": [
          133.061447,
          34.894188
        ]
      },
      "properties": {
        "name": "庄原ダム",
        "location_marker": null,
        "pref": "広島県",
        "river_system": "江の川",
        "river": "大戸川",
        "card_ver": "3",
        "facility": "庄原ダム管理事務所",
        "hours": "8:30～12:00,　13:00～17:15（土･日･祝日を含む）",
        "address": "広島県庄原市川西町196-2",
        "url": "http://www.pref.hiroshima.lg.jp/soshiki/99/1171433608618.html"
      }
    },
    {
      "type": "Feature",
      "geometry": {
        "type": "Point",
        "coordinates": [
          133.071686,
          34.50515
        ]
      },
      "properties": {
        "name": "御調ダム",
        "location_marker": null,
        "pref": "広島県",
        "river_system": "芦田川",
        "river": "御調川",
        "card_ver": "1",
        "facility": "御調ダム管理事務所",
        "hours": "8:30～12:00,　13:00～17:15（土･日･祝日を含む）",
        "address": "広島県尾道市御調町津蟹127-3",
        "url": "http://www.pref.hiroshima.lg.jp/soshiki/99/1171427946724.html"
      }
    },
    {
      "type": "Feature",
      "geometry": {
        "type": "Point",
        "coordinates": [
          132.377472,
          34.425339
        ]
      },
      "properties": {
        "name": "梶毛ダム",
        "location_marker": null,
        "pref": "広島県",
        "river_system": "八幡川",
        "river": "梶毛川",
        "card_ver": "2",
        "facility": "梶毛ダム管理事務所",
        "hours": "8:30～12:00,　13:00～17:15（土･日･祝日を含む）",
        "address": "広島県広島市佐伯区五日市町石内2208",
        "url": "http://www.pref.hiroshima.lg.jp/soshiki/99/1171432219992.html"
      }
    },
    {
      "type": "Feature",
      "geometry": {
        "type": "Point",
        "coordinates": [
          132.87291,
          34.504402
        ]
      },
      "properties": {
        "name": "椋梨ダム",
        "location_marker": null,
        "pref": "広島県",
        "river_system": "沼田川",
        "river": "椋梨川",
        "card_ver": "3",
        "facility": "椋梨ダム管理事務所",
        "hours": "8:30～12:00,　13:00～17:15（土･日･祝日を含む）",
        "address": "広島県東広島市河内町小田渡原4096",
        "url": "http://www.pref.hiroshima.lg.jp/soshiki/99/1171421166565.html"
      }
    },
    {
      "type": "Feature",
      "geometry": {
        "type": "Point",
        "coordinates": [
          132.322021,
          34.609978
        ]
      },
      "properties": {
        "name": "温井ダム",
        "location_marker": null,
        "pref": "広島県",
        "river_system": "太田川",
        "river": "滝山川",
        "card_ver": "2",
        "facility": "温井ダム管理所",
        "hours": "9:00～16:30\n（土・日・祝日を含む）\n管理所玄関のインターホンを押してください。",
        "address": "広島県山県郡安芸太田町大字加計１９５６－２",
        "url": "http://www.cgr.mlit.go.jp/nukui/index.htm"
      }
    },
    {
      "type": "Feature",
      "geometry": {
        "type": "Point",
        "coordinates": [
          132.977097,
          34.798279
        ]
      },
      "properties": {
        "name": "灰塚ダム",
        "location_marker": null,
        "pref": "広島県",
        "river_system": "江の川",
        "river": "上下川",
        "card_ver": "2",
        "facility": "灰塚ダム管理支所",
        "hours": "9:00～17:00\n平日は玄関のインターホンよりお声掛けください。\n（土・日・祝日を含む）",
        "address": "広島県三次市三良坂町仁賀１５７５",
        "url": "http://www.cgr.mlit.go.jp/miyoshi/haizuka/"
      }
    },
    {
      "type": "Feature",
      "geometry": {
        "type": "Point",
        "coordinates": [
          132.781189,
          34.550282
        ]
      },
      "properties": {
        "name": "福富ダム",
        "location_marker": null,
        "pref": "広島県",
        "river_system": "沼田川",
        "river": "沼田川",
        "card_ver": "3",
        "facility": "福富ダム管理事務所",
        "hours": "8:30～12:00,　13:00～17:15（土･日･祝日を含む）",
        "address": "広島県東広島市福富町久芳1-1",
        "url": "http://www.pref.hiroshima.lg.jp/soshiki/99/1171432918817.html"
      }
    },
    {
      "type": "Feature",
      "geometry": {
        "type": "Point",
        "coordinates": [
          133.406738,
          34.446873
        ]
      },
      "properties": {
        "name": "芦田川河口堰",
        "location_marker": null,
        "pref": "広島県",
        "river_system": "芦田川",
        "river": "芦田川",
        "card_ver": "3",
        "facility": "芦田川河口堰管理支所",
        "hours": "8:30～17:00（平日）\n9:00～16:30（土・日・祝日）",
        "address": "広島県福山市箕島町字釣ヶ端山367－3",
        "url": "http://www.cgr.mlit.go.jp/fukuyama/"
      }
    },
    {
      "type": "Feature",
      "geometry": {
        "type": "Point",
        "coordinates": [
          132.703033,
          34.291836
        ]
      },
      "properties": {
        "name": "野呂川ダム",
        "location_marker": null,
        "pref": "広島県",
        "river_system": "野呂川",
        "river": "野呂川",
        "card_ver": "2",
        "facility": "野呂川ダム管理事務所",
        "hours": "8:30～12:00,　13:00～17:15（土･日･祝日を含む）",
        "address": "広島県呉市安浦町中畑641-11",
        "url": "http://www.pref.hiroshima.lg.jp/soshiki/99/1171427432284.html"
      }
    },
    {
      "type": "Feature",
      "geometry": {
        "type": "Point",
        "coordinates": [
          133.069397,
          34.537891
        ]
      },
      "properties": {
        "name": "野間川ダム",
        "location_marker": null,
        "pref": "広島県",
        "river_system": "芦田川",
        "river": "野間川",
        "card_ver": "1",
        "facility": "野間川ダム管理事務所",
        "hours": "8:30～12:00,　13:00～17:15（土･日･祝日を含む）",
        "address": "広島県三原市久井町吉田字大久保562-5",
        "url": "http://www.pref.hiroshima.lg.jp/soshiki/99/1171433354311.html"
      }
    },
    {
      "type": "Feature",
      "geometry": {
        "type": "Point",
        "coordinates": [
          132.703888,
          34.666389
        ]
      },
      "properties": {
        "name": "高瀬堰",
        "location_marker": null,
        "pref": "広島県",
        "river_system": "太田川",
        "river": "太田川",
        "card_ver": "1",
        "facility": "太田川河川事務所　施設管理課（高瀬分室）",
        "hours": "9:30～18:00\n（土・日・祝日を含む）",
        "address": "広島県安佐南区八木5丁目31-1",
        "url": "http://www.cgr.mlit.go.jp/ootagawa/topics/news/takasezeki/index.html"
      }
    },
    {
      "type": "Feature",
      "geometry": {
        "type": "Point",
        "coordinates": [
          132.337814,
          34.424618
        ]
      },
      "properties": {
        "name": "魚切ダム",
        "location_marker": null,
        "pref": "広島県",
        "river_system": "八幡川",
        "river": "八幡川",
        "card_ver": "2.1",
        "facility": "魚切ダム管理事務所",
        "hours": "8:30～12:00,　13:00～17:15（土･日･祝日を含む）",
        "address": "広島県広島市佐伯区五日市町上河内998-7",
        "url": "http://www.pref.hiroshima.lg.jp/soshiki/99/1171421760967.html"
      }
    },
    {
      "type": "Feature",
      "geometry": {
        "type": "Point",
        "coordinates": [
          132.133682,
          34.338531
        ]
      },
      "properties": {
        "name": "小瀬川ダム",
        "location_marker": null,
        "pref": "広島県\n山口県",
        "river_system": "小瀬川",
        "river": "小瀬川",
        "card_ver": "3.1",
        "facility": "小瀬川ダム管理事務所",
        "hours": "9:00～12:00,　13:00～17:00（土･日･祝日を含む）",
        "address": "広島県廿日市市浅原1030-27",
        "url": "https://www.pref.yamaguchi.lg.jp/soshiki/132/23881.html\nhttps://www.pref.hiroshima.lg.jp/soshiki/99/1171420003795.html"
      }
    },
    {
      "type": "Feature",
      "geometry": {
        "type": "Point",
        "coordinates": [
          132.20047,
          34.243584
        ]
      },
      "properties": {
        "name": "弥栄ダム",
        "location_marker": null,
        "pref": "広島県\n山口県",
        "river_system": "小瀬川",
        "river": "小瀬川",
        "card_ver": "3",
        "facility": "弥栄ダム管理所",
        "hours": "9:00～16:45（土・日・祝日を含む）",
        "address": "広島県大竹市小方町小方８１３－１",
        "url": "http://www.cgr.mlit.go.jp/yasaka/index.htm"
      }
    },
    {
      "type": "Feature",
      "geometry": {
        "type": "Point",
        "coordinates": [
          134.55928,
          34.065762
        ]
      },
      "properties": {
        "name": "三縄ダム",
        "location_marker": null,
        "pref": "徳島県",
        "river_system": "吉野川",
        "river": "祖谷川",
        "card_ver": "1",
        "facility": "ダムご来訪後、メールによる申込み\n（後日、ダムカードを郵送）",
        "hours": "ダムへお越しいただき、現地掲示物の手順に従いお申し込みください。\nお一人さま1枚、後日郵送で配布させていただきます。(2週間程度お時間を頂く場合があります。）",
        "address": "徳島県＜問い合わせ先＞\n四国電力　池田水力センター　ダム管理所\nTEL.　0883-72-5330",
        "url": "https://www.yonden.co.jp/energy/p_station/hydro/dam_09.html"
      }
    },
    {
      "type": "Feature",
      "geometry": {
        "type": "Point",
        "coordinates": [
          134.555222,
          34.107265
        ]
      },
      "properties": {
        "name": "今切川河口堰",
        "location_marker": null,
        "pref": "徳島県",
        "river_system": "吉野川",
        "river": "今切川",
        "card_ver": "1",
        "facility": "旧吉野川河口堰管理所",
        "hours": "9:00～16:30（土・日・祝日含む）\n休日は、1階玄関のインターホンにて「ダムカード希望」の旨をお伝え下さい。",
        "address": "徳島県徳島市川内町榎瀬841",
        "url": "https://www.water.go.jp/yoshino/qyoshino/index.html"
      }
    },
    {
      "type": "Feature",
      "geometry": {
        "type": "Point",
        "coordinates": [
          134.55928,
          34.065762
        ]
      },
      "properties": {
        "name": "名頃ダム",
        "location_marker": null,
        "pref": "徳島県",
        "river_system": "吉野川",
        "river": "祖谷川",
        "card_ver": "1",
        "facility": "ダムご来訪後、メールによる申込み\n（後日、ダムカードを郵送）",
        "hours": "ダムへお越しいただき、現地掲示物の手順に従いお申し込みください。\nお一人さま1枚、後日郵送で配布させていただきます。(2週間程度お時間を頂く場合があります。）",
        "address": "徳島県＜問い合わせ先＞\n四国電力　池田水力センター　ダム管理所\nTEL.　0883-72-5330",
        "url": "https://www.yonden.co.jp/energy/p_station/hydro/dam_10.html"
      }
    },
    {
      "type": "Feature",
      "geometry": {
        "type": "Point",
        "coordinates": [
          134.55928,
          34.065762
        ]
      },
      "properties": {
        "name": "大美谷ダム",
        "location_marker": null,
        "pref": "徳島県",
        "river_system": "那賀川",
        "river": "小支大美谷川",
        "card_ver": "1",
        "facility": "ダムご来訪後、メールによる申込み\n（後日、ダムカードを郵送）",
        "hours": "ダムへお越しいただき、現地掲示物の手順に従いお申し込みください。\nお一人さま1枚、後日郵送で配布させていただきます。(2週間程度お時間を頂く場合があります。）",
        "address": "徳島県＜問い合わせ先＞\n四国電力　小見野々ダム　ダム管理所\nTEL.　0884-67-0322",
        "url": "https://www.yonden.co.jp/energy/p_station/hydro/dam_08.html"
      }
    },
    {
      "type": "Feature",
      "geometry": {
        "type": "Point",
        "coordinates": [
          134.336349,
          34.146599
        ]
      },
      "properties": {
        "name": "宮川内ダム",
        "location_marker": null,
        "pref": "徳島県",
        "river_system": "吉野川",
        "river": "宮川内谷川",
        "card_ver": "2",
        "facility": "宮川内ダム管理所",
        "hours": "8：30～17：15\n（土・日・祝日含む）\n管理所玄関のインターホンを押してください。\nダム周辺巡視等のため不在の場合があります。",
        "address": "徳島県阿波市土成町宮川内字平間５８",
        "url": "https://www.pref.tokushima.lg.jp/ippannokata/kendozukuri/kasen/2014110700147"
      }
    },
    {
      "type": "Feature",
      "geometry": {
        "type": "Point",
        "coordinates": [
          134.55928,
          34.065762
        ]
      },
      "properties": {
        "name": "小見野々ダム",
        "location_marker": null,
        "pref": "徳島県",
        "river_system": "那賀川",
        "river": "那賀川",
        "card_ver": "1",
        "facility": "ダムご来訪後、メールによる申込み\n（後日、ダムカードを郵送）",
        "hours": "ダムへお越しいただき、現地掲示物の手順に従いお申し込みください。\nお一人さま1枚、後日郵送で配布させていただきます。(2週間程度お時間を頂く場合があります。）",
        "address": "徳島県＜問い合わせ先＞\n四国電力　小見野々ダム　ダム管理所\nTEL.　0884-67-0322",
        "url": "https://www.yonden.co.jp/energy/p_station/hydro/dam_07.html"
      }
    },
    {
      "type": "Feature",
      "geometry": {
        "type": "Point",
        "coordinates": [
          134.46611,
          33.808388
        ]
      },
      "properties": {
        "name": "川口ダム",
        "location_marker": null,
        "pref": "徳島県",
        "river_system": "那賀川",
        "river": "那賀川",
        "card_ver": "1",
        "facility": "川口ダム自然エネルギーミュージアム",
        "hours": "9:30～16:30\n（年末年始（12/29～1/1）を除く）\nミュージアム休館時（月曜）は川口ダム管理所が対応",
        "address": "徳島県那賀郡那賀町吉野字イヤ谷７２－１",
        "url": "http://kre-museum.jp"
      }
    },
    {
      "type": "Feature",
      "geometry": {
        "type": "Point",
        "coordinates": [
          134.555222,
          34.107265
        ]
      },
      "properties": {
        "name": "旧吉野川河口堰",
        "location_marker": null,
        "pref": "徳島県",
        "river_system": "吉野川",
        "river": "旧吉野川",
        "card_ver": "1",
        "facility": "旧吉野川河口堰管理所",
        "hours": "9:00～16:30（土・日・祝日含む）\n※配布場所は今切川河口堰です。配布の際は旧吉野川河口堰へ行った証明写真等が必要となります。\n休日は、1階玄関のインターホンにて「ダムカード希望」の旨をお伝え下さい。",
        "address": "徳島県徳島市川内町榎瀬841",
        "url": "https://www.water.go.jp/yoshino/qyoshino/index.html"
      }
    },
    {
      "type": "Feature",
      "geometry": {
        "type": "Point",
        "coordinates": [
          134.55928,
          34.065762
        ]
      },
      "properties": {
        "name": "松尾川ダム",
        "location_marker": null,
        "pref": "徳島県",
        "river_system": "吉野川",
        "river": "松尾川",
        "card_ver": "1",
        "facility": "ダムご来訪後、メールによる申込み\n（後日、ダムカードを郵送）",
        "hours": "ダムへお越しいただき、現地掲示物の手順に従いお申し込みください。\nお一人さま1枚、後日郵送で配布させていただきます。(2週間程度お時間を頂く場合があります。）",
        "address": "徳島県＜問い合わせ先＞\n四国電力　池田水力センター　ダム管理所\nTEL.　0883-72-5330",
        "url": "https://www.yonden.co.jp/energy/p_station/hydro/dam_12.html"
      }
    },
    {
      "type": "Feature",
      "geometry": {
        "type": "Point",
        "coordinates": [
          134.435135,
          33.923592
        ]
      },
      "properties": {
        "name": "正木ダム",
        "location_marker": null,
        "pref": "徳島県",
        "river_system": "勝浦川",
        "river": "勝浦川",
        "card_ver": "1.2",
        "facility": "正木ダム管理所",
        "hours": "8:30～17:15\n（土・日・祝日含む）\n管理所玄関のインターホンを押してください。",
        "address": "徳島県勝浦郡上勝町正木藤ノ内１８−２",
        "url": "https://www.pref.tokushima.lg.jp/ippannokata/kendozukuri/kasen/2014110700178"
      }
    },
    {
      "type": "Feature",
      "geometry": {
        "type": "Point",
        "coordinates": [
          133.810928,
          34.055691
        ]
      },
      "properties": {
        "name": "池田ダム",
        "location_marker": null,
        "pref": "徳島県",
        "river_system": "吉野川",
        "river": "吉野川",
        "card_ver": "1",
        "facility": "吉野川上流総合管理所",
        "hours": "8:30～17:00\n（土・日・祝日含む）\n休日は管理所玄関のインターホンを押してください。",
        "address": "徳島県三好市池田町西山谷尻４２３５－１",
        "url": "https://www.water.go.jp/yoshino/ikeda/index.html"
      }
    },
    {
      "type": "Feature",
      "geometry": {
        "type": "Point",
        "coordinates": [
          134.612823,
          33.823071
        ]
      },
      "properties": {
        "name": "福井ダム",
        "location_marker": null,
        "pref": "徳島県",
        "river_system": "福井川",
        "river": "福井川",
        "card_ver": "1.2",
        "facility": "福井ダム管理所",
        "hours": "9:15～16:00（土・日・祝日含む）\n管理所玄関のインターホンを押してください。\nダム周辺巡視等のため不在の場合があります。",
        "address": "徳島県阿南市福井町鉦打９５−２１",
        "url": "https://www.pref.tokushima.lg.jp/ippannokata/kendozukuri/kasen/2014110700154"
      }
    },
    {
      "type": "Feature",
      "geometry": {
        "type": "Point",
        "coordinates": [
          134.55928,
          34.065762
        ]
      },
      "properties": {
        "name": "若宮谷ダム",
        "location_marker": null,
        "pref": "徳島県",
        "river_system": "吉野川",
        "river": "小支若宮谷川",
        "card_ver": "1",
        "facility": "ダムご来訪後、メールによる申込み\n（後日、ダムカードを郵送）",
        "hours": "ダムへお越しいただき、現地掲示物の手順に従いお申し込みください。\nお一人さま1枚、後日郵送で配布させていただきます。(2週間程度お時間を頂く場合があります。）",
        "address": "徳島県＜問い合わせ先＞\n四国電力　池田水力センター　ダム管理所\nTEL.　0883-72-5330",
        "url": "https://www.yonden.co.jp/energy/p_station/hydro/dam_11.html"
      }
    },
    {
      "type": "Feature",
      "geometry": {
        "type": "Point",
        "coordinates": [
          134.356857,
          33.814384
        ]
      },
      "properties": {
        "name": "長安口ダム",
        "location_marker": null,
        "pref": "徳島県",
        "river_system": "那賀川",
        "river": "那賀川",
        "card_ver": "2",
        "facility": "長安口ダム管理所",
        "hours": "8:30～17:15\n（土・日・祝日含む）\n管理所玄関のインターホンを押してください。",
        "address": "徳島県那賀郡那賀町長安向イ22-1",
        "url": "https://www.skr.mlit.go.jp/nakagawa/"
      }
    },
    {
      "type": "Feature",
      "geometry": {
        "type": "Point",
        "coordinates": [
          133.017426,
          34.238621
        ]
      },
      "properties": {
        "name": "台ダム",
        "location_marker": null,
        "pref": "愛媛県",
        "river_system": "台本川",
        "river": "台本川",
        "card_ver": "1.1",
        "facility": "台ダム管理事務所",
        "hours": "9:00～17:00（土・日・祝日含む）\nダムへの訪問者のみ、手渡しにより1人1枚限り、郵送はできません。\n職員は、ダム周辺や所内の巡視等のため、一時的に応対できない場合があります。呼びブザーへの応答がない場合は、事務所に電話していただくか、しばらくして、再度、呼びブザーを押してください。",
        "address": "愛媛県今治市大三島町宮浦6367番地",
        "url": "https://www.pref.ehime.jp/site/toyo/1136.html"
      }
    },
    {
      "type": "Feature",
      "geometry": {
        "type": "Point",
        "coordinates": [
          133.470322,
          33.873913
        ]
      },
      "properties": {
        "name": "富郷ダム",
        "location_marker": null,
        "pref": "愛媛県",
        "river_system": "吉野川",
        "river": "銅山川",
        "card_ver": "2",
        "facility": "富郷ダム管理所",
        "hours": "8:30～17:00\n（土・日・祝日含む）\n休日は管理所玄関のインターホンを押してください。",
        "address": "愛媛県四国中央市富郷町津根山353-6",
        "url": "https://www.water.go.jp/yoshino/ikeda/index.html"
      }
    },
    {
      "type": "Feature",
      "geometry": {
        "type": "Point",
        "coordinates": [
          132.596405,
          33.14431
        ]
      },
      "properties": {
        "name": "山財ダム",
        "location_marker": null,
        "pref": "愛媛県",
        "river_system": "岩松川",
        "river": "御代の川",
        "card_ver": "1",
        "facility": "山財ダム管理事務所",
        "hours": "9:00～17:00（土・日・祝日含む）\nダムへの訪問者のみ、手渡しにより1人1枚限り、郵送はできません。\n職員は、ダム周辺や所内の巡視等のため、一時的に応対できない場合があります。呼びブザーへの応答がない場合は、事務所に電話していただくか、しばらくして、再度、呼びブザーを押してください。",
        "address": "愛媛県宇和島市津島町山財4250",
        "url": "https://www.pref.ehime.jp/soshiki/263/"
      }
    },
    {
      "type": "Feature",
      "geometry": {
        "type": "Point",
        "coordinates": [
          133.621658,
          33.920841
        ]
      },
      "properties": {
        "name": "新宮ダム",
        "location_marker": null,
        "pref": "愛媛県",
        "river_system": "吉野川",
        "river": "銅山川",
        "card_ver": "1",
        "facility": "新宮ダム管理所",
        "hours": "8:30～17:00（土・日・祝日含む）\n休日は管理所玄関のインターホンを押してください。",
        "address": "愛媛県四国中央市新宮町馬立1144番地",
        "url": "https://www.water.go.jp/yoshino/ikeda/index.html"
      }
    },
    {
      "type": "Feature",
      "geometry": {
        "type": "Point",
        "coordinates": [
          133.564835,
          33.911613
        ]
      },
      "properties": {
        "name": "柳瀬ダム",
        "location_marker": null,
        "pref": "愛媛県",
        "river_system": "吉野川",
        "river": "銅山川",
        "card_ver": "3",
        "facility": "柳瀬ダム管理庁舎",
        "hours": "9:00～17:00\n（土・日・祝日を含む）\n管理支所入口のインターホンを押してください。",
        "address": "愛媛県四国中央市金砂町小川山乙1623-1",
        "url": "http://www.skr.mlit.go.jp/yoshino/"
      }
    },
    {
      "type": "Feature",
      "geometry": {
        "type": "Point",
        "coordinates": [
          132.765686,
          33.84164
        ]
      },
      "properties": {
        "name": "柳谷ダム",
        "location_marker": null,
        "pref": "愛媛県",
        "river_system": "仁淀川",
        "river": "黒川",
        "card_ver": "1",
        "facility": "ダムご来訪後、メールによる申込み\n（後日、ダムカードを郵送）",
        "hours": "ダムへお越しいただき、現地掲示物の手順に従いお申し込みください。\nお一人さま1枚、後日郵送で配布させていただきます。(2週間程度お時間を頂く場合があります。）",
        "address": "愛媛県＜問い合わせ先＞\n四国電力　面河水力センター　ダム管理所\nTEL.　0892-54-2720",
        "url": "https://www.yonden.co.jp/energy/p_station/hydro/dam_18.html"
      }
    },
    {
      "type": "Feature",
      "geometry": {
        "type": "Point",
        "coordinates": [
          132.909225,
          33.993301
        ]
      },
      "properties": {
        "name": "玉川ダム\n［愛媛県］",
        "location_marker": null,
        "pref": "愛媛県",
        "river_system": "蒼社川",
        "river": "蒼社川",
        "card_ver": "2",
        "facility": "玉川ダム管理事務所",
        "hours": "9:00～17:00（土・日・祝日含む）\nダムへの訪問者のみ、手渡しにより1人1枚限り、郵送はできません。\n職員は、ダム周辺や所内の巡視等のため、一時的に応対できない場合があります。呼びブザーへの応答がない場合は、事務所に電話していただくか、しばらくして、再度、呼びブザーを押してください。",
        "address": "愛媛県今治市玉川町龍岡下丁1-17",
        "url": "https://www.pref.ehime.jp/page/1999.html"
      }
    },
    {
      "type": "Feature",
      "geometry": {
        "type": "Point",
        "coordinates": [
          132.8349,
          33.8731
        ]
      },
      "properties": {
        "name": "石手川ダム",
        "location_marker": null,
        "pref": "愛媛県",
        "river_system": "重信川",
        "river": "石手川",
        "card_ver": "1",
        "facility": "石手川ダム管理支所",
        "hours": "9:00～17:00\n（土・日・祝日を含む）\n管理支所入口のインターホンを押してください。",
        "address": "愛媛県松山市宿野町乙69-3",
        "url": "http://www.skr.mlit.go.jp/matsuyam/river/ishitegawa/index.html"
      }
    },
    {
      "type": "Feature",
      "geometry": {
        "type": "Point",
        "coordinates": [
          132.643265,
          33.371845
        ]
      },
      "properties": {
        "name": "野村ダム",
        "location_marker": null,
        "pref": "愛媛県",
        "river_system": "肱川",
        "river": "肱川",
        "card_ver": "2",
        "facility": "肱川ダム統合管理事務所",
        "hours": "9:00～17:00\n（土・日・祝日を含む）\n土・日・祝日は管理庁舎入口のインターホンを押してください。",
        "address": "愛媛県西予市野村町野村8-153-1",
        "url": "https://www.skr.mlit.go.jp/hijikawadam/nomura/dam/index07.html"
      }
    },
    {
      "type": "Feature",
      "geometry": {
        "type": "Point",
        "coordinates": [
          132.765686,
          33.84164
        ]
      },
      "properties": {
        "name": "面河第三ダム",
        "location_marker": null,
        "pref": "愛媛県",
        "river_system": "仁淀川",
        "river": "仁淀川",
        "card_ver": "1",
        "facility": "ダムご来訪後、メールによる申込み\n（後日、ダムカードを郵送）",
        "hours": "ダムへお越しいただき、現地掲示物の手順に従いお申し込みください。\nお一人さま1枚、後日郵送で配布させていただきます。(2週間程度お時間を頂く場合があります。）",
        "address": "愛媛県＜問い合わせ先＞\n四国電力　面河水力センター　ダム管理所\nTEL.　0892-54-2720",
        "url": "https://www.yonden.co.jp/energy/p_station/hydro/dam_06.html"
      }
    },
    {
      "type": "Feature",
      "geometry": {
        "type": "Point",
        "coordinates": [
          132.594086,
          33.239532
        ]
      },
      "properties": {
        "name": "須賀川ダム",
        "location_marker": null,
        "pref": "愛媛県",
        "river_system": "須賀川",
        "river": "須賀川",
        "card_ver": "1",
        "facility": "須賀川ダム管理事務所",
        "hours": "9:00～17:00（土・日・祝日含む）\nダムへの訪問者のみ、手渡しにより1人1枚限り、郵送はできません。\n職員は、ダム周辺や所内の巡視等のため、一時的に応対できない場合があります。呼びブザーへの応答がない場合は、事務所に電話していただくか、しばらくして、再度、呼びブザーを押してください。",
        "address": "愛媛県宇和島市柿原乙２３４番地の１",
        "url": "https://www.pref.ehime.jp/soshiki/264/"
      }
    },
    {
      "type": "Feature",
      "geometry": {
        "type": "Point",
        "coordinates": [
          133.315659,
          33.892712
        ]
      },
      "properties": {
        "name": "鹿森ダム",
        "location_marker": null,
        "pref": "愛媛県",
        "river_system": "国領川",
        "river": "足谷川",
        "card_ver": "2",
        "facility": "鹿森ダム管理事務所",
        "hours": "9:00～17:00（土・日・祝日含む）\nダムへの訪問者のみ、手渡しにより1人1枚限り、郵送はできません。\n職員は、ダム周辺や所内の巡視等のため、一時的に応対できない場合があります。呼びブザーへの応答がない場合は、事務所に電話していただくか、しばらくして、再度、呼びブザーを押してください。",
        "address": "愛媛県新居浜市立川町645番３",
        "url": "https://www.pref.ehime.jp/soshiki/184/"
      }
    },
    {
      "type": "Feature",
      "geometry": {
        "type": "Point",
        "coordinates": [
          132.716309,
          33.471447
        ]
      },
      "properties": {
        "name": "鹿野川ダム",
        "location_marker": null,
        "pref": "愛媛県",
        "river_system": "肱川",
        "river": "肱川",
        "card_ver": "4",
        "facility": "肱川ダム統合管理事務所\n鹿野川ダム管理支所",
        "hours": "9:00～17:00\n（土・日・祝日を含む）\n土・日・祝日は管理庁舎入口のインターホンを押してください。",
        "address": "愛媛県大洲市肱川町山鳥坂280",
        "url": "https://www.skr.mlit.go.jp/hijikawadam/kanogawa/info/damtour.html#02"
      }
    },
    {
      "type": "Feature",
      "geometry": {
        "type": "Point",
        "coordinates": [
          133.138123,
          33.870975
        ]
      },
      "properties": {
        "name": "黒瀬ダム",
        "location_marker": null,
        "pref": "愛媛県",
        "river_system": "加茂川",
        "river": "加茂川",
        "card_ver": "1",
        "facility": "黒瀬ダム管理事務所",
        "hours": "9:00～17:00（土・日・祝日含む）\nダムへの訪問者のみ、手渡しにより1人1枚限り、郵送はできません。\n職員は、ダム周辺や所内の巡視等のため、一時的に応対できない場合があります。呼びブザーへの応答がない場合は、事務所に電話していただくか、しばらくして、再度、呼びブザーを押してください。",
        "address": "愛媛県西条市黒瀬乙158-6",
        "url": "https://www.pref.ehime.jp/site/toyo/1013.html"
      }
    },
    {
      "type": "Feature",
      "geometry": {
        "type": "Point",
        "coordinates": [
          136.991409,
          35.338032
        ]
      },
      "properties": {
        "name": "入鹿池",
        "location_marker": null,
        "pref": "愛知県",
        "river_system": "－",
        "river": "－",
        "card_ver": "1",
        "facility": "愛知県犬山市字篠平141番地",
        "hours": "9:00～16:00（平日のみ）\n土日・祝日・年末年始は配布しません",
        "address": "愛知県犬山市字篠平141番地",
        "url": "－"
      }
    },
    {
      "type": "Feature",
      "geometry": {
        "type": "Point",
        "coordinates": [
          137.64711,
          35.029072
        ]
      },
      "properties": {
        "name": "大島ダム",
        "location_marker": null,
        "pref": "愛知県",
        "river_system": "豊川",
        "river": "大島川",
        "card_ver": "2",
        "facility": "水源管理所\n※大島ダムは無人のため、宇連ダムの水源管理所にてお渡しいたします。",
        "hours": "8:30～17:00\n（土・日・祝日を含む）水源管理所玄関のインターホンを押してください。",
        "address": "愛知県新城市川合字大嶋26番地",
        "url": "https://www.water.go.jp/honsya/honsya/torikumi/tourism/damcard/area/kiso_toyo/ooshima.html\n\nhttps://www.water.go.jp/chubu/toyokawa/index.html"
      }
    },
    {
      "type": "Feature",
      "geometry": {
        "type": "Point",
        "coordinates": [
          137.605148,
          34.94429
        ]
      },
      "properties": {
        "name": "大野頭首工",
        "location_marker": null,
        "pref": "愛知県",
        "river_system": "豊川",
        "river": "宇連川",
        "card_ver": "2",
        "facility": "大野管理所",
        "hours": "8:30～17:00\n（土・日・祝日を含む）大野管理所玄関のインターホンを押してください。",
        "address": "愛知県新城市大野字ハナシ48番地",
        "url": "https://www.water.go.jp/honsya/honsya/torikumi/tourism/damcard/area/kiso_toyo/oono.html\n\nhttps://www.water.go.jp/chubu/toyokawa/index.html"
      }
    },
    {
      "type": "Feature",
      "geometry": {
        "type": "Point",
        "coordinates": [
          137.64711,
          35.029072
        ]
      },
      "properties": {
        "name": "宇連ダム",
        "location_marker": null,
        "pref": "愛知県",
        "river_system": "豊川",
        "river": "宇連川",
        "card_ver": "2",
        "facility": "水源管理所",
        "hours": "8:30～17:00\n（土・日・祝日を含む）水源管理所玄関のインターホンを押してください。",
        "address": "愛知県新城市川合字大嶋26番地",
        "url": "https://www.water.go.jp/honsya/honsya/torikumi/tourism/damcard/area/kiso_toyo/ure.html\n\nhttps://www.water.go.jp/chubu/toyokawa/index.html"
      }
    },
    {
      "type": "Feature",
      "geometry": {
        "type": "Point",
        "coordinates": [
          137.761047,
          35.135471
        ]
      },
      "properties": {
        "name": "新豊根ダム",
        "location_marker": null,
        "pref": "愛知県",
        "river_system": "天竜川",
        "river": "大入川",
        "card_ver": "1",
        "facility": "新豊根ダム操作室",
        "hours": "8:30～17:15\n（土・日・祝日を含む）",
        "address": "愛知県北設楽郡豊根村古真立字月代1-3",
        "url": "https://www.cbr.mlit.go.jp/hamamatsu/shintoyone/"
      }
    },
    {
      "type": "Feature",
      "geometry": {
        "type": "Point",
        "coordinates": [
          137.156387,
          35.07655
        ]
      },
      "properties": {
        "name": "木瀬ダム",
        "location_marker": "①",
        "pref": "愛知県",
        "river_system": "矢作川",
        "river": "木瀬川",
        "card_ver": "1",
        "facility": "①豊田加茂建設事務所維持管理課\n②石畳ふれあい広場",
        "hours": "①9:30～12:00、13:00～16:30（平日のみ）\n（年末年始を除く）\n②10：00～17:00（月曜日、年末年始（12月28日から1月4日）を除く）\n※月曜日が祝日の場合は、営業し翌日が休業日",
        "address": "愛知県豊田市常盤町三丁目28番地",
        "url": "①https://www.pref.aichi.jp/soshiki/toyotakamo-kensetsu/\n②https://www.city.toyota.aichi.jp/shisetsu/kanko/1009107/index.html"
      }
    },
    {
      "type": "Feature",
      "geometry": {
        "type": "Point",
        "coordinates": [
          137.199249,
          35.232166
        ]
      },
      "properties": {
        "name": "木瀬ダム",
        "location_marker": "②",
        "pref": "愛知県",
        "river_system": "矢作川",
        "river": "木瀬川",
        "card_ver": "1",
        "facility": "①豊田加茂建設事務所維持管理課\n②石畳ふれあい広場",
        "hours": "①9:30～12:00、13:00～16:30（平日のみ）\n（年末年始を除く）\n②10：00～17:00（月曜日、年末年始（12月28日から1月4日）を除く）\n※月曜日が祝日の場合は、営業し翌日が休業日",
        "address": "愛知県豊田市石畳町池ノ平318-1",
        "url": "①https://www.pref.aichi.jp/soshiki/toyotakamo-kensetsu/\n②https://www.city.toyota.aichi.jp/shisetsu/kanko/1009107/index.html"
      }
    },
    {
      "type": "Feature",
      "geometry": {
        "type": "Point",
        "coordinates": [
          137.075851,
          35.107975
        ]
      },
      "properties": {
        "name": "東郷調整池",
        "location_marker": null,
        "pref": "愛知県",
        "river_system": "境川",
        "river": "前川",
        "card_ver": "1",
        "facility": "愛知用水総合管理所",
        "hours": "9:30～16:30\n（土・日・祝日を含む）",
        "address": "愛知県愛知郡東郷町大字諸輪字片平山25-25",
        "url": "http://www.water.go.jp/chubu/aityosui/"
      }
    },
    {
      "type": "Feature",
      "geometry": {
        "type": "Point",
        "coordinates": [
          137.410583,
          35.231792
        ]
      },
      "properties": {
        "name": "矢作ダム",
        "location_marker": null,
        "pref": "愛知県",
        "river_system": "矢作川",
        "river": "矢作川",
        "card_ver": "2.1",
        "facility": "矢作ダム管理所",
        "hours": "平日：8:30～17:00\n土日祝日：10:00～16:00",
        "address": "愛知県豊田市閑羅瀬町東畑６７番地",
        "url": "https://www.cbr.mlit.go.jp/yahagi/"
      }
    },
    {
      "type": "Feature",
      "geometry": {
        "type": "Point",
        "coordinates": [
          137.405487,
          35.029648
        ]
      },
      "properties": {
        "name": "羽布ダム",
        "location_marker": null,
        "pref": "愛知県",
        "river_system": "矢作川",
        "river": "巴川",
        "card_ver": "2",
        "facility": "愛知県西三河農林水産事務所\n用水管理課羽布ダム管理所",
        "hours": "9:30～1２:00、13:00～17:00\n（年末年始（12月29日～1月3日）は除く）",
        "address": "愛知県豊田市羽布町鬼の平１－９１",
        "url": "－"
      }
    },
    {
      "type": "Feature",
      "geometry": {
        "type": "Point",
        "coordinates": [
          137.56189,
          35.119354
        ]
      },
      "properties": {
        "name": "設楽ダム（建設中）",
        "location_marker": "①",
        "pref": "愛知県",
        "river_system": "豊川",
        "river": "豊川",
        "card_ver": "0.2",
        "facility": "①設楽ダム工事事務所（設楽庁舎）\n②愛知県豊川水系対策本部事務局　設楽ダム対策事務所\n③愛知県奥三河総合センター\n④設楽町観光協会（道の駅したら２階）",
        "hours": "①8:30～17:15\n（土・日・祝日、年末年始を除く）\n②8:45～17:30\n（土・日・祝日、年末年始を除く）\n③土日を含む開館日　9:00～17:00\n④土日を含む開館日　9:00～17:00",
        "address": "愛知県北設楽郡設楽町字川原田１-２",
        "url": "①https://www.cbr.mlit.go.jp/shitara/index.html\n③http://www.shitara-trail.jp/stay/okumikawa/\n④https://www.kankoshitara.jp/"
      }
    },
    {
      "type": "Feature",
      "geometry": {
        "type": "Point",
        "coordinates": [
          137.572281,
          35.099102
        ]
      },
      "properties": {
        "name": "設楽ダム（建設中）",
        "location_marker": "②",
        "pref": "愛知県",
        "river_system": "豊川",
        "river": "豊川",
        "card_ver": "0.2",
        "facility": "①設楽ダム工事事務所（設楽庁舎）\n②愛知県豊川水系対策本部事務局　設楽ダム対策事務所\n③愛知県奥三河総合センター\n④設楽町観光協会（道の駅したら２階）",
        "hours": "①8:30～17:15\n（土・日・祝日、年末年始を除く）\n②8:45～17:30\n（土・日・祝日、年末年始を除く）\n③土日を含む開館日　9:00～17:00\n④土日を含む開館日　9:00～17:00",
        "address": "愛知県 北設楽郡設楽町 田口字小貝津６-２",
        "url": "①https://www.cbr.mlit.go.jp/shitara/index.html\n③http://www.shitara-trail.jp/stay/okumikawa/\n④https://www.kankoshitara.jp/"
      }
    },
    {
      "type": "Feature",
      "geometry": {
        "type": "Point",
        "coordinates": [
          137.572281,
          35.099102
        ]
      },
      "properties": {
        "name": "設楽ダム（建設中）",
        "location_marker": "③",
        "pref": "愛知県",
        "river_system": "豊川",
        "river": "豊川",
        "card_ver": "0.2",
        "facility": "①設楽ダム工事事務所（設楽庁舎）\n②愛知県豊川水系対策本部事務局　設楽ダム対策事務所\n③愛知県奥三河総合センター\n④設楽町観光協会（道の駅したら２階）",
        "hours": "①8:30～17:15\n（土・日・祝日、年末年始を除く）\n②8:45～17:30\n（土・日・祝日、年末年始を除く）\n③土日を含む開館日　9:00～17:00\n④土日を含む開館日　9:00～17:00",
        "address": "愛知県北設楽郡設楽町田口字向木屋2-10",
        "url": "①https://www.cbr.mlit.go.jp/shitara/index.html\n③http://www.shitara-trail.jp/stay/okumikawa/\n④https://www.kankoshitara.jp/"
      }
    },
    {
      "type": "Feature",
      "geometry": {
        "type": "Point",
        "coordinates": [
          137.573166,
          35.07402
        ]
      },
      "properties": {
        "name": "設楽ダム（建設中）",
        "location_marker": "④",
        "pref": "愛知県",
        "river_system": "豊川",
        "river": "豊川",
        "card_ver": "0.2",
        "facility": "①設楽ダム工事事務所（設楽庁舎）\n②愛知県豊川水系対策本部事務局　設楽ダム対策事務所\n③愛知県奥三河総合センター\n④設楽町観光協会（道の駅したら２階）",
        "hours": "①8:30～17:15\n（土・日・祝日、年末年始を除く）\n②8:45～17:30\n（土・日・祝日、年末年始を除く）\n③土日を含む開館日　9:00～17:00\n④土日を含む開館日　9:00～17:00",
        "address": "愛知県北設楽郡設楽町清崎字中田17番地7",
        "url": "①https://www.cbr.mlit.go.jp/shitara/index.html\n③http://www.shitara-trail.jp/stay/okumikawa/\n④https://www.kankoshitara.jp/"
      }
    },
    {
      "type": "Feature",
      "geometry": {
        "type": "Point",
        "coordinates": [
          137.188828,
          35.120449
        ]
      },
      "properties": {
        "name": "越戸ダム",
        "location_marker": null,
        "pref": "愛知県",
        "river_system": "矢作川",
        "river": "矢作川",
        "card_ver": "1.1",
        "facility": "豊田市民芸館　第３民芸館",
        "hours": "【配布時間】9時30分～17時\n【休館日】毎週月曜日（ただし祝日は開館）\n年末年始（12月28日～1月4日） ",
        "address": "愛知県豊田市平戸橋町波岩86-100",
        "url": "https://www.mingeikan.toyota.aichi.jp/"
      }
    },
    {
      "type": "Feature",
      "geometry": {
        "type": "Point",
        "coordinates": [
          137.164581,
          34.954388
        ]
      },
      "properties": {
        "name": "雨山ダム",
        "location_marker": "①",
        "pref": "愛知県",
        "river_system": "矢作川",
        "river": "雨山川",
        "card_ver": "1",
        "facility": "①西三河建設事務所維持管理課\n②道の駅藤川宿きらり岡崎コーナー",
        "hours": "①\n9:３0～12:00\n13:00～16:30(平日のみ)\n年末年始を除く　　　　　　　　　　　　　　　　　　　　　　　　　　　　　　　　　　　　　　　　　　　　　　　　　　　　　　　　　　　　　　　　　　　　　　　　②　　　　　　　　　　　　　　　　　　　　　　　　　　　　　　　　　　　　　　　　　　　　　　　9:00～18;00                                                          　　　　　　　　　　　　　　　　　　　　　　年中無休",
        "address": "愛知県岡崎市明大寺本町１丁目4",
        "url": "①https://www.pref.aichi.jp/soshiki/nishimikawa-kensetsu/0000033006.html\n②https://www.city.okazaki.lg.jp/1200/1211/1249/p017183.html"
      }
    },
    {
      "type": "Feature",
      "geometry": {
        "type": "Point",
        "coordinates": [
          137.217194,
          34.914394
        ]
      },
      "properties": {
        "name": "雨山ダム",
        "location_marker": "②",
        "pref": "愛知県",
        "river_system": "矢作川",
        "river": "雨山川",
        "card_ver": "1",
        "facility": "①西三河建設事務所維持管理課\n②道の駅藤川宿きらり岡崎コーナー",
        "hours": "①\n9:３0～12:00\n13:00～16:30(平日のみ)\n年末年始を除く　　　　　　　　　　　　　　　　　　　　　　　　　　　　　　　　　　　　　　　　　　　　　　　　　　　　　　　　　　　　　　　　　　　　　　　　②　　　　　　　　　　　　　　　　　　　　　　　　　　　　　　　　　　　　　　　　　　　　　　　9:00～18;00                                                          　　　　　　　　　　　　　　　　　　　　　　年中無休",
        "address": "愛知県岡崎市藤川町東沖田４４番地",
        "url": "①https://www.pref.aichi.jp/soshiki/nishimikawa-kensetsu/0000033006.html\n②https://www.city.okazaki.lg.jp/1200/1211/1249/p017183.html"
      }
    },
    {
      "type": "Feature",
      "geometry": {
        "type": "Point",
        "coordinates": [
          137.507187,
          35.20752
        ]
      },
      "properties": {
        "name": "黒田ダム",
        "location_marker": "①",
        "pref": "愛知県",
        "river_system": "矢作川",
        "river": "矢作川",
        "card_ver": "1.1",
        "facility": "①道の駅どんぐりの里いなぶ　稲武どんぐり工房\n②道の駅どんぐりの里いなぶ内　いなぶ観光協会観光案内所",
        "hours": "①9:00～17:00\n　休業日：毎週木曜日（祝日の場合は翌金曜日）、年末年始\n②10:00～16:00　\n　営業日　木曜、土曜、日曜日、祝日\n休業日：毎週木曜日（12月～3月）、年末年始",
        "address": "愛知県豊田市武節町針原15",
        "url": "https://www.inabu-kankou.com/"
      }
    },
    {
      "type": "Feature",
      "geometry": {
        "type": "Point",
        "coordinates": [
          137.507187,
          35.20752
        ]
      },
      "properties": {
        "name": "黒田ダム",
        "location_marker": "②",
        "pref": "愛知県",
        "river_system": "矢作川",
        "river": "矢作川",
        "card_ver": "1.1",
        "facility": "①道の駅どんぐりの里いなぶ　稲武どんぐり工房\n②道の駅どんぐりの里いなぶ内　いなぶ観光協会観光案内所",
        "hours": "①9:00～17:00\n　休業日：毎週木曜日（祝日の場合は翌金曜日）、年末年始\n②10:00～16:00　\n　営業日　木曜、土曜、日曜日、祝日\n休業日：毎週木曜日（12月～3月）、年末年始",
        "address": "愛知県豊田市武節町針原4-1",
        "url": "https://www.inabu-kankou.com/"
      }
    },
    {
      "type": "Feature",
      "geometry": {
        "type": "Point",
        "coordinates": [
          139.023239,
          37.902451
        ]
      },
      "properties": {
        "name": "カッサダム",
        "location_marker": "①",
        "pref": "新潟県",
        "river_system": "信濃川",
        "river": "カッサ川",
        "card_ver": "1",
        "facility": "①\nＯＫＫＹミュージアム\n\n②冬季のみ\n奥清津事務所",
        "hours": "\n①\n9:30～17:00\n休館日：毎週月曜日（月曜日が祝祭日の場合は火曜日）、冬期休館期間（12月1日～3月31日）\n\n②冬季（12月1日～3月31日）のみ\n8:30～17:00\n休館日：土・日・祝祭日・年末年始（12/29～1/3）\n\n※カッサダムカードは田代ロープウェイ・苗場ドラゴンドラ運行期間のみ配布しています。",
        "address": "新潟県・",
        "url": "https://www.jpower.co.jp/damcard/kassa.html"
      }
    },
    {
      "type": "Feature",
      "geometry": {
        "type": "Point",
        "coordinates": [
          138.759995,
          36.804073
        ]
      },
      "properties": {
        "name": "カッサダム",
        "location_marker": "②",
        "pref": "新潟県",
        "river_system": "信濃川",
        "river": "カッサ川",
        "card_ver": "1",
        "facility": "①\nＯＫＫＹミュージアム\n\n②冬季のみ\n奥清津事務所",
        "hours": "\n①\n9:30～17:00\n休館日：毎週月曜日（月曜日が祝祭日の場合は火曜日）、冬期休館期間（12月1日～3月31日）\n\n②冬季（12月1日～3月31日）のみ\n8:30～17:00\n休館日：土・日・祝祭日・年末年始（12/29～1/3）\n\n※カッサダムカードは田代ロープウェイ・苗場ドラゴンドラ運行期間のみ配布しています。",
        "address": "新潟県南魚沼郡湯沢町大字三国502\n\n※奥清津電力所はOKKYに隣接しています。",
        "url": "https://www.jpower.co.jp/damcard/kassa.html"
      }
    },
    {
      "type": "Feature",
      "geometry": {
        "type": "Point",
        "coordinates": [
          139.037109,
          37.075382
        ]
      },
      "properties": {
        "name": "三国川ダム",
        "location_marker": null,
        "pref": "新潟県",
        "river_system": "信濃川",
        "river": "三国川",
        "card_ver": "1.2",
        "facility": "三国川ダム管理所及びダム情報館",
        "hours": "8:30～17:15（土・日・祝日は9:00～16:00）\n※冬期期間（例年12月～4月）は県道・市道閉鎖の為、配付はしていません。",
        "address": "新潟県南魚沼市清水瀬686-59",
        "url": "http://www.hrr.mlit.go.jp/saguri/index.html"
      }
    },
    {
      "type": "Feature",
      "geometry": {
        "type": "Point",
        "coordinates": [
          139.614868,
          38.24258
        ]
      },
      "properties": {
        "name": "三面ダム",
        "location_marker": null,
        "pref": "新潟県",
        "river_system": "三面川",
        "river": "三面川",
        "card_ver": "1.2",
        "facility": "三面ダム管理所",
        "hours": "8:30～17:00\n（土日祝日を含む）",
        "address": "新潟県村上市岩崩",
        "url": "http://www.pref.niigata.lg.jp/murakami_seibi/1214852491843.html"
      }
    },
    {
      "type": "Feature",
      "geometry": {
        "type": "Point",
        "coordinates": [
          139.05574,
          37.637241
        ]
      },
      "properties": {
        "name": "下条川ダム",
        "location_marker": null,
        "pref": "新潟県",
        "river_system": "信濃川",
        "river": "下条川",
        "card_ver": "1.2",
        "facility": "下条川ダム管理所",
        "hours": "8:30～17:00\n（土日祝日を含む毎日）",
        "address": "新潟県加茂市下条字祖父坂８７９",
        "url": "http://www.pref.niigata.lg.jp/sanjou_seibi/1231966928823.html"
      }
    },
    {
      "type": "Feature",
      "geometry": {
        "type": "Point",
        "coordinates": [
          138.436493,
          37.986649
        ]
      },
      "properties": {
        "name": "久知川ダム",
        "location_marker": null,
        "pref": "新潟県",
        "river_system": "久知川",
        "river": "久知川",
        "card_ver": "1.2",
        "facility": "大野川ダム管理所",
        "hours": "8:30～17:00\n（土日祝日を含む）\n※配布の場合、ダムへ行った証明写真等が必要",
        "address": "新潟県佐渡市新穂大野1-1",
        "url": "http://www.pref.niigata.lg.jp/sado_seibi/1356849077760.html"
      }
    },
    {
      "type": "Feature",
      "geometry": {
        "type": "Point",
        "coordinates": [
          139.023239,
          37.902451
        ]
      },
      "properties": {
        "name": "二居ダム",
        "location_marker": "①",
        "pref": "新潟県",
        "river_system": "信濃川",
        "river": "清津川",
        "card_ver": "1",
        "facility": "①\nＯＫＫＹミュージアム\n\n②冬季のみ\n奥清津事務所",
        "hours": "\n①\n9:30～17:00\n休館日：毎週月曜日（月曜日が祝祭日の場合は火曜日）、冬期休館期間（12月1日～3月31日）\n\n②冬季（12月1日～3月31日）のみ\n8:30～17:00\n休館日：土・日・祝祭日・年末年始（12/29～1/3）\n",
        "address": "新潟県・",
        "url": "http://www.jpower.co.jp/damcard/futai.html"
      }
    },
    {
      "type": "Feature",
      "geometry": {
        "type": "Point",
        "coordinates": [
          138.759995,
          36.804073
        ]
      },
      "properties": {
        "name": "二居ダム",
        "location_marker": "②",
        "pref": "新潟県",
        "river_system": "信濃川",
        "river": "清津川",
        "card_ver": "1",
        "facility": "①\nＯＫＫＹミュージアム\n\n②冬季のみ\n奥清津事務所",
        "hours": "\n①\n9:30～17:00\n休館日：毎週月曜日（月曜日が祝祭日の場合は火曜日）、冬期休館期間（12月1日～3月31日）\n\n②冬季（12月1日～3月31日）のみ\n8:30～17:00\n休館日：土・日・祝祭日・年末年始（12/29～1/3）\n",
        "address": "新潟県南魚沼郡湯沢町大字三国502\n\n※奥清津電力所はOKKYに隣接しています。",
        "url": "http://www.jpower.co.jp/damcard/futai.html"
      }
    },
    {
      "type": "Feature",
      "geometry": {
        "type": "Point",
        "coordinates": [
          139.475632,
          37.863838
        ]
      },
      "properties": {
        "name": "内の倉ダム",
        "location_marker": null,
        "pref": "新潟県",
        "river_system": "加治川",
        "river": "内の倉川",
        "card_ver": "1.2",
        "facility": "内の倉ダム管理所",
        "hours": "8:30～16:30\n（土日祝日を含む毎日）\n※県道が冬期間は通行止めになるため、その間は配布できない（例年11月下旬～4月下旬）",
        "address": "新潟県新発田市小戸字足無沢3155",
        "url": "https://www.pref.niigata.lg.jp/sec/shibata_seibi/damu-u.html"
      }
    },
    {
      "type": "Feature",
      "geometry": {
        "type": "Point",
        "coordinates": [
          139.07254,
          37.436756
        ]
      },
      "properties": {
        "name": "刈谷田川ダム",
        "location_marker": null,
        "pref": "新潟県",
        "river_system": "信濃川",
        "river": "刈谷田川",
        "card_ver": "1.2",
        "facility": "刈谷田川ダム管理所",
        "hours": "8:30～17:00\n（土日祝日を含む）",
        "address": "新潟県長岡市栃堀7297-3",
        "url": "http://www.pref.niigata.lg.jp/nagaoka_seibi/1195143378776.html"
      }
    },
    {
      "type": "Feature",
      "geometry": {
        "type": "Point",
        "coordinates": [
          139.600784,
          37.84502
        ]
      },
      "properties": {
        "name": "加治川治水ダム",
        "location_marker": null,
        "pref": "新潟県",
        "river_system": "加治川",
        "river": "加治川",
        "card_ver": "1.2",
        "facility": "加治川治水ダム管理所",
        "hours": "8:30～16:30\n（土日祝日を含む毎日）\n※県道が冬期間は通行止になるため、その間は配布できない（例年11月下旬～5月下旬）",
        "address": "新潟県新発田市滝谷字北俣沢",
        "url": "https://www.pref.niigata.lg.jp/sec/shibata_seibi/damu-k.html"
      }
    },
    {
      "type": "Feature",
      "geometry": {
        "type": "Point",
        "coordinates": [
          138.750946,
          37.123192
        ]
      },
      "properties": {
        "name": "城川ダム",
        "location_marker": "①",
        "pref": "新潟県",
        "river_system": "信濃川",
        "river": "城川",
        "card_ver": "1.2",
        "facility": "①\n十日町地域振興局地域整備部業務課業務係（庶務担当）\n\n②\n十日町市松代支所農林建設課上下水道係",
        "hours": "①\n8:30～17:00\n（土日祝日及び年末年始は配付していません）\n※配布の場合、ダムへ行った証明写真等が必要\n\n②\n8:30～17:00（土日祝日を含む）\n※配布の場合、ダムへ行った証明写真等が必要",
        "address": "新潟県十日町市妻有町西2丁目1番地",
        "url": "https://www.pref.niigata.lg.jp/sec/kasenkanri/1311109250555.html"
      }
    },
    {
      "type": "Feature",
      "geometry": {
        "type": "Point",
        "coordinates": [
          138.607941,
          37.133778
        ]
      },
      "properties": {
        "name": "城川ダム",
        "location_marker": "②",
        "pref": "新潟県",
        "river_system": "信濃川",
        "river": "城川",
        "card_ver": "1.2",
        "facility": "①\n十日町地域振興局地域整備部業務課業務係（庶務担当）\n\n②\n十日町市松代支所農林建設課上下水道係",
        "hours": "①\n8:30～17:00\n（土日祝日及び年末年始は配付していません）\n※配布の場合、ダムへ行った証明写真等が必要\n\n②\n8:30～17:00（土日祝日を含む）\n※配布の場合、ダムへ行った証明写真等が必要",
        "address": "新潟県十日町市松代3252-1",
        "url": "https://www.pref.niigata.lg.jp/sec/kasenkanri/1311109250555.html"
      }
    },
    {
      "type": "Feature",
      "geometry": {
        "type": "Point",
        "coordinates": [
          139.602966,
          37.982521
        ]
      },
      "properties": {
        "name": "大石ダム",
        "location_marker": null,
        "pref": "新潟県",
        "river_system": "荒川",
        "river": "大石川",
        "card_ver": "1.2",
        "facility": "大石ダムインフォメーションハウス及び大石ダム管理支所",
        "hours": "9:00～17:00（土・日・祝日を含む）\n※冬期間(12月～4月第一週まで)は大石ダムインフォメーションハウス閉館のため管理支所にて配布します。",
        "address": "新潟県岩船郡関川村大字大石字イブリサシ４０４－３",
        "url": "http://www.hrr.mlit.go.jp/uetsu/contents/dam/ooishi/index.html"
      }
    },
    {
      "type": "Feature",
      "geometry": {
        "type": "Point",
        "coordinates": [
          139.153839,
          37.474064
        ]
      },
      "properties": {
        "name": "大谷ダム\n［新潟県］",
        "location_marker": "①",
        "pref": "新潟県",
        "river_system": "信濃川",
        "river": "五十嵐川",
        "card_ver": "1.2",
        "facility": "①\n大谷ダム管理所\n\n②\n笠堀ダム管理所",
        "hours": "①\n9:00～16:30\n（土日祝日及び年末年始は配布していません）\n\n②\n8:30～17:00\n（①閉所日の土日祝日及び年末年始のみ）\n※②で配布の場合、ダムへ行った証明写真等が必要",
        "address": "新潟県三条市大谷171-2",
        "url": "http://www.pref.niigata.lg.jp/sanjou_seibi/1231358592416.html"
      }
    },
    {
      "type": "Feature",
      "geometry": {
        "type": "Point",
        "coordinates": [
          139.023239,
          37.902451
        ]
      },
      "properties": {
        "name": "大谷ダム\n［新潟県］",
        "location_marker": "②",
        "pref": "新潟県",
        "river_system": "信濃川",
        "river": "五十嵐川",
        "card_ver": "1.2",
        "facility": "①\n大谷ダム管理所\n\n②\n笠堀ダム管理所",
        "hours": "①\n9:00～16:30\n（土日祝日及び年末年始は配布していません）\n\n②\n8:30～17:00\n（①閉所日の土日祝日及び年末年始のみ）\n※②で配布の場合、ダムへ行った証明写真等が必要",
        "address": "新潟県笠堀字川前162-8",
        "url": "http://www.pref.niigata.lg.jp/sanjou_seibi/1231358592416.html"
      }
    },
    {
      "type": "Feature",
      "geometry": {
        "type": "Point",
        "coordinates": [
          138.436493,
          37.986649
        ]
      },
      "properties": {
        "name": "大野川ダム",
        "location_marker": null,
        "pref": "新潟県",
        "river_system": "国府川",
        "river": "大野川",
        "card_ver": "1.3",
        "facility": "大野川ダム管理所",
        "hours": "8:30～17:00\n（土日祝日を含む）",
        "address": "新潟県佐渡市新穂大野1-1",
        "url": "http://www.pref.niigata.lg.jp/sado_seibi/1356847589446.html"
      }
    },
    {
      "type": "Feature",
      "geometry": {
        "type": "Point",
        "coordinates": [
          139.723206,
          38.248371
        ]
      },
      "properties": {
        "name": "奥三面ダム",
        "location_marker": null,
        "pref": "新潟県",
        "river_system": "三面川",
        "river": "三面川",
        "card_ver": "1.2",
        "facility": "奥三面ダム管理所\n",
        "hours": "災害により、アクセス道路が通行止めとなっているため配布を中止しています。",
        "address": "新潟県村上市三面",
        "url": "http://www.pref.niigata.lg.jp/murakami_seibi/1214852491843.html"
      }
    },
    {
      "type": "Feature",
      "geometry": {
        "type": "Point",
        "coordinates": [
          139.027603,
          37.203346
        ]
      },
      "properties": {
        "name": "奥只見ダム",
        "location_marker": null,
        "pref": "新潟県",
        "river_system": "阿賀野川",
        "river": "只見川",
        "card_ver": "2",
        "facility": "奥只見電力館 ",
        "hours": "9:00～16:50\n冬期休館期間：11月中旬～5月中旬\n※休館中はダムカードの配布も中止しております。ご理解ご協力のほどよろしくお願い致します。",
        "address": "新潟県魚沼市湯之谷芋川1317-3",
        "url": "http://www.jpower.co.jp/damcard/okutadami.html"
      }
    },
    {
      "type": "Feature",
      "geometry": {
        "type": "Point",
        "coordinates": [
          139.49559,
          38.063431
        ]
      },
      "properties": {
        "name": "奥胎内ダム",
        "location_marker": null,
        "pref": "新潟県",
        "river_system": "胎内川",
        "river": "胎内川",
        "card_ver": "1.1",
        "facility": "－",
        "hours": " ダム施設見学に参加いただいた方にお渡ししています（ダム管理所での配布は行っていません）。",
        "address": "新潟県胎内市下荒沢",
        "url": "https://www.pref.niigata.lg.jp/sec/shibata_seibi/damu-o.html"
      }
    },
    {
      "type": "Feature",
      "geometry": {
        "type": "Point",
        "coordinates": [
          138.807068,
          37.28867
        ]
      },
      "properties": {
        "name": "宮中取水ダム",
        "location_marker": "①",
        "pref": "新潟県",
        "river_system": "信濃川",
        "river": "信濃川",
        "card_ver": "1",
        "facility": "①\n市民の家・小千谷信濃川水力発電館（愛称：おぢゃ～る）\n\n②\nJR信濃川発電所",
        "hours": "①\n9:00～18:00（休館日：水曜日、12/29～1/3）但し冬季（11/1～3/31）は9時～17時\n※ダムカードの受取りの際は、ダムに行った証明（写真等）の提示をお願いします。\n\n②\n10:00～16:00（4/1～11/30のGW・お盆を除く水曜日のみ配布）\n※ダムカードの受取りの際は、ダムに行った証明（写真等）の提示をお願いします。",
        "address": "新潟県小千谷市山本1216-3",
        "url": "－"
      }
    },
    {
      "type": "Feature",
      "geometry": {
        "type": "Point",
        "coordinates": [
          138.807327,
          37.294254
        ]
      },
      "properties": {
        "name": "宮中取水ダム",
        "location_marker": "②",
        "pref": "新潟県",
        "river_system": "信濃川",
        "river": "信濃川",
        "card_ver": "1",
        "facility": "①\n市民の家・小千谷信濃川水力発電館（愛称：おぢゃ～る）\n\n②\nJR信濃川発電所",
        "hours": "①\n9:00～18:00（休館日：水曜日、12/29～1/3）但し冬季（11/1～3/31）は9時～17時\n※ダムカードの受取りの際は、ダムに行った証明（写真等）の提示をお願いします。\n\n②\n10:00～16:00（4/1～11/30のGW・お盆を除く水曜日のみ配布）\n※ダムカードの受取りの際は、ダムに行った証明（写真等）の提示をお願いします。",
        "address": "新潟県小千谷市山本316",
        "url": "－"
      }
    },
    {
      "type": "Feature",
      "geometry": {
        "type": "Point",
        "coordinates": [
          138.807068,
          37.28867
        ]
      },
      "properties": {
        "name": "山本第二調整池ダム",
        "location_marker": "①",
        "pref": "新潟県",
        "river_system": "信濃川",
        "river": "信濃川",
        "card_ver": "1",
        "facility": "①\n市民の家・小千谷信濃川水力発電館（愛称：おぢゃ～る）\n\n②\nJR信濃川発電所",
        "hours": "①\n9:00～18:00（休館日：水曜日、12/29～1/3）但し冬季（11/1～3/31）は9時～17時\n※ダムカードの受取りの際は、ダムに行った証明（写真等）の提示をお願いします。\n\n②\n10:00～16:00（4/1～11/30のGW・お盆を除く水曜日のみ配布）\n※ダムカードの受取りの際は、ダムに行った証明（写真等）の提示をお願いします。",
        "address": "新潟県小千谷市山本1216-3",
        "url": "－"
      }
    },
    {
      "type": "Feature",
      "geometry": {
        "type": "Point",
        "coordinates": [
          138.807327,
          37.294254
        ]
      },
      "properties": {
        "name": "山本第二調整池ダム",
        "location_marker": "②",
        "pref": "新潟県",
        "river_system": "信濃川",
        "river": "信濃川",
        "card_ver": "1",
        "facility": "①\n市民の家・小千谷信濃川水力発電館（愛称：おぢゃ～る）\n\n②\nJR信濃川発電所",
        "hours": "①\n9:00～18:00（休館日：水曜日、12/29～1/3）但し冬季（11/1～3/31）は9時～17時\n※ダムカードの受取りの際は、ダムに行った証明（写真等）の提示をお願いします。\n\n②\n10:00～16:00（4/1～11/30のGW・お盆を除く水曜日のみ配布）\n※ダムカードの受取りの際は、ダムに行った証明（写真等）の提示をお願いします。",
        "address": "新潟県小千谷市山本316",
        "url": "－"
      }
    },
    {
      "type": "Feature",
      "geometry": {
        "type": "Point",
        "coordinates": [
          138.807068,
          37.28867
        ]
      },
      "properties": {
        "name": "山本調整池ダム",
        "location_marker": "①",
        "pref": "新潟県",
        "river_system": "信濃川",
        "river": "信濃川",
        "card_ver": "1",
        "facility": "①\n市民の家・小千谷信濃川水力発電館（愛称：おぢゃ～る）\n\n②\nJR信濃川発電所",
        "hours": "①\n9:00～18:00（休館日：水曜日、12/29～1/3）但し冬季（11/1～3/31）は9時～17時\n※ダムカードの受取りの際は、ダムに行った証明（写真等）の提示をお願いします。\n\n②\n10:00～16:00（4/1～11/30のGW・お盆を除く水曜日のみ配布）\n※ダムカードの受取りの際は、ダムに行った証明（写真等）の提示をお願いします。",
        "address": "新潟県小千谷市山本1216-3",
        "url": "－"
      }
    },
    {
      "type": "Feature",
      "geometry": {
        "type": "Point",
        "coordinates": [
          138.807327,
          37.294254
        ]
      },
      "properties": {
        "name": "山本調整池ダム",
        "location_marker": "②",
        "pref": "新潟県",
        "river_system": "信濃川",
        "river": "信濃川",
        "card_ver": "1",
        "facility": "①\n市民の家・小千谷信濃川水力発電館（愛称：おぢゃ～る）\n\n②\nJR信濃川発電所",
        "hours": "①\n9:00～18:00（休館日：水曜日、12/29～1/3）但し冬季（11/1～3/31）は9時～17時\n※ダムカードの受取りの際は、ダムに行った証明（写真等）の提示をお願いします。\n\n②\n10:00～16:00（4/1～11/30のGW・お盆を除く水曜日のみ配布）\n※ダムカードの受取りの際は、ダムに行った証明（写真等）の提示をお願いします。",
        "address": "新潟県小千谷市山本316",
        "url": "－"
      }
    },
    {
      "type": "Feature",
      "geometry": {
        "type": "Point",
        "coordinates": [
          138.966492,
          37.319054
        ]
      },
      "properties": {
        "name": "広神ダム",
        "location_marker": "①",
        "pref": "新潟県",
        "river_system": "信濃川",
        "river": "和田川",
        "card_ver": "2.3",
        "facility": "①\n広神ダム管理所\n\n②\n魚沼地域振興局\n　地域整備部",
        "hours": "①\n10:00～15:20\n\n②\n8:30～17:00\n（土日祝日及び年末年始は配布していません）\n※②で配布の場合、ダムへ行った証明写真等が必要",
        "address": "新潟県魚沼市小平尾2950-1",
        "url": "https://www.pref.niigata.lg.jp/sec/uonuma_seibi/1200589228675.html"
      }
    },
    {
      "type": "Feature",
      "geometry": {
        "type": "Point",
        "coordinates": [
          138.966965,
          37.235176
        ]
      },
      "properties": {
        "name": "広神ダム",
        "location_marker": "②",
        "pref": "新潟県",
        "river_system": "信濃川",
        "river": "和田川",
        "card_ver": "2.3",
        "facility": "①\n広神ダム管理所\n\n②\n魚沼地域振興局\n　地域整備部",
        "hours": "①\n10:00～15:20\n\n②\n8:30～17:00\n（土日祝日及び年末年始は配布していません）\n※②で配布の場合、ダムへ行った証明写真等が必要",
        "address": "新潟県魚沼市大塚新田91-4",
        "url": "https://www.pref.niigata.lg.jp/sec/uonuma_seibi/1200589228675.html"
      }
    },
    {
      "type": "Feature",
      "geometry": {
        "type": "Point",
        "coordinates": [
          139.466156,
          37.706566
        ]
      },
      "properties": {
        "name": "揚川ダム",
        "location_marker": "①",
        "pref": "新潟県",
        "river_system": "阿賀野川",
        "river": "阿賀野川",
        "card_ver": "1",
        "facility": "①\nかのせ温泉　赤湯\n\n②\n道の駅　阿賀の里",
        "hours": "①\n10:00～19:30\n定休日　火曜日\n\n②\n（平日）9:00～16:00\n（土・日・祝）9:00～17:00",
        "address": "新潟県東蒲原郡阿賀町鹿瀬11540-1",
        "url": "https://www.tohoku-epco.co.jp/information/1215535_2521.html"
      }
    },
    {
      "type": "Feature",
      "geometry": {
        "type": "Point",
        "coordinates": [
          139.304306,
          37.751534
        ]
      },
      "properties": {
        "name": "揚川ダム",
        "location_marker": "②",
        "pref": "新潟県",
        "river_system": "阿賀野川",
        "river": "阿賀野川",
        "card_ver": "1",
        "facility": "①\nかのせ温泉　赤湯\n\n②\n道の駅　阿賀の里",
        "hours": "①\n10:00～19:30\n定休日　火曜日\n\n②\n（平日）9:00～16:00\n（土・日・祝）9:00～17:00",
        "address": "新潟県東蒲原郡阿賀町石間4301",
        "url": "https://www.tohoku-epco.co.jp/information/1215535_2521.html"
      }
    },
    {
      "type": "Feature",
      "geometry": {
        "type": "Point",
        "coordinates": [
          138.436493,
          37.986649
        ]
      },
      "properties": {
        "name": "新保川ダム",
        "location_marker": null,
        "pref": "新潟県",
        "river_system": "国府川",
        "river": "新保川",
        "card_ver": "1.2",
        "facility": "大野川ダム管理所",
        "hours": "8:30～17:00\n（土日祝日を含む）\n※配布の場合、ダムへ行った証明写真等が必要",
        "address": "新潟県佐渡市新穂大野1-1",
        "url": "http://www.pref.niigata.lg.jp/sado_seibi/1356849122617.html"
      }
    },
    {
      "type": "Feature",
      "geometry": {
        "type": "Point",
        "coordinates": [
          139.312683,
          37.605034
        ]
      },
      "properties": {
        "name": "早出川ダム",
        "location_marker": null,
        "pref": "新潟県",
        "river_system": "阿賀野川",
        "river": "早出川",
        "card_ver": "1.3",
        "facility": "早出川ダム管理所",
        "hours": "8:30～17:15\n（土日祝日を含む毎日）",
        "address": "新潟県五泉市小面谷字飛石2982",
        "url": "http://www.pref.niigata.lg.jp/niigata_seibi_niitsu/1226952075862.html"
      }
    },
    {
      "type": "Feature",
      "geometry": {
        "type": "Point",
        "coordinates": [
          138.473114,
          37.244015
        ]
      },
      "properties": {
        "name": "柿崎川ダム",
        "location_marker": null,
        "pref": "新潟県",
        "river_system": "柿崎川",
        "river": "柿崎川",
        "card_ver": "1.2",
        "facility": "柿崎川ダム管理所",
        "hours": "8:30～17:00\n（土日祝日及び年末年始は配付していません）",
        "address": "新潟県上越市柿崎区上中山1801",
        "url": "https://www.pref.niigata.lg.jp/sec/jouetsu_seibi/1356817336561.html"
      }
    },
    {
      "type": "Feature",
      "geometry": {
        "type": "Point",
        "coordinates": [
          138.288315,
          37.165314
        ]
      },
      "properties": {
        "name": "正善寺ダム",
        "location_marker": null,
        "pref": "新潟県",
        "river_system": "関川",
        "river": "正善寺川",
        "card_ver": "1.2",
        "facility": "正善寺ダム管理所",
        "hours": "8:30～17:00\n（土日祝日及び年末年始は配付していません）",
        "address": "新潟県上越市大字上善寺字石原3359",
        "url": "https://www.pref.niigata.lg.jp/sec/jouetsu_seibi/1356814967887.html"
      }
    },
    {
      "type": "Feature",
      "geometry": {
        "type": "Point",
        "coordinates": [
          138.807068,
          37.28867
        ]
      },
      "properties": {
        "name": "浅河原調整池ダム",
        "location_marker": "①",
        "pref": "新潟県",
        "river_system": "信濃川",
        "river": "信濃川",
        "card_ver": "1",
        "facility": "①\n市民の家・小千谷信濃川水力発電館（愛称：おぢゃ～る）\n\n②\nJR信濃川発電所",
        "hours": "①\n9:00～18:00（休館日：水曜日、12/29～1/3）但し冬季（11/1～3/31）は9時～17時\n※ダムカードの受取りの際は、ダムに行った証明（写真等）の提示をお願いします。\n\n②\n10:00～16:00（4/1～11/30のGW・お盆を除く水曜日のみ配布）\n※ダムカードの受取りの際は、ダムに行った証明（写真等）の提示をお願いします。",
        "address": "新潟県小千谷市山本1216-3",
        "url": "－"
      }
    },
    {
      "type": "Feature",
      "geometry": {
        "type": "Point",
        "coordinates": [
          138.807327,
          37.294254
        ]
      },
      "properties": {
        "name": "浅河原調整池ダム",
        "location_marker": "②",
        "pref": "新潟県",
        "river_system": "信濃川",
        "river": "信濃川",
        "card_ver": "1",
        "facility": "①\n市民の家・小千谷信濃川水力発電館（愛称：おぢゃ～る）\n\n②\nJR信濃川発電所",
        "hours": "①\n9:00～18:00（休館日：水曜日、12/29～1/3）但し冬季（11/1～3/31）は9時～17時\n※ダムカードの受取りの際は、ダムに行った証明（写真等）の提示をお願いします。\n\n②\n10:00～16:00（4/1～11/30のGW・お盆を除く水曜日のみ配布）\n※ダムカードの受取りの際は、ダムに行った証明（写真等）の提示をお願いします。",
        "address": "新潟県小千谷市山本316",
        "url": "－"
      }
    },
    {
      "type": "Feature",
      "geometry": {
        "type": "Point",
        "coordinates": [
          139.155472,
          37.348724
        ]
      },
      "properties": {
        "name": "破間川ダム",
        "location_marker": "①",
        "pref": "新潟県",
        "river_system": "信濃川",
        "river": "破間川",
        "card_ver": "1.2",
        "facility": "①\n破間川ダム管理所\n\n②\n魚沼地域振興局\n　地域整備部",
        "hours": "①\n10:30～14:50\n※県道が冬期間は通行止めになるため、その間は配布できない（例年1２月下旬～５月中旬）\n②\n8:30～17:00\n（土日祝日及び年末年始は配布していません）\n※②で配布の場合、ダムへ行った証明写真等が必要",
        "address": "新潟県魚沼市大白川886-78",
        "url": "https://www.pref.niigata.lg.jp/site/kasenkanri/"
      }
    },
    {
      "type": "Feature",
      "geometry": {
        "type": "Point",
        "coordinates": [
          138.966965,
          37.235176
        ]
      },
      "properties": {
        "name": "破間川ダム",
        "location_marker": "②",
        "pref": "新潟県",
        "river_system": "信濃川",
        "river": "破間川",
        "card_ver": "1.2",
        "facility": "①\n破間川ダム管理所\n\n②\n魚沼地域振興局\n　地域整備部",
        "hours": "①\n10:30～14:50\n※県道が冬期間は通行止めになるため、その間は配布できない（例年1２月下旬～５月中旬）\n②\n8:30～17:00\n（土日祝日及び年末年始は配布していません）\n※②で配布の場合、ダムへ行った証明写真等が必要",
        "address": "新潟県魚沼市大塚新田91-4",
        "url": "https://www.pref.niigata.lg.jp/site/kasenkanri/"
      }
    },
    {
      "type": "Feature",
      "geometry": {
        "type": "Point",
        "coordinates": [
          139.023239,
          37.902451
        ]
      },
      "properties": {
        "name": "笠堀ダム",
        "location_marker": null,
        "pref": "新潟県",
        "river_system": "信濃川",
        "river": "笠堀川",
        "card_ver": "2.1",
        "facility": "笠堀ダム管理所",
        "hours": "8:30～17:00\n （土日祝日を含む毎日）",
        "address": "新潟県笠堀字川前162-8",
        "url": "http://www.pref.niigata.lg.jp/sanjou_seibi/1230062494447.html"
      }
    },
    {
      "type": "Feature",
      "geometry": {
        "type": "Point",
        "coordinates": [
          139.49559,
          38.063431
        ]
      },
      "properties": {
        "name": "胎内川ダム",
        "location_marker": null,
        "pref": "新潟県",
        "river_system": "胎内川",
        "river": "胎内川",
        "card_ver": "1.3",
        "facility": "胎内川ダム管理所",
        "hours": "8:30～16:30\n（土日祝日を含む毎日）\n※県道が冬期間は通行止めになるため、その間は配布できない（例年11月下旬～6月上旬）",
        "address": "新潟県胎内市下荒沢字胎内山",
        "url": "https://www.pref.niigata.lg.jp/sec/shibata_seibi/damu-t.html"
      }
    },
    {
      "type": "Feature",
      "geometry": {
        "type": "Point",
        "coordinates": [
          139.466156,
          37.706566
        ]
      },
      "properties": {
        "name": "豊実ダム",
        "location_marker": "①",
        "pref": "新潟県",
        "river_system": "阿賀野川",
        "river": "阿賀野川",
        "card_ver": "1",
        "facility": "①\nかのせ温泉　赤湯\n\n②\n道の駅　阿賀の里",
        "hours": "①\n10:00～19:30\n定休日　火曜日\n\n②\n（平日）9:00～16:00\n（土・日・祝）9:00～17:00",
        "address": "新潟県東蒲原郡阿賀町鹿瀬11540-1",
        "url": "https://www.tohoku-epco.co.jp/information/1215535_2521.html"
      }
    },
    {
      "type": "Feature",
      "geometry": {
        "type": "Point",
        "coordinates": [
          139.304306,
          37.751534
        ]
      },
      "properties": {
        "name": "豊実ダム",
        "location_marker": "②",
        "pref": "新潟県",
        "river_system": "阿賀野川",
        "river": "阿賀野川",
        "card_ver": "1",
        "facility": "①\nかのせ温泉　赤湯\n\n②\n道の駅　阿賀の里",
        "hours": "①\n10:00～19:30\n定休日　火曜日\n\n②\n（平日）9:00～16:00\n（土・日・祝）9:00～17:00",
        "address": "新潟県東蒲原郡阿賀町石間4301",
        "url": "https://www.tohoku-epco.co.jp/information/1215535_2521.html"
      }
    },
    {
      "type": "Feature",
      "geometry": {
        "type": "Point",
        "coordinates": [
          138.61412,
          37.168289
        ]
      },
      "properties": {
        "name": "鯖石川ダム",
        "location_marker": null,
        "pref": "新潟県",
        "river_system": "鯖石川",
        "river": "鯖石川",
        "card_ver": "1.2",
        "facility": "鯖石川ダム管理所",
        "hours": "8:30～17:00\n（土日祝日を含む）",
        "address": "新潟県柏崎市高柳町田代1553-1",
        "url": "https://www.pref.niigata.lg.jp/sec/kashiwazaki_seibi/damkanri01.html"
      }
    },
    {
      "type": "Feature",
      "geometry": {
        "type": "Point",
        "coordinates": [
          139.466156,
          37.706566
        ]
      },
      "properties": {
        "name": "鹿瀬ダム",
        "location_marker": "①",
        "pref": "新潟県",
        "river_system": "阿賀野川",
        "river": "阿賀野川",
        "card_ver": "2",
        "facility": "①\nかのせ温泉　赤湯\n\n②\n道の駅　阿賀の里",
        "hours": "①\n10:00～19:30\n定休日　火曜日\n\n②\n（平日）9:00～16:00\n（土・日・祝）9:00～17:00",
        "address": "新潟県東蒲原郡阿賀町鹿瀬11540-1",
        "url": "https://www.tohoku-epco.co.jp/information/1215535_2521.html"
      }
    },
    {
      "type": "Feature",
      "geometry": {
        "type": "Point",
        "coordinates": [
          139.304306,
          37.751534
        ]
      },
      "properties": {
        "name": "鹿瀬ダム",
        "location_marker": "②",
        "pref": "新潟県",
        "river_system": "阿賀野川",
        "river": "阿賀野川",
        "card_ver": "2",
        "facility": "①\nかのせ温泉　赤湯\n\n②\n道の駅　阿賀の里",
        "hours": "①\n10:00～19:30\n定休日　火曜日\n\n②\n（平日）9:00～16:00\n（土・日・祝）9:00～17:00",
        "address": "新潟県東蒲原郡阿賀町石間4301",
        "url": "https://www.tohoku-epco.co.jp/information/1215535_2521.html"
      }
    },
    {
      "type": "Feature",
      "geometry": {
        "type": "Point",
        "coordinates": [
          138.795013,
          37.314442
        ]
      },
      "properties": {
        "name": "黒又川第一ダム",
        "location_marker": "①",
        "pref": "新潟県",
        "river_system": "信濃川",
        "river": "黒又川",
        "card_ver": "1",
        "facility": "①\n小出電力所\n\n②\n道の駅「いりひろせ」",
        "hours": "\n①\n9:00～16:30\n休館日：土・日・祝祭日・5月1日・年末年始（12/29～1/3）\n玄関を入って右側の事務室カウンターで、係員にお声がけください。\n\n②\n営業時間　9:00～17:00 \n従業員にお声がけください。\n定休日：12月31日、1月1日 \n\n※一般県道黒又山大栃山線の冬期閉鎖による通行止めの期間は、配布を行っておりません。ただし、過去に撮影した証明（写真等）を提示していただければお渡しします。\n",
        "address": "新潟県小出電力所：\n新潟県魚沼市小出島８８９番地",
        "url": "http://www.jpower.co.jp/damcard/kuromatagawadaiichi.html"
      }
    },
    {
      "type": "Feature",
      "geometry": {
        "type": "Point",
        "coordinates": [
          139.023239,
          37.902451
        ]
      },
      "properties": {
        "name": "黒又川第一ダム",
        "location_marker": "②",
        "pref": "新潟県",
        "river_system": "信濃川",
        "river": "黒又川",
        "card_ver": "1",
        "facility": "①\n小出電力所\n\n②\n道の駅「いりひろせ」",
        "hours": "\n①\n9:00～16:30\n休館日：土・日・祝祭日・5月1日・年末年始（12/29～1/3）\n玄関を入って右側の事務室カウンターで、係員にお声がけください。\n\n②\n営業時間　9:00～17:00 \n従業員にお声がけください。\n定休日：12月31日、1月1日 \n\n※一般県道黒又山大栃山線の冬期閉鎖による通行止めの期間は、配布を行っておりません。ただし、過去に撮影した証明（写真等）を提示していただければお渡しします。\n",
        "address": "新潟県道の駅「いりひろせ」：\n新潟県 魚沼市大栃山356-2",
        "url": "http://www.jpower.co.jp/damcard/kuromatagawadaiichi.html"
      }
    },
    {
      "type": "Feature",
      "geometry": {
        "type": "Point",
        "coordinates": [
          139.049667,
          35.77681
        ]
      },
      "properties": {
        "name": "小河内ダム",
        "location_marker": null,
        "pref": "東京都",
        "river_system": "多摩川",
        "river": "多摩川",
        "card_ver": "2.1",
        "facility": "①\n小河内ダム展望塔\n\n②\n奥多摩 水と緑のふれあい館",
        "hours": "①\n10:00～16:00\n（ただし、7/20から8/31は17:00まで。年末年始は休館のため配布していません。）\n\n②\n9:30～17:00\n（水曜日（水曜日が祝日の場合は翌日）、年末年始は配布していません。）",
        "address": "東京都西多摩郡奥多摩町原５番地",
        "url": "https://www.waterworks.metro.tokyo.lg.jp/suigen/antei/ogochi/"
      }
    },
    {
      "type": "Feature",
      "geometry": {
        "type": "Point",
        "coordinates": [
          139.113434,
          35.813
        ]
      },
      "properties": {
        "name": "白丸調整池ダム",
        "location_marker": "①",
        "pref": "東京都",
        "river_system": "多摩川",
        "river": "多摩川",
        "card_ver": "2",
        "facility": "①\n再生可能エネルギーＰＲ館（エコっと白丸）\n\n②\n白丸ダム魚道\n\n③\n奥多摩の風 はとのす荘",
        "hours": "①\n4～10月　10:00～17:00\n11月　　  10:00～16:00\n12～3月　10:00～15:00\n年末年始を除く土日祝に配布。（ただし、GW、夏休み期間、紅葉シーズン（詳しくはHP参照）には平日にも配布しています。\n\n②\n10:00～15:30\n４月～11月の土日祝に配布。（ただし、夏休み期間は平日にも配布しています。12月～3月は休館のため配布していません）\n\n③\n営業時間内（通年）",
        "address": "東京都西多摩郡奥多摩町白丸1-7",
        "url": "https://www.kotsu.metro.tokyo.jp/other/hatsuden/damcard.html"
      }
    },
    {
      "type": "Feature",
      "geometry": {
        "type": "Point",
        "coordinates": [
          139.113434,
          35.813
        ]
      },
      "properties": {
        "name": "白丸調整池ダム",
        "location_marker": "②",
        "pref": "東京都",
        "river_system": "多摩川",
        "river": "多摩川",
        "card_ver": "2",
        "facility": "①\n再生可能エネルギーＰＲ館（エコっと白丸）\n\n②\n白丸ダム魚道\n\n③\n奥多摩の風 はとのす荘",
        "hours": "①\n4～10月　10:00～17:00\n11月　　  10:00～16:00\n12～3月　10:00～15:00\n年末年始を除く土日祝に配布。（ただし、GW、夏休み期間、紅葉シーズン（詳しくはHP参照）には平日にも配布しています。\n\n②\n10:00～15:30\n４月～11月の土日祝に配布。（ただし、夏休み期間は平日にも配布しています。12月～3月は休館のため配布していません）\n\n③\n営業時間内（通年）",
        "address": "東京都西多摩郡奥多摩町白丸１",
        "url": "https://www.kotsu.metro.tokyo.jp/other/hatsuden/damcard.html"
      }
    },
    {
      "type": "Feature",
      "geometry": {
        "type": "Point",
        "coordinates": [
          139.116196,
          35.827831
        ]
      },
      "properties": {
        "name": "白丸調整池ダム",
        "location_marker": "③",
        "pref": "東京都",
        "river_system": "多摩川",
        "river": "多摩川",
        "card_ver": "2",
        "facility": "①\n再生可能エネルギーＰＲ館（エコっと白丸）\n\n②\n白丸ダム魚道\n\n③\n奥多摩の風 はとのす荘",
        "hours": "①\n4～10月　10:00～17:00\n11月　　  10:00～16:00\n12～3月　10:00～15:00\n年末年始を除く土日祝に配布。（ただし、GW、夏休み期間、紅葉シーズン（詳しくはHP参照）には平日にも配布しています。\n\n②\n10:00～15:30\n４月～11月の土日祝に配布。（ただし、夏休み期間は平日にも配布しています。12月～3月は休館のため配布していません）\n\n③\n営業時間内（通年）",
        "address": "東京都西多摩郡奥多摩町棚沢662",
        "url": "https://www.kotsu.metro.tokyo.jp/other/hatsuden/damcard.html"
      }
    },
    {
      "type": "Feature",
      "geometry": {
        "type": "Point",
        "coordinates": [
          139.580078,
          36.963856
        ]
      },
      "properties": {
        "name": "三河沢ダム",
        "location_marker": null,
        "pref": "栃木県",
        "river_system": "利根川",
        "river": "三河沢川",
        "card_ver": "3",
        "facility": "日光市湯西川観光センター\n「湯西川水の郷」",
        "hours": "10:00～15:00\n（水曜日は休館のため配布しません）",
        "address": "栃木県日光市湯西川473-1",
        "url": "https://www.pref.tochigi.lg.jp/h07/panhuretto.html"
      }
    },
    {
      "type": "Feature",
      "geometry": {
        "type": "Point",
        "coordinates": [
          139.687973,
          36.724724
        ]
      },
      "properties": {
        "name": "中岩ダム",
        "location_marker": null,
        "pref": "栃木県",
        "river_system": "利根川",
        "river": "鬼怒川",
        "card_ver": "1.1",
        "facility": "道の駅日光　日光街道ニコニコ本陣 観光情報館",
        "hours": "【営業時間】9:00～17:00\n【定 休 日 】年末年始\n※ダムカード配布場所とダムは離れた場所ありますのでご注意願います。",
        "address": "栃木県日光市今市717-1",
        "url": "https://www.nikko-honjin.jp/about"
      }
    },
    {
      "type": "Feature",
      "geometry": {
        "type": "Point",
        "coordinates": [
          139.430939,
          36.766666
        ]
      },
      "properties": {
        "name": "中禅寺ダム",
        "location_marker": null,
        "pref": "栃木県",
        "river_system": "利根川",
        "river": "大谷川",
        "card_ver": "2",
        "facility": "中禅寺ダム管理所",
        "hours": "10:00～15:00\n（年末年始は配布しません）",
        "address": "栃木県日光市中宮祠1128",
        "url": "https://www.pref.tochigi.lg.jp/h07/panhuretto.html"
      }
    },
    {
      "type": "Feature",
      "geometry": {
        "type": "Point",
        "coordinates": [
          139.693542,
          36.907364
        ]
      },
      "properties": {
        "name": "五十里ダム",
        "location_marker": "①",
        "pref": "栃木県",
        "river_system": "利根川",
        "river": "男鹿川",
        "card_ver": "3",
        "facility": "①五十里ダム管理支所\n②道の駅　湯西川",
        "hours": "①8:30～17:15（土・日・祝日を含む）\n②9:00～17:00\n   ※季節・曜日により若干変更あるため、お問い合わせ下さい。",
        "address": "栃木県日光市川治温泉川治295-1",
        "url": "①\nhttp://www.ktr.mlit.go.jp/kinudamu/\n②\nhttp://www.nikko-kankou.org/spot/91/"
      }
    },
    {
      "type": "Feature",
      "geometry": {
        "type": "Point",
        "coordinates": [
          139.651474,
          36.940277
        ]
      },
      "properties": {
        "name": "五十里ダム",
        "location_marker": "②",
        "pref": "栃木県",
        "river_system": "利根川",
        "river": "男鹿川",
        "card_ver": "3",
        "facility": "①五十里ダム管理支所\n②道の駅　湯西川",
        "hours": "①8:30～17:15（土・日・祝日を含む）\n②9:00～17:00\n   ※季節・曜日により若干変更あるため、お問い合わせ下さい。",
        "address": "栃木県日光市西川478-1",
        "url": "①\nhttp://www.ktr.mlit.go.jp/kinudamu/\n②\nhttp://www.nikko-kankou.org/spot/91/"
      }
    },
    {
      "type": "Feature",
      "geometry": {
        "type": "Point",
        "coordinates": [
          139.687973,
          36.724724
        ]
      },
      "properties": {
        "name": "今市ダム",
        "location_marker": null,
        "pref": "栃木県",
        "river_system": "利根川",
        "river": "砥川",
        "card_ver": "1.1",
        "facility": "道の駅日光　日光街道ニコニコ本陣 観光情報館",
        "hours": "【営業時間】9:00～17:00\n【定 休 日 】年末年始\n※ダムカード配布場所とダムは離れた場所ありますのでご注意願います。また、ダムカードが欲しい場合はダムに行った証明（写真等）が必要となります。",
        "address": "栃木県日光市今市717-1",
        "url": "https://www.nikko-honjin.jp/about"
      }
    },
    {
      "type": "Feature",
      "geometry": {
        "type": "Point",
        "coordinates": [
          139.799332,
          36.749432
        ]
      },
      "properties": {
        "name": "佐貫頭首工",
        "location_marker": null,
        "pref": "栃木県",
        "river_system": "利根川",
        "river": "鬼怒川",
        "card_ver": "1",
        "facility": "佐貫ダム管理所",
        "hours": "9:00～15:00 \n（年末年始を除く）",
        "address": "栃木県塩谷郡塩谷町大字佐貫798",
        "url": "https://www.pref.tochigi.lg.jp/j51/damcard/damcard.html"
      }
    },
    {
      "type": "Feature",
      "geometry": {
        "type": "Point",
        "coordinates": [
          139.672699,
          36.515537
        ]
      },
      "properties": {
        "name": "南摩ダム",
        "location_marker": "①",
        "pref": "栃木県",
        "river_system": "利根川",
        "river": "南摩川",
        "card_ver": "1",
        "facility": "①思川開発建設所\n\n②まちの駅　新鹿沼宿\n\n③スノーピーク鹿沼キャンプフィールド＆スパ",
        "hours": "①9:00～17:00\n（土・日・祝日・年末年始（12/29～1/3）を除く））\n\n②9:00～19:00\n（年中無休）※年末年始除く（年末年始の営業時間は、まちの駅　新・鹿沼宿にお問い合わせ下さい。）\n\n③10:00～21:00\n　※定休日を除く",
        "address": "栃木県鹿沼市口粟野839-2",
        "url": "①\nhttps://www.water.go.jp/kanto/omoigawa/\n\n②\nhttp://kanumajuku.com/\n\n③\nhttps://sbs.snowpeak.co.jp/kanuma/"
      }
    },
    {
      "type": "Feature",
      "geometry": {
        "type": "Point",
        "coordinates": [
          139.746017,
          36.564056
        ]
      },
      "properties": {
        "name": "南摩ダム",
        "location_marker": "②",
        "pref": "栃木県",
        "river_system": "利根川",
        "river": "南摩川",
        "card_ver": "1",
        "facility": "①思川開発建設所\n\n②まちの駅　新鹿沼宿\n\n③スノーピーク鹿沼キャンプフィールド＆スパ",
        "hours": "①9:00～17:00\n（土・日・祝日・年末年始（12/29～1/3）を除く））\n\n②9:00～19:00\n（年中無休）※年末年始除く（年末年始の営業時間は、まちの駅　新・鹿沼宿にお問い合わせ下さい。）\n\n③10:00～21:00\n　※定休日を除く",
        "address": "栃木県鹿沼市仲町1604－1",
        "url": "①\nhttps://www.water.go.jp/kanto/omoigawa/\n\n②\nhttp://kanumajuku.com/\n\n③\nhttps://sbs.snowpeak.co.jp/kanuma/"
      }
    },
    {
      "type": "Feature",
      "geometry": {
        "type": "Point",
        "coordinates": [
          139.663742,
          36.553352
        ]
      },
      "properties": {
        "name": "南摩ダム",
        "location_marker": "③",
        "pref": "栃木県",
        "river_system": "利根川",
        "river": "南摩川",
        "card_ver": "1",
        "facility": "①思川開発建設所\n\n②まちの駅　新鹿沼宿\n\n③スノーピーク鹿沼キャンプフィールド＆スパ",
        "hours": "①9:00～17:00\n（土・日・祝日・年末年始（12/29～1/3）を除く））\n\n②9:00～19:00\n（年中無休）※年末年始除く（年末年始の営業時間は、まちの駅　新・鹿沼宿にお問い合わせ下さい。）\n\n③10:00～21:00\n　※定休日を除く",
        "address": "栃木県鹿沼市上南摩町字沢口１９０１",
        "url": "①\nhttps://www.water.go.jp/kanto/omoigawa/\n\n②\nhttp://kanumajuku.com/\n\n③\nhttps://sbs.snowpeak.co.jp/kanuma/"
      }
    },
    {
      "type": "Feature",
      "geometry": {
        "type": "Point",
        "coordinates": [
          139.867401,
          36.937458
        ]
      },
      "properties": {
        "name": "塩原ダム",
        "location_marker": "①",
        "pref": "栃木県",
        "river_system": "那珂川",
        "river": "箒川",
        "card_ver": "3",
        "facility": "\n①塩原ダム管理所\n②矢板土木事務所",
        "hours": "①10:00～14:45（水木、年末年始は配布しません）\n②9:00～17:00（土日、祝日、年末年始は配布しません）\n　※塩原ダム管理所不在時のみ配布いたします。配布にあたっては事前連絡の上、ダムに行った証明として案内板の写真を提示いただきます。",
        "address": "栃木県那須塩原市金沢字西山",
        "url": "https://www.pref.tochigi.lg.jp/h07/panhuretto.html"
      }
    },
    {
      "type": "Feature",
      "geometry": {
        "type": "Point",
        "coordinates": [
          139.926132,
          36.799587
        ]
      },
      "properties": {
        "name": "塩原ダム",
        "location_marker": "②",
        "pref": "栃木県",
        "river_system": "那珂川",
        "river": "箒川",
        "card_ver": "3",
        "facility": "\n①塩原ダム管理所\n②矢板土木事務所",
        "hours": "①10:00～14:45（水木、年末年始は配布しません）\n②9:00～17:00（土日、祝日、年末年始は配布しません）\n　※塩原ダム管理所不在時のみ配布いたします。配布にあたっては事前連絡の上、ダムに行った証明として案内板の写真を提示いただきます。",
        "address": "栃木県矢板市鹿島町20-11",
        "url": "https://www.pref.tochigi.lg.jp/h07/panhuretto.html"
      }
    },
    {
      "type": "Feature",
      "geometry": {
        "type": "Point",
        "coordinates": [
          139.853287,
          36.848137
        ]
      },
      "properties": {
        "name": "寺山ダム",
        "location_marker": "①",
        "pref": "栃木県",
        "river_system": "那珂川",
        "river": "宮川",
        "card_ver": "3",
        "facility": "①寺山ダム管理所\n②矢板土木事務所",
        "hours": "①10:00～14:45（水木、年末年始は配布しません）\n②9:00～17:00（土日、祝日、年末年始は配布しません）\n　※寺山ダム管理所不在時のみ配布いたします。配布にあたっては事前連絡の上、ダムに行った証明として案内板の写真を提示いただきます。",
        "address": "栃木県矢板市長井字石切場",
        "url": "https://www.pref.tochigi.lg.jp/h07/panhuretto.html"
      }
    },
    {
      "type": "Feature",
      "geometry": {
        "type": "Point",
        "coordinates": [
          139.926132,
          36.799587
        ]
      },
      "properties": {
        "name": "寺山ダム",
        "location_marker": "②",
        "pref": "栃木県",
        "river_system": "那珂川",
        "river": "宮川",
        "card_ver": "3",
        "facility": "①寺山ダム管理所\n②矢板土木事務所",
        "hours": "①10:00～14:45（水木、年末年始は配布しません）\n②9:00～17:00（土日、祝日、年末年始は配布しません）\n　※寺山ダム管理所不在時のみ配布いたします。配布にあたっては事前連絡の上、ダムに行った証明として案内板の写真を提示いただきます。",
        "address": "栃木県矢板市鹿島町20-11",
        "url": "https://www.pref.tochigi.lg.jp/h07/panhuretto.html"
      }
    },
    {
      "type": "Feature",
      "geometry": {
        "type": "Point",
        "coordinates": [
          139.753204,
          36.878551
        ]
      },
      "properties": {
        "name": "小網ダム",
        "location_marker": null,
        "pref": "栃木県",
        "river_system": "利根川",
        "river": "鬼怒川",
        "card_ver": "1",
        "facility": "企業局小網ダム管理所",
        "hours": "9:00～15:00 \n（年末年始を除く）",
        "address": "栃木県日光市藤原字小網1073",
        "url": "https://www.pref.tochigi.lg.jp/j51/damcard/damcard.html"
      }
    },
    {
      "type": "Feature",
      "geometry": {
        "type": "Point",
        "coordinates": [
          139.454803,
          36.89164
        ]
      },
      "properties": {
        "name": "川俣ダム",
        "location_marker": null,
        "pref": "栃木県",
        "river_system": "利根川",
        "river": "鬼怒川",
        "card_ver": "2",
        "facility": "川俣ダム管理支所",
        "hours": "9:00～16:00（土・日・祝日を含む）\n管理支所玄関のインターホンを押してください。\n※冬期（11月下旬～4月下旬予定）は、積雪のため閉鎖しており、ダムカードは配布しておりません。詳細は、鬼怒川ダム統合管理事務所ホームページをご確認下さい。",
        "address": "栃木県日光市川俣646-1",
        "url": "http://www.ktr.mlit.go.jp/kinudamu/"
      }
    },
    {
      "type": "Feature",
      "geometry": {
        "type": "Point",
        "coordinates": [
          139.693542,
          36.907364
        ]
      },
      "properties": {
        "name": "川治ダム",
        "location_marker": "①",
        "pref": "栃木県",
        "river_system": "利根川",
        "river": "鬼怒川",
        "card_ver": "1.1",
        "facility": "①川治ダム管理支所\n②川治ダム資料館２階",
        "hours": "①8:30～17:15（土・日・祝日を含む）\n②9:30～16:00（土・日・祝日を含む）\n   ※川治ダム資料館は１１月下旬から冬期閉鎖となります。",
        "address": "栃木県日光市川治温泉川治319-6",
        "url": "http://www.ktr.mlit.go.jp/kinudamu"
      }
    },
    {
      "type": "Feature",
      "geometry": {
        "type": "Point",
        "coordinates": [
          139.693542,
          36.907364
        ]
      },
      "properties": {
        "name": "川治ダム",
        "location_marker": "②",
        "pref": "栃木県",
        "river_system": "利根川",
        "river": "鬼怒川",
        "card_ver": "1.1",
        "facility": "①川治ダム管理支所\n②川治ダム資料館２階",
        "hours": "①8:30～17:15（土・日・祝日を含む）\n②9:30～16:00（土・日・祝日を含む）\n   ※川治ダム資料館は１１月下旬から冬期閉鎖となります。",
        "address": "栃木県日光市川治温泉川治293-3",
        "url": "http://www.ktr.mlit.go.jp/kinudamu"
      }
    },
    {
      "type": "Feature",
      "geometry": {
        "type": "Point",
        "coordinates": [
          139.474472,
          36.665745
        ]
      },
      "properties": {
        "name": "庚申ダム",
        "location_marker": null,
        "pref": "栃木県",
        "river_system": "利根川",
        "river": "庚申川",
        "card_ver": "1",
        "facility": "企業局庚申ダム管理所",
        "hours": "9:00～15:00 \n（年末年始を除く）",
        "address": "栃木県日光市足尾町5501",
        "url": "https://www.pref.tochigi.lg.jp/j51/damcard/damcard.html"
      }
    },
    {
      "type": "Feature",
      "geometry": {
        "type": "Point",
        "coordinates": [
          139.82692,
          36.831268
        ]
      },
      "properties": {
        "name": "東荒川ダム",
        "location_marker": "①",
        "pref": "栃木県",
        "river_system": "那珂川",
        "river": "荒川",
        "card_ver": "4",
        "facility": "①東荒川ダム管理所\n②矢板土木事務所",
        "hours": "①10:00～14:45（水木、年末年始は配布しません）\n②9:00～17:00（土日、祝日、年末年始は配布しません）\n　※東荒川ダム管理所不在時のみ配布いたします。配布にあたっては事前連絡の上、ダムに行った証明として案内板の写真を提示いただきます。",
        "address": "栃木県塩谷郡塩谷町大字上寺島1616-5",
        "url": "https://www.pref.tochigi.lg.jp/h07/panhuretto.html"
      }
    },
    {
      "type": "Feature",
      "geometry": {
        "type": "Point",
        "coordinates": [
          139.926132,
          36.799587
        ]
      },
      "properties": {
        "name": "東荒川ダム",
        "location_marker": "②",
        "pref": "栃木県",
        "river_system": "那珂川",
        "river": "荒川",
        "card_ver": "4",
        "facility": "①東荒川ダム管理所\n②矢板土木事務所",
        "hours": "①10:00～14:45（水木、年末年始は配布しません）\n②9:00～17:00（土日、祝日、年末年始は配布しません）\n　※東荒川ダム管理所不在時のみ配布いたします。配布にあたっては事前連絡の上、ダムに行った証明として案内板の写真を提示いただきます。",
        "address": "栃木県矢板市鹿島町20-11",
        "url": "https://www.pref.tochigi.lg.jp/h07/panhuretto.html"
      }
    },
    {
      "type": "Feature",
      "geometry": {
        "type": "Point",
        "coordinates": [
          139.436172,
          36.409504
        ]
      },
      "properties": {
        "name": "松田川ダム",
        "location_marker": "①",
        "pref": "栃木県",
        "river_system": "利根川",
        "river": "松田川",
        "card_ver": "3",
        "facility": "①松田川ダム管理所\n②安足土木事務所",
        "hours": "①10:00～14:00（木金、年末年始は配布しません）\n②9:00～17:00（土日、祝日、年末年始は配布しません）\n　※松田川ダム管理所不在時のみ配布いたします。配布にあたっては事前連絡の上、ダムに行った証明として松田川ダムの写真を提示いただきます。",
        "address": "栃木県足利市松田町3450",
        "url": "https://www.pref.tochigi.lg.jp/h07/panhuretto.html"
      }
    },
    {
      "type": "Feature",
      "geometry": {
        "type": "Point",
        "coordinates": [
          139.460114,
          36.32745
        ]
      },
      "properties": {
        "name": "松田川ダム",
        "location_marker": "②",
        "pref": "栃木県",
        "river_system": "利根川",
        "river": "松田川",
        "card_ver": "3",
        "facility": "①松田川ダム管理所\n②安足土木事務所",
        "hours": "①10:00～14:00（木金、年末年始は配布しません）\n②9:00～17:00（土日、祝日、年末年始は配布しません）\n　※松田川ダム管理所不在時のみ配布いたします。配布にあたっては事前連絡の上、ダムに行った証明として松田川ダムの写真を提示いただきます。",
        "address": "栃木県足利市伊勢町４丁目１９番地",
        "url": "https://www.pref.tochigi.lg.jp/h07/panhuretto.html"
      }
    },
    {
      "type": "Feature",
      "geometry": {
        "type": "Point",
        "coordinates": [
          139.634109,
          36.860756
        ]
      },
      "properties": {
        "name": "栗山ダム",
        "location_marker": "①",
        "pref": "栃木県",
        "river_system": "利根川",
        "river": "ベネ沢川",
        "card_ver": "1.1",
        "facility": "①\n栗山ふるさと物産センター\n\n②\n高野商店",
        "hours": "①\n【営業時間】9:00～16:00\n【定 休 日 】水曜日、木曜日\n【営業期間】4月第3日曜日～11月30日\n※上記期間以外は冬期休館の為、ダムカードを配布しません。\n※ダムカード配布場所とダムは離れた場所ありますのでご注意願います。\n\n②\n【営業時間】9:00～16:00\n【定 休 日 】日曜日（不定休）\n【配布期間】１２月１日～４月第３土曜日\n※栗山ふるさと物産センターの冬期休館期間中ダムカードを配布します。\n※ダムカード配布場所とダムは離れた場所ありますのでご注意願います。",
        "address": "栃木県日光市日陰596-2",
        "url": "①\n\nhttps://www.tochigiji.or.jp/spot/s9055/\n（とちぎ旅ネット）"
      }
    },
    {
      "type": "Feature",
      "geometry": {
        "type": "Point",
        "coordinates": [
          139.634109,
          36.860756
        ]
      },
      "properties": {
        "name": "栗山ダム",
        "location_marker": "②",
        "pref": "栃木県",
        "river_system": "利根川",
        "river": "ベネ沢川",
        "card_ver": "1.1",
        "facility": "①\n栗山ふるさと物産センター\n\n②\n高野商店",
        "hours": "①\n【営業時間】9:00～16:00\n【定 休 日 】水曜日、木曜日\n【営業期間】4月第3日曜日～11月30日\n※上記期間以外は冬期休館の為、ダムカードを配布しません。\n※ダムカード配布場所とダムは離れた場所ありますのでご注意願います。\n\n②\n【営業時間】9:00～16:00\n【定 休 日 】日曜日（不定休）\n【配布期間】１２月１日～４月第３土曜日\n※栗山ふるさと物産センターの冬期休館期間中ダムカードを配布します。\n※ダムカード配布場所とダムは離れた場所ありますのでご注意願います。",
        "address": "栃木県日光市日蔭577-10",
        "url": "①\n\nhttps://www.tochigiji.or.jp/spot/s9055/\n（とちぎ旅ネット）"
      }
    },
    {
      "type": "Feature",
      "geometry": {
        "type": "Point",
        "coordinates": [
          139.926407,
          37.101192
        ]
      },
      "properties": {
        "name": "沼原ダム",
        "location_marker": null,
        "pref": "栃木県",
        "river_system": "那珂川",
        "river": "那珂川",
        "card_ver": "1",
        "facility": "森の発電おはなし館",
        "hours": "\n10:00～16:00\n（2024年11月1日～2024年11月30日のみ）\n\n休館日：2024年5月1日～2024年10月31日、2024年12月1日～2025年4月30日（冬季閉館）\n※休館中はダムカードは配布も中止しております。ご理解のほどよろしくお願いいたします。\n",
        "address": "栃木県那須塩原市板室字滝ノ沢897-31",
        "url": "http://www.jpower.co.jp/damcard/numappara.html"
      }
    },
    {
      "type": "Feature",
      "geometry": {
        "type": "Point",
        "coordinates": [
          139.678375,
          36.197151
        ]
      },
      "properties": {
        "name": "渡良瀬貯水池",
        "location_marker": "①",
        "pref": "栃木県",
        "river_system": "利根川",
        "river": "渡良瀬川",
        "card_ver": "1",
        "facility": "①\n渡良瀬遊水池出張所\n\n②\n三県境ショップ　さいぐんと\n（道の駅かぞわたらせ）\n\n③\n体験活動センターわたらせ\n\n④\n野木町交流センター\n（野木ホフマン館）\n\n⑤渡良瀬遊水地ハートランド城\n\n⑥わたらせ自然館\n\n⑦渡良瀬遊水地コウノトリ交流館",
        "hours": "①\n9:00～11:30、13:00～16:00（土・日・祝日・年末年始は配布していません）\n\n②\n9:00～17:00（休業日1月1日、2日は配布していません）\n\n③\n9:３0～1６:00（月曜日(休日の場合は翌日・月曜日、火曜日が祝日の場合はその翌日)及び年末年始は配布していません）\n\n④\n9:０0～１７:00（月曜日（国民の休日にあたる場合は開館し、翌平日が休館）及び年末年始は配布していません）\n\n⑤\n9:00～17:00（年末年始は配布していません）\n\n⑥\n9:00～16:30（月曜日・火曜日・祝日の翌日及び年末年始は配布していません）\n\n⑦\n9:30～17:00（4月～9月 ※10月～3月は16：30まで）\n（月曜日（祝日を除く）、祝日の翌日（土日・祝日を除く）及び年末年始は配布していません）",
        "address": "埼玉県加須市柏戸字宮345",
        "url": "①\nhttps://www.ktr.mlit.go.jp/tonejo/tonejo00006.html\n\n②\nhttps://www.city.kazo.lg.jp/soshiki/kitakawabenishi_nousei/shisetsu_1/6379.html\n\n③\nhttps://watarase.or.jp/center/\n\n④\nhttp://www.town.nogi.lg.jp/page/page001120.html\n\n⑤\nhttps://www.city.tochigi.lg.jp/soshiki/6/1775.html\n\n⑥\nhttps://www.town.itakura.gunma.jp/d000090/d000120/index.html\n\n⑦\nhttps://www.city.oyama.tochigi.jp/kurashi/shisetsu-koutsuu/koukyo_shisetsu/page001375.html"
      }
    },
    {
      "type": "Feature",
      "geometry": {
        "type": "Point",
        "coordinates": [
          139.661972,
          36.21125
        ]
      },
      "properties": {
        "name": "渡良瀬貯水池",
        "location_marker": "②",
        "pref": "栃木県",
        "river_system": "利根川",
        "river": "渡良瀬川",
        "card_ver": "1",
        "facility": "①\n渡良瀬遊水池出張所\n\n②\n三県境ショップ　さいぐんと\n（道の駅かぞわたらせ）\n\n③\n体験活動センターわたらせ\n\n④\n野木町交流センター\n（野木ホフマン館）\n\n⑤渡良瀬遊水地ハートランド城\n\n⑥わたらせ自然館\n\n⑦渡良瀬遊水地コウノトリ交流館",
        "hours": "①\n9:00～11:30、13:00～16:00（土・日・祝日・年末年始は配布していません）\n\n②\n9:00～17:00（休業日1月1日、2日は配布していません）\n\n③\n9:３0～1６:00（月曜日(休日の場合は翌日・月曜日、火曜日が祝日の場合はその翌日)及び年末年始は配布していません）\n\n④\n9:０0～１７:00（月曜日（国民の休日にあたる場合は開館し、翌平日が休館）及び年末年始は配布していません）\n\n⑤\n9:00～17:00（年末年始は配布していません）\n\n⑥\n9:00～16:30（月曜日・火曜日・祝日の翌日及び年末年始は配布していません）\n\n⑦\n9:30～17:00（4月～9月 ※10月～3月は16：30まで）\n（月曜日（祝日を除く）、祝日の翌日（土日・祝日を除く）及び年末年始は配布していません）",
        "address": "埼玉県加須市小野袋17４５－１",
        "url": "①\nhttps://www.ktr.mlit.go.jp/tonejo/tonejo00006.html\n\n②\nhttps://www.city.kazo.lg.jp/soshiki/kitakawabenishi_nousei/shisetsu_1/6379.html\n\n③\nhttps://watarase.or.jp/center/\n\n④\nhttp://www.town.nogi.lg.jp/page/page001120.html\n\n⑤\nhttps://www.city.tochigi.lg.jp/soshiki/6/1775.html\n\n⑥\nhttps://www.town.itakura.gunma.jp/d000090/d000120/index.html\n\n⑦\nhttps://www.city.oyama.tochigi.jp/kurashi/shisetsu-koutsuu/koukyo_shisetsu/page001375.html"
      }
    },
    {
      "type": "Feature",
      "geometry": {
        "type": "Point",
        "coordinates": [
          139.883591,
          36.56591
        ]
      },
      "properties": {
        "name": "渡良瀬貯水池",
        "location_marker": "③",
        "pref": "栃木県",
        "river_system": "利根川",
        "river": "渡良瀬川",
        "card_ver": "1",
        "facility": "①\n渡良瀬遊水池出張所\n\n②\n三県境ショップ　さいぐんと\n（道の駅かぞわたらせ）\n\n③\n体験活動センターわたらせ\n\n④\n野木町交流センター\n（野木ホフマン館）\n\n⑤渡良瀬遊水地ハートランド城\n\n⑥わたらせ自然館\n\n⑦渡良瀬遊水地コウノトリ交流館",
        "hours": "①\n9:00～11:30、13:00～16:00（土・日・祝日・年末年始は配布していません）\n\n②\n9:00～17:00（休業日1月1日、2日は配布していません）\n\n③\n9:３0～1６:00（月曜日(休日の場合は翌日・月曜日、火曜日が祝日の場合はその翌日)及び年末年始は配布していません）\n\n④\n9:０0～１７:00（月曜日（国民の休日にあたる場合は開館し、翌平日が休館）及び年末年始は配布していません）\n\n⑤\n9:00～17:00（年末年始は配布していません）\n\n⑥\n9:00～16:30（月曜日・火曜日・祝日の翌日及び年末年始は配布していません）\n\n⑦\n9:30～17:00（4月～9月 ※10月～3月は16：30まで）\n（月曜日（祝日を除く）、祝日の翌日（土日・祝日を除く）及び年末年始は配布していません）",
        "address": "栃木県渡良瀬第一調節池内（栃木県栃木市藤岡町地先）",
        "url": "①\nhttps://www.ktr.mlit.go.jp/tonejo/tonejo00006.html\n\n②\nhttps://www.city.kazo.lg.jp/soshiki/kitakawabenishi_nousei/shisetsu_1/6379.html\n\n③\nhttps://watarase.or.jp/center/\n\n④\nhttp://www.town.nogi.lg.jp/page/page001120.html\n\n⑤\nhttps://www.city.tochigi.lg.jp/soshiki/6/1775.html\n\n⑥\nhttps://www.town.itakura.gunma.jp/d000090/d000120/index.html\n\n⑦\nhttps://www.city.oyama.tochigi.jp/kurashi/shisetsu-koutsuu/koukyo_shisetsu/page001375.html"
      }
    },
    {
      "type": "Feature",
      "geometry": {
        "type": "Point",
        "coordinates": [
          139.699921,
          36.212418
        ]
      },
      "properties": {
        "name": "渡良瀬貯水池",
        "location_marker": "④",
        "pref": "栃木県",
        "river_system": "利根川",
        "river": "渡良瀬川",
        "card_ver": "1",
        "facility": "①\n渡良瀬遊水池出張所\n\n②\n三県境ショップ　さいぐんと\n（道の駅かぞわたらせ）\n\n③\n体験活動センターわたらせ\n\n④\n野木町交流センター\n（野木ホフマン館）\n\n⑤渡良瀬遊水地ハートランド城\n\n⑥わたらせ自然館\n\n⑦渡良瀬遊水地コウノトリ交流館",
        "hours": "①\n9:00～11:30、13:00～16:00（土・日・祝日・年末年始は配布していません）\n\n②\n9:00～17:00（休業日1月1日、2日は配布していません）\n\n③\n9:３0～1６:00（月曜日(休日の場合は翌日・月曜日、火曜日が祝日の場合はその翌日)及び年末年始は配布していません）\n\n④\n9:０0～１７:00（月曜日（国民の休日にあたる場合は開館し、翌平日が休館）及び年末年始は配布していません）\n\n⑤\n9:00～17:00（年末年始は配布していません）\n\n⑥\n9:00～16:30（月曜日・火曜日・祝日の翌日及び年末年始は配布していません）\n\n⑦\n9:30～17:00（4月～9月 ※10月～3月は16：30まで）\n（月曜日（祝日を除く）、祝日の翌日（土日・祝日を除く）及び年末年始は配布していません）",
        "address": "栃木県下都賀郡野木町大字野木３３２４－１０",
        "url": "①\nhttps://www.ktr.mlit.go.jp/tonejo/tonejo00006.html\n\n②\nhttps://www.city.kazo.lg.jp/soshiki/kitakawabenishi_nousei/shisetsu_1/6379.html\n\n③\nhttps://watarase.or.jp/center/\n\n④\nhttp://www.town.nogi.lg.jp/page/page001120.html\n\n⑤\nhttps://www.city.tochigi.lg.jp/soshiki/6/1775.html\n\n⑥\nhttps://www.town.itakura.gunma.jp/d000090/d000120/index.html\n\n⑦\nhttps://www.city.oyama.tochigi.jp/kurashi/shisetsu-koutsuu/koukyo_shisetsu/page001375.html"
      }
    },
    {
      "type": "Feature",
      "geometry": {
        "type": "Point",
        "coordinates": [
          139.653687,
          36.25885
        ]
      },
      "properties": {
        "name": "渡良瀬貯水池",
        "location_marker": "⑤",
        "pref": "栃木県",
        "river_system": "利根川",
        "river": "渡良瀬川",
        "card_ver": "1",
        "facility": "①\n渡良瀬遊水池出張所\n\n②\n三県境ショップ　さいぐんと\n（道の駅かぞわたらせ）\n\n③\n体験活動センターわたらせ\n\n④\n野木町交流センター\n（野木ホフマン館）\n\n⑤渡良瀬遊水地ハートランド城\n\n⑥わたらせ自然館\n\n⑦渡良瀬遊水地コウノトリ交流館",
        "hours": "①\n9:00～11:30、13:00～16:00（土・日・祝日・年末年始は配布していません）\n\n②\n9:00～17:00（休業日1月1日、2日は配布していません）\n\n③\n9:３0～1６:00（月曜日(休日の場合は翌日・月曜日、火曜日が祝日の場合はその翌日)及び年末年始は配布していません）\n\n④\n9:０0～１７:00（月曜日（国民の休日にあたる場合は開館し、翌平日が休館）及び年末年始は配布していません）\n\n⑤\n9:00～17:00（年末年始は配布していません）\n\n⑥\n9:00～16:30（月曜日・火曜日・祝日の翌日及び年末年始は配布していません）\n\n⑦\n9:30～17:00（4月～9月 ※10月～3月は16：30まで）\n（月曜日（祝日を除く）、祝日の翌日（土日・祝日を除く）及び年末年始は配布していません）",
        "address": "栃木県栃木市藤岡町藤岡1218－1",
        "url": "①\nhttps://www.ktr.mlit.go.jp/tonejo/tonejo00006.html\n\n②\nhttps://www.city.kazo.lg.jp/soshiki/kitakawabenishi_nousei/shisetsu_1/6379.html\n\n③\nhttps://watarase.or.jp/center/\n\n④\nhttp://www.town.nogi.lg.jp/page/page001120.html\n\n⑤\nhttps://www.city.tochigi.lg.jp/soshiki/6/1775.html\n\n⑥\nhttps://www.town.itakura.gunma.jp/d000090/d000120/index.html\n\n⑦\nhttps://www.city.oyama.tochigi.jp/kurashi/shisetsu-koutsuu/koukyo_shisetsu/page001375.html"
      }
    },
    {
      "type": "Feature",
      "geometry": {
        "type": "Point",
        "coordinates": [
          139.650803,
          36.223068
        ]
      },
      "properties": {
        "name": "渡良瀬貯水池",
        "location_marker": "⑥",
        "pref": "栃木県",
        "river_system": "利根川",
        "river": "渡良瀬川",
        "card_ver": "1",
        "facility": "①\n渡良瀬遊水池出張所\n\n②\n三県境ショップ　さいぐんと\n（道の駅かぞわたらせ）\n\n③\n体験活動センターわたらせ\n\n④\n野木町交流センター\n（野木ホフマン館）\n\n⑤渡良瀬遊水地ハートランド城\n\n⑥わたらせ自然館\n\n⑦渡良瀬遊水地コウノトリ交流館",
        "hours": "①\n9:00～11:30、13:00～16:00（土・日・祝日・年末年始は配布していません）\n\n②\n9:00～17:00（休業日1月1日、2日は配布していません）\n\n③\n9:３0～1６:00（月曜日(休日の場合は翌日・月曜日、火曜日が祝日の場合はその翌日)及び年末年始は配布していません）\n\n④\n9:０0～１７:00（月曜日（国民の休日にあたる場合は開館し、翌平日が休館）及び年末年始は配布していません）\n\n⑤\n9:00～17:00（年末年始は配布していません）\n\n⑥\n9:00～16:30（月曜日・火曜日・祝日の翌日及び年末年始は配布していません）\n\n⑦\n9:30～17:00（4月～9月 ※10月～3月は16：30まで）\n（月曜日（祝日を除く）、祝日の翌日（土日・祝日を除く）及び年末年始は配布していません）",
        "address": "群馬県邑楽郡板倉町大字海老瀬４６６３－１",
        "url": "①\nhttps://www.ktr.mlit.go.jp/tonejo/tonejo00006.html\n\n②\nhttps://www.city.kazo.lg.jp/soshiki/kitakawabenishi_nousei/shisetsu_1/6379.html\n\n③\nhttps://watarase.or.jp/center/\n\n④\nhttp://www.town.nogi.lg.jp/page/page001120.html\n\n⑤\nhttps://www.city.tochigi.lg.jp/soshiki/6/1775.html\n\n⑥\nhttps://www.town.itakura.gunma.jp/d000090/d000120/index.html\n\n⑦\nhttps://www.city.oyama.tochigi.jp/kurashi/shisetsu-koutsuu/koukyo_shisetsu/page001375.html"
      }
    },
    {
      "type": "Feature",
      "geometry": {
        "type": "Point",
        "coordinates": [
          139.712219,
          36.246685
        ]
      },
      "properties": {
        "name": "渡良瀬貯水池",
        "location_marker": "⑦",
        "pref": "栃木県",
        "river_system": "利根川",
        "river": "渡良瀬川",
        "card_ver": "1",
        "facility": "①\n渡良瀬遊水池出張所\n\n②\n三県境ショップ　さいぐんと\n（道の駅かぞわたらせ）\n\n③\n体験活動センターわたらせ\n\n④\n野木町交流センター\n（野木ホフマン館）\n\n⑤渡良瀬遊水地ハートランド城\n\n⑥わたらせ自然館\n\n⑦渡良瀬遊水地コウノトリ交流館",
        "hours": "①\n9:00～11:30、13:00～16:00（土・日・祝日・年末年始は配布していません）\n\n②\n9:00～17:00（休業日1月1日、2日は配布していません）\n\n③\n9:３0～1６:00（月曜日(休日の場合は翌日・月曜日、火曜日が祝日の場合はその翌日)及び年末年始は配布していません）\n\n④\n9:０0～１７:00（月曜日（国民の休日にあたる場合は開館し、翌平日が休館）及び年末年始は配布していません）\n\n⑤\n9:00～17:00（年末年始は配布していません）\n\n⑥\n9:00～16:30（月曜日・火曜日・祝日の翌日及び年末年始は配布していません）\n\n⑦\n9:30～17:00（4月～9月 ※10月～3月は16：30まで）\n（月曜日（祝日を除く）、祝日の翌日（土日・祝日を除く）及び年末年始は配布していません）",
        "address": "栃木県小山市下生井８６５－１",
        "url": "①\nhttps://www.ktr.mlit.go.jp/tonejo/tonejo00006.html\n\n②\nhttps://www.city.kazo.lg.jp/soshiki/kitakawabenishi_nousei/shisetsu_1/6379.html\n\n③\nhttps://watarase.or.jp/center/\n\n④\nhttp://www.town.nogi.lg.jp/page/page001120.html\n\n⑤\nhttps://www.city.tochigi.lg.jp/soshiki/6/1775.html\n\n⑥\nhttps://www.town.itakura.gunma.jp/d000090/d000120/index.html\n\n⑦\nhttps://www.city.oyama.tochigi.jp/kurashi/shisetsu-koutsuu/koukyo_shisetsu/page001375.html"
      }
    },
    {
      "type": "Feature",
      "geometry": {
        "type": "Point",
        "coordinates": [
          139.651474,
          36.940277
        ]
      },
      "properties": {
        "name": "湯西川ダム",
        "location_marker": "①",
        "pref": "栃木県",
        "river_system": "利根川",
        "river": "湯西川",
        "card_ver": "1",
        "facility": "①湯西川ダム管理支所\n②湯西川水の郷観光センター",
        "hours": "①8:30～17:15（土・日・祝日を含む）\n②10:00〜15:30（水曜定休（祝日の場合は翌木曜休））\n※季節・曜日により若干変更あるため、お問い合わせ下さい。",
        "address": "栃木県日光市西川416",
        "url": "①\nhttp://www.ktr.mlit.go.jp/kinudamu/\n②\nhttps://yunishigawa-mizunosato.jp/"
      }
    },
    {
      "type": "Feature",
      "geometry": {
        "type": "Point",
        "coordinates": [
          139.580078,
          36.963856
        ]
      },
      "properties": {
        "name": "湯西川ダム",
        "location_marker": "②",
        "pref": "栃木県",
        "river_system": "利根川",
        "river": "湯西川",
        "card_ver": "1",
        "facility": "①湯西川ダム管理支所\n②湯西川水の郷観光センター",
        "hours": "①8:30～17:15（土・日・祝日を含む）\n②10:00〜15:30（水曜定休（祝日の場合は翌木曜休））\n※季節・曜日により若干変更あるため、お問い合わせ下さい。",
        "address": "栃木県日光市湯西川473-1",
        "url": "①\nhttp://www.ktr.mlit.go.jp/kinudamu/\n②\nhttps://yunishigawa-mizunosato.jp/"
      }
    },
    {
      "type": "Feature",
      "geometry": {
        "type": "Point",
        "coordinates": [
          139.797043,
          36.85107
        ]
      },
      "properties": {
        "name": "西荒川ダム",
        "location_marker": "①",
        "pref": "栃木県",
        "river_system": "那珂川",
        "river": "西荒川",
        "card_ver": "3",
        "facility": "①西荒川ダム管理所\n②矢板土木事務所",
        "hours": "①10:00～14:45（水木、年末年始は配布しません）\n②9:00～17:00（土日、祝日、年末年始は配布しません）\n　※西荒川ダム管理所不在時のみ配布いたします。配布にあたっては事前連絡の上、ダムに行った証明として案内板の写真を提示いただきます。",
        "address": "栃木県塩谷郡塩谷町大字上寺島字柄沢",
        "url": "https://www.pref.tochigi.lg.jp/h07/panhuretto.html"
      }
    },
    {
      "type": "Feature",
      "geometry": {
        "type": "Point",
        "coordinates": [
          139.926132,
          36.799587
        ]
      },
      "properties": {
        "name": "西荒川ダム",
        "location_marker": "②",
        "pref": "栃木県",
        "river_system": "那珂川",
        "river": "西荒川",
        "card_ver": "3",
        "facility": "①西荒川ダム管理所\n②矢板土木事務所",
        "hours": "①10:00～14:45（水木、年末年始は配布しません）\n②9:00～17:00（土日、祝日、年末年始は配布しません）\n　※西荒川ダム管理所不在時のみ配布いたします。配布にあたっては事前連絡の上、ダムに行った証明として案内板の写真を提示いただきます。",
        "address": "栃木県矢板市鹿島町20-11",
        "url": "https://www.pref.tochigi.lg.jp/h07/panhuretto.html"
      }
    },
    {
      "type": "Feature",
      "geometry": {
        "type": "Point",
        "coordinates": [
          139.634109,
          36.860756
        ]
      },
      "properties": {
        "name": "黒部ダム",
        "location_marker": "①",
        "pref": "栃木県",
        "river_system": "利根川",
        "river": "鬼怒川",
        "card_ver": "1.1",
        "facility": "①\n栗山ふるさと物産センター\n\n②\n高野商店",
        "hours": "①\n【営業時間】9:00～16:00\n【定 休 日 】水曜日、木曜日\n【営業期間】4月第3日曜日～11月30日\n※上記期間以外は冬期休館の為、ダムカードを配布しません。\n※ダムカード配布場所とダムは離れた場所ありますのでご注意願います。また、ダムカードが欲しい場合はダムに行った証明（写真等）が必要となります。\n\n②\n【営業時間】9:00～16:00\n【定 休 日 】日曜日（不定休）\n【配布期間】１２月１日～４月第３土曜日\n※栗山ふるさと物産センターの冬期休館期間中ダムカードを配布します。\n※ダムカード配布場所とダムは離れた場所ありますのでご注意願います。また、ダムカードが欲しい場合はダムに行った証明（写真等）が必要となります。",
        "address": "栃木県日光市日陰596-2",
        "url": "①\nhttps://www.tochigiji.or.jp/spot/s9055/\n（とちぎ旅ネット）"
      }
    },
    {
      "type": "Feature",
      "geometry": {
        "type": "Point",
        "coordinates": [
          139.634109,
          36.860756
        ]
      },
      "properties": {
        "name": "黒部ダム",
        "location_marker": "②",
        "pref": "栃木県",
        "river_system": "利根川",
        "river": "鬼怒川",
        "card_ver": "1.1",
        "facility": "①\n栗山ふるさと物産センター\n\n②\n高野商店",
        "hours": "①\n【営業時間】9:00～16:00\n【定 休 日 】水曜日、木曜日\n【営業期間】4月第3日曜日～11月30日\n※上記期間以外は冬期休館の為、ダムカードを配布しません。\n※ダムカード配布場所とダムは離れた場所ありますのでご注意願います。また、ダムカードが欲しい場合はダムに行った証明（写真等）が必要となります。\n\n②\n【営業時間】9:00～16:00\n【定 休 日 】日曜日（不定休）\n【配布期間】１２月１日～４月第３土曜日\n※栗山ふるさと物産センターの冬期休館期間中ダムカードを配布します。\n※ダムカード配布場所とダムは離れた場所ありますのでご注意願います。また、ダムカードが欲しい場合はダムに行った証明（写真等）が必要となります。",
        "address": "栃木県日光市日蔭577-10",
        "url": "①\nhttps://www.tochigiji.or.jp/spot/s9055/\n（とちぎ旅ネット）"
      }
    },
    {
      "type": "Feature",
      "geometry": {
        "type": "Point",
        "coordinates": [
          125.397263,
          24.7388
        ]
      },
      "properties": {
        "name": "仲原地下ダム",
        "location_marker": null,
        "pref": "沖縄県",
        "river_system": "－",
        "river": "－",
        "card_ver": "1",
        "facility": "宮古島市地下ダム資料館",
        "hours": "9:00～17:00　※入館16:30まで\n（月曜・年末年始(12/29～1/3)は休館のため配布なし）",
        "address": "沖縄県宮古島市城辺字福里1645-8",
        "url": "https://www.ogb.go.jp/nousui/miyakoirabu/240113_5"
      }
    },
    {
      "type": "Feature",
      "geometry": {
        "type": "Point",
        "coordinates": [
          127.797417,
          26.727022
        ]
      },
      "properties": {
        "name": "伊江地下ダム",
        "location_marker": null,
        "pref": "沖縄県",
        "river_system": "－",
        "river": "－",
        "card_ver": "1",
        "facility": "中央管理所",
        "hours": "9:00～17:00(12:00～13:00除く)\n（土日祝日、慰霊の日（6月23日）及び年末年始（12月29日～1月3日）は除く）\n職員が不在の場合は、電話連絡をお願いします。（玄関付近の張り紙のとおりです。）\n※事前の電話連絡をお薦めします。",
        "address": "沖縄県国頭郡伊江村字東江上1770番地の１",
        "url": "－"
      }
    },
    {
      "type": "Feature",
      "geometry": {
        "type": "Point",
        "coordinates": [
          127.80526,
          26.391857
        ]
      },
      "properties": {
        "name": "倉敷ダム",
        "location_marker": null,
        "pref": "沖縄県",
        "river_system": "比謝川",
        "river": "与那原川",
        "card_ver": "3.1",
        "facility": "倉敷ダム管理所",
        "hours": "9:00～17:00（土・日・祝日含む）\n年末年始（12月29日～1月3日）は除く",
        "address": "沖縄県うるま市石川楚南879-1",
        "url": "http://www.pref.okinawa.jp/site/doboku/doboku-chubu/kurashiki.html"
      }
    },
    {
      "type": "Feature",
      "geometry": {
        "type": "Point",
        "coordinates": [
          126.795662,
          26.340317
        ]
      },
      "properties": {
        "name": "儀間ダム",
        "location_marker": "①",
        "pref": "沖縄県",
        "river_system": "儀間川",
        "river": "儀間川",
        "card_ver": "1",
        "facility": "①\n儀間ダム管理所\n\n②\nあじまー館（久米島町役場具志川出張所 上下水道課）\n\n③\n久米島町役場（建設課）",
        "hours": "9:00～17:00\n（土･日･祝日、慰霊の日(6月23日)及び年末年始(12月29日～1月3日)は除く）\n※①にて職員が不在の場合、②及び③にてお受け取り下さい。\n②、③での配布の場合、ダムへ行ったことを証明する写真（ダム名の分かる看板等を背景として、本人が入った写真とする。グループの場合は、グループ全員が写っていること。）を提示してください。",
        "address": "沖縄県久米島町字比嘉2161-4",
        "url": "http://www.pref.okinawa.jp/site/doboku/doboku-nan/gima.html"
      }
    },
    {
      "type": "Feature",
      "geometry": {
        "type": "Point",
        "coordinates": [
          126.74662,
          26.348097
        ]
      },
      "properties": {
        "name": "儀間ダム",
        "location_marker": "②",
        "pref": "沖縄県",
        "river_system": "儀間川",
        "river": "儀間川",
        "card_ver": "1",
        "facility": "①\n儀間ダム管理所\n\n②\nあじまー館（久米島町役場具志川出張所 上下水道課）\n\n③\n久米島町役場（建設課）",
        "hours": "9:00～17:00\n（土･日･祝日、慰霊の日(6月23日)及び年末年始(12月29日～1月3日)は除く）\n※①にて職員が不在の場合、②及び③にてお受け取り下さい。\n②、③での配布の場合、ダムへ行ったことを証明する写真（ダム名の分かる看板等を背景として、本人が入った写真とする。グループの場合は、グループ全員が写っていること。）を提示してください。",
        "address": "沖縄県久米島町字仲泊966-33",
        "url": "http://www.pref.okinawa.jp/site/doboku/doboku-nan/gima.html"
      }
    },
    {
      "type": "Feature",
      "geometry": {
        "type": "Point",
        "coordinates": [
          126.795662,
          26.340317
        ]
      },
      "properties": {
        "name": "儀間ダム",
        "location_marker": "③",
        "pref": "沖縄県",
        "river_system": "儀間川",
        "river": "儀間川",
        "card_ver": "1",
        "facility": "①\n儀間ダム管理所\n\n②\nあじまー館（久米島町役場具志川出張所 上下水道課）\n\n③\n久米島町役場（建設課）",
        "hours": "9:00～17:00\n（土･日･祝日、慰霊の日(6月23日)及び年末年始(12月29日～1月3日)は除く）\n※①にて職員が不在の場合、②及び③にてお受け取り下さい。\n②、③での配布の場合、ダムへ行ったことを証明する写真（ダム名の分かる看板等を背景として、本人が入った写真とする。グループの場合は、グループ全員が写っていること。）を提示してください。",
        "address": "沖縄県久米島町比嘉2870",
        "url": "http://www.pref.okinawa.jp/site/doboku/doboku-nan/gima.html"
      }
    },
    {
      "type": "Feature",
      "geometry": {
        "type": "Point",
        "coordinates": [
          127.946136,
          26.92514
        ]
      },
      "properties": {
        "name": "千原地下ダム",
        "location_marker": null,
        "pref": "沖縄県",
        "river_system": "－",
        "river": "－",
        "card_ver": "1",
        "facility": "中央管理所",
        "hours": "8:30～17:15\n（土日祝日、慰霊の日（6月23日）及び年末年始（12月29日～1月3日）は除く）\n職員が不在の場合は、電話連絡をお願いします。（玄関付近の張り紙のとおりです。）\n※事前の電話連絡をお薦めします。",
        "address": "沖縄県島尻郡伊是名村字仲田１６８７番地２２",
        "url": "－"
      }
    },
    {
      "type": "Feature",
      "geometry": {
        "type": "Point",
        "coordinates": [
          124.185928,
          24.339695
        ]
      },
      "properties": {
        "name": "名蔵ダム",
        "location_marker": "①",
        "pref": "沖縄県",
        "river_system": "名蔵川",
        "river": "ブネラ川",
        "card_ver": "1",
        "facility": "①八重山農林水産振興センター農林水産整備課\n\n②八重山平和祈念館\n\n③石垣市",
        "hours": "①,③8:30～17:15\n（土日祝日、慰霊の日（6月23日）及び年末年始（12月29日～1月3日）は除く）\n\n②9:00～17:00\n（土日祝日及び慰霊の日のみ配布、年末年始は除く）\n※いずれの場合も、ダムへ行ったことを証明する写真（ダム名の分かる看板等を背景として、本人が入った写真とする。グループの方は、グループ全員が写っていること。）を提示してください。",
        "address": "沖縄県石垣市字真栄里438-1",
        "url": "①\nhttps://www.pref.okinawa.jp/shigoto/shinkooroshi/1011448/1024245/1011460/index.html\n②\nhttps://www.pref.okinawa.jp/yaeyama-peace-museum/\n③\nhttps://www.city.ishigaki.okinawa.jp/soshiki/murazukuri/damcard/1077.html"
      }
    },
    {
      "type": "Feature",
      "geometry": {
        "type": "Point",
        "coordinates": [
          124.14502,
          24.34902
        ]
      },
      "properties": {
        "name": "名蔵ダム",
        "location_marker": "②",
        "pref": "沖縄県",
        "river_system": "名蔵川",
        "river": "ブネラ川",
        "card_ver": "1",
        "facility": "①八重山農林水産振興センター農林水産整備課\n\n②八重山平和祈念館\n\n③石垣市",
        "hours": "①,③8:30～17:15\n（土日祝日、慰霊の日（6月23日）及び年末年始（12月29日～1月3日）は除く）\n\n②9:00～17:00\n（土日祝日及び慰霊の日のみ配布、年末年始は除く）\n※いずれの場合も、ダムへ行ったことを証明する写真（ダム名の分かる看板等を背景として、本人が入った写真とする。グループの方は、グループ全員が写っていること。）を提示してください。",
        "address": "沖縄県石垣市新栄町79-3",
        "url": "①\nhttps://www.pref.okinawa.jp/shigoto/shinkooroshi/1011448/1024245/1011460/index.html\n②\nhttps://www.pref.okinawa.jp/yaeyama-peace-museum/\n③\nhttps://www.city.ishigaki.okinawa.jp/soshiki/murazukuri/damcard/1077.html"
      }
    },
    {
      "type": "Feature",
      "geometry": {
        "type": "Point",
        "coordinates": [
          124.198051,
          24.383537
        ]
      },
      "properties": {
        "name": "名蔵ダム",
        "location_marker": "③",
        "pref": "沖縄県",
        "river_system": "名蔵川",
        "river": "ブネラ川",
        "card_ver": "1",
        "facility": "①八重山農林水産振興センター農林水産整備課\n\n②八重山平和祈念館\n\n③石垣市",
        "hours": "①,③8:30～17:15\n（土日祝日、慰霊の日（6月23日）及び年末年始（12月29日～1月3日）は除く）\n\n②9:00～17:00\n（土日祝日及び慰霊の日のみ配布、年末年始は除く）\n※いずれの場合も、ダムへ行ったことを証明する写真（ダム名の分かる看板等を背景として、本人が入った写真とする。グループの方は、グループ全員が写っていること。）を提示してください。",
        "address": "沖縄県石垣市真栄里672",
        "url": "①\nhttps://www.pref.okinawa.jp/shigoto/shinkooroshi/1011448/1024245/1011460/index.html\n②\nhttps://www.pref.okinawa.jp/yaeyama-peace-museum/\n③\nhttps://www.city.ishigaki.okinawa.jp/soshiki/murazukuri/damcard/1077.html"
      }
    },
    {
      "type": "Feature",
      "geometry": {
        "type": "Point",
        "coordinates": [
          128.138123,
          26.657549
        ]
      },
      "properties": {
        "name": "大保ダム",
        "location_marker": null,
        "pref": "沖縄県",
        "river_system": "大保川",
        "river": "大保川",
        "card_ver": "1.1",
        "facility": "大保ダム管理支所",
        "hours": "8:30～17:15\n　（土・日・祝日含む）",
        "address": "沖縄県国頭郡大宜味村字田港１３５７－１８",
        "url": "http://www.dc.ogb.go.jp/toukan/"
      }
    },
    {
      "type": "Feature",
      "geometry": {
        "type": "Point",
        "coordinates": [
          124.198051,
          24.383537
        ]
      },
      "properties": {
        "name": "大浦ダム",
        "location_marker": "①",
        "pref": "沖縄県",
        "river_system": "大浦川",
        "river": "大浦川",
        "card_ver": "1",
        "facility": "①\n石垣市役所（むらづくり課）\n\n②\n八重山平和祈念館",
        "hours": "①\n8:30～17:15\n（土日祝日、慰霊の日（6月23日）及び年末年始（12月29日～1月3日）は除く）\n\n②\n9:00～17:00\n（土日祝日及び慰霊の日のみ配布、年末年始は除く）\n※いずれの場合も、ダムへ行ったことを証明する写真（ダム名の分かる看板等を背景として、本人が入った写真とする。グループの方は、グループ全員が写っていること。）を提示してください。",
        "address": "沖縄県石垣市字真栄里６７２番地",
        "url": "①\nhttps://www.city.ishigaki.okinawa.jp/soshiki/murazukuri/index.html\n\n②\nhttps://www.pref.okinawa.jp/yaeyama-peace-museum/"
      }
    },
    {
      "type": "Feature",
      "geometry": {
        "type": "Point",
        "coordinates": [
          124.14502,
          24.34902
        ]
      },
      "properties": {
        "name": "大浦ダム",
        "location_marker": "②",
        "pref": "沖縄県",
        "river_system": "大浦川",
        "river": "大浦川",
        "card_ver": "1",
        "facility": "①\n石垣市役所（むらづくり課）\n\n②\n八重山平和祈念館",
        "hours": "①\n8:30～17:15\n（土日祝日、慰霊の日（6月23日）及び年末年始（12月29日～1月3日）は除く）\n\n②\n9:00～17:00\n（土日祝日及び慰霊の日のみ配布、年末年始は除く）\n※いずれの場合も、ダムへ行ったことを証明する写真（ダム名の分かる看板等を背景として、本人が入った写真とする。グループの方は、グループ全員が写っていること。）を提示してください。",
        "address": "沖縄県石垣市新栄町79-3",
        "url": "①\nhttps://www.city.ishigaki.okinawa.jp/soshiki/murazukuri/index.html\n\n②\nhttps://www.pref.okinawa.jp/yaeyama-peace-museum/"
      }
    },
    {
      "type": "Feature",
      "geometry": {
        "type": "Point",
        "coordinates": [
          128.264282,
          26.709047
        ]
      },
      "properties": {
        "name": "安波ダム",
        "location_marker": null,
        "pref": "沖縄県",
        "river_system": "安波川",
        "river": "安波川",
        "card_ver": "1",
        "facility": "安波ダム管理支所",
        "hours": "8:30～17:15\n（土・日・祝日含む）",
        "address": "沖縄県国頭郡国頭村字安波川瀬原１３０１－２２",
        "url": "http://www.dc.ogb.go.jp/toukan/"
      }
    },
    {
      "type": "Feature",
      "geometry": {
        "type": "Point",
        "coordinates": [
          124.185928,
          24.339695
        ]
      },
      "properties": {
        "name": "底原ダム",
        "location_marker": "①",
        "pref": "沖縄県",
        "river_system": "宮良川",
        "river": "底原川",
        "card_ver": "1",
        "facility": "①八重山農林水産振興センター農林水産整備課\n\n②八重山平和祈念館\n\n③石垣市",
        "hours": "①,③8:30～17:15\n（土日祝日、慰霊の日（6月23日）及び年末年始（12月29日～1月3日）は除く）\n\n②9:00～17:00\n（土日祝日及び慰霊の日のみ配布、年末年始は除く）\n※いずれの場合も、ダムへ行ったことを証明する写真（ダム名の分かる看板等を背景として、本人が入った写真とする。グループの方は、グループ全員が写っていること。）を提示してください。",
        "address": "沖縄県石垣市字真栄里438-1",
        "url": "①\nhttps://www.pref.okinawa.jp/shigoto/shinkooroshi/1011448/1024245/1011460/index.html\n②\nhttps://www.pref.okinawa.jp/yaeyama-peace-museum/\n③\nhttps://www.city.ishigaki.okinawa.jp/soshiki/murazukuri/damcard/1077.html"
      }
    },
    {
      "type": "Feature",
      "geometry": {
        "type": "Point",
        "coordinates": [
          124.14502,
          24.34902
        ]
      },
      "properties": {
        "name": "底原ダム",
        "location_marker": "②",
        "pref": "沖縄県",
        "river_system": "宮良川",
        "river": "底原川",
        "card_ver": "1",
        "facility": "①八重山農林水産振興センター農林水産整備課\n\n②八重山平和祈念館\n\n③石垣市",
        "hours": "①,③8:30～17:15\n（土日祝日、慰霊の日（6月23日）及び年末年始（12月29日～1月3日）は除く）\n\n②9:00～17:00\n（土日祝日及び慰霊の日のみ配布、年末年始は除く）\n※いずれの場合も、ダムへ行ったことを証明する写真（ダム名の分かる看板等を背景として、本人が入った写真とする。グループの方は、グループ全員が写っていること。）を提示してください。",
        "address": "沖縄県石垣市新栄町79-3",
        "url": "①\nhttps://www.pref.okinawa.jp/shigoto/shinkooroshi/1011448/1024245/1011460/index.html\n②\nhttps://www.pref.okinawa.jp/yaeyama-peace-museum/\n③\nhttps://www.city.ishigaki.okinawa.jp/soshiki/murazukuri/damcard/1077.html"
      }
    },
    {
      "type": "Feature",
      "geometry": {
        "type": "Point",
        "coordinates": [
          124.198051,
          24.383537
        ]
      },
      "properties": {
        "name": "底原ダム",
        "location_marker": "③",
        "pref": "沖縄県",
        "river_system": "宮良川",
        "river": "底原川",
        "card_ver": "1",
        "facility": "①八重山農林水産振興センター農林水産整備課\n\n②八重山平和祈念館\n\n③石垣市",
        "hours": "①,③8:30～17:15\n（土日祝日、慰霊の日（6月23日）及び年末年始（12月29日～1月3日）は除く）\n\n②9:00～17:00\n（土日祝日及び慰霊の日のみ配布、年末年始は除く）\n※いずれの場合も、ダムへ行ったことを証明する写真（ダム名の分かる看板等を背景として、本人が入った写真とする。グループの方は、グループ全員が写っていること。）を提示してください。",
        "address": "沖縄県石垣市真栄里672",
        "url": "①\nhttps://www.pref.okinawa.jp/shigoto/shinkooroshi/1011448/1024245/1011460/index.html\n②\nhttps://www.pref.okinawa.jp/yaeyama-peace-museum/\n③\nhttps://www.city.ishigaki.okinawa.jp/soshiki/murazukuri/damcard/1077.html"
      }
    },
    {
      "type": "Feature",
      "geometry": {
        "type": "Point",
        "coordinates": [
          127.306168,
          26.230562
        ]
      },
      "properties": {
        "name": "座間味ダム",
        "location_marker": null,
        "pref": "沖縄県",
        "river_system": "内川",
        "river": "内川",
        "card_ver": "3",
        "facility": "\n座間味村役場（産業振興課）",
        "hours": "9:00～17:00\n（土･日･祝日、慰霊の日(6月23日)及び年末年始(12月29日～1月3日)は除く）\n※ダムへ行ったことを証明する写真（ダム名の分かる看板等を背景として、本人が入った写真とする。グループの場合は、グループ全員が写っていること。）を提示してください。",
        "address": "沖縄県座間味村字座間味109",
        "url": "https://www.pref.okinawa.jp/site/doboku/doboku-nan/zamami.html"
      }
    },
    {
      "type": "Feature",
      "geometry": {
        "type": "Point",
        "coordinates": [
          127.956802,
          27.036224
        ]
      },
      "properties": {
        "name": "我喜屋ダム",
        "location_marker": null,
        "pref": "沖縄県",
        "river_system": "中の川",
        "river": "シチフ川",
        "card_ver": "2",
        "facility": "我喜屋ダム管理所",
        "hours": "9:00～17:00\n（土・日・祝日および年末年始(12/29～1/３)は、配布なし）\n職員が不在の場合は、電話連絡をお願いします。（玄関付近の張り紙のとおりです。）",
        "address": "沖縄県伊平屋村字我喜屋818",
        "url": "https://www.pref.okinawa.jp/machizukuri/kaigankasen/1013061/1013086/1013102/index.html"
      }
    },
    {
      "type": "Feature",
      "geometry": {
        "type": "Point",
        "coordinates": [
          128.166748,
          26.630508
        ]
      },
      "properties": {
        "name": "新川ダム",
        "location_marker": null,
        "pref": "沖縄県",
        "river_system": "新川川",
        "river": "新川川",
        "card_ver": "1",
        "facility": "福地ダム管理支所",
        "hours": "8:30～17:15\n（土・日・祝日含む）",
        "address": "沖縄県国頭郡東村字川田中上原１１０５－１０８",
        "url": "http://www.dc.ogb.go.jp/toukan/"
      }
    },
    {
      "type": "Feature",
      "geometry": {
        "type": "Point",
        "coordinates": [
          128.264282,
          26.709047
        ]
      },
      "properties": {
        "name": "普久川ダム",
        "location_marker": null,
        "pref": "沖縄県",
        "river_system": "安波川",
        "river": "普久川",
        "card_ver": "1",
        "facility": "安波ダム管理支所",
        "hours": "8:30～17:15\n（土・日・祝日含む）",
        "address": "沖縄県国頭郡国頭村字安波川瀬原１３０１－２２",
        "url": "http://www.dc.ogb.go.jp/toukan/"
      }
    },
    {
      "type": "Feature",
      "geometry": {
        "type": "Point",
        "coordinates": [
          127.944199,
          26.488623
        ]
      },
      "properties": {
        "name": "漢那ダム",
        "location_marker": null,
        "pref": "沖縄県",
        "river_system": "漢那福地川",
        "river": "漢那福地川",
        "card_ver": "1.1",
        "facility": "漢那ダム管理支所",
        "hours": "8:30～17:15\n（土・日・祝日含む）",
        "address": "沖縄県国頭郡宜野座村字漢那中山原２０１５－２",
        "url": "http://www.dc.ogb.go.jp/toukan/"
      }
    },
    {
      "type": "Feature",
      "geometry": {
        "type": "Point",
        "coordinates": [
          125.397263,
          24.7388
        ]
      },
      "properties": {
        "name": "皆福地下ダム",
        "location_marker": null,
        "pref": "沖縄県",
        "river_system": "－",
        "river": "－",
        "card_ver": "1",
        "facility": "宮古島市地下ダム資料館",
        "hours": "9:00～17:00　※入館16:30まで\n（月曜・年末年始(12/29～1/3)は休館のため配布なし）",
        "address": "沖縄県宮古島市城辺字福里１６４５－８",
        "url": "https://www.ogb.go.jp/-/media/Files/OGB/nousui/tochisogo/07_chikadamu/dam1.pdf"
      }
    },
    {
      "type": "Feature",
      "geometry": {
        "type": "Point",
        "coordinates": [
          124.185928,
          24.339695
        ]
      },
      "properties": {
        "name": "真栄里ダム",
        "location_marker": "①",
        "pref": "沖縄県",
        "river_system": "宮良川",
        "river": "宮良川",
        "card_ver": "1",
        "facility": "①八重山土木事務所（河川都市港湾班）\n\n②八重山平和祈念館\n\n③石垣市役所　石垣市水産商工部むらづくり課",
        "hours": "①8:30～17:15\n（土日祝日、慰霊の日（6月23日）及び年末年始（12月29日～1月3日）は除く）\n\n②9:00～17:00\n（土日祝日及び慰霊の日のみ配布、年末年始は除く）\n※いずれの場合も、ダムへ行ったことを証明する写真（ダム名の分かる看板等を背景として、本人が入った写真とする。グループの方は、グループ全員が写っていること。）を提示してください。\n\n③8:30～17:15\n（土日祝日、慰霊の日（6月23日）及び年末年始（12月29日～1月3日）は除く）",
        "address": "沖縄県石垣市字真栄里438-1 3階",
        "url": "①\nhttps://www.pref.okinawa.jp/machizukuri/doboku/1013923/index.html\n②\nhttps://www.pref.okinawa.jp/yaeyama-peace-museum/\n③\nhttps://www.city.ishigaki.okinawa.jp/index.html"
      }
    },
    {
      "type": "Feature",
      "geometry": {
        "type": "Point",
        "coordinates": [
          124.14502,
          24.34902
        ]
      },
      "properties": {
        "name": "真栄里ダム",
        "location_marker": "②",
        "pref": "沖縄県",
        "river_system": "宮良川",
        "river": "宮良川",
        "card_ver": "1",
        "facility": "①八重山土木事務所（河川都市港湾班）\n\n②八重山平和祈念館\n\n③石垣市役所　石垣市水産商工部むらづくり課",
        "hours": "①8:30～17:15\n（土日祝日、慰霊の日（6月23日）及び年末年始（12月29日～1月3日）は除く）\n\n②9:00～17:00\n（土日祝日及び慰霊の日のみ配布、年末年始は除く）\n※いずれの場合も、ダムへ行ったことを証明する写真（ダム名の分かる看板等を背景として、本人が入った写真とする。グループの方は、グループ全員が写っていること。）を提示してください。\n\n③8:30～17:15\n（土日祝日、慰霊の日（6月23日）及び年末年始（12月29日～1月3日）は除く）",
        "address": "沖縄県石垣市新栄町79-3",
        "url": "①\nhttps://www.pref.okinawa.jp/machizukuri/doboku/1013923/index.html\n②\nhttps://www.pref.okinawa.jp/yaeyama-peace-museum/\n③\nhttps://www.city.ishigaki.okinawa.jp/index.html"
      }
    },
    {
      "type": "Feature",
      "geometry": {
        "type": "Point",
        "coordinates": [
          124.198051,
          24.383537
        ]
      },
      "properties": {
        "name": "真栄里ダム",
        "location_marker": "③",
        "pref": "沖縄県",
        "river_system": "宮良川",
        "river": "宮良川",
        "card_ver": "1",
        "facility": "①八重山土木事務所（河川都市港湾班）\n\n②八重山平和祈念館\n\n③石垣市役所　石垣市水産商工部むらづくり課",
        "hours": "①8:30～17:15\n（土日祝日、慰霊の日（6月23日）及び年末年始（12月29日～1月3日）は除く）\n\n②9:00～17:00\n（土日祝日及び慰霊の日のみ配布、年末年始は除く）\n※いずれの場合も、ダムへ行ったことを証明する写真（ダム名の分かる看板等を背景として、本人が入った写真とする。グループの方は、グループ全員が写っていること。）を提示してください。\n\n③8:30～17:15\n（土日祝日、慰霊の日（6月23日）及び年末年始（12月29日～1月3日）は除く）",
        "address": "沖縄県石垣市真栄里672",
        "url": "①\nhttps://www.pref.okinawa.jp/machizukuri/doboku/1013923/index.html\n②\nhttps://www.pref.okinawa.jp/yaeyama-peace-museum/\n③\nhttps://www.city.ishigaki.okinawa.jp/index.html"
      }
    },
    {
      "type": "Feature",
      "geometry": {
        "type": "Point",
        "coordinates": [
          124.185928,
          24.339695
        ]
      },
      "properties": {
        "name": "石垣ダム",
        "location_marker": "①",
        "pref": "沖縄県",
        "river_system": "磯辺川",
        "river": "磯辺川",
        "card_ver": "1",
        "facility": "①八重山農林水産振興センター農林水産整備課\n\n②八重山平和祈念館\n\n③石垣市",
        "hours": "①,③8:30～17:15\n（土日祝日、慰霊の日（6月23日）及び年末年始（12月29日～1月3日）は除く）\n\n②9:00～17:00\n（土日祝日及び慰霊の日のみ配布、年末年始は除く）\n※いずれの場合も、ダムへ行ったことを証明する写真（ダム名の分かる看板等を背景として、本人が入った写真とする。グループの方は、グループ全員が写っていること。）を提示してください。",
        "address": "沖縄県石垣市字真栄里438-1",
        "url": "①\nhttps://www.pref.okinawa.jp/shigoto/shinkooroshi/1011448/1024245/1011460/index.html\n②\nhttps://www.pref.okinawa.jp/yaeyama-peace-museum/\n③\nhttps://www.city.ishigaki.okinawa.jp/soshiki/murazukuri/damcard/1077.html"
      }
    },
    {
      "type": "Feature",
      "geometry": {
        "type": "Point",
        "coordinates": [
          124.14502,
          24.34902
        ]
      },
      "properties": {
        "name": "石垣ダム",
        "location_marker": "②",
        "pref": "沖縄県",
        "river_system": "磯辺川",
        "river": "磯辺川",
        "card_ver": "1",
        "facility": "①八重山農林水産振興センター農林水産整備課\n\n②八重山平和祈念館\n\n③石垣市",
        "hours": "①,③8:30～17:15\n（土日祝日、慰霊の日（6月23日）及び年末年始（12月29日～1月3日）は除く）\n\n②9:00～17:00\n（土日祝日及び慰霊の日のみ配布、年末年始は除く）\n※いずれの場合も、ダムへ行ったことを証明する写真（ダム名の分かる看板等を背景として、本人が入った写真とする。グループの方は、グループ全員が写っていること。）を提示してください。",
        "address": "沖縄県石垣市新栄町79-3",
        "url": "①\nhttps://www.pref.okinawa.jp/shigoto/shinkooroshi/1011448/1024245/1011460/index.html\n②\nhttps://www.pref.okinawa.jp/yaeyama-peace-museum/\n③\nhttps://www.city.ishigaki.okinawa.jp/soshiki/murazukuri/damcard/1077.html"
      }
    },
    {
      "type": "Feature",
      "geometry": {
        "type": "Point",
        "coordinates": [
          124.198051,
          24.383537
        ]
      },
      "properties": {
        "name": "石垣ダム",
        "location_marker": "③",
        "pref": "沖縄県",
        "river_system": "磯辺川",
        "river": "磯辺川",
        "card_ver": "1",
        "facility": "①八重山農林水産振興センター農林水産整備課\n\n②八重山平和祈念館\n\n③石垣市",
        "hours": "①,③8:30～17:15\n（土日祝日、慰霊の日（6月23日）及び年末年始（12月29日～1月3日）は除く）\n\n②9:00～17:00\n（土日祝日及び慰霊の日のみ配布、年末年始は除く）\n※いずれの場合も、ダムへ行ったことを証明する写真（ダム名の分かる看板等を背景として、本人が入った写真とする。グループの方は、グループ全員が写っていること。）を提示してください。",
        "address": "沖縄県石垣市真栄里672",
        "url": "①\nhttps://www.pref.okinawa.jp/shigoto/shinkooroshi/1011448/1024245/1011460/index.html\n②\nhttps://www.pref.okinawa.jp/yaeyama-peace-museum/\n③\nhttps://www.city.ishigaki.okinawa.jp/soshiki/murazukuri/damcard/1077.html"
      }
    },
    {
      "type": "Feature",
      "geometry": {
        "type": "Point",
        "coordinates": [
          125.397263,
          24.7388
        ]
      },
      "properties": {
        "name": "砂川地下ダム",
        "location_marker": null,
        "pref": "沖縄県",
        "river_system": "－",
        "river": "－",
        "card_ver": "1",
        "facility": "宮古島市地下ダム資料館",
        "hours": "9:00～17:00　※入館16:30まで\n（月曜・年末年始(12/29～1/3)は休館のため配布なし）",
        "address": "沖縄県宮古島市城辺字福里１６４５－８",
        "url": "https://www.ogb.go.jp/-/media/Files/OGB/nousui/tochisogo/07_chikadamu/dam1.pdf"
      }
    },
    {
      "type": "Feature",
      "geometry": {
        "type": "Point",
        "coordinates": [
          128.166748,
          26.630508
        ]
      },
      "properties": {
        "name": "福地ダム",
        "location_marker": null,
        "pref": "沖縄県",
        "river_system": "福地川",
        "river": "福地川",
        "card_ver": "1",
        "facility": "福地ダム管理支所",
        "hours": "8:30～17:15\n（土・日・祝日含む）",
        "address": "沖縄県国頭郡東村字川田中上原１１０５－１０８",
        "url": "http://www.dc.ogb.go.jp/toukan/"
      }
    },
    {
      "type": "Feature",
      "geometry": {
        "type": "Point",
        "coordinates": [
          125.397263,
          24.7388
        ]
      },
      "properties": {
        "name": "福里地下ダム",
        "location_marker": null,
        "pref": "沖縄県",
        "river_system": "－",
        "river": "－",
        "card_ver": "1",
        "facility": "宮古島市地下ダム資料館",
        "hours": "9:00～17:00　※入館16:30まで\n（月曜・年末年始(12/29～1/3)は休館のため配布なし）",
        "address": "沖縄県宮古島市城辺字福里１６４５－８",
        "url": "https://www.ogb.go.jp/-/media/Files/OGB/nousui/tochisogo/07_chikadamu/dam1.pdf"
      }
    },
    {
      "type": "Feature",
      "geometry": {
        "type": "Point",
        "coordinates": [
          128.023651,
          26.600531
        ]
      },
      "properties": {
        "name": "羽地ダム",
        "location_marker": null,
        "pref": "沖縄県",
        "river_system": "羽地大川",
        "river": "羽地大川",
        "card_ver": "1.1",
        "facility": "羽地ダム管理支所",
        "hours": "8:30～17:15\n（土・日・祝日含む）",
        "address": "沖縄県名護市字田井等１０１７－８",
        "url": "http://www.dc.ogb.go.jp/toukan/   "
      }
    },
    {
      "type": "Feature",
      "geometry": {
        "type": "Point",
        "coordinates": [
          128.264282,
          26.709047
        ]
      },
      "properties": {
        "name": "辺野喜ダム",
        "location_marker": null,
        "pref": "沖縄県",
        "river_system": "辺野喜川",
        "river": "辺野喜川",
        "card_ver": "1",
        "facility": "安波ダム管理支所",
        "hours": "8:30～17:15\n（土・日・祝日含む）",
        "address": "沖縄県国頭郡国頭村字安波川瀬原１３０１－２２",
        "url": "http://www.dc.ogb.go.jp/toukan/"
      }
    },
    {
      "type": "Feature",
      "geometry": {
        "type": "Point",
        "coordinates": [
          127.716133,
          26.21093
        ]
      },
      "properties": {
        "name": "金城ダム",
        "location_marker": null,
        "pref": "沖縄県",
        "river_system": "安里川",
        "river": "安里川",
        "card_ver": "2",
        "facility": "金城ダム管理所",
        "hours": "9:00～17:00（土･日･祝日含む）\n年末年始（12月29日～1月3日）は除く",
        "address": "沖縄県那覇市繁多川4丁目553-2",
        "url": "https://www.pref.okinawa.jp/site/doboku/doboku-nan/kinjo.html"
      }
    },
    {
      "type": "Feature",
      "geometry": {
        "type": "Point",
        "coordinates": [
          127.916969,
          26.46773
        ]
      },
      "properties": {
        "name": "金武ダム",
        "location_marker": null,
        "pref": "沖縄県",
        "river_system": "億首川",
        "river": "億首川",
        "card_ver": "1",
        "facility": "金武ダム管理支所",
        "hours": "8:30～17:15\n（土・日・祝日含む）",
        "address": "沖縄県国頭郡金武町字金武９９５９",
        "url": "http://www.dc.ogb.go.jp/toukan/"
      }
    },
    {
      "type": "Feature",
      "geometry": {
        "type": "Point",
        "coordinates": [
          136.207245,
          35.531155
        ]
      },
      "properties": {
        "name": "余呉湖",
        "location_marker": null,
        "pref": "滋賀県",
        "river_system": "淀川",
        "river": "余呉川",
        "card_ver": "1",
        "facility": "余呉川管理事務所",
        "hours": "9：00～12：00、13:00～16:30　土、日、祝日は除く。\n（詳細はHPをご覧ください）",
        "address": "滋賀県長浜市余呉町下余呉1882-1",
        "url": "https://www.pref.shiga.lg.jp/ippan/kendoseibi/dam/19257.html"
      }
    },
    {
      "type": "Feature",
      "geometry": {
        "type": "Point",
        "coordinates": [
          136.34938,
          35.477013
        ]
      },
      "properties": {
        "name": "姉川ダム",
        "location_marker": null,
        "pref": "滋賀県",
        "river_system": "淀川",
        "river": "姉川",
        "card_ver": "2",
        "facility": "姉川ダム管理事務所",
        "hours": "9：00～12：00、13:00～16:30　土、日、祝日は除く。12月～3月は積雪により配布を休止しています。\n（詳細はHPをご覧ください）",
        "address": "滋賀県米原市曲谷869",
        "url": "https://www.pref.shiga.lg.jp/ippan/kendoseibi/dam/19257.html"
      }
    },
    {
      "type": "Feature",
      "geometry": {
        "type": "Point",
        "coordinates": [
          136.290237,
          35.146145
        ]
      },
      "properties": {
        "name": "宇曽川ダム",
        "location_marker": null,
        "pref": "滋賀県",
        "river_system": "淀川",
        "river": "宇曽川",
        "card_ver": "1",
        "facility": "宇曽川ダム管理事務所",
        "hours": "9：00～12：00、13:00～16:30　土、日、祝日は除く\n（詳細はHPをご覧ください）",
        "address": "滋賀県東近江市平柳町１－６",
        "url": "https://www.pref.shiga.lg.jp/ippan/kendoseibi/dam/19257.html"
      }
    },
    {
      "type": "Feature",
      "geometry": {
        "type": "Point",
        "coordinates": [
          136.26387,
          35.006241
        ]
      },
      "properties": {
        "name": "日野川ダム",
        "location_marker": null,
        "pref": "滋賀県",
        "river_system": "淀川",
        "river": "日野川",
        "card_ver": "1",
        "facility": "日野川ダム管理事務所",
        "hours": "9：00～12：00、13:00～16:30　土、日、祝日は除く\n（詳細はHPをご覧ください）",
        "address": "滋賀県蒲生郡日野町村井2022-8",
        "url": "https://www.pref.shiga.lg.jp/ippan/kendoseibi/dam/19257.html"
      }
    },
    {
      "type": "Feature",
      "geometry": {
        "type": "Point",
        "coordinates": [
          136.32608,
          35.067837
        ]
      },
      "properties": {
        "name": "永源寺ダム",
        "location_marker": null,
        "pref": "滋賀県",
        "river_system": "淀川",
        "river": "愛知川",
        "card_ver": "1.1",
        "facility": "永源寺ダム管理支所",
        "hours": "9：00～17：00\n（土日・祝日含む）",
        "address": "滋賀県東近江市永源寺相谷町３４－７\n（ＴＥＬ　0748-27-0058）",
        "url": "https://www.pref.shiga.lg.jp/ippan/kendoseibi/dam/"
      }
    },
    {
      "type": "Feature",
      "geometry": {
        "type": "Point",
        "coordinates": [
          135.94957,
          35.449135
        ]
      },
      "properties": {
        "name": "石田川ダム",
        "location_marker": null,
        "pref": "滋賀県",
        "river_system": "淀川",
        "river": "石田川",
        "card_ver": "1",
        "facility": "石田川ダム管理事務所",
        "hours": "9：00～12：00、13:00～16:30　土、日、祝日は除く。12月～3月は積雪により配布を休止しています。\n（詳細はHPをご覧ください）",
        "address": "滋賀県高島市今津町角川529",
        "url": "https://www.pref.shiga.lg.jp/ippan/kendoseibi/dam/19257.html"
      }
    },
    {
      "type": "Feature",
      "geometry": {
        "type": "Point",
        "coordinates": [
          136.308121,
          35.002064
        ]
      },
      "properties": {
        "name": "蔵王ダム",
        "location_marker": null,
        "pref": "滋賀県",
        "river_system": "淀川",
        "river": "日野川",
        "card_ver": "1",
        "facility": "蔵王ダム管理所",
        "hours": "９：００～１７：００\n（土日・祝日を含む）",
        "address": "滋賀県蒲生郡日野町蔵王３３３－９７",
        "url": "https://www.hinogawa.or.jp"
      }
    },
    {
      "type": "Feature",
      "geometry": {
        "type": "Point",
        "coordinates": [
          136.303619,
          34.965328
        ]
      },
      "properties": {
        "name": "青土ダム",
        "location_marker": null,
        "pref": "滋賀県",
        "river_system": "淀川",
        "river": "野洲川",
        "card_ver": "1",
        "facility": "青土ダム管理事務所",
        "hours": "9：00～12：00、13:00～16:30　土、日、祝日は除く\n（詳細はHPをご覧ください）",
        "address": "滋賀県甲賀市土山町青土151-4",
        "url": "https://www.pref.shiga.lg.jp/ippan/kendoseibi/dam/19257.html"
      }
    },
    {
      "type": "Feature",
      "geometry": {
        "type": "Point",
        "coordinates": [
          130.308258,
          32.485447
        ]
      },
      "properties": {
        "name": "上津浦ダム",
        "location_marker": "①",
        "pref": "熊本県",
        "river_system": "上津浦川",
        "river": "上津浦川",
        "card_ver": "1",
        "facility": "①\n道の駅有明\n「リップルランド」\n\n②\n天草広域本部\n土木部工務第二課（庁舎3階）",
        "hours": "①\n9：00～1８：00\n（年中無休）\n\n②\n9：00～17：00\n（土・日・祝日・年末年始を除く）",
        "address": "熊本県天草市有明町上津浦1955",
        "url": "http://www.pref.kumamoto.jp/kiji_14507.html"
      }
    },
    {
      "type": "Feature",
      "geometry": {
        "type": "Point",
        "coordinates": [
          130.195236,
          32.460724
        ]
      },
      "properties": {
        "name": "上津浦ダム",
        "location_marker": "②",
        "pref": "熊本県",
        "river_system": "上津浦川",
        "river": "上津浦川",
        "card_ver": "1",
        "facility": "①\n道の駅有明\n「リップルランド」\n\n②\n天草広域本部\n土木部工務第二課（庁舎3階）",
        "hours": "①\n9：00～1８：00\n（年中無休）\n\n②\n9：00～17：00\n（土・日・祝日・年末年始を除く）",
        "address": "熊本県天草市今釜新町3530",
        "url": "http://www.pref.kumamoto.jp/kiji_14507.html"
      }
    },
    {
      "type": "Feature",
      "geometry": {
        "type": "Point",
        "coordinates": [
          131.020325,
          33.126621
        ]
      },
      "properties": {
        "name": "下筌ダム",
        "location_marker": "①",
        "pref": "熊本県",
        "river_system": "筑後川",
        "river": "津江川",
        "card_ver": "1.1",
        "facility": "①下筌ダム管理支所\n②しもうけ館",
        "hours": "①8:30～17:15（平日）\n　10:00～17:00（土・日・祝日）\n②10:00～17:00（土・日・祝日）",
        "address": "熊本県阿蘇郡小国町大字黒渕5827-3",
        "url": "①②http://www.qsr.mlit.go.jp/toukan/"
      }
    },
    {
      "type": "Feature",
      "geometry": {
        "type": "Point",
        "coordinates": [
          130.952576,
          33.140301
        ]
      },
      "properties": {
        "name": "下筌ダム",
        "location_marker": "②",
        "pref": "熊本県",
        "river_system": "筑後川",
        "river": "津江川",
        "card_ver": "1.1",
        "facility": "①下筌ダム管理支所\n②しもうけ館",
        "hours": "①8:30～17:15（平日）\n　10:00～17:00（土・日・祝日）\n②10:00～17:00（土・日・祝日）",
        "address": "大分県日田市中津江村栃野5618-4",
        "url": "①②http://www.qsr.mlit.go.jp/toukan/"
      }
    },
    {
      "type": "Feature",
      "geometry": {
        "type": "Point",
        "coordinates": [
          130.189178,
          32.456142
        ]
      },
      "properties": {
        "name": "亀川ダム",
        "location_marker": "①",
        "pref": "熊本県",
        "river_system": "亀川",
        "river": "亀川",
        "card_ver": "1",
        "facility": "①\n（一社）天草宝島観光協会\n\n②\n天草広域本部\n土木部工務第二課（庁舎3階）",
        "hours": "①\n9：00～18：00\n（年末年始を除く）\n\n②\n9：00～17：00\n（土・日・祝日・年末年始を除く）",
        "address": "熊本県天草市中央新町15-7",
        "url": "http://www.pref.kumamoto.jp/kiji_14507.html"
      }
    },
    {
      "type": "Feature",
      "geometry": {
        "type": "Point",
        "coordinates": [
          130.195236,
          32.460724
        ]
      },
      "properties": {
        "name": "亀川ダム",
        "location_marker": "②",
        "pref": "熊本県",
        "river_system": "亀川",
        "river": "亀川",
        "card_ver": "1",
        "facility": "①\n（一社）天草宝島観光協会\n\n②\n天草広域本部\n土木部工務第二課（庁舎3階）",
        "hours": "①\n9：00～18：00\n（年末年始を除く）\n\n②\n9：00～17：00\n（土・日・祝日・年末年始を除く）",
        "address": "熊本県天草市今釜新町3530",
        "url": "http://www.pref.kumamoto.jp/kiji_14507.html"
      }
    },
    {
      "type": "Feature",
      "geometry": {
        "type": "Point",
        "coordinates": [
          130.744308,
          32.794746
        ]
      },
      "properties": {
        "name": "内谷ダム",
        "location_marker": "①",
        "pref": "熊本県",
        "river_system": "球磨川",
        "river": "五木小川",
        "card_ver": "1",
        "facility": "\n①メールによる申込み\n　九州電力㈱\n　熊本水力センター土木グループ\n②道の駅　子守唄の里五木　「五木村観光情報センター」\n\n",
        "hours": "①メール受信確認次第、送付\n※配布には、ダムへ行った証明（写真等）が必要となります。\n\n②道の駅　子守唄の里五木「五木村観光情報センター」\n8:30～17：30（年中無休）\n※配布には、ダムへ行った証明（写真等）が必要となります。",
        "address": "熊本県熊本市中央区上水前寺一丁目６番３６号",
        "url": "http://www.kyuden.co.jp/company_outline_branch_kumamoto_index.html"
      }
    },
    {
      "type": "Feature",
      "geometry": {
        "type": "Point",
        "coordinates": [
          130.890717,
          32.42152
        ]
      },
      "properties": {
        "name": "内谷ダム",
        "location_marker": "②",
        "pref": "熊本県",
        "river_system": "球磨川",
        "river": "五木小川",
        "card_ver": "1",
        "facility": "\n①メールによる申込み\n　九州電力㈱\n　熊本水力センター土木グループ\n②道の駅　子守唄の里五木　「五木村観光情報センター」\n\n",
        "hours": "①メール受信確認次第、送付\n※配布には、ダムへ行った証明（写真等）が必要となります。\n\n②道の駅　子守唄の里五木「五木村観光情報センター」\n8:30～17：30（年中無休）\n※配布には、ダムへ行った証明（写真等）が必要となります。",
        "address": "熊本県球磨郡五木村甲2672番地の54",
        "url": "http://www.kyuden.co.jp/company_outline_branch_kumamoto_index.html"
      }
    },
    {
      "type": "Feature",
      "geometry": {
        "type": "Point",
        "coordinates": [
          131.192062,
          33.005806
        ]
      },
      "properties": {
        "name": "大蘇ダム",
        "location_marker": null,
        "pref": "熊本県",
        "river_system": "大野川",
        "river": "大蘇川",
        "card_ver": "1",
        "facility": "UBUYAMA PLACE\n（パークゴルフ場）",
        "hours": "9:00～17:00\n※悪天候の場合、臨時休業の可能性あり（大雨・強風・台風・災害等）\n※パークゴルフ場受付所で配布しています。\nパークゴルフ場受付所が閉まっている場合は、UBUYAMA PLACE（0967-25-2029）に連絡をお願いいたします。",
        "address": "熊本県阿蘇郡産山村山鹿2100-3",
        "url": "http://ubuyama-place.com"
      }
    },
    {
      "type": "Feature",
      "geometry": {
        "type": "Point",
        "coordinates": [
          130.970978,
          32.337593
        ]
      },
      "properties": {
        "name": "市房ダム",
        "location_marker": null,
        "pref": "熊本県",
        "river_system": "球磨川",
        "river": "球磨川",
        "card_ver": "1",
        "facility": "市房ダム管理所",
        "hours": "9：00～17：00（土・日・祝日含む）",
        "address": "熊本県球磨郡水上村岩野3-6",
        "url": "http://www.pref.kumamoto.jp/kiji_14507.html"
      }
    },
    {
      "type": "Feature",
      "geometry": {
        "type": "Point",
        "coordinates": [
          130.980988,
          32.276112
        ]
      },
      "properties": {
        "name": "幸野ダム",
        "location_marker": null,
        "pref": "熊本県",
        "river_system": "球磨川",
        "river": "球磨川",
        "card_ver": "1",
        "facility": "幸野ダム見張所",
        "hours": "毎日（土・日・祝日含む）\n9時～16時30分",
        "address": "熊本県球磨郡湯前町焼尾5051",
        "url": "http://www.pref.kumamoto.jp/kiji_24650.html?type=top"
      }
    },
    {
      "type": "Feature",
      "geometry": {
        "type": "Point",
        "coordinates": [
          130.776443,
          32.563782
        ]
      },
      "properties": {
        "name": "氷川ダム",
        "location_marker": null,
        "pref": "熊本県",
        "river_system": "氷川",
        "river": "氷川",
        "card_ver": "1",
        "facility": "氷川ダム管理所",
        "hours": "9：00～17：00（土・日・祝日含む）",
        "address": "熊本県八代市泉町下岳2886",
        "url": "http://www.pref.kumamoto.jp/kiji_14507.html"
      }
    },
    {
      "type": "Feature",
      "geometry": {
        "type": "Point",
        "coordinates": [
          130.744308,
          32.794746
        ]
      },
      "properties": {
        "name": "油谷ダム",
        "location_marker": "①",
        "pref": "熊本県",
        "river_system": "球磨川",
        "river": "油谷川",
        "card_ver": "1",
        "facility": "\n\n①メールによる申込み\n　九州電力㈱\n　熊本水力センター土木グループ\n\n②道の駅『坂本』さかもと館\n\n\n\n",
        "hours": "①メール受信確認次第、送付\n※配布には、ダムへ行った証明（写真等）が必要となります。\n\n\n②道の駅『坂本』さかもと館　[再整備のため休止中（2025.2.1～2027.6末）]\n10:00～18：00（年末年始を除く）\n※配布には、ダムへ行った証明（写真等）が必要となります。",
        "address": "熊本県熊本市中央区上水前寺一丁目６番３６号",
        "url": "http://www.kyuden.co.jp/company_outline_branch_kumamoto_index.html"
      }
    },
    {
      "type": "Feature",
      "geometry": {
        "type": "Point",
        "coordinates": [
          130.638657,
          32.434711
        ]
      },
      "properties": {
        "name": "油谷ダム",
        "location_marker": "②",
        "pref": "熊本県",
        "river_system": "球磨川",
        "river": "油谷川",
        "card_ver": "1",
        "facility": "\n\n①メールによる申込み\n　九州電力㈱\n　熊本水力センター土木グループ\n\n②道の駅『坂本』さかもと館\n\n\n\n",
        "hours": "①メール受信確認次第、送付\n※配布には、ダムへ行った証明（写真等）が必要となります。\n\n\n②道の駅『坂本』さかもと館　[再整備のため休止中（2025.2.1～2027.6末）]\n10:00～18：00（年末年始を除く）\n※配布には、ダムへ行った証明（写真等）が必要となります。",
        "address": "熊本県八代市坂本町荒瀬1239-1",
        "url": "http://www.kyuden.co.jp/company_outline_branch_kumamoto_index.html"
      }
    },
    {
      "type": "Feature",
      "geometry": {
        "type": "Point",
        "coordinates": [
          130.520889,
          32.633842
        ]
      },
      "properties": {
        "name": "石打ダム",
        "location_marker": "①",
        "pref": "熊本県",
        "river_system": "波多川",
        "river": "八柳川",
        "card_ver": "1",
        "facility": "①\n石打ダム資料館\n\n②\n宇城地域振興局\n土木部工務課（庁舎3階）",
        "hours": "①\n9：00～17：00\n（平日・年末年始を除く）\n\n②\n9：00～17：00\n（土・日・祝日・年末年始を除く）",
        "address": "熊本県宇城市三角町中村3629-2",
        "url": "http://www.pref.kumamoto.jp/kiji_14507.html"
      }
    },
    {
      "type": "Feature",
      "geometry": {
        "type": "Point",
        "coordinates": [
          130.690765,
          32.647812
        ]
      },
      "properties": {
        "name": "石打ダム",
        "location_marker": "②",
        "pref": "熊本県",
        "river_system": "波多川",
        "river": "八柳川",
        "card_ver": "1",
        "facility": "①\n石打ダム資料館\n\n②\n宇城地域振興局\n土木部工務課（庁舎3階）",
        "hours": "①\n9：00～17：00\n（平日・年末年始を除く）\n\n②\n9：00～17：00\n（土・日・祝日・年末年始を除く）",
        "address": "熊本県宇城市松橋町久具400-1",
        "url": "http://www.pref.kumamoto.jp/kiji_14507.html"
      }
    },
    {
      "type": "Feature",
      "geometry": {
        "type": "Point",
        "coordinates": [
          130.836517,
          33.045464
        ]
      },
      "properties": {
        "name": "竜門ダム",
        "location_marker": null,
        "pref": "熊本県",
        "river_system": "菊池川",
        "river": "迫間川",
        "card_ver": "1.1",
        "facility": "竜門ダム管理支所",
        "hours": "９:０0～1６:３０（土・日・祝日含む）\n年末年始は除く(12月29日～1月3日)",
        "address": "熊本県菊池市龍門870番地",
        "url": "http://www.qsr.mlit.go.jp/ryumon/"
      }
    },
    {
      "type": "Feature",
      "geometry": {
        "type": "Point",
        "coordinates": [
          130.912521,
          32.642166
        ]
      },
      "properties": {
        "name": "緑川ダム",
        "location_marker": null,
        "pref": "熊本県",
        "river_system": "緑川",
        "river": "緑川",
        "card_ver": "3",
        "facility": "緑川ダム管理所",
        "hours": "９:０0～17:00（土・日・祝日含む）\n※管理所玄関のインターホンを押してください。\n※休日は、巡視等で不在の場合があります。（１時間程度）",
        "address": "熊本県下益城郡美里町畝野３４５６",
        "url": "http://www.qsr.mlit.go.jp/midori/"
      }
    },
    {
      "type": "Feature",
      "geometry": {
        "type": "Point",
        "coordinates": [
          130.895767,
          32.635368
        ]
      },
      "properties": {
        "name": "船津ダム",
        "location_marker": null,
        "pref": "熊本県",
        "river_system": "緑川",
        "river": "緑川",
        "card_ver": "1",
        "facility": "船津ダム見張所",
        "hours": "毎日（土・日・祝日含む）\n9時～11時、13時～16時30分",
        "address": "熊本県下益城郡美里町涌井",
        "url": "http://www.pref.kumamoto.jp/kiji_24650.html?type=top"
      }
    },
    {
      "type": "Feature",
      "geometry": {
        "type": "Point",
        "coordinates": [
          130.067001,
          32.338646
        ]
      },
      "properties": {
        "name": "路木ダム",
        "location_marker": "①",
        "pref": "熊本県",
        "river_system": "路木川",
        "river": "路木川",
        "card_ver": "1",
        "facility": "①\n道の駅﨑津\n「﨑津集落ガイダンスセンター」\n\n②\n天草広域本部\n土木部工務第二課（庁舎3階）",
        "hours": "①\n9：00～1７：３0\n（年末年始を除く）\n\n②\n9：00～17：00\n（土・日・祝日・年末年始を除く）",
        "address": "熊本県天草市河浦町﨑津1117-10",
        "url": "http://www.pref.kumamoto.jp/kiji_14507.html"
      }
    },
    {
      "type": "Feature",
      "geometry": {
        "type": "Point",
        "coordinates": [
          130.195236,
          32.460724
        ]
      },
      "properties": {
        "name": "路木ダム",
        "location_marker": "②",
        "pref": "熊本県",
        "river_system": "路木川",
        "river": "路木川",
        "card_ver": "1",
        "facility": "①\n道の駅﨑津\n「﨑津集落ガイダンスセンター」\n\n②\n天草広域本部\n土木部工務第二課（庁舎3階）",
        "hours": "①\n9：00～1７：３0\n（年末年始を除く）\n\n②\n9：00～17：00\n（土・日・祝日・年末年始を除く）",
        "address": "熊本県天草市今釜新町3530",
        "url": "http://www.pref.kumamoto.jp/kiji_14507.html"
      }
    },
    {
      "type": "Feature",
      "geometry": {
        "type": "Point",
        "coordinates": [
          130.058167,
          32.455391
        ]
      },
      "properties": {
        "name": "都呂々ダム",
        "location_marker": null,
        "pref": "熊本県",
        "river_system": "都呂々川",
        "river": "都呂々川",
        "card_ver": "1",
        "facility": "都呂々ダム管理事務所",
        "hours": "毎日（土・日・祝日含む）\n9時～16時30分",
        "address": "熊本県天草郡苓北町都呂々",
        "url": "http://www.pref.kumamoto.jp/kiji_24650.html?type=top"
      }
    },
    {
      "type": "Feature",
      "geometry": {
        "type": "Point",
        "coordinates": [
          130.972382,
          32.887768
        ]
      },
      "properties": {
        "name": "阿蘇立野ダム",
        "location_marker": "①",
        "pref": "熊本県",
        "river_system": "白川",
        "river": "白川",
        "card_ver": "1",
        "facility": "①阿蘇立野ダム管理所\n　1階広報スペース\n\n②ニコニコ饅頭",
        "hours": "①9:00～16:30\n\n②9:00～17:00（※火曜日は定休日）",
        "address": "熊本県阿蘇郡南阿蘇村立野９２１－５",
        "url": "http://www.qsr.mlit.go.jp/tateno/"
      }
    },
    {
      "type": "Feature",
      "geometry": {
        "type": "Point",
        "coordinates": [
          130.972382,
          32.887768
        ]
      },
      "properties": {
        "name": "阿蘇立野ダム",
        "location_marker": "②",
        "pref": "熊本県",
        "river_system": "白川",
        "river": "白川",
        "card_ver": "1",
        "facility": "①阿蘇立野ダム管理所\n　1階広報スペース\n\n②ニコニコ饅頭",
        "hours": "①9:00～16:30\n\n②9:00～17:00（※火曜日は定休日）",
        "address": "熊本県阿蘇郡南阿蘇村立野１５７６",
        "url": "http://www.qsr.mlit.go.jp/tateno/"
      }
    },
    {
      "type": "Feature",
      "geometry": {
        "type": "Point",
        "coordinates": [
          136.349945,
          36.206017
        ]
      },
      "properties": {
        "name": "九谷ダム",
        "location_marker": null,
        "pref": "石川県",
        "river_system": "大聖寺",
        "river": "大聖寺",
        "card_ver": "1",
        "facility": "大聖寺川ダム統合管理事務所",
        "hours": "9:00～17:00\n（土・日・祝日及び年末年始は配布していません）",
        "address": "石川県加賀市山中温泉我谷町ロ１",
        "url": "http://www.pref.ishikawa.lg.jp/kasen/ishikawa-dam/damcard/damcard.html"
      }
    },
    {
      "type": "Feature",
      "geometry": {
        "type": "Point",
        "coordinates": [
          136.934921,
          37.292336
        ]
      },
      "properties": {
        "name": "八ヶ川ダム",
        "location_marker": null,
        "pref": "石川県",
        "river_system": "八ヶ川",
        "river": "八ヶ川",
        "card_ver": "1",
        "facility": "奥能登土木事務所分室",
        "hours": "9:00～17:00\n（土・日・祝日及び年末年始は配布していません）",
        "address": "石川県輪島市三井町洲衛10-11-1",
        "url": "http://www.pref.ishikawa.lg.jp/kasen/ishikawa-dam/damcard/damcard.html"
      }
    },
    {
      "type": "Feature",
      "geometry": {
        "type": "Point",
        "coordinates": [
          136.677368,
          36.484657
        ]
      },
      "properties": {
        "name": "内川ダム",
        "location_marker": null,
        "pref": "石川県",
        "river_system": "犀川",
        "river": "内川",
        "card_ver": "1",
        "facility": "内川ダム管理事務所",
        "hours": "9:00～17:00\n（土・日・祝日及び年末年始は配布していません）",
        "address": "石川県金沢市小原町ス42",
        "url": "http://www.pref.ishikawa.lg.jp/kasen/ishikawa-dam/damcard/damcard.html"
      }
    },
    {
      "type": "Feature",
      "geometry": {
        "type": "Point",
        "coordinates": [
          136.934921,
          37.292336
        ]
      },
      "properties": {
        "name": "北河内ダム",
        "location_marker": null,
        "pref": "石川県",
        "river_system": "町野川",
        "river": "河内川",
        "card_ver": "2",
        "facility": "奥能登土木総合事務所分室",
        "hours": "9:00～17:00\n（土・日・祝日及び年末年始は配布していません）\n※配布の場合、北河内ダムに行った証明が必要",
        "address": "石川県輪島市三井町洲衛10-11-1",
        "url": "http://www.pref.ishikawa.lg.jp/kasen/ishikawa-dam/damcard/damcard.html"
      }
    },
    {
      "type": "Feature",
      "geometry": {
        "type": "Point",
        "coordinates": [
          136.570831,
          36.292248
        ]
      },
      "properties": {
        "name": "大日川ダム",
        "location_marker": null,
        "pref": "石川県",
        "river_system": "手取川",
        "river": "大日川",
        "card_ver": "1",
        "facility": "大日川ダム管理事務所",
        "hours": "9:00～17:00\n（土・日・祝日を含む）",
        "address": "石川県白山市阿手町乙２-７",
        "url": "http://www.pref.ishikawa.lg.jp/dainichikawadamu/"
      }
    },
    {
      "type": "Feature",
      "geometry": {
        "type": "Point",
        "coordinates": [
          137.270355,
          37.441242
        ]
      },
      "properties": {
        "name": "小屋ダム",
        "location_marker": null,
        "pref": "石川県",
        "river_system": "鵜飼川",
        "river": "鵜飼川",
        "card_ver": "1",
        "facility": "珠洲土木事務所",
        "hours": "9:00～17:00\n（土・日・祝日及び年末年始は配布していません）",
        "address": "石川県珠洲市野々江町シの部32番地",
        "url": "http://www.pref.ishikawa.lg.jp/kasen/ishikawa-dam/damcard/damcard.html"
      }
    },
    {
      "type": "Feature",
      "geometry": {
        "type": "Point",
        "coordinates": [
          136.349945,
          36.206017
        ]
      },
      "properties": {
        "name": "我谷ダム",
        "location_marker": null,
        "pref": "石川県",
        "river_system": "大聖寺",
        "river": "大聖寺",
        "card_ver": "1",
        "facility": "大聖寺川ダム統合管理事務所",
        "hours": "9:00～17:00\n（土・日・祝日及び年末年始は配布していません）",
        "address": "石川県加賀市山中温泉我谷町ロ１",
        "url": "http://www.pref.ishikawa.lg.jp/kasen/ishikawa-dam/damcard/damcard.html"
      }
    },
    {
      "type": "Feature",
      "geometry": {
        "type": "Point",
        "coordinates": [
          136.657227,
          36.281658
        ]
      },
      "properties": {
        "name": "手取川ダム",
        "location_marker": "①",
        "pref": "石川県",
        "river_system": "手取川",
        "river": "手取川",
        "card_ver": "1",
        "facility": "①\n道の駅　瀬女\n\n②\n手取川総合開発記念館\n\n③\n白山砂防科学館",
        "hours": "①\n9:00～17:00\n9:00～16:00(12月～3月の間）\n休館日：毎週水・木曜日（12月～3月）\n　　　　毎週水曜日（4月～11月：紅葉時期は臨時営業も有）　\n\n②\n9:00～16:30　(4月～11月）\n※積雪状況により開館期間が変動する場合あり）\n休館日：毎週木曜（木曜が祝日の場合はその翌日）・祝日の翌日・冬期間\n\n③\n9:00～17:00\n休館日：毎週木曜日（木曜日が祝日の場合は原則翌日休館）、年末年始（12月29日～1月3日）",
        "address": "石川県白山市瀬戸寅163-1",
        "url": "①https://city-hakusan.com/shopping/road_station_sena/\n\n②\nhttps://www.pref.ishikawa.lg.jp/tedori/kinenkan.html\n\n③\nhttps://www.hrr.mlit.go.jp/kanazawa/hakusansabo/08kagakukan/kagakukan01.html"
      }
    },
    {
      "type": "Feature",
      "geometry": {
        "type": "Point",
        "coordinates": [
          136.658875,
          36.193455
        ]
      },
      "properties": {
        "name": "手取川ダム",
        "location_marker": "②",
        "pref": "石川県",
        "river_system": "手取川",
        "river": "手取川",
        "card_ver": "1",
        "facility": "①\n道の駅　瀬女\n\n②\n手取川総合開発記念館\n\n③\n白山砂防科学館",
        "hours": "①\n9:00～17:00\n9:00～16:00(12月～3月の間）\n休館日：毎週水・木曜日（12月～3月）\n　　　　毎週水曜日（4月～11月：紅葉時期は臨時営業も有）　\n\n②\n9:00～16:30　(4月～11月）\n※積雪状況により開館期間が変動する場合あり）\n休館日：毎週木曜（木曜が祝日の場合はその翌日）・祝日の翌日・冬期間\n\n③\n9:00～17:00\n休館日：毎週木曜日（木曜日が祝日の場合は原則翌日休館）、年末年始（12月29日～1月3日）",
        "address": "石川県白山市桑島9-24-30",
        "url": "①https://city-hakusan.com/shopping/road_station_sena/\n\n②\nhttps://www.pref.ishikawa.lg.jp/tedori/kinenkan.html\n\n③\nhttps://www.hrr.mlit.go.jp/kanazawa/hakusansabo/08kagakukan/kagakukan01.html"
      }
    },
    {
      "type": "Feature",
      "geometry": {
        "type": "Point",
        "coordinates": [
          136.686905,
          36.131836
        ]
      },
      "properties": {
        "name": "手取川ダム",
        "location_marker": "③",
        "pref": "石川県",
        "river_system": "手取川",
        "river": "手取川",
        "card_ver": "1",
        "facility": "①\n道の駅　瀬女\n\n②\n手取川総合開発記念館\n\n③\n白山砂防科学館",
        "hours": "①\n9:00～17:00\n9:00～16:00(12月～3月の間）\n休館日：毎週水・木曜日（12月～3月）\n　　　　毎週水曜日（4月～11月：紅葉時期は臨時営業も有）　\n\n②\n9:00～16:30　(4月～11月）\n※積雪状況により開館期間が変動する場合あり）\n休館日：毎週木曜（木曜が祝日の場合はその翌日）・祝日の翌日・冬期間\n\n③\n9:00～17:00\n休館日：毎週木曜日（木曜日が祝日の場合は原則翌日休館）、年末年始（12月29日～1月3日）",
        "address": "石川県白山市白峰ツ40番地1",
        "url": "①https://city-hakusan.com/shopping/road_station_sena/\n\n②\nhttps://www.pref.ishikawa.lg.jp/tedori/kinenkan.html\n\n③\nhttps://www.hrr.mlit.go.jp/kanazawa/hakusansabo/08kagakukan/kagakukan01.html"
      }
    },
    {
      "type": "Feature",
      "geometry": {
        "type": "Point",
        "coordinates": [
          136.677368,
          36.484657
        ]
      },
      "properties": {
        "name": "新内川ダム",
        "location_marker": null,
        "pref": "石川県",
        "river_system": "犀川",
        "river": "内川",
        "card_ver": "1",
        "facility": "内川ダム管理事務所",
        "hours": "9:00～17:00\n（土・日・祝日及び年末年始は配布していません）",
        "address": "石川県金沢市小原町ス42",
        "url": "http://www.pref.ishikawa.lg.jp/kasen/ishikawa-dam/damcard/damcard.html"
      }
    },
    {
      "type": "Feature",
      "geometry": {
        "type": "Point",
        "coordinates": [
          136.625351,
          36.594818
        ]
      },
      "properties": {
        "name": "犀川ダム",
        "location_marker": null,
        "pref": "石川県",
        "river_system": "犀川",
        "river": "犀川",
        "card_ver": "1",
        "facility": "石川県土木部河川課",
        "hours": "9:00～17:00\n（土・日・祝日及び年末年始は配布していません）\n※配布の場合、辰巳ダムに行った証明が必要",
        "address": "石川県金沢市鞍月1-1",
        "url": "http://www.pref.ishikawa.lg.jp/kasen/ishikawa-dam/damcard/damcard.html"
      }
    },
    {
      "type": "Feature",
      "geometry": {
        "type": "Point",
        "coordinates": [
          136.486435,
          36.299603
        ]
      },
      "properties": {
        "name": "赤瀬ダム",
        "location_marker": null,
        "pref": "石川県",
        "river_system": "梯川",
        "river": "梯川",
        "card_ver": "1",
        "facility": "赤瀬ダム管理事務所",
        "hours": "9:00～17:00\n（土・日・祝日及び年末年始は配布していません）",
        "address": "石川県小松市赤瀬町ハ16-4",
        "url": "http://www.pref.ishikawa.lg.jp/kasen/ishikawa-dam/damcard/damcard.html"
      }
    },
    {
      "type": "Feature",
      "geometry": {
        "type": "Point",
        "coordinates": [
          136.625351,
          36.594818
        ]
      },
      "properties": {
        "name": "辰巳ダム",
        "location_marker": null,
        "pref": "石川県",
        "river_system": "犀川",
        "river": "犀川",
        "card_ver": "4.2",
        "facility": "石川県土木部河川課",
        "hours": "9:00～17:00\n（土・日・祝日及び年末年始は配布していません）\n※配布の場合、辰巳ダムに行った証明が必要",
        "address": "石川県金沢市鞍月1-1",
        "url": "http://www.pref.ishikawa.lg.jp/kasen/ishikawa-dam/damcard/damcard.html"
      }
    },
    {
      "type": "Feature",
      "geometry": {
        "type": "Point",
        "coordinates": [
          139.042587,
          35.413403
        ]
      },
      "properties": {
        "name": "三保ダム",
        "location_marker": "①",
        "pref": "神奈川県",
        "river_system": "酒匂川",
        "river": "酒匂川",
        "card_ver": "2.1",
        "facility": "①\n酒匂川水系ダム管理事務所\n\n②\n丹沢湖記念館",
        "hours": "①\n9:00～17:00\n（土・日・祝日および年末年始は配布していません）\n\n②\n4月～5月　　　　　9:00～16:30\n6月～9月　　　　　9:00～17:00\n10月～11月          9:00～16:30\n12月～3月　　　　 9:00～16:00\n（土・日・祝日も配布しています。ただし水曜日および年末年始は定休日のため配布していません。祝日に関しては記念館にお問合せください。）",
        "address": "神奈川県足柄上郡山北町神尾田７３４",
        "url": "①\nhttps://www.pref.kanagawa.jp/div/3011/\n\n②\nhttps://tanzawako-k.sakura.ne.jp/"
      }
    },
    {
      "type": "Feature",
      "geometry": {
        "type": "Point",
        "coordinates": [
          139.042587,
          35.413403
        ]
      },
      "properties": {
        "name": "三保ダム",
        "location_marker": "②",
        "pref": "神奈川県",
        "river_system": "酒匂川",
        "river": "酒匂川",
        "card_ver": "2.1",
        "facility": "①\n酒匂川水系ダム管理事務所\n\n②\n丹沢湖記念館",
        "hours": "①\n9:00～17:00\n（土・日・祝日および年末年始は配布していません）\n\n②\n4月～5月　　　　　9:00～16:30\n6月～9月　　　　　9:00～17:00\n10月～11月          9:00～16:30\n12月～3月　　　　 9:00～16:00\n（土・日・祝日も配布しています。ただし水曜日および年末年始は定休日のため配布していません。祝日に関しては記念館にお問合せください。）",
        "address": "神奈川県足柄上郡山北町神尾田７５９－２",
        "url": "①\nhttps://www.pref.kanagawa.jp/div/3011/\n\n②\nhttps://tanzawako-k.sakura.ne.jp/"
      }
    },
    {
      "type": "Feature",
      "geometry": {
        "type": "Point",
        "coordinates": [
          139.283707,
          35.588608
        ]
      },
      "properties": {
        "name": "城山ダム",
        "location_marker": "①",
        "pref": "神奈川県",
        "river_system": "相模川",
        "river": "相模川",
        "card_ver": "3",
        "facility": "①\n相模川水系ダム管理事務所\n\n②\n津久井湖記念館",
        "hours": "①\n9:00～17:00\n（土・日・祝日および年末年始は配布していません）\n\n②\n10:00～16:00\n（火（祝日の場合はその翌日）および年末年始は配布していません）",
        "address": "神奈川県相模原市緑区城山２－９－１",
        "url": "①\nhttps://www.pref.kanagawa.jp/div/3010/\n\n②\nhttps://www.samaria.com/tukuiko/"
      }
    },
    {
      "type": "Feature",
      "geometry": {
        "type": "Point",
        "coordinates": [
          139.284027,
          35.588665
        ]
      },
      "properties": {
        "name": "城山ダム",
        "location_marker": "②",
        "pref": "神奈川県",
        "river_system": "相模川",
        "river": "相模川",
        "card_ver": "3",
        "facility": "①\n相模川水系ダム管理事務所\n\n②\n津久井湖記念館",
        "hours": "①\n9:00～17:00\n（土・日・祝日および年末年始は配布していません）\n\n②\n10:00～16:00\n（火（祝日の場合はその翌日）および年末年始は配布していません）",
        "address": "神奈川県相模原市緑区城山２―９―５",
        "url": "①\nhttps://www.pref.kanagawa.jp/div/3010/\n\n②\nhttps://www.samaria.com/tukuiko/"
      }
    },
    {
      "type": "Feature",
      "geometry": {
        "type": "Point",
        "coordinates": [
          139.241776,
          35.559189
        ]
      },
      "properties": {
        "name": "宮ヶ瀬ダム",
        "location_marker": "①",
        "pref": "神奈川県",
        "river_system": "相模川",
        "river": "中津川",
        "card_ver": "1.4",
        "facility": "①\n相模川水系広域ダム管理事務所\n\n②\n宮ヶ瀬ダム水とエネルギー館",
        "hours": "①\n8:30～17:15\n（土・日・祝日及び年末・年始は配布していません。※利用出来る駐車場は少し離れた場所にあるため、相模川水系広域ダム管理事務所HPにてご確認ください。）\n\n②\n4月～11月：9:00～17:00\n12月～3月：10:00～16:00\n（月曜日（祝日の場合はその翌日）および年末年始は配布していません。※あいかわ公園駐車場は平日無料ですが、土・日・祝日は有料です。他に利用出来る駐車場は相模川水系広域ダム管理事務所HPにてご確認ください。）",
        "address": "神奈川県相模原市緑区青山字南山2145-50",
        "url": "http://www.ktr.mlit.go.jp/sagami/"
      }
    },
    {
      "type": "Feature",
      "geometry": {
        "type": "Point",
        "coordinates": [
          139.264832,
          35.529568
        ]
      },
      "properties": {
        "name": "宮ヶ瀬ダム",
        "location_marker": "②",
        "pref": "神奈川県",
        "river_system": "相模川",
        "river": "中津川",
        "card_ver": "1.4",
        "facility": "①\n相模川水系広域ダム管理事務所\n\n②\n宮ヶ瀬ダム水とエネルギー館",
        "hours": "①\n8:30～17:15\n（土・日・祝日及び年末・年始は配布していません。※利用出来る駐車場は少し離れた場所にあるため、相模川水系広域ダム管理事務所HPにてご確認ください。）\n\n②\n4月～11月：9:00～17:00\n12月～3月：10:00～16:00\n（月曜日（祝日の場合はその翌日）および年末年始は配布していません。※あいかわ公園駐車場は平日無料ですが、土・日・祝日は有料です。他に利用出来る駐車場は相模川水系広域ダム管理事務所HPにてご確認ください。）",
        "address": "神奈川県愛甲郡愛川町半原字大沢5157",
        "url": "http://www.ktr.mlit.go.jp/sagami/"
      }
    },
    {
      "type": "Feature",
      "geometry": {
        "type": "Point",
        "coordinates": [
          139.283707,
          35.588608
        ]
      },
      "properties": {
        "name": "寒川取水堰",
        "location_marker": "①",
        "pref": "神奈川県",
        "river_system": "相模川",
        "river": "相模川",
        "card_ver": "1.1",
        "facility": "①\n相模川水系ダム管理事務所\n\n②\n神奈川県水道記念館",
        "hours": "①\n9:00～17:00\n（土・日・祝日および年末年始は配布していません）\n\n②\n1月～6月　　　11:00～16:00\n7月～8月　　　9:30～16:30\n9月～12月　　11:00～16:00\n（月・木（祝日の場合はその翌日以降の最初の祝日でない日）、年末年始、および2月第4週の月曜日から金曜日は配布していません）\n7月と8月の木曜日は配布しています。",
        "address": "神奈川県相模原市緑区城山２－９－１",
        "url": "①\nhttps://www.pref.kanagawa.jp/div/3010/\n\n②\nhttps://www.pref.kanagawa.jp/docs/r4a/suidoukinenkan/suidoukinenkan.html"
      }
    },
    {
      "type": "Feature",
      "geometry": {
        "type": "Point",
        "coordinates": [
          139.38028,
          35.37077
        ]
      },
      "properties": {
        "name": "寒川取水堰",
        "location_marker": "②",
        "pref": "神奈川県",
        "river_system": "相模川",
        "river": "相模川",
        "card_ver": "1.1",
        "facility": "①\n相模川水系ダム管理事務所\n\n②\n神奈川県水道記念館",
        "hours": "①\n9:00～17:00\n（土・日・祝日および年末年始は配布していません）\n\n②\n1月～6月　　　11:00～16:00\n7月～8月　　　9:30～16:30\n9月～12月　　11:00～16:00\n（月・木（祝日の場合はその翌日以降の最初の祝日でない日）、年末年始、および2月第4週の月曜日から金曜日は配布していません）\n7月と8月の木曜日は配布しています。",
        "address": "神奈川県高座郡寒川町宮山4001",
        "url": "①\nhttps://www.pref.kanagawa.jp/div/3010/\n\n②\nhttps://www.pref.kanagawa.jp/docs/r4a/suidoukinenkan/suidoukinenkan.html"
      }
    },
    {
      "type": "Feature",
      "geometry": {
        "type": "Point",
        "coordinates": [
          139.275894,
          35.604553
        ]
      },
      "properties": {
        "name": "本沢ダム",
        "location_marker": "①",
        "pref": "神奈川県",
        "river_system": "境川",
        "river": "本沢",
        "card_ver": "2",
        "facility": "①\n発電総合制御所\n\n②\n津久井湖記念館",
        "hours": "①\n9:00～17:00\n（土・日・祝日および年末年始は配布していません）\n\n②\n10:00～16:00\n（火（祝日の場合はその翌日）および年末年始は配布していません）",
        "address": "神奈川県相模原市緑区川尻４４５４－３",
        "url": "①\nhttps://www.pref.kanagawa.jp/div/3226/\n\n②\nhttps://www.samaria.com/tukuiko/"
      }
    },
    {
      "type": "Feature",
      "geometry": {
        "type": "Point",
        "coordinates": [
          139.284027,
          35.588665
        ]
      },
      "properties": {
        "name": "本沢ダム",
        "location_marker": "②",
        "pref": "神奈川県",
        "river_system": "境川",
        "river": "本沢",
        "card_ver": "2",
        "facility": "①\n発電総合制御所\n\n②\n津久井湖記念館",
        "hours": "①\n9:00～17:00\n（土・日・祝日および年末年始は配布していません）\n\n②\n10:00～16:00\n（火（祝日の場合はその翌日）および年末年始は配布していません）",
        "address": "神奈川県相模原市緑区城山２―９―５",
        "url": "①\nhttps://www.pref.kanagawa.jp/div/3226/\n\n②\nhttps://www.samaria.com/tukuiko/"
      }
    },
    {
      "type": "Feature",
      "geometry": {
        "type": "Point",
        "coordinates": [
          139.194656,
          35.616428
        ]
      },
      "properties": {
        "name": "相模ダム",
        "location_marker": "①",
        "pref": "神奈川県",
        "river_system": "相模川",
        "river": "相模川",
        "card_ver": "3",
        "facility": "①\n相模川水系ダム管理事務所分館\n\n②\n相模湖交流センター",
        "hours": "①\n9:00～1７:０0\n（土・日・祝日および年末年始は配布していません）\n\n②\n9:00～21：30\n（月（祝日の場合はその翌日）および年末年始は配布していません）",
        "address": "神奈川県相模原市緑区与瀬２３９",
        "url": "①\nhttps://www.pref.kanagawa.jp/div/3010/\n\n②\nhttps://www.sagamiko-kouryu.jp/"
      }
    },
    {
      "type": "Feature",
      "geometry": {
        "type": "Point",
        "coordinates": [
          139.193451,
          35.61327
        ]
      },
      "properties": {
        "name": "相模ダム",
        "location_marker": "②",
        "pref": "神奈川県",
        "river_system": "相模川",
        "river": "相模川",
        "card_ver": "3",
        "facility": "①\n相模川水系ダム管理事務所分館\n\n②\n相模湖交流センター",
        "hours": "①\n9:00～1７:０0\n（土・日・祝日および年末年始は配布していません）\n\n②\n9:00～21：30\n（月（祝日の場合はその翌日）および年末年始は配布していません）",
        "address": "神奈川県相模原市緑区与瀬259-1",
        "url": "①\nhttps://www.pref.kanagawa.jp/div/3010/\n\n②\nhttps://www.sagamiko-kouryu.jp/"
      }
    },
    {
      "type": "Feature",
      "geometry": {
        "type": "Point",
        "coordinates": [
          139.241776,
          35.559189
        ]
      },
      "properties": {
        "name": "石小屋ダム",
        "location_marker": "①",
        "pref": "神奈川県",
        "river_system": "相模川",
        "river": "中津川",
        "card_ver": "1.1",
        "facility": "①\n相模川水系広域ダム管理事務所\n\n②\n宮ヶ瀬ダム水とエネルギー館",
        "hours": "①\n8:30～17:15\n（土・日・祝日及び年末・年始は配布していません。※利用出来る駐車場は少し離れた場所にあるため、相模川水系広域ダム管理事務所HPにてご確認ください。）\n\n②\n4月～11月：9:00～17:00\n12月～3月：10:00～16:00\n（月曜日（祝日の場合はその翌日）および年末年始は配布していません。※あいかわ公園駐車場は平日無料ですが、土・日・祝日は有料です。他に利用出来る駐車場は相模川水系広域ダム管理事務所HPにてご確認ください。）",
        "address": "神奈川県相模原市緑区青山字南山2145-50",
        "url": "http://www.ktr.mlit.go.jp/sagami/"
      }
    },
    {
      "type": "Feature",
      "geometry": {
        "type": "Point",
        "coordinates": [
          139.264832,
          35.529568
        ]
      },
      "properties": {
        "name": "石小屋ダム",
        "location_marker": "②",
        "pref": "神奈川県",
        "river_system": "相模川",
        "river": "中津川",
        "card_ver": "1.1",
        "facility": "①\n相模川水系広域ダム管理事務所\n\n②\n宮ヶ瀬ダム水とエネルギー館",
        "hours": "①\n8:30～17:15\n（土・日・祝日及び年末・年始は配布していません。※利用出来る駐車場は少し離れた場所にあるため、相模川水系広域ダム管理事務所HPにてご確認ください。）\n\n②\n4月～11月：9:00～17:00\n12月～3月：10:00～16:00\n（月曜日（祝日の場合はその翌日）および年末年始は配布していません。※あいかわ公園駐車場は平日無料ですが、土・日・祝日は有料です。他に利用出来る駐車場は相模川水系広域ダム管理事務所HPにてご確認ください。）",
        "address": "神奈川県愛甲郡愛川町半原字大沢5157",
        "url": "http://www.ktr.mlit.go.jp/sagami/"
      }
    },
    {
      "type": "Feature",
      "geometry": {
        "type": "Point",
        "coordinates": [
          139.283707,
          35.588608
        ]
      },
      "properties": {
        "name": "道志ダム",
        "location_marker": "①",
        "pref": "神奈川県",
        "river_system": "相模川",
        "river": "道志川",
        "card_ver": "1.1",
        "facility": "①\n相模川水系ダム管理事務所\n\n②\n津久井湖記念館",
        "hours": "①\n9:00～17:00\n（土・日・祝日および年末年始は配布していません）\n\n②\n10:00～16:00\n（火（祝日の場合はその翌日）および年末年始は配布していません）",
        "address": "神奈川県相模原市緑区城山２－９－１",
        "url": "①\nhttps://www.pref.kanagawa.jp/div/3010/\n\n②\nhttps://www.samaria.com/tukuiko/"
      }
    },
    {
      "type": "Feature",
      "geometry": {
        "type": "Point",
        "coordinates": [
          139.284027,
          35.588665
        ]
      },
      "properties": {
        "name": "道志ダム",
        "location_marker": "②",
        "pref": "神奈川県",
        "river_system": "相模川",
        "river": "道志川",
        "card_ver": "1.1",
        "facility": "①\n相模川水系ダム管理事務所\n\n②\n津久井湖記念館",
        "hours": "①\n9:00～17:00\n（土・日・祝日および年末年始は配布していません）\n\n②\n10:00～16:00\n（火（祝日の場合はその翌日）および年末年始は配布していません）",
        "address": "神奈川県相模原市緑区城山２―９―５",
        "url": "①\nhttps://www.pref.kanagawa.jp/div/3010/\n\n②\nhttps://www.samaria.com/tukuiko/"
      }
    },
    {
      "type": "Feature",
      "geometry": {
        "type": "Point",
        "coordinates": [
          136.676743,
          35.886478
        ]
      },
      "properties": {
        "name": "九頭竜ダム",
        "location_marker": null,
        "pref": "福井県",
        "river_system": "九頭竜川",
        "river": "九頭竜川",
        "card_ver": "2",
        "facility": "九頭竜ダム管理支所",
        "hours": "9:00～17:00\n（土・日・祝日を含む）",
        "address": "福井県大野市長野第３３号４番地の１",
        "url": "http://www.kkr.mlit.go.jp/kuzuryu/"
      }
    },
    {
      "type": "Feature",
      "geometry": {
        "type": "Point",
        "coordinates": [
          136.138153,
          35.890911
        ]
      },
      "properties": {
        "name": "吉野瀬川ダム",
        "location_marker": null,
        "pref": "福井県",
        "river_system": "九頭竜川",
        "river": "吉野瀬川",
        "card_ver": "2",
        "facility": "吉野瀬川ダム建設事務所",
        "hours": "8:30～17:15\n（土、日、祝日、年末年始（12/29～1/3）は除く）",
        "address": "福井県越前市広瀬町113-5",
        "url": "https://www.pref.fukui.lg.jp/doc/yosidam/index.html"
      }
    },
    {
      "type": "Feature",
      "geometry": {
        "type": "Point",
        "coordinates": [
          135.620667,
          35.475456
        ]
      },
      "properties": {
        "name": "大津呂ダム",
        "location_marker": "①",
        "pref": "福井県",
        "river_system": "佐分利川",
        "river": "大津呂川",
        "card_ver": "2",
        "facility": "①\n大津呂ダム監視所\n\n②\n河内川・大津呂ダム統合管理事務所",
        "hours": "①\n8:30～17:15\n（4月1日～11月30日は水曜日除く全日\n　12月1日～３月31日は全日閉館）\n②\n8:30～17:15\n（４月1日～11月30日は水曜日のみ\n　12月1日～3月31日は全日）",
        "address": "福井県大飯郡おおい町本郷１６２－１－１８",
        "url": "http://info.pref.fukui.lg.jp/otsuro/index.html"
      }
    },
    {
      "type": "Feature",
      "geometry": {
        "type": "Point",
        "coordinates": [
          135.782669,
          35.484348
        ]
      },
      "properties": {
        "name": "大津呂ダム",
        "location_marker": "②",
        "pref": "福井県",
        "river_system": "佐分利川",
        "river": "大津呂川",
        "card_ver": "2",
        "facility": "①\n大津呂ダム監視所\n\n②\n河内川・大津呂ダム統合管理事務所",
        "hours": "①\n8:30～17:15\n（4月1日～11月30日は水曜日除く全日\n　12月1日～３月31日は全日閉館）\n②\n8:30～17:15\n（４月1日～11月30日は水曜日のみ\n　12月1日～3月31日は全日）",
        "address": "福井県小浜市遠敷１丁目１０１\n※ダムカード配布場所とダムは離れておりますのでご注意願います。",
        "url": "http://info.pref.fukui.lg.jp/otsuro/index.html"
      }
    },
    {
      "type": "Feature",
      "geometry": {
        "type": "Point",
        "coordinates": [
          136.676743,
          35.886478
        ]
      },
      "properties": {
        "name": "山原ダム",
        "location_marker": "①",
        "pref": "福井県",
        "river_system": "九頭竜川",
        "river": "石徹白川",
        "card_ver": "1",
        "facility": "①\n電源開発㈱　九頭竜電力所\n\n②\nふれあい会館（道の駅「九頭竜」内）",
        "hours": "\n①\n8:30～17:00\n（土、日、祝日、5月1日、12月29日～1月3日は除く）\n②\n8:30～16:30\n※繁忙期は営業時間を変更する事があります。\n休館日：年末年始（12月31日、1月1日）\n県道127号線通行止め期間は配布を休止します。（通行止め期間：11月下旬～4月下旬頃）",
        "address": "福井県大野市長野36-17",
        "url": "http://www.jpower.co.jp/damcard/yanbara.html"
      }
    },
    {
      "type": "Feature",
      "geometry": {
        "type": "Point",
        "coordinates": [
          136.658463,
          35.908474
        ]
      },
      "properties": {
        "name": "山原ダム",
        "location_marker": "②",
        "pref": "福井県",
        "river_system": "九頭竜川",
        "river": "石徹白川",
        "card_ver": "1",
        "facility": "①\n電源開発㈱　九頭竜電力所\n\n②\nふれあい会館（道の駅「九頭竜」内）",
        "hours": "\n①\n8:30～17:00\n（土、日、祝日、5月1日、12月29日～1月3日は除く）\n②\n8:30～16:30\n※繁忙期は営業時間を変更する事があります。\n休館日：年末年始（12月31日、1月1日）\n県道127号線通行止め期間は配布を休止します。（通行止め期間：11月下旬～4月下旬頃）",
        "address": "福井県大野市朝日26-30-1",
        "url": "http://www.jpower.co.jp/damcard/yanbara.html"
      }
    },
    {
      "type": "Feature",
      "geometry": {
        "type": "Point",
        "coordinates": [
          136.274277,
          35.70697
        ]
      },
      "properties": {
        "name": "広野ダム",
        "location_marker": null,
        "pref": "福井県",
        "river_system": "九頭竜川",
        "river": "日野川",
        "card_ver": "1.1",
        "facility": "広野ダム監視所",
        "hours": "8:30～17:15\n（土・日・祝日を含む）",
        "address": "福井県南条郡南越前町広野46-1-8",
        "url": "https://www.pref.fukui.lg.jp/doc/kasen/fukuidam.html"
      }
    },
    {
      "type": "Feature",
      "geometry": {
        "type": "Point",
        "coordinates": [
          136.215515,
          35.717449
        ]
      },
      "properties": {
        "name": "桝谷ダム",
        "location_marker": null,
        "pref": "福井県",
        "river_system": "九頭竜川",
        "river": "桝谷川",
        "card_ver": "1.1",
        "facility": "桝谷ダム監視所",
        "hours": "8:30～17:15\n（土・日・祝日を含む）",
        "address": "福井県南条郡南越前町宇津尾95-17-５",
        "url": "https://www.pref.fukui.lg.jp/doc/kasen/fukuidam.html"
      }
    },
    {
      "type": "Feature",
      "geometry": {
        "type": "Point",
        "coordinates": [
          136.33989,
          36.143642
        ]
      },
      "properties": {
        "name": "永平寺ダム",
        "location_marker": "①",
        "pref": "福井県",
        "river_system": "九頭竜川",
        "river": "永平寺川",
        "card_ver": "1.1",
        "facility": "※冬期間は積雪により通行不可となりダムへ行くことは出来ません。\n\n①\n龍ヶ鼻・永平寺ダム統合管理事務所\n\n②\n永平寺門前観光協会（手打ちそば処　てらぐち）",
        "hours": "①\n8:30～17:15\n（土・日・祝日を含む）\n※永平寺ダムへ行った証明写真等が必要になります。\n\n②\nWebサイト等から「手打ちそば処　てらぐち」の営業時間をご参照ください。\n※永平寺ダムへ行った証明写真等が必要になります。\n",
        "address": "福井県坂井市丸岡町上竹田50-56-2\n（永平寺ダムより車で40分）",
        "url": "https://www.pref.fukui.lg.jp/doc/kasen/fukuidam.html"
      }
    },
    {
      "type": "Feature",
      "geometry": {
        "type": "Point",
        "coordinates": [
          136.352173,
          36.055313
        ]
      },
      "properties": {
        "name": "永平寺ダム",
        "location_marker": "②",
        "pref": "福井県",
        "river_system": "九頭竜川",
        "river": "永平寺川",
        "card_ver": "1.1",
        "facility": "※冬期間は積雪により通行不可となりダムへ行くことは出来ません。\n\n①\n龍ヶ鼻・永平寺ダム統合管理事務所\n\n②\n永平寺門前観光協会（手打ちそば処　てらぐち）",
        "hours": "①\n8:30～17:15\n（土・日・祝日を含む）\n※永平寺ダムへ行った証明写真等が必要になります。\n\n②\nWebサイト等から「手打ちそば処　てらぐち」の営業時間をご参照ください。\n※永平寺ダムへ行った証明写真等が必要になります。\n",
        "address": "福井県吉田郡永平寺町志比５-17\n（永平寺門前）\n（永平寺ダムより車で10分）",
        "url": "https://www.pref.fukui.lg.jp/doc/kasen/fukuidam.html"
      }
    },
    {
      "type": "Feature",
      "geometry": {
        "type": "Point",
        "coordinates": [
          135.899506,
          35.444279
        ]
      },
      "properties": {
        "name": "河内川ダム",
        "location_marker": null,
        "pref": "福井県",
        "river_system": "北川",
        "river": "河内川",
        "card_ver": "1",
        "facility": "河内川ダム監視所",
        "hours": "9：00～16：00\n（土・日・祝日を含む）",
        "address": "福井県三方上中郡若狭町熊川71-4-1",
        "url": "http://info.pref.fukui.lg.jp/otsuro/index.html"
      }
    },
    {
      "type": "Feature",
      "geometry": {
        "type": "Point",
        "coordinates": [
          136.500565,
          36.060833
        ]
      },
      "properties": {
        "name": "浄土寺川ダム",
        "location_marker": null,
        "pref": "福井県",
        "river_system": "九頭竜川",
        "river": "浄土寺川",
        "card_ver": "2",
        "facility": "浄土寺川ダム監視所",
        "hours": "8:30～17:15\n（土・日・祝日を含む（4月1日～11月30日）※４月以降でも雪の状況により通行不可となる場合があります。）",
        "address": "福井県勝山市１７０字奥山",
        "url": "https://www.pref.fukui.lg.jp/doc/kasen/fukuidam.html"
      }
    },
    {
      "type": "Feature",
      "geometry": {
        "type": "Point",
        "coordinates": [
          136.544556,
          35.917301
        ]
      },
      "properties": {
        "name": "真名川ダム",
        "location_marker": null,
        "pref": "福井県",
        "river_system": "九頭竜川",
        "river": "真名川",
        "card_ver": "2",
        "facility": "真名川ダム管理支所",
        "hours": "9:00～17:00\n（土・日・祝日を含む）",
        "address": "福井県大野市下若生子２５字水谷１－３６",
        "url": "http://www.kkr.mlit.go.jp/kuzuryu/"
      }
    },
    {
      "type": "Feature",
      "geometry": {
        "type": "Point",
        "coordinates": [
          136.676743,
          35.886478
        ]
      },
      "properties": {
        "name": "石徹白ダム",
        "location_marker": "①",
        "pref": "福井県",
        "river_system": "九頭竜川",
        "river": "石徹白川",
        "card_ver": "1",
        "facility": "①\n電源開発㈱　九頭竜電力所\n\n②\nふれあい会館（道の駅「九頭竜」内）",
        "hours": "①\n8:30～17:00\n（土、日、祝日、5月1日、12月29日～1月3日は除く）\n\n②\n8:30～16:30\n※繁忙期は営業時間を変更する事があります。\n休館日：年末年始（12月31日、1月1日）\n県道127号線通行止め期間は配布を休止します。（通行止め期間：11月下旬頃～4月下旬頃) ",
        "address": "福井県大野市長野36-17",
        "url": "https://www.jpower.co.jp/damcard/itoshiro.html"
      }
    },
    {
      "type": "Feature",
      "geometry": {
        "type": "Point",
        "coordinates": [
          136.658463,
          35.908474
        ]
      },
      "properties": {
        "name": "石徹白ダム",
        "location_marker": "②",
        "pref": "福井県",
        "river_system": "九頭竜川",
        "river": "石徹白川",
        "card_ver": "1",
        "facility": "①\n電源開発㈱　九頭竜電力所\n\n②\nふれあい会館（道の駅「九頭竜」内）",
        "hours": "①\n8:30～17:00\n（土、日、祝日、5月1日、12月29日～1月3日は除く）\n\n②\n8:30～16:30\n※繁忙期は営業時間を変更する事があります。\n休館日：年末年始（12月31日、1月1日）\n県道127号線通行止め期間は配布を休止します。（通行止め期間：11月下旬頃～4月下旬頃) ",
        "address": "福井県大野市朝日26-30-1",
        "url": "https://www.jpower.co.jp/damcard/itoshiro.html"
      }
    },
    {
      "type": "Feature",
      "geometry": {
        "type": "Point",
        "coordinates": [
          136.558578,
          35.854389
        ]
      },
      "properties": {
        "name": "笹生川ダム",
        "location_marker": null,
        "pref": "福井県",
        "river_system": "九頭竜川",
        "river": "真名川",
        "card_ver": "3",
        "facility": "笹生川ダム監視所",
        "hours": "8:30～17:15\n（土・日・祝日を含む（4月1日～11月30日）※４月以降でも雪の状況により通行不可となる場合があります。）",
        "address": "福井県大野市本戸",
        "url": "https://www.pref.fukui.lg.jp/doc/kasen/fukuidam.html"
      }
    },
    {
      "type": "Feature",
      "geometry": {
        "type": "Point",
        "coordinates": [
          136.345261,
          35.887623
        ]
      },
      "properties": {
        "name": "足羽川ダム",
        "location_marker": "①",
        "pref": "福井県",
        "river_system": "九頭竜川",
        "river": "足羽川",
        "card_ver": "4.2",
        "facility": "①まちの駅　こってコテいけだ\n\n②ダムギャラリーあすわ",
        "hours": "①8：30～18：00\n　○毎週火曜日は除く(祝日は営業)。\n　\n\n②平日9：00～16：00\n　〇4月～11月まで（12月～3月は除く）",
        "address": "福井県今立郡池田町稲荷36-25-1",
        "url": "https://www.kkr.mlit.go.jp/asuwa/"
      }
    },
    {
      "type": "Feature",
      "geometry": {
        "type": "Point",
        "coordinates": [
          136.382553,
          35.942646
        ]
      },
      "properties": {
        "name": "足羽川ダム",
        "location_marker": "②",
        "pref": "福井県",
        "river_system": "九頭竜川",
        "river": "足羽川",
        "card_ver": "4.2",
        "facility": "①まちの駅　こってコテいけだ\n\n②ダムギャラリーあすわ",
        "hours": "①8：30～18：00\n　○毎週火曜日は除く(祝日は営業)。\n　\n\n②平日9：00～16：00\n　〇4月～11月まで（12月～3月は除く）",
        "address": "福井県今立郡池田町小畑地先",
        "url": "https://www.kkr.mlit.go.jp/asuwa/"
      }
    },
    {
      "type": "Feature",
      "geometry": {
        "type": "Point",
        "coordinates": [
          136.320938,
          36.099232
        ]
      },
      "properties": {
        "name": "鳴鹿大堰",
        "location_marker": "①",
        "pref": "福井県",
        "river_system": "九頭竜川",
        "river": "九頭竜川",
        "card_ver": "1",
        "facility": "①\nわくわくRiverCAN\n(九頭竜川流域防災センター)\n\n②\n九頭竜川鳴鹿大堰管理所",
        "hours": "①\n9:00～16:30\n休館日：毎週月曜日(祝日を除く)、年末年始(12月29日～1月3日)\n\n②\n8:30～17:15\n（土・日・祝日を除く）",
        "address": "福井県吉田郡永平寺町法寺岡５－２４",
        "url": "https://www.kkr.mlit.go.jp/fukui/kasen/river-can/index.html"
      }
    },
    {
      "type": "Feature",
      "geometry": {
        "type": "Point",
        "coordinates": [
          136.320938,
          36.099232
        ]
      },
      "properties": {
        "name": "鳴鹿大堰",
        "location_marker": "②",
        "pref": "福井県",
        "river_system": "九頭竜川",
        "river": "九頭竜川",
        "card_ver": "1",
        "facility": "①\nわくわくRiverCAN\n(九頭竜川流域防災センター)\n\n②\n九頭竜川鳴鹿大堰管理所",
        "hours": "①\n9:00～16:30\n休館日：毎週月曜日(祝日を除く)、年末年始(12月29日～1月3日)\n\n②\n8:30～17:15\n（土・日・祝日を除く）",
        "address": "福井県吉田郡永平寺町法寺岡５－２６－１",
        "url": "https://www.kkr.mlit.go.jp/fukui/kasen/river-can/index.html"
      }
    },
    {
      "type": "Feature",
      "geometry": {
        "type": "Point",
        "coordinates": [
          136.676743,
          35.886478
        ]
      },
      "properties": {
        "name": "鷲ダム",
        "location_marker": "①",
        "pref": "福井県",
        "river_system": "九頭竜川",
        "river": "九頭竜川",
        "card_ver": "1",
        "facility": "①\n電源開発㈱　九頭竜電力所\n\n②\nふれあい会館（道の駅「九頭竜」内）",
        "hours": "\n①\n8:30～17:00\n（土、日、祝日、5月1日、12月29日～1月3日は除く）\n\n②\n8:30～16:30\n※繁忙期は営業時間を変更する事があります。\n休館日：年末年始（12月31日、1月1日）\n県道127号線通行止め期間は配布を休止します。（通行止め期間：11月下旬～4月下旬頃）",
        "address": "福井県大野市長野36-17",
        "url": "http://www.jpower.co.jp/damcard/washi.html"
      }
    },
    {
      "type": "Feature",
      "geometry": {
        "type": "Point",
        "coordinates": [
          136.658463,
          35.908474
        ]
      },
      "properties": {
        "name": "鷲ダム",
        "location_marker": "②",
        "pref": "福井県",
        "river_system": "九頭竜川",
        "river": "九頭竜川",
        "card_ver": "1",
        "facility": "①\n電源開発㈱　九頭竜電力所\n\n②\nふれあい会館（道の駅「九頭竜」内）",
        "hours": "\n①\n8:30～17:00\n（土、日、祝日、5月1日、12月29日～1月3日は除く）\n\n②\n8:30～16:30\n※繁忙期は営業時間を変更する事があります。\n休館日：年末年始（12月31日、1月1日）\n県道127号線通行止め期間は配布を休止します。（通行止め期間：11月下旬～4月下旬頃）",
        "address": "福井県大野市朝日26-30-1",
        "url": "http://www.jpower.co.jp/damcard/washi.html"
      }
    },
    {
      "type": "Feature",
      "geometry": {
        "type": "Point",
        "coordinates": [
          136.33989,
          36.143642
        ]
      },
      "properties": {
        "name": "龍ヶ鼻ダム",
        "location_marker": null,
        "pref": "福井県",
        "river_system": "九頭竜川",
        "river": "竹田川",
        "card_ver": "1.1",
        "facility": "龍ヶ鼻・永平寺ダム統合管理事務所",
        "hours": "8:30～17:15\n（土・日・祝日を含む）",
        "address": "福井県坂井市丸岡町上竹田50-56-2\n（永平寺ダムより車で40分）",
        "url": "https://www.pref.fukui.lg.jp/doc/kasen/fukuidam.html"
      }
    },
    {
      "type": "Feature",
      "geometry": {
        "type": "Point",
        "coordinates": [
          130.826401,
          33.739571
        ]
      },
      "properties": {
        "name": "ます渕ダム",
        "location_marker": null,
        "pref": "福岡県",
        "river_system": "紫川",
        "river": "紫川",
        "card_ver": "1",
        "facility": "ます渕ダム管理出張所",
        "hours": "平日9:00～17:00\n※土・日・祝日等職員不在時は各ダム管理出張所に備え付けの申込用紙に記載してある、申込方法にしたがってお申込み下さい（ダムへ行った証明（写真・申込用紙等）が必要となります）。",
        "address": "福岡県北九州市小倉南区大字頂吉1408-5",
        "url": "http://www.pref.fukuoka.lg.jp/contents/damcard.html"
      }
    },
    {
      "type": "Feature",
      "geometry": {
        "type": "Point",
        "coordinates": [
          130.417969,
          33.606388
        ]
      },
      "properties": {
        "name": "五ケ山ダム",
        "location_marker": null,
        "pref": "福岡県",
        "river_system": "那珂川",
        "river": "那珂川",
        "card_ver": "2.1",
        "facility": "南畑・五ケ山ダム管理出張所\n（南畑ダム）",
        "hours": "平日9:00～17:00\n※土・日・祝日等職員不在時は各ダム管理出張所に備え付けの申込用紙に記載してある、申込方法にしたがってお申込み下さい。\n※配布には、ダムへ行った証明（写真・申込用紙等）が必要となります。",
        "address": "福岡県ダム場所：福岡県那珂川市大字五ヶ山字原ノ山1336-1\n配布場所：福岡県那珂川市大字五ヶ山字下北川908-8",
        "url": "http://www.pref.fukuoka.lg.jp/contents/damcard.html"
      }
    },
    {
      "type": "Feature",
      "geometry": {
        "type": "Point",
        "coordinates": [
          130.944351,
          33.578403
        ]
      },
      "properties": {
        "name": "伊良原ダム",
        "location_marker": null,
        "pref": "福岡県",
        "river_system": "祓川",
        "river": "祓川",
        "card_ver": "5",
        "facility": "伊良原ダム管理出張所",
        "hours": "平日9:00～17:00\n※土・日・祝日等職員不在時は各ダム管理出張所に備え付けの申込用紙に記載してある、申込方法にしたがってお申込み下さい（ダムへ行った証明（写真・申込用紙等）が必要となります）。",
        "address": "福岡県京都郡みやこ町犀川下伊良原1042-3",
        "url": "http://www.pref.fukuoka.lg.jp/contents/damcard.html"
      }
    },
    {
      "type": "Feature",
      "geometry": {
        "type": "Point",
        "coordinates": [
          130.618744,
          33.69352
        ]
      },
      "properties": {
        "name": "力丸ダム",
        "location_marker": null,
        "pref": "福岡県",
        "river_system": "遠賀川",
        "river": "八木山川",
        "card_ver": "1",
        "facility": "力丸・犬鳴ダム管理出張所",
        "hours": "平日9:00～17:00\n※土・日・祝日等職員不在時は各ダム管理出張所に備え付けの申込用紙に記載してある、申込方法にしたがってお申込み下さい（ダムへ行った証明（写真・申込用紙等）が必要となります）。",
        "address": "福岡県宮若市下2389-5",
        "url": "http://www.pref.fukuoka.lg.jp/contents/damcard.html"
      }
    },
    {
      "type": "Feature",
      "geometry": {
        "type": "Point",
        "coordinates": [
          130.417969,
          33.606388
        ]
      },
      "properties": {
        "name": "北谷ダム",
        "location_marker": null,
        "pref": "福岡県",
        "river_system": "御笠川",
        "river": "山の神川",
        "card_ver": "1",
        "facility": "山神・牛頸・北谷ダム管理出張所\n（山神ダム）",
        "hours": "平日9:00～17:00\n※土・日・祝日等職員不在時は各ダム管理出張所に備え付けの申込用紙に記載してある、申込方法にしたがってお申込み下さい。\n※配布には、ダムへ行った証明（写真・申込用紙等）が必要となります。",
        "address": "福岡県ダム場所：福岡県太宰府市大字北谷別所地先\n配布場所：福岡県筑紫野市大字山口2407",
        "url": "http://www.pref.fukuoka.lg.jp/contents/damcard.html"
      }
    },
    {
      "type": "Feature",
      "geometry": {
        "type": "Point",
        "coordinates": [
          130.423752,
          33.417866
        ]
      },
      "properties": {
        "name": "南畑ダム",
        "location_marker": null,
        "pref": "福岡県",
        "river_system": "那珂川",
        "river": "那珂川",
        "card_ver": "1",
        "facility": "南畑・五ケ山ダム管理出張所",
        "hours": "平日9:00～17:00\n※土・日・祝日等職員不在時は各ダム管理出張所に備え付けの申込用紙に記載してある、申込方法にしたがってお申込み下さい（ダムへ行った証明（写真・申込用紙等）が必要となります）。",
        "address": "福岡県那珂川市大字五ヶ山字下北川908-8",
        "url": "http://www.pref.fukuoka.lg.jp/contents/damcard.html"
      }
    },
    {
      "type": "Feature",
      "geometry": {
        "type": "Point",
        "coordinates": [
          130.820618,
          33.334217
        ]
      },
      "properties": {
        "name": "夜明ダム",
        "location_marker": null,
        "pref": "福岡県",
        "river_system": "筑後川",
        "river": "筑後川",
        "card_ver": "1",
        "facility": "ウキハコ",
        "hours": "9時～17時（休館日：毎月第二火曜日（7月～9月除く）\n　　　　　　 休館日が祝日の場合は開館し翌日休館日）\nダム管理所に備え付けている申込書に必要事項をご記入の上、配布場所にてカードと交換してください。",
        "address": "福岡県うきは市浮羽町山北７３３－１",
        "url": "https://www.kyuden.co.jp/company/outline/branch/oita/initiative/damcard.html"
      }
    },
    {
      "type": "Feature",
      "geometry": {
        "type": "Point",
        "coordinates": [
          130.72348,
          33.427471
        ]
      },
      "properties": {
        "name": "寺内ダム",
        "location_marker": "①",
        "pref": "福岡県",
        "river_system": "筑後川",
        "river": "佐田川",
        "card_ver": "1",
        "facility": "①筑後川上流総合管理所\n（寺内ダム管理所）\n②公益財団法人　あまぎ水の文化村\n③上秋月インフォメーションセンター",
        "hours": "①8:30～17:00（土・日・祝日含む）\n※管理所玄関または門扉のインターホンを押してください。\n※休日は、巡視等で不在の場合があります。\n②10:00～17:00（配布休止日：月・第３火曜及び年末年始（12月28日～1月4日）\n③8:30～17:00（配布休止日：土・日・祝日及び年末年始（12月29日～1月3日）",
        "address": "福岡県朝倉市荷原１５１６－６",
        "url": "https://www.water.go.jp/chikugo/terauchi/"
      }
    },
    {
      "type": "Feature",
      "geometry": {
        "type": "Point",
        "coordinates": [
          130.729065,
          33.433403
        ]
      },
      "properties": {
        "name": "寺内ダム",
        "location_marker": "②",
        "pref": "福岡県",
        "river_system": "筑後川",
        "river": "佐田川",
        "card_ver": "1",
        "facility": "①筑後川上流総合管理所\n（寺内ダム管理所）\n②公益財団法人　あまぎ水の文化村\n③上秋月インフォメーションセンター",
        "hours": "①8:30～17:00（土・日・祝日含む）\n※管理所玄関または門扉のインターホンを押してください。\n※休日は、巡視等で不在の場合があります。\n②10:00～17:00（配布休止日：月・第３火曜及び年末年始（12月28日～1月4日）\n③8:30～17:00（配布休止日：土・日・祝日及び年末年始（12月29日～1月3日）",
        "address": "福岡県朝倉市矢野竹８３１",
        "url": "https://www.water.go.jp/chikugo/terauchi/"
      }
    },
    {
      "type": "Feature",
      "geometry": {
        "type": "Point",
        "coordinates": [
          130.705688,
          33.460915
        ]
      },
      "properties": {
        "name": "寺内ダム",
        "location_marker": "③",
        "pref": "福岡県",
        "river_system": "筑後川",
        "river": "佐田川",
        "card_ver": "1",
        "facility": "①筑後川上流総合管理所\n（寺内ダム管理所）\n②公益財団法人　あまぎ水の文化村\n③上秋月インフォメーションセンター",
        "hours": "①8:30～17:00（土・日・祝日含む）\n※管理所玄関または門扉のインターホンを押してください。\n※休日は、巡視等で不在の場合があります。\n②10:00～17:00（配布休止日：月・第３火曜及び年末年始（12月28日～1月4日）\n③8:30～17:00（配布休止日：土・日・祝日及び年末年始（12月29日～1月3日）",
        "address": "福岡県朝倉市上秋月１３７３－１",
        "url": "https://www.water.go.jp/chikugo/terauchi/"
      }
    },
    {
      "type": "Feature",
      "geometry": {
        "type": "Point",
        "coordinates": [
          130.752579,
          33.467983
        ]
      },
      "properties": {
        "name": "小石原川ダム",
        "location_marker": "①",
        "pref": "福岡県",
        "river_system": "筑後川",
        "river": "小石原川",
        "card_ver": "2",
        "facility": "①\n小石原川ダム管理所\n\n②\nあまぎ水の文化村\n\n③\n上秋月ダムインフォメーションセンター",
        "hours": "①\n8:30～17:00（土・日・祝日含む）\n\n②\n10:00～17:00（月・第３火曜及び年末年始（12月28日～1月4日）除く）\n\n③\n8:30～17:00（土・日・祝日及び年末年始（12月29日～1月3日）除く）\n※②及び③で受け取る場合、ダムへ行ったことを証明する写真を提示してください。",
        "address": "福岡県朝倉市江川2815-20",
        "url": "①\n https://www.water.go.jp/chikugo/koishi/index.html\n ②\n https://mizunobunkamura.jp/\n ③\n https://www.city.asakura.lg.jp/www/contents/1369371813741/index.html\n "
      }
    },
    {
      "type": "Feature",
      "geometry": {
        "type": "Point",
        "coordinates": [
          130.729065,
          33.433403
        ]
      },
      "properties": {
        "name": "小石原川ダム",
        "location_marker": "②",
        "pref": "福岡県",
        "river_system": "筑後川",
        "river": "小石原川",
        "card_ver": "2",
        "facility": "①\n小石原川ダム管理所\n\n②\nあまぎ水の文化村\n\n③\n上秋月ダムインフォメーションセンター",
        "hours": "①\n8:30～17:00（土・日・祝日含む）\n\n②\n10:00～17:00（月・第３火曜及び年末年始（12月28日～1月4日）除く）\n\n③\n8:30～17:00（土・日・祝日及び年末年始（12月29日～1月3日）除く）\n※②及び③で受け取る場合、ダムへ行ったことを証明する写真を提示してください。",
        "address": "福岡県朝倉市矢野竹８３１",
        "url": "①\n https://www.water.go.jp/chikugo/koishi/index.html\n ②\n https://mizunobunkamura.jp/\n ③\n https://www.city.asakura.lg.jp/www/contents/1369371813741/index.html\n "
      }
    },
    {
      "type": "Feature",
      "geometry": {
        "type": "Point",
        "coordinates": [
          130.705688,
          33.460915
        ]
      },
      "properties": {
        "name": "小石原川ダム",
        "location_marker": "③",
        "pref": "福岡県",
        "river_system": "筑後川",
        "river": "小石原川",
        "card_ver": "2",
        "facility": "①\n小石原川ダム管理所\n\n②\nあまぎ水の文化村\n\n③\n上秋月ダムインフォメーションセンター",
        "hours": "①\n8:30～17:00（土・日・祝日含む）\n\n②\n10:00～17:00（月・第３火曜及び年末年始（12月28日～1月4日）除く）\n\n③\n8:30～17:00（土・日・祝日及び年末年始（12月29日～1月3日）除く）\n※②及び③で受け取る場合、ダムへ行ったことを証明する写真を提示してください。",
        "address": "福岡県朝倉市上秋月１３７３番地１",
        "url": "①\n https://www.water.go.jp/chikugo/koishi/index.html\n ②\n https://mizunobunkamura.jp/\n ③\n https://www.city.asakura.lg.jp/www/contents/1369371813741/index.html\n "
      }
    },
    {
      "type": "Feature",
      "geometry": {
        "type": "Point",
        "coordinates": [
          130.522995,
          33.332016
        ]
      },
      "properties": {
        "name": "山口調整池（天拝湖）",
        "location_marker": null,
        "pref": "福岡県",
        "river_system": "筑後川",
        "river": "兎ヶ原川",
        "card_ver": "1",
        "facility": "福岡導水管理所",
        "hours": "9:00～17:00（土・日・祝日含まない）\n※平日のみの配布となります。\n※ダムカード配布場所とダム（調整池）は離れた場所にありますのでご注意願います。",
        "address": "福岡県久留米市高野1-1-1",
        "url": "https://www.water.go.jp/chikugo/fukudou/index.html"
      }
    },
    {
      "type": "Feature",
      "geometry": {
        "type": "Point",
        "coordinates": [
          130.496902,
          33.461552
        ]
      },
      "properties": {
        "name": "山神ダム",
        "location_marker": null,
        "pref": "福岡県",
        "river_system": "筑後川",
        "river": "山口川",
        "card_ver": "1",
        "facility": "山神・牛頸・北谷ダム管理出張所",
        "hours": "平日9:00～17:00\n※土・日・祝日等職員不在時は各ダム管理出張所に備え付けの申込用紙に記載してある、申込方法にしたがってお申込み下さい（ダムへ行った証明（写真・申込用紙等）が必要となります）。",
        "address": "福岡県筑紫野市大字山口2407",
        "url": "http://www.pref.fukuoka.lg.jp/contents/damcard.html"
      }
    },
    {
      "type": "Feature",
      "geometry": {
        "type": "Point",
        "coordinates": [
          130.803787,
          33.139259
        ]
      },
      "properties": {
        "name": "日向神ダム",
        "location_marker": null,
        "pref": "福岡県",
        "river_system": "矢部川",
        "river": "矢部川",
        "card_ver": "1",
        "facility": "日向神ダム管理出張所",
        "hours": "平日9:00～17:00\n※土・日・祝日等職員不在時は各ダム管理出張所に備え付けの申込用紙に記載してある、申込方法にしたがってお申込み下さい（ダムへ行った証明（写真・申込用紙等）が必要となります）。",
        "address": "福岡県八女市矢部村矢部33-7",
        "url": "http://www.pref.fukuoka.lg.jp/contents/damcard.html"
      }
    },
    {
      "type": "Feature",
      "geometry": {
        "type": "Point",
        "coordinates": [
          130.740204,
          33.455849
        ]
      },
      "properties": {
        "name": "江川ダム",
        "location_marker": "①",
        "pref": "福岡県",
        "river_system": "筑後川",
        "river": "小石原川",
        "card_ver": "1.2",
        "facility": "①筑後川上流総合管理所\n（両筑平野用水管理所）\n②公益財団法人　あまぎ水の文化村\n③上秋月ダムインフォメーションセンター",
        "hours": "①8:30～17:00（土・日・祝日含む）\n※管理所玄関のインターホンを押してください。\n※休日は、巡視等で不在の場合があります。\n②10:00～17:00（配布休止日：月・第３火曜及び年末年始（12月28日～1月4日）\n③8:30～17:00（配布休止日：土・日・祝日及び年末年始（12月29日～1月3日）",
        "address": "福岡県朝倉市江川１６６０－６７",
        "url": "https://www.water.go.jp/chikugo/ryochiku/"
      }
    },
    {
      "type": "Feature",
      "geometry": {
        "type": "Point",
        "coordinates": [
          130.729065,
          33.433403
        ]
      },
      "properties": {
        "name": "江川ダム",
        "location_marker": "②",
        "pref": "福岡県",
        "river_system": "筑後川",
        "river": "小石原川",
        "card_ver": "1.2",
        "facility": "①筑後川上流総合管理所\n（両筑平野用水管理所）\n②公益財団法人　あまぎ水の文化村\n③上秋月ダムインフォメーションセンター",
        "hours": "①8:30～17:00（土・日・祝日含む）\n※管理所玄関のインターホンを押してください。\n※休日は、巡視等で不在の場合があります。\n②10:00～17:00（配布休止日：月・第３火曜及び年末年始（12月28日～1月4日）\n③8:30～17:00（配布休止日：土・日・祝日及び年末年始（12月29日～1月3日）",
        "address": "福岡県朝倉市矢野竹８３１",
        "url": "https://www.water.go.jp/chikugo/ryochiku/"
      }
    },
    {
      "type": "Feature",
      "geometry": {
        "type": "Point",
        "coordinates": [
          130.705688,
          33.460915
        ]
      },
      "properties": {
        "name": "江川ダム",
        "location_marker": "③",
        "pref": "福岡県",
        "river_system": "筑後川",
        "river": "小石原川",
        "card_ver": "1.2",
        "facility": "①筑後川上流総合管理所\n（両筑平野用水管理所）\n②公益財団法人　あまぎ水の文化村\n③上秋月ダムインフォメーションセンター",
        "hours": "①8:30～17:00（土・日・祝日含む）\n※管理所玄関のインターホンを押してください。\n※休日は、巡視等で不在の場合があります。\n②10:00～17:00（配布休止日：月・第３火曜及び年末年始（12月28日～1月4日）\n③8:30～17:00（配布休止日：土・日・祝日及び年末年始（12月29日～1月3日）",
        "address": "福岡県朝倉市上秋月１３７３－１",
        "url": "https://www.water.go.jp/chikugo/ryochiku/"
      }
    },
    {
      "type": "Feature",
      "geometry": {
        "type": "Point",
        "coordinates": [
          130.90741,
          33.534824
        ]
      },
      "properties": {
        "name": "油木ダム",
        "location_marker": null,
        "pref": "福岡県",
        "river_system": "今川",
        "river": "今川",
        "card_ver": "1",
        "facility": "油木ダム管理出張所",
        "hours": "平日9:00～17:00\n※土・日・祝日等職員不在時は各ダム管理出張所に備え付けの申込用紙に記載してある、申込方法にしたがってお申込み下さい（ダムへ行った証明（写真・申込用紙等）が必要となります）。",
        "address": "福岡県田川郡添田町大字津野6898",
        "url": "http://www.pref.fukuoka.lg.jp/contents/damcard.html"
      }
    },
    {
      "type": "Feature",
      "geometry": {
        "type": "Point",
        "coordinates": [
          130.417969,
          33.606388
        ]
      },
      "properties": {
        "name": "牛頸ダム",
        "location_marker": null,
        "pref": "福岡県",
        "river_system": "御笠川",
        "river": "牛頸川",
        "card_ver": "1",
        "facility": "山神・牛頸・北谷ダム管理出張所\n（山神ダム）",
        "hours": "平日9:00～17:00\n※土・日・祝日等職員不在時は各ダム管理出張所に備え付けの申込用紙に記載してある、申込方法にしたがってお申込み下さい。\n※配布には、ダムへ行った証明（写真・申込用紙等）が必要となります。",
        "address": "福岡県ダム場所：福岡県大野城市大字牛頸731\n配布場所：福岡県筑紫野市大字山口2407",
        "url": "http://www.pref.fukuoka.lg.jp/contents/damcard.html"
      }
    },
    {
      "type": "Feature",
      "geometry": {
        "type": "Point",
        "coordinates": [
          130.417969,
          33.606388
        ]
      },
      "properties": {
        "name": "犬鳴ダム",
        "location_marker": null,
        "pref": "福岡県",
        "river_system": "遠賀川",
        "river": "犬鳴川",
        "card_ver": "1",
        "facility": "力丸・犬鳴ダム管理出張所\n（力丸ダム）",
        "hours": "平日9:00～17:00\n※土・日・祝日等職員不在時は各ダム管理出張所に備え付けの申込用紙に記載してある、申込方法にしたがってお申込み下さい。\n※配布には、ダムへ行った証明（写真・申込用紙等）が必要となります。",
        "address": "福岡県ダム地点：福岡県宮若市犬鳴72-2\n配布場所：福岡県宮若市下2389-5",
        "url": "http://www.pref.fukuoka.lg.jp/contents/damcard.html"
      }
    },
    {
      "type": "Feature",
      "geometry": {
        "type": "Point",
        "coordinates": [
          130.417969,
          33.606388
        ]
      },
      "properties": {
        "name": "猪野ダム",
        "location_marker": null,
        "pref": "福岡県",
        "river_system": "多々良川",
        "river": "猪野川",
        "card_ver": "1",
        "facility": "鳴淵・猪野ダム管理出張所\n（鳴淵ダム）",
        "hours": "平日9:00～17:00\n※土・日・祝日等職員不在時は各ダム管理出張所に備え付けの申込用紙に記載してある、申込方法にしたがってお申込み下さい。\n※配布には、ダムへ行った証明（写真・申込用紙等）が必要となります。",
        "address": "福岡県ダム場所：福岡県糟屋郡久山町大字猪野145-28\n配布場所：福岡県糟屋郡篠栗町大字篠栗3172-92",
        "url": "http://www.pref.fukuoka.lg.jp/contents/damcard.html"
      }
    },
    {
      "type": "Feature",
      "geometry": {
        "type": "Point",
        "coordinates": [
          130.243729,
          33.508289
        ]
      },
      "properties": {
        "name": "瑞梅寺ダム",
        "location_marker": null,
        "pref": "福岡県",
        "river_system": "瑞梅寺川",
        "river": "瑞梅寺川",
        "card_ver": "2",
        "facility": "瑞梅寺ダム管理出張所",
        "hours": "平日9:00～17:00\n※土・日・祝日等職員不在時は各ダム管理出張所に備え付けの申込用紙に記載してある、申込方法にしたがってお申込み下さい（ダムへ行った証明（写真・申込用紙等）が必要となります）。",
        "address": "福岡県糸島市瑞梅寺864",
        "url": "http://www.pref.fukuoka.lg.jp/contents/damcard.html"
      }
    },
    {
      "type": "Feature",
      "geometry": {
        "type": "Point",
        "coordinates": [
          130.737701,
          33.747585
        ]
      },
      "properties": {
        "name": "福智山ダム",
        "location_marker": null,
        "pref": "福岡県",
        "river_system": "遠賀川",
        "river": "福地川",
        "card_ver": "1",
        "facility": "福智山ダム管理出張所",
        "hours": "平日9:00～17:00\n※土・日・祝日等職員不在時は各ダム管理出張所に備え付けの申込用紙に記載してある、申込方法にしたがってお申込み下さい（ダムへ行った証明（写真・申込用紙等）が必要となります）。",
        "address": "福岡県直方市大字頓野20-4",
        "url": "http://www.pref.fukuoka.lg.jp/contents/damcard.html"
      }
    },
    {
      "type": "Feature",
      "geometry": {
        "type": "Point",
        "coordinates": [
          130.477982,
          33.301636
        ]
      },
      "properties": {
        "name": "筑後大堰",
        "location_marker": null,
        "pref": "福岡県",
        "river_system": "筑後川",
        "river": "筑後川",
        "card_ver": "1",
        "facility": "筑後川下流総合管理所\n(筑後大堰管理所)",
        "hours": "8:30～17:00（土・日・祝日含む）\n管理所玄関のインターホンを押してください。\n休日は、巡視等で不在の場合があります。",
        "address": "福岡県久留米市安武町武島1063-2",
        "url": "https://www.water.go.jp/chikugo/coozeki/"
      }
    },
    {
      "type": "Feature",
      "geometry": {
        "type": "Point",
        "coordinates": [
          130.848282,
          33.304195
        ]
      },
      "properties": {
        "name": "藤波ダム",
        "location_marker": null,
        "pref": "福岡県",
        "river_system": "筑後川",
        "river": "巨瀬川",
        "card_ver": "3",
        "facility": "藤波ダム管理出張所",
        "hours": "平日9:00～17:00\n※土・日・祝日等職員不在時は各ダム管理出張所に備え付けの申込用紙に記載してある、申込方法にしたがってお申込み下さい（ダムへ行った証明（写真・申込用紙等）が必要となります）。",
        "address": "福岡県うきは市浮羽町小塩5807-2",
        "url": "http://www.pref.fukuoka.lg.jp/contents/damcard.html"
      }
    },
    {
      "type": "Feature",
      "geometry": {
        "type": "Point",
        "coordinates": [
          130.68013,
          33.889458
        ]
      },
      "properties": {
        "name": "遠賀川河口堰",
        "location_marker": null,
        "pref": "福岡県",
        "river_system": "遠賀川",
        "river": "遠賀川",
        "card_ver": "3",
        "facility": "遠賀川河口堰管理支所",
        "hours": "9:00～17:00（土・日・祝日含まない）\n※平日のみの配布となります。",
        "address": "福岡県遠賀郡水巻町猪熊１０－７－１",
        "url": "http://www.qsr.mlit.go.jp/onga/river_info/facility/kakouzeki.html"
      }
    },
    {
      "type": "Feature",
      "geometry": {
        "type": "Point",
        "coordinates": [
          130.840744,
          33.528366
        ]
      },
      "properties": {
        "name": "陣屋ダム",
        "location_marker": null,
        "pref": "福岡県",
        "river_system": "遠賀川",
        "river": "中元寺川",
        "card_ver": "1",
        "facility": "陣屋ダム管理出張所",
        "hours": "平日9:00～17:00\n※土・日・祝日等職員不在時は各ダム管理出張所に備え付けの申込用紙に記載してある、申込方法にしたがってお申込み下さい（ダムへ行った証明（写真・申込用紙等）が必要となります）。",
        "address": "福岡県田川郡添田町大字中元寺778-99",
        "url": "http://www.pref.fukuoka.lg.jp/contents/damcard.html"
      }
    },
    {
      "type": "Feature",
      "geometry": {
        "type": "Point",
        "coordinates": [
          130.568817,
          33.622749
        ]
      },
      "properties": {
        "name": "鳴淵ダム",
        "location_marker": null,
        "pref": "福岡県",
        "river_system": "多々良川",
        "river": "鳴渕川",
        "card_ver": "1",
        "facility": "鳴淵・猪野ダム管理出張所",
        "hours": "平日9:00～17:00\n※土・日・祝日等職員不在時は各ダム管理出張所に備え付けの申込用紙に記載してある、申込方法にしたがってお申込み下さい（ダムへ行った証明（写真・申込用紙等）が必要となります）。",
        "address": "福岡県糟屋郡篠栗町大字篠栗3172-92",
        "url": "http://www.pref.fukuoka.lg.jp/contents/damcard.html"
      }
    },
    {
      "type": "Feature",
      "geometry": {
        "type": "Point",
        "coordinates": [
          140.585297,
          37.283573
        ]
      },
      "properties": {
        "name": "こまちダム",
        "location_marker": "①",
        "pref": "福島県",
        "river_system": "夏井川",
        "river": "黒森川",
        "card_ver": "1.1",
        "facility": "①\nこまちダム管理所\n\n②\n小野町役場地域整備課",
        "hours": "①\n管理所１０:00～1５:00　　　　　　　　　　　　　小野町8:30～17:00\n（土・日・祝日及び年末年は配布しておりません）\n\n②\n8:30～17:00\n（土・日・祝日及び年末年始は配布しておりません）\n（管理所が閉まっている場合、ダムに行った証明提示があれば配布しています。）",
        "address": "福島県田村郡小野町大字菖蒲谷字堂田４６－２１",
        "url": "①\n'http://www.pref.fukushima.lg.jp/sec/41320a/komachi.html\n\n②（削除）\n'http://www.town.ono.fukushima.jp/soshiki/8/komachi-dam.html"
      }
    },
    {
      "type": "Feature",
      "geometry": {
        "type": "Point",
        "coordinates": [
          140.624466,
          37.287529
        ]
      },
      "properties": {
        "name": "こまちダム",
        "location_marker": "②",
        "pref": "福島県",
        "river_system": "夏井川",
        "river": "黒森川",
        "card_ver": "1.1",
        "facility": "①\nこまちダム管理所\n\n②\n小野町役場地域整備課",
        "hours": "①\n管理所１０:00～1５:00　　　　　　　　　　　　　小野町8:30～17:00\n（土・日・祝日及び年末年は配布しておりません）\n\n②\n8:30～17:00\n（土・日・祝日及び年末年始は配布しておりません）\n（管理所が閉まっている場合、ダムに行った証明提示があれば配布しています。）",
        "address": "福島県田村郡小野町大字小野新町字舘廻９２番地",
        "url": "①\n'http://www.pref.fukushima.lg.jp/sec/41320a/komachi.html\n\n②（削除）\n'http://www.town.ono.fukushima.jp/soshiki/8/komachi-dam.html"
      }
    },
    {
      "type": "Feature",
      "geometry": {
        "type": "Point",
        "coordinates": [
          140.477661,
          37.406078
        ]
      },
      "properties": {
        "name": "三春ダム",
        "location_marker": null,
        "pref": "福島県",
        "river_system": "阿武隈川",
        "river": "大滝根川",
        "card_ver": "1",
        "facility": "三春ダム資料館及び三春ダム管理所",
        "hours": "8:30～17:00\n（土・日・祝日を含む）（但し、年末年始12月29日～1月3日を除く）",
        "address": "福島県田村郡三春町大字西方字中ノ内403-4",
        "url": "http://www.thr.mlit.go.jp/miharu/"
      }
    },
    {
      "type": "Feature",
      "geometry": {
        "type": "Point",
        "coordinates": [
          139.522781,
          37.488018
        ]
      },
      "properties": {
        "name": "上田ダム",
        "location_marker": null,
        "pref": "福島県",
        "river_system": "阿賀野川",
        "river": "只見川",
        "card_ver": "2",
        "facility": "道の駅　奥会津かねやま",
        "hours": "9:00～18:30（11月～3月は17:30まで）\n12/30～1/2は配布しておりません。",
        "address": "福島県大沼郡金山町大字中川字上居平949-8",
        "url": "https://www.tohoku-epco.co.jp/information/1215535_2521.html"
      }
    },
    {
      "type": "Feature",
      "geometry": {
        "type": "Point",
        "coordinates": [
          139.641769,
          37.585716
        ]
      },
      "properties": {
        "name": "上野尻ダム",
        "location_marker": null,
        "pref": "福島県",
        "river_system": "阿賀野川",
        "river": "阿賀川",
        "card_ver": "1",
        "facility": "道の駅　にしあいづ",
        "hours": "9:00～19:00\n1/1は配布しておりません。",
        "address": "福島県耶麻郡西会津町野沢字下條乙1969-26",
        "url": "https://www.tohoku-epco.co.jp/information/1215535_2521.html"
      }
    },
    {
      "type": "Feature",
      "geometry": {
        "type": "Point",
        "coordinates": [
          140.451767,
          37.175697
        ]
      },
      "properties": {
        "name": "千五沢ダム　",
        "location_marker": null,
        "pref": "福島県",
        "river_system": "阿武隈川",
        "river": "北須川",
        "card_ver": "1",
        "facility": "千五沢ダム管理所",
        "hours": "9:00～16:45\n（土・日・祝日・年末年始は配布しておりません）",
        "address": "福島県石川郡石川町大字母畑字辺栗４９",
        "url": "https://www.pref.fukushima.lg.jp/sec/41323a/sengosawa-dam.html"
      }
    },
    {
      "type": "Feature",
      "geometry": {
        "type": "Point",
        "coordinates": [
          139.315842,
          37.348717
        ]
      },
      "properties": {
        "name": "只見ダム",
        "location_marker": "①",
        "pref": "福島県",
        "river_system": "阿賀野川",
        "river": "只見川",
        "card_ver": "1",
        "facility": "①\n只見展示館\n\n②\n只見町インフォメーションセンター\n",
        "hours": "\n①\n9:00～17:00\n配布日：4月下旬～11月中旬（毎週水曜日を除く）\n休館日：毎週水曜日、冬季（11月中旬～4月下旬）\n\n②\n9:00～17:00\n配布日：只見展示館の休館日（毎週水曜日。但し、水曜が祝日の場合は金曜日が振替休館日。）および11月中旬～4月下旬の冬季閉館期間のみ。\n",
        "address": "福島県只見展示館：福島県南会津郡只見町大字只見字後山2476-230",
        "url": "http://www.jpower.co.jp/damcard/tadami.html"
      }
    },
    {
      "type": "Feature",
      "geometry": {
        "type": "Point",
        "coordinates": [
          139.315842,
          37.348717
        ]
      },
      "properties": {
        "name": "只見ダム",
        "location_marker": "②",
        "pref": "福島県",
        "river_system": "阿賀野川",
        "river": "只見川",
        "card_ver": "1",
        "facility": "①\n只見展示館\n\n②\n只見町インフォメーションセンター\n",
        "hours": "\n①\n9:00～17:00\n配布日：4月下旬～11月中旬（毎週水曜日を除く）\n休館日：毎週水曜日、冬季（11月中旬～4月下旬）\n\n②\n9:00～17:00\n配布日：只見展示館の休館日（毎週水曜日。但し、水曜が祝日の場合は金曜日が振替休館日。）および11月中旬～4月下旬の冬季閉館期間のみ。\n",
        "address": "福島県只見町インフォメーションセンター：福島県南会津郡只見町大字只見字雨堤1018-1",
        "url": "http://www.jpower.co.jp/damcard/tadami.html"
      }
    },
    {
      "type": "Feature",
      "geometry": {
        "type": "Point",
        "coordinates": [
          140.732422,
          36.929939
        ]
      },
      "properties": {
        "name": "四時ダム",
        "location_marker": null,
        "pref": "福島県",
        "river_system": "鮫川",
        "river": "四時川",
        "card_ver": "1.1",
        "facility": "四時ダム管理所",
        "hours": "8:30～16:30\n（土・日・祝日を含む）",
        "address": "福島県いわき市川部町大沢１６９－１",
        "url": "http://www.pref.fukushima.lg.jp/sec/41383a/"
      }
    },
    {
      "type": "Feature",
      "geometry": {
        "type": "Point",
        "coordinates": [
          140.076736,
          37.15831
        ]
      },
      "properties": {
        "name": "堀川ダム",
        "location_marker": null,
        "pref": "福島県",
        "river_system": "阿武隈川",
        "river": "堀川",
        "card_ver": "1",
        "facility": "堀川ダム管理所",
        "hours": "10:00～15:30\n（土・日・祝日・年末年始は配布しておりません）",
        "address": "福島県西白河郡西郷村大字真船字横川１８０－４",
        "url": "http://www.pref.fukushima.lg.jp/sec/41330a/horikawadamujouhou.html"
      }
    },
    {
      "type": "Feature",
      "geometry": {
        "type": "Point",
        "coordinates": [
          139.897903,
          37.334538
        ]
      },
      "properties": {
        "name": "大内ダム\n［J-POWER］",
        "location_marker": null,
        "pref": "福島県",
        "river_system": "阿賀野川",
        "river": "小野川",
        "card_ver": "1",
        "facility": "下郷事務所（下郷展示館）",
        "hours": "平日：９：００～１６：３０\n（土、日、祝祭日、5月1日は配布しておりません）\n（展示館休館期間）\n・2024年12月1日～2025年3月31日（冬季休館）\n",
        "address": "福島県南会津郡下郷町大字小沼崎字黒倉乙1054-1",
        "url": "http://www.jpower.co.jp/damcard/ouchi.html"
      }
    },
    {
      "type": "Feature",
      "geometry": {
        "type": "Point",
        "coordinates": [
          139.918976,
          37.334782
        ]
      },
      "properties": {
        "name": "大川ダム\n［国交省］",
        "location_marker": null,
        "pref": "福島県",
        "river_system": "阿賀野川",
        "river": "阿賀川",
        "card_ver": "2",
        "facility": "大川ダム資料館",
        "hours": "9:00～16:00（土・日・祝日を含む）\n※冬期間(12月～3月)は資料館閉館のため管理支所にて配布します。",
        "address": "福島県会津若松市大戸町大字大川字李平乙121",
        "url": "http://www.hrr.mlit.go.jp/agagawa/"
      }
    },
    {
      "type": "Feature",
      "geometry": {
        "type": "Point",
        "coordinates": [
          139.662018,
          37.476166
        ]
      },
      "properties": {
        "name": "宮下ダム",
        "location_marker": null,
        "pref": "福島県",
        "river_system": "阿賀野川",
        "river": "只見川",
        "card_ver": "2",
        "facility": "道の駅　尾瀬街道みしま宿",
        "hours": "8:00～18:00\n1/1～1/3は配布しておりません。",
        "address": "福島県大沼郡三島町大字川井字天屋原610",
        "url": "https://www.tohoku-epco.co.jp/information/1215535_2521.html"
      }
    },
    {
      "type": "Feature",
      "geometry": {
        "type": "Point",
        "coordinates": [
          140.828354,
          37.127232
        ]
      },
      "properties": {
        "name": "小玉ダム",
        "location_marker": null,
        "pref": "福島県",
        "river_system": "夏井川",
        "river": "小玉川",
        "card_ver": "1",
        "facility": "小玉ダム管理所",
        "hours": "9:30～16:30\n（土・日・祝日・年末年始は配布しておりません）",
        "address": "福島県いわき市小川町高萩字釜ノ前1-25",
        "url": "http://www.pref.fukushima.lg.jp/sec/41380a/kodamadam-top.html"
      }
    },
    {
      "type": "Feature",
      "geometry": {
        "type": "Point",
        "coordinates": [
          139.752029,
          37.6012
        ]
      },
      "properties": {
        "name": "山郷ダム",
        "location_marker": "①",
        "pref": "福島県",
        "river_system": "阿賀野川",
        "river": "阿賀川",
        "card_ver": "1",
        "facility": "①\nカイギュウランドたかさと\n\n②\nふれあいランド高郷",
        "hours": "①\n9:00～16:30\n月曜日は休館（月曜日が休日の場合は火曜日）\n12/29～1/3は配布しておりません。\n\n②\n9:00～21:00\n火曜日は休館（火曜日が休日の場合は水曜日）\n1/1は配布しておりません。",
        "address": "福島県喜多方市高郷町西羽賀和尚堂3163",
        "url": "https://www.tohoku-epco.co.jp/information/1215535_2521.html"
      }
    },
    {
      "type": "Feature",
      "geometry": {
        "type": "Point",
        "coordinates": [
          139.695297,
          37.622761
        ]
      },
      "properties": {
        "name": "山郷ダム",
        "location_marker": "②",
        "pref": "福島県",
        "river_system": "阿賀野川",
        "river": "阿賀川",
        "card_ver": "1",
        "facility": "①\nカイギュウランドたかさと\n\n②\nふれあいランド高郷",
        "hours": "①\n9:00～16:30\n月曜日は休館（月曜日が休日の場合は火曜日）\n12/29～1/3は配布しておりません。\n\n②\n9:00～21:00\n火曜日は休館（火曜日が休日の場合は水曜日）\n1/1は配布しておりません。",
        "address": "福島県喜多方市高郷町揚津字袖山甲3054-9",
        "url": "https://www.tohoku-epco.co.jp/information/1215535_2521.html"
      }
    },
    {
      "type": "Feature",
      "geometry": {
        "type": "Point",
        "coordinates": [
          140.369064,
          37.912727
        ]
      },
      "properties": {
        "name": "摺上川ダム",
        "location_marker": null,
        "pref": "福島県",
        "river_system": "阿武隈川",
        "river": "摺上川",
        "card_ver": "3",
        "facility": "摺上川ダム管理所",
        "hours": "9:00～16:30（土・日・祝日を含む）\n（但し12月29日～1月3日は配布しておりません）",
        "address": "福島県福島市飯坂町茂庭字蝉狩野山25",
        "url": "http://www.thr.mlit.go.jp/surikami/"
      }
    },
    {
      "type": "Feature",
      "geometry": {
        "type": "Point",
        "coordinates": [
          139.836655,
          37.465725
        ]
      },
      "properties": {
        "name": "新宮川ダム",
        "location_marker": null,
        "pref": "福島県",
        "river_system": "阿賀野川",
        "river": "宮川",
        "card_ver": "1",
        "facility": "会津宮川土地改良区",
        "hours": "8：30～17：00\n（土・日・祝祭日・年末年始は配布しておりません。）\n※配布には、ダムへ行った証明（写真等）が必要となります。",
        "address": "福島県大沼郡会津美里町字油田１５４５",
        "url": "http://www.aizumiyakawa.jp/damcard.htm"
      }
    },
    {
      "type": "Feature",
      "geometry": {
        "type": "Point",
        "coordinates": [
          139.752029,
          37.6012
        ]
      },
      "properties": {
        "name": "新郷ダム",
        "location_marker": "①",
        "pref": "福島県",
        "river_system": "阿賀野川",
        "river": "阿賀川",
        "card_ver": "1",
        "facility": "①\nカイギュウランドたかさと\n\n②\nふれあいランド高郷",
        "hours": "①\n9:00～16:30\n月曜日は休館（月曜日が休日の場合は火曜日）\n12/29～1/3は配布しておりません。\n\n②\n9:00～21:00\n火曜日は休館（火曜日が休日の場合は水曜日）\n1/1は配布しておりません。",
        "address": "福島県喜多方市高郷町西羽賀和尚堂3163",
        "url": "https://www.tohoku-epco.co.jp/information/1215535_2521.html"
      }
    },
    {
      "type": "Feature",
      "geometry": {
        "type": "Point",
        "coordinates": [
          139.695297,
          37.622761
        ]
      },
      "properties": {
        "name": "新郷ダム",
        "location_marker": "②",
        "pref": "福島県",
        "river_system": "阿賀野川",
        "river": "阿賀川",
        "card_ver": "1",
        "facility": "①\nカイギュウランドたかさと\n\n②\nふれあいランド高郷",
        "hours": "①\n9:00～16:30\n月曜日は休館（月曜日が休日の場合は火曜日）\n12/29～1/3は配布しておりません。\n\n②\n9:00～21:00\n火曜日は休館（火曜日が休日の場合は水曜日）\n1/1は配布しておりません。",
        "address": "福島県喜多方市高郷町揚津字袖山甲3054-9",
        "url": "https://www.tohoku-epco.co.jp/information/1215535_2521.html"
      }
    },
    {
      "type": "Feature",
      "geometry": {
        "type": "Point",
        "coordinates": [
          139.939255,
          37.777561
        ]
      },
      "properties": {
        "name": "日中ダム",
        "location_marker": null,
        "pref": "福島県",
        "river_system": "阿賀野川",
        "river": "押切川",
        "card_ver": "1",
        "facility": "大峠・日中総合管理事務所\n（日中ダム管理所）",
        "hours": "通年　8：30～17：00\n（土・日・祝日・年末年始を除く）",
        "address": "福島県喜多方市熱塩加納町熱塩字オソバ丙1451-3",
        "url": "http://www.pref.fukushima.lg.jp/sec/41353a/nittyuutop.html"
      }
    },
    {
      "type": "Feature",
      "geometry": {
        "type": "Point",
        "coordinates": [
          140.968674,
          37.270718
        ]
      },
      "properties": {
        "name": "木戸ダム",
        "location_marker": "①",
        "pref": "福島県",
        "river_system": "木戸川",
        "river": "木戸川",
        "card_ver": "1.1",
        "facility": "①\n木戸ダム管理所\n\n②\n富岡土木事務所",
        "hours": "①\n8:30～16:30\n（土・日・祝日・年末年始は配布しておりません）\n\n②\n8:30～17:15\n（土・日・祝日・年末年始は配布しておりません）\n（管理所が閉まっている場合、ダムに行った証明提示があれば配布しています。）",
        "address": "福島県双葉郡楢葉町大字上小塙字ｼﾍﾞｿﾌ1",
        "url": "http://www.pref.fukushima.lg.jp/sec/41371a/kidodamukanri.html"
      }
    },
    {
      "type": "Feature",
      "geometry": {
        "type": "Point",
        "coordinates": [
          141.0159,
          37.342171
        ]
      },
      "properties": {
        "name": "木戸ダム",
        "location_marker": "②",
        "pref": "福島県",
        "river_system": "木戸川",
        "river": "木戸川",
        "card_ver": "1.1",
        "facility": "①\n木戸ダム管理所\n\n②\n富岡土木事務所",
        "hours": "①\n8:30～16:30\n（土・日・祝日・年末年始は配布しておりません）\n\n②\n8:30～17:15\n（土・日・祝日・年末年始は配布しておりません）\n（管理所が閉まっている場合、ダムに行った証明提示があれば配布しています。）",
        "address": "福島県双葉郡富岡町小浜５５３番地２",
        "url": "http://www.pref.fukushima.lg.jp/sec/41371a/kidodamukanri.html"
      }
    },
    {
      "type": "Feature",
      "geometry": {
        "type": "Point",
        "coordinates": [
          139.522781,
          37.488018
        ]
      },
      "properties": {
        "name": "本名ダム",
        "location_marker": null,
        "pref": "福島県",
        "river_system": "阿賀野川",
        "river": "只見川",
        "card_ver": "2",
        "facility": "道の駅　奥会津かねやま",
        "hours": "9:00～18:30（11月～3月は17:30まで）\n12/30～1/2は配布しておりません。",
        "address": "福島県大沼郡金山町大字中川字上居平949-8",
        "url": "https://www.tohoku-epco.co.jp/information/1215535_2521.html"
      }
    },
    {
      "type": "Feature",
      "geometry": {
        "type": "Point",
        "coordinates": [
          139.961533,
          37.479652
        ]
      },
      "properties": {
        "name": "東山ダム",
        "location_marker": null,
        "pref": "福島県",
        "river_system": "阿賀野川",
        "river": "湯川",
        "card_ver": "1",
        "facility": "東山ダム管理所",
        "hours": "9：00～17：00\n（土・日・祝日・年末年始は配布しておりません）",
        "address": "福島県会津若松市東山町大字湯本字境沢山３３４－２",
        "url": "http://www.pref.fukushima.lg.jp/sec/41340a/higashiyamadam.html"
      }
    },
    {
      "type": "Feature",
      "geometry": {
        "type": "Point",
        "coordinates": [
          139.724518,
          37.528294
        ]
      },
      "properties": {
        "name": "柳津ダム",
        "location_marker": null,
        "pref": "福島県",
        "river_system": "阿賀野川",
        "river": "只見川",
        "card_ver": "2",
        "facility": "道の駅　会津柳津",
        "hours": "9:00～18:00\n（12月～3月は17:00まで）",
        "address": "福島県河沼郡柳津町大字柳津字下平乙179",
        "url": "https://www.tohoku-epco.co.jp/information/1215535_2521.html"
      }
    },
    {
      "type": "Feature",
      "geometry": {
        "type": "Point",
        "coordinates": [
          139.866806,
          37.556637
        ]
      },
      "properties": {
        "name": "片門ダム",
        "location_marker": null,
        "pref": "福島県",
        "river_system": "阿賀野川",
        "river": "只見川",
        "card_ver": "2",
        "facility": "道の駅 あいづ\n湯川・会津坂下",
        "hours": "9:00～19:00\n（12/1～3/15は18:00まで）\n（12/30～1/3は17:00まで）\n2月第3水曜日は配布しておりません。",
        "address": "福島県河沼郡湯川村大字佐野目字五丁ノ目78-1",
        "url": "https://www.tohoku-epco.co.jp/information/1215535_2521.html"
      }
    },
    {
      "type": "Feature",
      "geometry": {
        "type": "Point",
        "coordinates": [
          139.315842,
          37.348717
        ]
      },
      "properties": {
        "name": "田子倉ダム",
        "location_marker": "①",
        "pref": "福島県",
        "river_system": "阿賀野川",
        "river": "只見川",
        "card_ver": "1",
        "facility": "①\n只見展示館\n\n②\n只見町インフォメーションセンター\n",
        "hours": "\n①\n9:00～17:00\n配布日：4月下旬～11月中旬（毎週水曜日を除く）\n休館日：毎週水曜日、冬季（11月中旬～4月下旬）\n\n②\n9:00～17:00\n配布日：只見展示館の休館日（毎週水曜日。但し、水曜が祝日の場合は金曜日が振替休館日）および11月中旬～4月下旬の冬季閉館期間のみ。\n",
        "address": "福島県只見展示館：福島県南会津郡只見町大字只見字後山2476-230",
        "url": "http://www.jpower.co.jp/damcard/tagokura.html"
      }
    },
    {
      "type": "Feature",
      "geometry": {
        "type": "Point",
        "coordinates": [
          139.315842,
          37.348717
        ]
      },
      "properties": {
        "name": "田子倉ダム",
        "location_marker": "②",
        "pref": "福島県",
        "river_system": "阿賀野川",
        "river": "只見川",
        "card_ver": "1",
        "facility": "①\n只見展示館\n\n②\n只見町インフォメーションセンター\n",
        "hours": "\n①\n9:00～17:00\n配布日：4月下旬～11月中旬（毎週水曜日を除く）\n休館日：毎週水曜日、冬季（11月中旬～4月下旬）\n\n②\n9:00～17:00\n配布日：只見展示館の休館日（毎週水曜日。但し、水曜が祝日の場合は金曜日が振替休館日）および11月中旬～4月下旬の冬季閉館期間のみ。\n",
        "address": "福島県只見町インフォメーションセンター：福島県南会津郡只見町大字只見字雨堤1018-1",
        "url": "http://www.jpower.co.jp/damcard/tagokura.html"
      }
    },
    {
      "type": "Feature",
      "geometry": {
        "type": "Point",
        "coordinates": [
          139.770081,
          37.198292
        ]
      },
      "properties": {
        "name": "田島ダム",
        "location_marker": null,
        "pref": "福島県",
        "river_system": "阿賀野川",
        "river": "高野川",
        "card_ver": "1",
        "facility": "南会津建設事務所",
        "hours": "8：30～17：00\n（土・日・祝日・年末年始は配布しておりません）\n（管理所が閉まっている場合、ダムに行った証明提示があれば配布しています。）",
        "address": "福島県南会津郡南会津町田島字根小屋甲４２７７－１　南会津合同庁舎３階",
        "url": "http://www.pref.fukushima.lg.jp/sec/41360a/tajimadamu.html"
      }
    },
    {
      "type": "Feature",
      "geometry": {
        "type": "Point",
        "coordinates": [
          140.800003,
          37.733692
        ]
      },
      "properties": {
        "name": "真野ダム",
        "location_marker": null,
        "pref": "福島県",
        "river_system": "真野川",
        "river": "真野川",
        "card_ver": "1.1",
        "facility": "真野ダム管理所",
        "hours": "10:00～15:00\n（土・日・祝日を含む）",
        "address": "福島県相馬郡飯舘村大倉字松ｹ平582",
        "url": "http://www.pref.fukushima.lg.jp/sec/41370a/soso20124.html"
      }
    },
    {
      "type": "Feature",
      "geometry": {
        "type": "Point",
        "coordinates": [
          140.636215,
          36.931637
        ]
      },
      "properties": {
        "name": "高柴ダム",
        "location_marker": null,
        "pref": "福島県",
        "river_system": "鮫川",
        "river": "鮫川",
        "card_ver": "1.2",
        "facility": "高柴ダム管理所",
        "hours": "8:30～16:30\n（土・日・祝日を含む）",
        "address": "福島県いわき市田人町旅人字井戸沢227-11",
        "url": "http://www.pref.fukushima.lg.jp/sec/41383a/"
      }
    },
    {
      "type": "Feature",
      "geometry": {
        "type": "Point",
        "coordinates": [
          140.565659,
          39.56612
        ]
      },
      "properties": {
        "name": "協和ダム",
        "location_marker": "①",
        "pref": "秋田県",
        "river_system": "雄物川",
        "river": "淀川",
        "card_ver": "1",
        "facility": "①\n仙北地域振興局建設部\n\n②\n物部長穂記念館\n\n③\n協和温泉　四季の湯",
        "hours": "①\n9時00分～17時00分\n（土・日・祝日及び年末年始を除く）\n※配布には、ダムへ行った証明（写真等）、または、来訪確認カードが必要となります\n\n②\n9時30分～16時00分\n（月曜（祝日の場合は翌日）及び冬期間（11月下旬～4月上旬）を除く）\n※配布には、ダムへ行った証明（写真等）、または、来訪確認カードが必要となります\n\n③\n9時30分～16時00分\n※配布には、ダムへ行った証明（写真等）、または、来訪確認カードが必要となります",
        "address": "秋田県大仙市上栄町１３－６２",
        "url": "https://www.pref.akita.lg.jp/pages/archive/10702"
      }
    },
    {
      "type": "Feature",
      "geometry": {
        "type": "Point",
        "coordinates": [
          140.327301,
          39.617458
        ]
      },
      "properties": {
        "name": "協和ダム",
        "location_marker": "②",
        "pref": "秋田県",
        "river_system": "雄物川",
        "river": "淀川",
        "card_ver": "1",
        "facility": "①\n仙北地域振興局建設部\n\n②\n物部長穂記念館\n\n③\n協和温泉　四季の湯",
        "hours": "①\n9時00分～17時00分\n（土・日・祝日及び年末年始を除く）\n※配布には、ダムへ行った証明（写真等）、または、来訪確認カードが必要となります\n\n②\n9時30分～16時00分\n（月曜（祝日の場合は翌日）及び冬期間（11月下旬～4月上旬）を除く）\n※配布には、ダムへ行った証明（写真等）、または、来訪確認カードが必要となります\n\n③\n9時30分～16時00分\n※配布には、ダムへ行った証明（写真等）、または、来訪確認カードが必要となります",
        "address": "秋田県大仙市協和境字唐松岳４４－２",
        "url": "https://www.pref.akita.lg.jp/pages/archive/10702"
      }
    },
    {
      "type": "Feature",
      "geometry": {
        "type": "Point",
        "coordinates": [
          140.3564,
          39.670597
        ]
      },
      "properties": {
        "name": "協和ダム",
        "location_marker": "③",
        "pref": "秋田県",
        "river_system": "雄物川",
        "river": "淀川",
        "card_ver": "1",
        "facility": "①\n仙北地域振興局建設部\n\n②\n物部長穂記念館\n\n③\n協和温泉　四季の湯",
        "hours": "①\n9時00分～17時00分\n（土・日・祝日及び年末年始を除く）\n※配布には、ダムへ行った証明（写真等）、または、来訪確認カードが必要となります\n\n②\n9時30分～16時00分\n（月曜（祝日の場合は翌日）及び冬期間（11月下旬～4月上旬）を除く）\n※配布には、ダムへ行った証明（写真等）、または、来訪確認カードが必要となります\n\n③\n9時30分～16時00分\n※配布には、ダムへ行った証明（写真等）、または、来訪確認カードが必要となります",
        "address": "秋田県大仙市協和船岡字庄内２１４",
        "url": "https://www.pref.akita.lg.jp/pages/archive/10702"
      }
    },
    {
      "type": "Feature",
      "geometry": {
        "type": "Point",
        "coordinates": [
          140.033554,
          39.385098
        ]
      },
      "properties": {
        "name": "大内ダム\n［秋田県］",
        "location_marker": "①",
        "pref": "秋田県",
        "river_system": "子吉川",
        "river": "畑川",
        "card_ver": "1",
        "facility": "①\n由利地域振興局建設部\n\n\n②\n大内農産物直売所　ひまわり会",
        "hours": "①\n9時30分～17時00分\n（土・日・祝日及び年末年始を除く）\n※配布には、ダムへ行った証明（写真等）が必要となります\n\n②\n9時００分～17時00分\n※配布には、ダムへ行った証明（写真等）が必要となります",
        "address": "秋田県由利本荘市水林３６６",
        "url": "https://www.pref.akita.lg.jp/pages/archive/10702"
      }
    },
    {
      "type": "Feature",
      "geometry": {
        "type": "Point",
        "coordinates": [
          140.091888,
          39.442162
        ]
      },
      "properties": {
        "name": "大内ダム\n［秋田県］",
        "location_marker": "②",
        "pref": "秋田県",
        "river_system": "子吉川",
        "river": "畑川",
        "card_ver": "1",
        "facility": "①\n由利地域振興局建設部\n\n\n②\n大内農産物直売所　ひまわり会",
        "hours": "①\n9時30分～17時00分\n（土・日・祝日及び年末年始を除く）\n※配布には、ダムへ行った証明（写真等）が必要となります\n\n②\n9時００分～17時00分\n※配布には、ダムへ行った証明（写真等）が必要となります",
        "address": "秋田県由利本荘市岩谷町字西越３６\n道の駅「おおうち」総合交流ターミナル\n「ぽぽろっこ」内",
        "url": "https://www.pref.akita.lg.jp/pages/archive/10702"
      }
    },
    {
      "type": "Feature",
      "geometry": {
        "type": "Point",
        "coordinates": [
          140.576157,
          39.309067
        ]
      },
      "properties": {
        "name": "大松川ダム",
        "location_marker": "①",
        "pref": "秋田県",
        "river_system": "雄物川",
        "river": "松川",
        "card_ver": "2",
        "facility": "①\n平鹿地域振興局建設部\n\n②\n道の駅　さんない",
        "hours": "①\n9時30分～17時00分\n（土・日・祝日及び年末年始を除く）\n※配布には、ダムへ行った証明（写真等）または来訪確認カードが必要となります\n\n②\n9時30分～1６時00分\n（年末年始を除く）\n※配布には、ダムへ行った証明（写真等）または来訪確認カードが必要となります",
        "address": "秋田県横手市旭川一丁目３－４１",
        "url": "https://www.pref.akita.lg.jp/pages/archive/10702"
      }
    },
    {
      "type": "Feature",
      "geometry": {
        "type": "Point",
        "coordinates": [
          140.62413,
          39.290138
        ]
      },
      "properties": {
        "name": "大松川ダム",
        "location_marker": "②",
        "pref": "秋田県",
        "river_system": "雄物川",
        "river": "松川",
        "card_ver": "2",
        "facility": "①\n平鹿地域振興局建設部\n\n②\n道の駅　さんない",
        "hours": "①\n9時30分～17時00分\n（土・日・祝日及び年末年始を除く）\n※配布には、ダムへ行った証明（写真等）または来訪確認カードが必要となります\n\n②\n9時30分～1６時00分\n（年末年始を除く）\n※配布には、ダムへ行った証明（写真等）または来訪確認カードが必要となります",
        "address": "秋田県横手市山内土渕字小目倉沢３４",
        "url": "https://www.pref.akita.lg.jp/pages/archive/10702"
      }
    },
    {
      "type": "Feature",
      "geometry": {
        "type": "Point",
        "coordinates": [
          140.360718,
          40.225426
        ]
      },
      "properties": {
        "name": "山瀬ダム",
        "location_marker": "①",
        "pref": "秋田県",
        "river_system": "米代川",
        "river": "岩瀬川",
        "card_ver": "2",
        "facility": "①\n北秋田地域振興局建設部\n②\n秋田県\n大館発電事務所",
        "hours": "①\n８時30分～17時15分\n（土・日・祝日及び年末年始を除く）\n※配布には、ダムへ行った証明（写真等）が必要となります\n\n②\n10時00分～16時00分\n※配布には、ダムへ行った証明（写真等）が必要となります",
        "address": "秋田県北秋田市鷹巣字東中岱７６－１",
        "url": "https://www.pref.akita.lg.jp/pages/archive/10702"
      }
    },
    {
      "type": "Feature",
      "geometry": {
        "type": "Point",
        "coordinates": [
          140.537781,
          40.276424
        ]
      },
      "properties": {
        "name": "山瀬ダム",
        "location_marker": "②",
        "pref": "秋田県",
        "river_system": "米代川",
        "river": "岩瀬川",
        "card_ver": "2",
        "facility": "①\n北秋田地域振興局建設部\n②\n秋田県\n大館発電事務所",
        "hours": "①\n８時30分～17時15分\n（土・日・祝日及び年末年始を除く）\n※配布には、ダムへ行った証明（写真等）が必要となります\n\n②\n10時00分～16時00分\n※配布には、ダムへ行った証明（写真等）が必要となります",
        "address": "秋田県大館市片山町三丁目１４－５",
        "url": "https://www.pref.akita.lg.jp/pages/archive/10702"
      }
    },
    {
      "type": "Feature",
      "geometry": {
        "type": "Point",
        "coordinates": [
          140.353638,
          39.761299
        ]
      },
      "properties": {
        "name": "岩見ダム",
        "location_marker": "①",
        "pref": "秋田県",
        "river_system": "雄物川",
        "river": "三内川",
        "card_ver": "1",
        "facility": "①\n岩見ダム管理事務所\n\n②\n秋田県健康増進交流センター\n　ユフォーレ",
        "hours": "①\n9時30分～16時00分\n（土・日・祝日及び年末年始を除く）\n\n②\n10時00分～21時00分\n（休館日を除く）\n※配布には、ダムへ行った証明（写真等）、または、来訪確認カードが必要となります",
        "address": "秋田県秋田市河辺三内字財ノ神国有林",
        "url": "https://www.pref.akita.lg.jp/pages/archive/10702"
      }
    },
    {
      "type": "Feature",
      "geometry": {
        "type": "Point",
        "coordinates": [
          140.353638,
          39.761299
        ]
      },
      "properties": {
        "name": "岩見ダム",
        "location_marker": "②",
        "pref": "秋田県",
        "river_system": "雄物川",
        "river": "三内川",
        "card_ver": "1",
        "facility": "①\n岩見ダム管理事務所\n\n②\n秋田県健康増進交流センター\n　ユフォーレ",
        "hours": "①\n9時30分～16時00分\n（土・日・祝日及び年末年始を除く）\n\n②\n10時00分～21時00分\n（休館日を除く）\n※配布には、ダムへ行った証明（写真等）、または、来訪確認カードが必要となります",
        "address": "秋田県秋田市河辺三内字丸鶴１－１",
        "url": "https://www.pref.akita.lg.jp/pages/archive/10702"
      }
    },
    {
      "type": "Feature",
      "geometry": {
        "type": "Point",
        "coordinates": [
          140.656235,
          39.175404
        ]
      },
      "properties": {
        "name": "成瀬ダム",
        "location_marker": "①",
        "pref": "秋田県",
        "river_system": "雄物川",
        "river": "成瀬川",
        "card_ver": "1.1",
        "facility": "①\n成瀬ダム工事事務所\n\n②\n夢・なるせ直売所\n\n③\n郷土文化保存伝習施設　ふる里館",
        "hours": "①\n9:00～17:00（平日のみ）\n※事務所正面玄関脇のインターフォンを押してください。\n\n②\n8:00～16:30（4月下旬～11月下旬の土・日・祝祭日のみ）\n\n③\n9:00～16:30（開館日のみ）\n休館日：毎週月曜・年末年始",
        "address": "秋田県雄勝郡東成瀬村田子内字宮田97-1",
        "url": "http://www.thr.mlit.go.jp/narusedam/"
      }
    },
    {
      "type": "Feature",
      "geometry": {
        "type": "Point",
        "coordinates": [
          140.715775,
          39.180565
        ]
      },
      "properties": {
        "name": "成瀬ダム",
        "location_marker": "②",
        "pref": "秋田県",
        "river_system": "雄物川",
        "river": "成瀬川",
        "card_ver": "1.1",
        "facility": "①\n成瀬ダム工事事務所\n\n②\n夢・なるせ直売所\n\n③\n郷土文化保存伝習施設　ふる里館",
        "hours": "①\n9:00～17:00（平日のみ）\n※事務所正面玄関脇のインターフォンを押してください。\n\n②\n8:00～16:30（4月下旬～11月下旬の土・日・祝祭日のみ）\n\n③\n9:00～16:30（開館日のみ）\n休館日：毎週月曜・年末年始",
        "address": "秋田県雄勝郡東成瀬村岩井川字下村91-1",
        "url": "http://www.thr.mlit.go.jp/narusedam/"
      }
    },
    {
      "type": "Feature",
      "geometry": {
        "type": "Point",
        "coordinates": [
          140.656235,
          39.175404
        ]
      },
      "properties": {
        "name": "成瀬ダム",
        "location_marker": "③",
        "pref": "秋田県",
        "river_system": "雄物川",
        "river": "成瀬川",
        "card_ver": "1.1",
        "facility": "①\n成瀬ダム工事事務所\n\n②\n夢・なるせ直売所\n\n③\n郷土文化保存伝習施設　ふる里館",
        "hours": "①\n9:00～17:00（平日のみ）\n※事務所正面玄関脇のインターフォンを押してください。\n\n②\n8:00～16:30（4月下旬～11月下旬の土・日・祝祭日のみ）\n\n③\n9:00～16:30（開館日のみ）\n休館日：毎週月曜・年末年始",
        "address": "秋田県雄勝郡東成瀬村田子内字上野67-2",
        "url": "http://www.thr.mlit.go.jp/narusedam/"
      }
    },
    {
      "type": "Feature",
      "geometry": {
        "type": "Point",
        "coordinates": [
          140.360718,
          40.225426
        ]
      },
      "properties": {
        "name": "早口ダム",
        "location_marker": "①",
        "pref": "秋田県",
        "river_system": "米代川",
        "river": "早口川",
        "card_ver": "2",
        "facility": "①\n北秋田地域振興局建設部\n\n②\n秋田県\n大館発電事務所",
        "hours": "①\n８時30分～17時１５分\n（土・日・祝日及び年末年始を除く）\n※ダムへ行った証明（写真等）は不要です\n\n②\n10時00分～16時00分\n※ダムへ行った証明（写真等）は不要です",
        "address": "秋田県北秋田市鷹巣字東中岱７６－１",
        "url": "https://www.pref.akita.lg.jp/pages/archive/10702"
      }
    },
    {
      "type": "Feature",
      "geometry": {
        "type": "Point",
        "coordinates": [
          140.537781,
          40.276424
        ]
      },
      "properties": {
        "name": "早口ダム",
        "location_marker": "②",
        "pref": "秋田県",
        "river_system": "米代川",
        "river": "早口川",
        "card_ver": "2",
        "facility": "①\n北秋田地域振興局建設部\n\n②\n秋田県\n大館発電事務所",
        "hours": "①\n８時30分～17時１５分\n（土・日・祝日及び年末年始を除く）\n※ダムへ行った証明（写真等）は不要です\n\n②\n10時00分～16時00分\n※ダムへ行った証明（写真等）は不要です",
        "address": "秋田県大館市片山町三丁目１４－５",
        "url": "https://www.pref.akita.lg.jp/pages/archive/10702"
      }
    },
    {
      "type": "Feature",
      "geometry": {
        "type": "Point",
        "coordinates": [
          140.1026,
          39.718128
        ]
      },
      "properties": {
        "name": "旭川ダム\n［秋田県］",
        "location_marker": "①",
        "pref": "秋田県",
        "river_system": "雄物川",
        "river": "旭川",
        "card_ver": "1",
        "facility": "①\n①秋田地域振興局建設部\n\n②\nクアドーム ザ・ブーン\n\n③旭川ダム管理事務所",
        "hours": "①\n9時30分～17時00分\n（土・日・祝日及び年末年始を除く）\n※配布には、ダムへ行った証明（写真等）が必要となります\n\n②\n10時00分～20時00分\n（休館日については、HPをご覧ください）\n※配布には、ダムへ行った証明（写真等）が必要となります\n\n③10時00分～15時00分\n（土・日・祝日及び年末年始を除く）",
        "address": "秋田県秋田市山王四丁目１－２",
        "url": "https://www.pref.akita.lg.jp/pages/archive/10702"
      }
    },
    {
      "type": "Feature",
      "geometry": {
        "type": "Point",
        "coordinates": [
          140.25531,
          39.813828
        ]
      },
      "properties": {
        "name": "旭川ダム\n［秋田県］",
        "location_marker": "②",
        "pref": "秋田県",
        "river_system": "雄物川",
        "river": "旭川",
        "card_ver": "1",
        "facility": "①\n①秋田地域振興局建設部\n\n②\nクアドーム ザ・ブーン\n\n③旭川ダム管理事務所",
        "hours": "①\n9時30分～17時00分\n（土・日・祝日及び年末年始を除く）\n※配布には、ダムへ行った証明（写真等）が必要となります\n\n②\n10時00分～20時00分\n（休館日については、HPをご覧ください）\n※配布には、ダムへ行った証明（写真等）が必要となります\n\n③10時00分～15時00分\n（土・日・祝日及び年末年始を除く）",
        "address": "秋田県秋田市仁別字マンタラメ２１３",
        "url": "https://www.pref.akita.lg.jp/pages/archive/10702"
      }
    },
    {
      "type": "Feature",
      "geometry": {
        "type": "Point",
        "coordinates": [
          140.25531,
          39.813828
        ]
      },
      "properties": {
        "name": "旭川ダム\n［秋田県］",
        "location_marker": "③",
        "pref": "秋田県",
        "river_system": "雄物川",
        "river": "旭川",
        "card_ver": "1",
        "facility": "①\n①秋田地域振興局建設部\n\n②\nクアドーム ザ・ブーン\n\n③旭川ダム管理事務所",
        "hours": "①\n9時30分～17時00分\n（土・日・祝日及び年末年始を除く）\n※配布には、ダムへ行った証明（写真等）が必要となります\n\n②\n10時00分～20時00分\n（休館日については、HPをご覧ください）\n※配布には、ダムへ行った証明（写真等）が必要となります\n\n③10時00分～15時00分\n（土・日・祝日及び年末年始を除く）",
        "address": "秋田県秋田市仁別字マンタラメ115-6",
        "url": "https://www.pref.akita.lg.jp/pages/archive/10702"
      }
    },
    {
      "type": "Feature",
      "geometry": {
        "type": "Point",
        "coordinates": [
          140.669098,
          39.00526
        ]
      },
      "properties": {
        "name": "板戸ダム",
        "location_marker": "①",
        "pref": "秋田県",
        "river_system": "雄物川",
        "river": "皆瀬川",
        "card_ver": "2",
        "facility": "①\n皆瀬・板戸ダム管理事務所\n\n②\n小安峡温泉総合案内所",
        "hours": "①\n9時30分～16時00分\n（土・日・祝日及び年末年始を除く）\n※ダムへ行った証明（写真等）は不要です\n\n②\n9時00分～17時00分\n（11月～4月は１６時まで）\n毎週火曜日（休日の場合は翌日）及び年末年始を除く\n休館日については、HPをご覧ください\n※ダムへ行った証明（写真等）は不要です",
        "address": "秋田県湯沢市皆瀬字小貝渕１１－２",
        "url": "https://www.pref.akita.lg.jp/pages/archive/10702"
      }
    },
    {
      "type": "Feature",
      "geometry": {
        "type": "Point",
        "coordinates": [
          140.669098,
          39.00526
        ]
      },
      "properties": {
        "name": "板戸ダム",
        "location_marker": "②",
        "pref": "秋田県",
        "river_system": "雄物川",
        "river": "皆瀬川",
        "card_ver": "2",
        "facility": "①\n皆瀬・板戸ダム管理事務所\n\n②\n小安峡温泉総合案内所",
        "hours": "①\n9時30分～16時00分\n（土・日・祝日及び年末年始を除く）\n※ダムへ行った証明（写真等）は不要です\n\n②\n9時00分～17時00分\n（11月～4月は１６時まで）\n毎週火曜日（休日の場合は翌日）及び年末年始を除く\n休館日については、HPをご覧ください\n※ダムへ行った証明（写真等）は不要です",
        "address": "秋田県湯沢市皆瀬字湯元５－１",
        "url": "https://www.pref.akita.lg.jp/pages/archive/10702"
      }
    },
    {
      "type": "Feature",
      "geometry": {
        "type": "Point",
        "coordinates": [
          140.593414,
          40.0121
        ]
      },
      "properties": {
        "name": "森吉ダム",
        "location_marker": "①",
        "pref": "秋田県",
        "river_system": "米代川",
        "river": "小又川",
        "card_ver": "2",
        "facility": "①\n森吉ダム管理事務所\n\n②\n森吉山ダム広報館\n\n③\n太平湖グリーンハウス",
        "hours": "①\n9時30分～16時00分\n（土・日・祝日及び年末年始を除く）\n\n②\n9時30分～16時00分\n（施設定休日及び冬期間（1１月下旬～４月下旬）を除く）\n※配布には、ダムへ行った証明（写真等）が必要となります\n\n③\n9時30分～16時00分\n（施設定休日及び冬期間（1０月下旬～６上旬）を除く）\n※配布には、ダムへ行った証明（写真等）が必要となります",
        "address": "秋田県北秋田市森吉字砂子沢下岱70",
        "url": "https://www.pref.akita.lg.jp/pages/archive/10702"
      }
    },
    {
      "type": "Feature",
      "geometry": {
        "type": "Point",
        "coordinates": [
          140.436722,
          40.036625
        ]
      },
      "properties": {
        "name": "森吉ダム",
        "location_marker": "②",
        "pref": "秋田県",
        "river_system": "米代川",
        "river": "小又川",
        "card_ver": "2",
        "facility": "①\n森吉ダム管理事務所\n\n②\n森吉山ダム広報館\n\n③\n太平湖グリーンハウス",
        "hours": "①\n9時30分～16時00分\n（土・日・祝日及び年末年始を除く）\n\n②\n9時30分～16時00分\n（施設定休日及び冬期間（1１月下旬～４月下旬）を除く）\n※配布には、ダムへ行った証明（写真等）が必要となります\n\n③\n9時30分～16時00分\n（施設定休日及び冬期間（1０月下旬～６上旬）を除く）\n※配布には、ダムへ行った証明（写真等）が必要となります",
        "address": "秋田県北秋田市根森田字姫ヶ岱３１",
        "url": "https://www.pref.akita.lg.jp/pages/archive/10702"
      }
    },
    {
      "type": "Feature",
      "geometry": {
        "type": "Point",
        "coordinates": [
          140.593414,
          40.0121
        ]
      },
      "properties": {
        "name": "森吉ダム",
        "location_marker": "③",
        "pref": "秋田県",
        "river_system": "米代川",
        "river": "小又川",
        "card_ver": "2",
        "facility": "①\n森吉ダム管理事務所\n\n②\n森吉山ダム広報館\n\n③\n太平湖グリーンハウス",
        "hours": "①\n9時30分～16時00分\n（土・日・祝日及び年末年始を除く）\n\n②\n9時30分～16時00分\n（施設定休日及び冬期間（1１月下旬～４月下旬）を除く）\n※配布には、ダムへ行った証明（写真等）が必要となります\n\n③\n9時30分～16時00分\n（施設定休日及び冬期間（1０月下旬～６上旬）を除く）\n※配布には、ダムへ行った証明（写真等）が必要となります",
        "address": "秋田県北秋田市森吉字桐内沢国有林",
        "url": "https://www.pref.akita.lg.jp/pages/archive/10702"
      }
    },
    {
      "type": "Feature",
      "geometry": {
        "type": "Point",
        "coordinates": [
          140.436722,
          40.036625
        ]
      },
      "properties": {
        "name": "森吉山ダム",
        "location_marker": null,
        "pref": "秋田県",
        "river_system": "米代川",
        "river": "小又川",
        "card_ver": "2",
        "facility": "①\n森吉山ダム管理支所\n\n②\n森吉山ダム広報館",
        "hours": "①\n8:30～17:15\n（土・日・祝日を含む）\n※広報館閉館時に提供しますので、管理支所正面玄関の脇にあるインターホンを押してください。\n\n②\n9:00～16:00（土・日・祝日を含む）\n※休館日：毎週水曜日及び冬期間（12月～3月）",
        "address": "秋田県北秋田市根森田字姫ヶ岱３１",
        "url": "①\nhttp://www.thr.mlit.go.jp/noshiro/kasen/moriyoshi/\n\n②\nhttps://www.city.kitaakita.akita.jp/archive/contents-6059"
      }
    },
    {
      "type": "Feature",
      "geometry": {
        "type": "Point",
        "coordinates": [
          140.03392,
          40.209362
        ]
      },
      "properties": {
        "name": "水沢ダム",
        "location_marker": "①",
        "pref": "秋田県",
        "river_system": "水沢川",
        "river": "水沢川",
        "card_ver": "1",
        "facility": "①\n山本地域振興局建設部\n\n②\n道の駅みねはま\n\n③\n道の駅はちもり\n\n④\n八森いさりび温泉ハタハタ館",
        "hours": "①\n9時30分～17時00分\n（土・日・祝日及び年末年始を除く）\n※配布には、ダムへ行った証明（写真等）が必要となります\n\n②\n9時00分～18時00分\n(休館日及び年末年始を除く)\n※配布には、ダムへ行った証明（写真等）が必要となります\n\n③\n9時00分～17時00分\n(休館日及び年末年始を除く)\n※配布には、ダムへ行った証明（写真等）が必要となります\n\n④\n9時00分～22時00分\n(休館日を除く)\n※配布には、ダムへ行った証明（写真等）が必要となります",
        "address": "秋田県能代市御指南町１－１０",
        "url": "https://www.pref.akita.lg.jp/pages/archive/10702"
      }
    },
    {
      "type": "Feature",
      "geometry": {
        "type": "Point",
        "coordinates": [
          140.02681,
          40.273762
        ]
      },
      "properties": {
        "name": "水沢ダム",
        "location_marker": "②",
        "pref": "秋田県",
        "river_system": "水沢川",
        "river": "水沢川",
        "card_ver": "1",
        "facility": "①\n山本地域振興局建設部\n\n②\n道の駅みねはま\n\n③\n道の駅はちもり\n\n④\n八森いさりび温泉ハタハタ館",
        "hours": "①\n9時30分～17時00分\n（土・日・祝日及び年末年始を除く）\n※配布には、ダムへ行った証明（写真等）が必要となります\n\n②\n9時00分～18時00分\n(休館日及び年末年始を除く)\n※配布には、ダムへ行った証明（写真等）が必要となります\n\n③\n9時00分～17時00分\n(休館日及び年末年始を除く)\n※配布には、ダムへ行った証明（写真等）が必要となります\n\n④\n9時00分～22時00分\n(休館日を除く)\n※配布には、ダムへ行った証明（写真等）が必要となります",
        "address": "秋田県八峰町峰浜沼田字ホンコ谷地147",
        "url": "https://www.pref.akita.lg.jp/pages/archive/10702"
      }
    },
    {
      "type": "Feature",
      "geometry": {
        "type": "Point",
        "coordinates": [
          140.038696,
          40.396355
        ]
      },
      "properties": {
        "name": "水沢ダム",
        "location_marker": "③",
        "pref": "秋田県",
        "river_system": "水沢川",
        "river": "水沢川",
        "card_ver": "1",
        "facility": "①\n山本地域振興局建設部\n\n②\n道の駅みねはま\n\n③\n道の駅はちもり\n\n④\n八森いさりび温泉ハタハタ館",
        "hours": "①\n9時30分～17時00分\n（土・日・祝日及び年末年始を除く）\n※配布には、ダムへ行った証明（写真等）が必要となります\n\n②\n9時00分～18時00分\n(休館日及び年末年始を除く)\n※配布には、ダムへ行った証明（写真等）が必要となります\n\n③\n9時00分～17時00分\n(休館日及び年末年始を除く)\n※配布には、ダムへ行った証明（写真等）が必要となります\n\n④\n9時00分～22時00分\n(休館日を除く)\n※配布には、ダムへ行った証明（写真等）が必要となります",
        "address": "秋田県八峰町八森字乙の水72-4",
        "url": "https://www.pref.akita.lg.jp/pages/archive/10702"
      }
    },
    {
      "type": "Feature",
      "geometry": {
        "type": "Point",
        "coordinates": [
          140.038696,
          40.396355
        ]
      },
      "properties": {
        "name": "水沢ダム",
        "location_marker": "④",
        "pref": "秋田県",
        "river_system": "水沢川",
        "river": "水沢川",
        "card_ver": "1",
        "facility": "①\n山本地域振興局建設部\n\n②\n道の駅みねはま\n\n③\n道の駅はちもり\n\n④\n八森いさりび温泉ハタハタ館",
        "hours": "①\n9時30分～17時00分\n（土・日・祝日及び年末年始を除く）\n※配布には、ダムへ行った証明（写真等）が必要となります\n\n②\n9時00分～18時00分\n(休館日及び年末年始を除く)\n※配布には、ダムへ行った証明（写真等）が必要となります\n\n③\n9時00分～17時00分\n(休館日及び年末年始を除く)\n※配布には、ダムへ行った証明（写真等）が必要となります\n\n④\n9時00分～22時00分\n(休館日を除く)\n※配布には、ダムへ行った証明（写真等）が必要となります",
        "address": "秋田県八峰町八森字御所の台51",
        "url": "https://www.pref.akita.lg.jp/pages/archive/10702"
      }
    },
    {
      "type": "Feature",
      "geometry": {
        "type": "Point",
        "coordinates": [
          140.664612,
          39.90601
        ]
      },
      "properties": {
        "name": "玉川ダム\n［国交省］",
        "location_marker": null,
        "pref": "秋田県",
        "river_system": "雄物川",
        "river": "玉川",
        "card_ver": "2",
        "facility": "玉川ダム管理所",
        "hours": "8:30～17:00\n（土・日・祝日を含む）\n※土日祝日は、管理所正面玄関の脇にあるインターホンを押してください。\n※ダムカードの配布場所はダムに隣接しています。",
        "address": "秋田県仙北市田沢湖玉川字下水無92",
        "url": "http://www.thr.mlit.go.jp/tamagawa/"
      }
    },
    {
      "type": "Feature",
      "geometry": {
        "type": "Point",
        "coordinates": [
          140.669098,
          39.00526
        ]
      },
      "properties": {
        "name": "皆瀬ダム",
        "location_marker": "①",
        "pref": "秋田県",
        "river_system": "雄物川",
        "river": "皆瀬川",
        "card_ver": "2",
        "facility": "①\n皆瀬・板戸ダム管理事務所\n\n②\n小安峡温泉総合案内所",
        "hours": "①\n9時30分～16時00分\n（土・日・祝日及び年末年始を除く）\n\n②\n9時00分～17時00分\n（11月～4月は１６時まで）\n毎週火曜日（休日の場合は翌日）及び年末年始を除く\n休館日については、HPをご覧ください\n※ダムへ行った証明（写真等）が必要となります。",
        "address": "秋田県湯沢市皆瀬字小貝渕１１－２",
        "url": "https://www.pref.akita.lg.jp/pages/archive/10702"
      }
    },
    {
      "type": "Feature",
      "geometry": {
        "type": "Point",
        "coordinates": [
          140.669098,
          39.00526
        ]
      },
      "properties": {
        "name": "皆瀬ダム",
        "location_marker": "②",
        "pref": "秋田県",
        "river_system": "雄物川",
        "river": "皆瀬川",
        "card_ver": "2",
        "facility": "①\n皆瀬・板戸ダム管理事務所\n\n②\n小安峡温泉総合案内所",
        "hours": "①\n9時30分～16時00分\n（土・日・祝日及び年末年始を除く）\n\n②\n9時00分～17時00分\n（11月～4月は１６時まで）\n毎週火曜日（休日の場合は翌日）及び年末年始を除く\n休館日については、HPをご覧ください\n※ダムへ行った証明（写真等）が必要となります。",
        "address": "秋田県湯沢市皆瀬字湯元５－１",
        "url": "https://www.pref.akita.lg.jp/pages/archive/10702"
      }
    },
    {
      "type": "Feature",
      "geometry": {
        "type": "Point",
        "coordinates": [
          140.790543,
          40.196976
        ]
      },
      "properties": {
        "name": "砂子沢ダム",
        "location_marker": "①",
        "pref": "秋田県",
        "river_system": "米代川",
        "river": "砂子沢",
        "card_ver": "1",
        "facility": "①\n鹿角地域振興局建設部\n\n②\n小坂鉱山事務所",
        "hours": "①\n9時00分～17時00分\n（土・日・祝日及び年末年始を除く）\n※配布には、ダムへ行った証明（写真等）が必要となります\n\n②\n9時00分～17時00分\n（年末年始・休館日を除く）\n※配布には、ダムへ行った証明（写真等）が必要となります",
        "address": "秋田県鹿角市花輪字六月田１",
        "url": "https://www.pref.akita.lg.jp/pages/archive/10702"
      }
    },
    {
      "type": "Feature",
      "geometry": {
        "type": "Point",
        "coordinates": [
          140.741653,
          40.32972
        ]
      },
      "properties": {
        "name": "砂子沢ダム",
        "location_marker": "②",
        "pref": "秋田県",
        "river_system": "米代川",
        "river": "砂子沢",
        "card_ver": "1",
        "facility": "①\n鹿角地域振興局建設部\n\n②\n小坂鉱山事務所",
        "hours": "①\n9時00分～17時00分\n（土・日・祝日及び年末年始を除く）\n※配布には、ダムへ行った証明（写真等）が必要となります\n\n②\n9時00分～17時00分\n（年末年始・休館日を除く）\n※配布には、ダムへ行った証明（写真等）が必要となります",
        "address": "秋田県鹿角郡小坂町小坂鉱山字古館４８－２",
        "url": "https://www.pref.akita.lg.jp/pages/archive/10702"
      }
    },
    {
      "type": "Feature",
      "geometry": {
        "type": "Point",
        "coordinates": [
          140.220917,
          40.348606
        ]
      },
      "properties": {
        "name": "素波里ダム",
        "location_marker": "①",
        "pref": "秋田県",
        "river_system": "米代川",
        "river": "粕毛川",
        "card_ver": "2",
        "facility": "①\n素波里ダム管理事務所\n\n②\nサフォークの館\n\n③\n白神山地「森のえき」",
        "hours": "①\n9時30分～16時00分\n（土・日・祝日及び年末年始を除く）\n\n②\n11時00分～15時00分（定休日（月・水・木曜日）を除く）\n※冬期間は配布しません（11月中旬～4月下旬）\n\n③\n9時00分～17時00分（12月～2月は9時30分～16時30分）\n（年末年始を除く）\n※配布には、ダムへ行った証明（写真等）が必要となります",
        "address": "秋田県山本郡藤里町粕毛字南鹿瀬内沢国有林",
        "url": "\nhttps://www.pref.akita.lg.jp/pages/archive/10702"
      }
    },
    {
      "type": "Feature",
      "geometry": {
        "type": "Point",
        "coordinates": [
          140.220917,
          40.348606
        ]
      },
      "properties": {
        "name": "素波里ダム",
        "location_marker": "②",
        "pref": "秋田県",
        "river_system": "米代川",
        "river": "粕毛川",
        "card_ver": "2",
        "facility": "①\n素波里ダム管理事務所\n\n②\nサフォークの館\n\n③\n白神山地「森のえき」",
        "hours": "①\n9時30分～16時00分\n（土・日・祝日及び年末年始を除く）\n\n②\n11時00分～15時00分（定休日（月・水・木曜日）を除く）\n※冬期間は配布しません（11月中旬～4月下旬）\n\n③\n9時00分～17時00分（12月～2月は9時30分～16時30分）\n（年末年始を除く）\n※配布には、ダムへ行った証明（写真等）が必要となります",
        "address": "秋田県山本郡藤里町粕毛南鹿瀬内３８−１",
        "url": "\nhttps://www.pref.akita.lg.jp/pages/archive/10702"
      }
    },
    {
      "type": "Feature",
      "geometry": {
        "type": "Point",
        "coordinates": [
          140.292252,
          40.338467
        ]
      },
      "properties": {
        "name": "素波里ダム",
        "location_marker": "③",
        "pref": "秋田県",
        "river_system": "米代川",
        "river": "粕毛川",
        "card_ver": "2",
        "facility": "①\n素波里ダム管理事務所\n\n②\nサフォークの館\n\n③\n白神山地「森のえき」",
        "hours": "①\n9時30分～16時00分\n（土・日・祝日及び年末年始を除く）\n\n②\n11時00分～15時00分（定休日（月・水・木曜日）を除く）\n※冬期間は配布しません（11月中旬～4月下旬）\n\n③\n9時00分～17時00分（12月～2月は9時30分～16時30分）\n（年末年始を除く）\n※配布には、ダムへ行った証明（写真等）が必要となります",
        "address": "秋田県山本郡藤里町藤琴字里栗３８−２",
        "url": "\nhttps://www.pref.akita.lg.jp/pages/archive/10702"
      }
    },
    {
      "type": "Feature",
      "geometry": {
        "type": "Point",
        "coordinates": [
          140.30455,
          39.972446
        ]
      },
      "properties": {
        "name": "萩形ダム",
        "location_marker": null,
        "pref": "秋田県",
        "river_system": "米代川",
        "river": "小阿仁川",
        "card_ver": "1",
        "facility": "萩形ダム管理事務所",
        "hours": "9時30分～16時00分\n（土・日・祝日及び年末年始を除く）",
        "address": "秋田県北秋田郡上小阿仁村南沢字小阿仁奥山国有林",
        "url": "https://www.pref.akita.lg.jp/pages/archive/10702"
      }
    },
    {
      "type": "Feature",
      "geometry": {
        "type": "Point",
        "coordinates": [
          140.714005,
          39.841972
        ]
      },
      "properties": {
        "name": "鎧畑ダム",
        "location_marker": "①",
        "pref": "秋田県",
        "river_system": "雄物川",
        "river": "玉川",
        "card_ver": "1",
        "facility": "①\n鎧畑ダム管理事務所\n\n②\n国土交通省東北地方整備局\n玉川ダム管理所\n\n③\n秋田県\n玉川発電事務所",
        "hours": "①\n9時30分～16時00分\n（土・日・祝日及び年末年始を除く）\n\n②\n9時00分～17時00分　　　　　　　　　　　　　　　　　　　　　　　　　　　　※配布には写真又は、来訪確認カ－ドが必要となります。\n\n③\n10時00分～16時00分\n（12/29～1/3を除く）\n※配布には写真又は、来訪確認カ－ドが必要となります。　　　　　　　　　　　　　　　　　　　　　　　　　",
        "address": "秋田県仙北市田沢湖田沢字中山４４－７",
        "url": "https://www.pref.akita.lg.jp/pages/archive/10702"
      }
    },
    {
      "type": "Feature",
      "geometry": {
        "type": "Point",
        "coordinates": [
          140.664612,
          39.90601
        ]
      },
      "properties": {
        "name": "鎧畑ダム",
        "location_marker": "②",
        "pref": "秋田県",
        "river_system": "雄物川",
        "river": "玉川",
        "card_ver": "1",
        "facility": "①\n鎧畑ダム管理事務所\n\n②\n国土交通省東北地方整備局\n玉川ダム管理所\n\n③\n秋田県\n玉川発電事務所",
        "hours": "①\n9時30分～16時00分\n（土・日・祝日及び年末年始を除く）\n\n②\n9時00分～17時00分　　　　　　　　　　　　　　　　　　　　　　　　　　　　※配布には写真又は、来訪確認カ－ドが必要となります。\n\n③\n10時00分～16時00分\n（12/29～1/3を除く）\n※配布には写真又は、来訪確認カ－ドが必要となります。　　　　　　　　　　　　　　　　　　　　　　　　　",
        "address": "秋田県仙北市田沢湖玉川字下水無９２",
        "url": "https://www.pref.akita.lg.jp/pages/archive/10702"
      }
    },
    {
      "type": "Feature",
      "geometry": {
        "type": "Point",
        "coordinates": [
          140.667908,
          39.777943
        ]
      },
      "properties": {
        "name": "鎧畑ダム",
        "location_marker": "③",
        "pref": "秋田県",
        "river_system": "雄物川",
        "river": "玉川",
        "card_ver": "1",
        "facility": "①\n鎧畑ダム管理事務所\n\n②\n国土交通省東北地方整備局\n玉川ダム管理所\n\n③\n秋田県\n玉川発電事務所",
        "hours": "①\n9時30分～16時00分\n（土・日・祝日及び年末年始を除く）\n\n②\n9時00分～17時00分　　　　　　　　　　　　　　　　　　　　　　　　　　　　※配布には写真又は、来訪確認カ－ドが必要となります。\n\n③\n10時00分～16時00分\n（12/29～1/3を除く）\n※配布には写真又は、来訪確認カ－ドが必要となります。　　　　　　　　　　　　　　　　　　　　　　　　　",
        "address": "秋田県仙北市田沢湖田沢字鎧畑８－１",
        "url": "https://www.pref.akita.lg.jp/pages/archive/10702"
      }
    },
    {
      "type": "Feature",
      "geometry": {
        "type": "Point",
        "coordinates": [
          140.033554,
          39.385098
        ]
      },
      "properties": {
        "name": "鳥海ダム",
        "location_marker": "①",
        "pref": "秋田県",
        "river_system": "子吉川",
        "river": "子吉川",
        "card_ver": "1.3",
        "facility": "①\n鳥海ダム工事事務所\n\n②\nホテルフォレスタ鳥海",
        "hours": "①\n8:30～17:15（平日のみ）\n\n②\n8:00～19:00（点検日などの休館日を除く毎日）",
        "address": "秋田県由利本荘市水林408",
        "url": "http://www.thr.mlit.go.jp/bumon/j75601/index.html"
      }
    },
    {
      "type": "Feature",
      "geometry": {
        "type": "Point",
        "coordinates": [
          140.102386,
          39.718624
        ]
      },
      "properties": {
        "name": "鳥海ダム",
        "location_marker": "②",
        "pref": "秋田県",
        "river_system": "子吉川",
        "river": "子吉川",
        "card_ver": "1.3",
        "facility": "①\n鳥海ダム工事事務所\n\n②\nホテルフォレスタ鳥海",
        "hours": "①\n8:30～17:15（平日のみ）\n\n②\n8:00～19:00（点検日などの休館日を除く毎日）",
        "address": "秋田県田県由利本荘市鳥海町猿倉字奥山前8-45",
        "url": "http://www.thr.mlit.go.jp/bumon/j75601/index.html"
      }
    },
    {
      "type": "Feature",
      "geometry": {
        "type": "Point",
        "coordinates": [
          138.687653,
          36.056297
        ]
      },
      "properties": {
        "name": "上野ダム",
        "location_marker": "①",
        "pref": "群馬県",
        "river_system": "利根川",
        "river": "神流川",
        "card_ver": "2",
        "facility": "①\n上野村産業情報センター\n\n②\n浜平温泉　しおじの湯\n\n③\n川の駅　ふれあい館",
        "hours": "①\n9:00～17:00　休館日は配布していません（休館日　年末年始）※臨時休業あり\n\n②\n11:00～18:00　休館日は配布していません（休館日　毎週火曜日（祝日の場合は翌日）、年末年始）\n※配布の場合、ダムへ行った証明写真等が必要\n\n③\n9:00～17:00　休館日は配布していません（休館日　月曜日・火曜日　年末年始）　※臨時休業あり",
        "address": "群馬県多野郡上野村大字楢原３１０－１",
        "url": "https://uenomura-kankonavi.jp/"
      }
    },
    {
      "type": "Feature",
      "geometry": {
        "type": "Point",
        "coordinates": [
          138.687653,
          36.056297
        ]
      },
      "properties": {
        "name": "上野ダム",
        "location_marker": "②",
        "pref": "群馬県",
        "river_system": "利根川",
        "river": "神流川",
        "card_ver": "2",
        "facility": "①\n上野村産業情報センター\n\n②\n浜平温泉　しおじの湯\n\n③\n川の駅　ふれあい館",
        "hours": "①\n9:00～17:00　休館日は配布していません（休館日　年末年始）※臨時休業あり\n\n②\n11:00～18:00　休館日は配布していません（休館日　毎週火曜日（祝日の場合は翌日）、年末年始）\n※配布の場合、ダムへ行った証明写真等が必要\n\n③\n9:00～17:00　休館日は配布していません（休館日　月曜日・火曜日　年末年始）　※臨時休業あり",
        "address": "群馬県多野郡上野村大字楢原３４８７－２",
        "url": "https://uenomura-kankonavi.jp/"
      }
    },
    {
      "type": "Feature",
      "geometry": {
        "type": "Point",
        "coordinates": [
          138.687653,
          36.056297
        ]
      },
      "properties": {
        "name": "上野ダム",
        "location_marker": "③",
        "pref": "群馬県",
        "river_system": "利根川",
        "river": "神流川",
        "card_ver": "2",
        "facility": "①\n上野村産業情報センター\n\n②\n浜平温泉　しおじの湯\n\n③\n川の駅　ふれあい館",
        "hours": "①\n9:00～17:00　休館日は配布していません（休館日　年末年始）※臨時休業あり\n\n②\n11:00～18:00　休館日は配布していません（休館日　毎週火曜日（祝日の場合は翌日）、年末年始）\n※配布の場合、ダムへ行った証明写真等が必要\n\n③\n9:00～17:00　休館日は配布していません（休館日　月曜日・火曜日　年末年始）　※臨時休業あり",
        "address": "群馬県多野郡上野村楢原316-1",
        "url": "https://uenomura-kankonavi.jp/"
      }
    },
    {
      "type": "Feature",
      "geometry": {
        "type": "Point",
        "coordinates": [
          138.813858,
          36.5984
        ]
      },
      "properties": {
        "name": "中之条ダム",
        "location_marker": "①",
        "pref": "群馬県",
        "river_system": "利根川",
        "river": "四万川",
        "card_ver": "3",
        "facility": "①\n吾妻発電事務所\n\n②\n中之条ダム管理所",
        "hours": "①9：00～1６：00\n（土・日・祝日及び年末年始は配布していません）\n\n②9：00～16：00\n（６月～９月の間、毎日配布）",
        "address": "群馬県吾妻郡中之条町大字折田９１７",
        "url": "http://www.pref.gunma.jp/06/q1300021.html"
      }
    },
    {
      "type": "Feature",
      "geometry": {
        "type": "Point",
        "coordinates": [
          138.764984,
          36.689247
        ]
      },
      "properties": {
        "name": "中之条ダム",
        "location_marker": "②",
        "pref": "群馬県",
        "river_system": "利根川",
        "river": "四万川",
        "card_ver": "3",
        "facility": "①\n吾妻発電事務所\n\n②\n中之条ダム管理所",
        "hours": "①9：00～1６：00\n（土・日・祝日及び年末年始は配布していません）\n\n②9：00～16：00\n（６月～９月の間、毎日配布）",
        "address": "群馬県吾妻郡中之条町大字四万殿界戸３１－４",
        "url": "http://www.pref.gunma.jp/06/q1300021.html"
      }
    },
    {
      "type": "Feature",
      "geometry": {
        "type": "Point",
        "coordinates": [
          139.231995,
          36.775787
        ]
      },
      "properties": {
        "name": "丸沼ダム",
        "location_marker": "①",
        "pref": "群馬県",
        "river_system": "利根川",
        "river": "片品川",
        "card_ver": "1",
        "facility": "①片品村観光協会\n②道の駅尾瀬かたしな\n③丸沼温泉環湖荘",
        "hours": "①8:30～17:15（年中無休：土・日・祝日及び年末年始についても配布しております）\n②9:00～17:00（定休日：毎週金曜日（行楽シーズン及び祝日は営業します）\n※配布の場合、ダムへ行った証明写真等が必要\n③７：００～１８：００（４月２５日～１１月３０日）",
        "address": "群馬県利根郡片品村大字鎌田３９６４",
        "url": "①https://oze-katashina.info/\n②https://oze-katashina.info/michinoeki/\n③https://www.marunuma.com"
      }
    },
    {
      "type": "Feature",
      "geometry": {
        "type": "Point",
        "coordinates": [
          139.231995,
          36.775787
        ]
      },
      "properties": {
        "name": "丸沼ダム",
        "location_marker": "②",
        "pref": "群馬県",
        "river_system": "利根川",
        "river": "片品川",
        "card_ver": "1",
        "facility": "①片品村観光協会\n②道の駅尾瀬かたしな\n③丸沼温泉環湖荘",
        "hours": "①8:30～17:15（年中無休：土・日・祝日及び年末年始についても配布しております）\n②9:00～17:00（定休日：毎週金曜日（行楽シーズン及び祝日は営業します）\n※配布の場合、ダムへ行った証明写真等が必要\n③７：００～１８：００（４月２５日～１１月３０日）",
        "address": "群馬県利根郡片品村大字鎌田3967－1",
        "url": "①https://oze-katashina.info/\n②https://oze-katashina.info/michinoeki/\n③https://www.marunuma.com"
      }
    },
    {
      "type": "Feature",
      "geometry": {
        "type": "Point",
        "coordinates": [
          139.328308,
          36.807655
        ]
      },
      "properties": {
        "name": "丸沼ダム",
        "location_marker": "③",
        "pref": "群馬県",
        "river_system": "利根川",
        "river": "片品川",
        "card_ver": "1",
        "facility": "①片品村観光協会\n②道の駅尾瀬かたしな\n③丸沼温泉環湖荘",
        "hours": "①8:30～17:15（年中無休：土・日・祝日及び年末年始についても配布しております）\n②9:00～17:00（定休日：毎週金曜日（行楽シーズン及び祝日は営業します）\n※配布の場合、ダムへ行った証明写真等が必要\n③７：００～１８：００（４月２５日～１１月３０日）",
        "address": "群馬県利根郡片品村大字東小川４６５８－７",
        "url": "①https://oze-katashina.info/\n②https://oze-katashina.info/michinoeki/\n③https://www.marunuma.com"
      }
    },
    {
      "type": "Feature",
      "geometry": {
        "type": "Point",
        "coordinates": [
          138.70369,
          36.560966
        ]
      },
      "properties": {
        "name": "八ッ場ダム",
        "location_marker": "①",
        "pref": "群馬県",
        "river_system": "利根川",
        "river": "吾妻川",
        "card_ver": "1",
        "facility": "①\nなるほど！やんば資料館\n\n②\n道の駅八ッ場ふるさと館\n\n③\n長野原・草津・六合ステーション\n\n④\n浅間酒造観光センター\n\n⑤\n八ッ場 湖の駅 丸岩\n\n⑥\n北軽井沢観光協会\n\n⑦\n道の駅 あがつま峡\n\n",
        "hours": "①\n9:00～16:30（年末年始は配布していません）\n\n②\n9:00～17:00（季節により閉店時間に変更あり）\n\n③\n10:00～16:00（不定休）\n\n④\n9:00～16:00\n\n⑤\n8:30～18:00（水曜日定休）\n\n⑥\n8:30～17:00（水曜日、他不定休）\n\n⑦\n9:00～18:00（12月～3月は17:00まで）\n\n※①以外のダムカード配布場所はダムと離れた場所になりますのでご注意願います。また、ダムカードが欲しい場合はダムに行った証明（写真等）が必要となります。",
        "address": "群馬県吾妻郡長野原町大字川原畑1121-31",
        "url": "①\nhttps://www.ktr.mlit.go.jp/tonedamu/tonedamu00572.html\n\n②\nhttp://yambamichinoeki.com/\n\n③\nhttps://www.town.naganohara.gunma.jp/www/contents/1438155584776/\n\n④\nhttps://asama-sakagura.co.jp/\n\n⑤\nhttps://yanbadam.com/facility\n\n⑥\nhttp://www.kita-karuizawa.jp/\n\n⑦\nhttps://agatsumakyo.jp/"
      }
    },
    {
      "type": "Feature",
      "geometry": {
        "type": "Point",
        "coordinates": [
          138.684357,
          36.547695
        ]
      },
      "properties": {
        "name": "八ッ場ダム",
        "location_marker": "②",
        "pref": "群馬県",
        "river_system": "利根川",
        "river": "吾妻川",
        "card_ver": "1",
        "facility": "①\nなるほど！やんば資料館\n\n②\n道の駅八ッ場ふるさと館\n\n③\n長野原・草津・六合ステーション\n\n④\n浅間酒造観光センター\n\n⑤\n八ッ場 湖の駅 丸岩\n\n⑥\n北軽井沢観光協会\n\n⑦\n道の駅 あがつま峡\n\n",
        "hours": "①\n9:00～16:30（年末年始は配布していません）\n\n②\n9:00～17:00（季節により閉店時間に変更あり）\n\n③\n10:00～16:00（不定休）\n\n④\n9:00～16:00\n\n⑤\n8:30～18:00（水曜日定休）\n\n⑥\n8:30～17:00（水曜日、他不定休）\n\n⑦\n9:00～18:00（12月～3月は17:00まで）\n\n※①以外のダムカード配布場所はダムと離れた場所になりますのでご注意願います。また、ダムカードが欲しい場合はダムに行った証明（写真等）が必要となります。",
        "address": "群馬県吾妻郡長野原町大字林1567-4",
        "url": "①\nhttps://www.ktr.mlit.go.jp/tonedamu/tonedamu00572.html\n\n②\nhttp://yambamichinoeki.com/\n\n③\nhttps://www.town.naganohara.gunma.jp/www/contents/1438155584776/\n\n④\nhttps://asama-sakagura.co.jp/\n\n⑤\nhttps://yanbadam.com/facility\n\n⑥\nhttp://www.kita-karuizawa.jp/\n\n⑦\nhttps://agatsumakyo.jp/"
      }
    },
    {
      "type": "Feature",
      "geometry": {
        "type": "Point",
        "coordinates": [
          138.649628,
          36.544224
        ]
      },
      "properties": {
        "name": "八ッ場ダム",
        "location_marker": "③",
        "pref": "群馬県",
        "river_system": "利根川",
        "river": "吾妻川",
        "card_ver": "1",
        "facility": "①\nなるほど！やんば資料館\n\n②\n道の駅八ッ場ふるさと館\n\n③\n長野原・草津・六合ステーション\n\n④\n浅間酒造観光センター\n\n⑤\n八ッ場 湖の駅 丸岩\n\n⑥\n北軽井沢観光協会\n\n⑦\n道の駅 あがつま峡\n\n",
        "hours": "①\n9:00～16:30（年末年始は配布していません）\n\n②\n9:00～17:00（季節により閉店時間に変更あり）\n\n③\n10:00～16:00（不定休）\n\n④\n9:00～16:00\n\n⑤\n8:30～18:00（水曜日定休）\n\n⑥\n8:30～17:00（水曜日、他不定休）\n\n⑦\n9:00～18:00（12月～3月は17:00まで）\n\n※①以外のダムカード配布場所はダムと離れた場所になりますのでご注意願います。また、ダムカードが欲しい場合はダムに行った証明（写真等）が必要となります。",
        "address": "群馬県吾妻郡長野原町長野原1263-5",
        "url": "①\nhttps://www.ktr.mlit.go.jp/tonedamu/tonedamu00572.html\n\n②\nhttp://yambamichinoeki.com/\n\n③\nhttps://www.town.naganohara.gunma.jp/www/contents/1438155584776/\n\n④\nhttps://asama-sakagura.co.jp/\n\n⑤\nhttps://yanbadam.com/facility\n\n⑥\nhttp://www.kita-karuizawa.jp/\n\n⑦\nhttps://agatsumakyo.jp/"
      }
    },
    {
      "type": "Feature",
      "geometry": {
        "type": "Point",
        "coordinates": [
          138.649628,
          36.544224
        ]
      },
      "properties": {
        "name": "八ッ場ダム",
        "location_marker": "④",
        "pref": "群馬県",
        "river_system": "利根川",
        "river": "吾妻川",
        "card_ver": "1",
        "facility": "①\nなるほど！やんば資料館\n\n②\n道の駅八ッ場ふるさと館\n\n③\n長野原・草津・六合ステーション\n\n④\n浅間酒造観光センター\n\n⑤\n八ッ場 湖の駅 丸岩\n\n⑥\n北軽井沢観光協会\n\n⑦\n道の駅 あがつま峡\n\n",
        "hours": "①\n9:00～16:30（年末年始は配布していません）\n\n②\n9:00～17:00（季節により閉店時間に変更あり）\n\n③\n10:00～16:00（不定休）\n\n④\n9:00～16:00\n\n⑤\n8:30～18:00（水曜日定休）\n\n⑥\n8:30～17:00（水曜日、他不定休）\n\n⑦\n9:00～18:00（12月～3月は17:00まで）\n\n※①以外のダムカード配布場所はダムと離れた場所になりますのでご注意願います。また、ダムカードが欲しい場合はダムに行った証明（写真等）が必要となります。",
        "address": "群馬県吾妻郡長野原町長野原1392-10",
        "url": "①\nhttps://www.ktr.mlit.go.jp/tonedamu/tonedamu00572.html\n\n②\nhttp://yambamichinoeki.com/\n\n③\nhttps://www.town.naganohara.gunma.jp/www/contents/1438155584776/\n\n④\nhttps://asama-sakagura.co.jp/\n\n⑤\nhttps://yanbadam.com/facility\n\n⑥\nhttp://www.kita-karuizawa.jp/\n\n⑦\nhttps://agatsumakyo.jp/"
      }
    },
    {
      "type": "Feature",
      "geometry": {
        "type": "Point",
        "coordinates": [
          138.674301,
          36.531776
        ]
      },
      "properties": {
        "name": "八ッ場ダム",
        "location_marker": "⑤",
        "pref": "群馬県",
        "river_system": "利根川",
        "river": "吾妻川",
        "card_ver": "1",
        "facility": "①\nなるほど！やんば資料館\n\n②\n道の駅八ッ場ふるさと館\n\n③\n長野原・草津・六合ステーション\n\n④\n浅間酒造観光センター\n\n⑤\n八ッ場 湖の駅 丸岩\n\n⑥\n北軽井沢観光協会\n\n⑦\n道の駅 あがつま峡\n\n",
        "hours": "①\n9:00～16:30（年末年始は配布していません）\n\n②\n9:00～17:00（季節により閉店時間に変更あり）\n\n③\n10:00～16:00（不定休）\n\n④\n9:00～16:00\n\n⑤\n8:30～18:00（水曜日定休）\n\n⑥\n8:30～17:00（水曜日、他不定休）\n\n⑦\n9:00～18:00（12月～3月は17:00まで）\n\n※①以外のダムカード配布場所はダムと離れた場所になりますのでご注意願います。また、ダムカードが欲しい場合はダムに行った証明（写真等）が必要となります。",
        "address": "群馬県吾妻郡長野原町大字横壁904-3",
        "url": "①\nhttps://www.ktr.mlit.go.jp/tonedamu/tonedamu00572.html\n\n②\nhttp://yambamichinoeki.com/\n\n③\nhttps://www.town.naganohara.gunma.jp/www/contents/1438155584776/\n\n④\nhttps://asama-sakagura.co.jp/\n\n⑤\nhttps://yanbadam.com/facility\n\n⑥\nhttp://www.kita-karuizawa.jp/\n\n⑦\nhttps://agatsumakyo.jp/"
      }
    },
    {
      "type": "Feature",
      "geometry": {
        "type": "Point",
        "coordinates": [
          138.583252,
          36.469387
        ]
      },
      "properties": {
        "name": "八ッ場ダム",
        "location_marker": "⑥",
        "pref": "群馬県",
        "river_system": "利根川",
        "river": "吾妻川",
        "card_ver": "1",
        "facility": "①\nなるほど！やんば資料館\n\n②\n道の駅八ッ場ふるさと館\n\n③\n長野原・草津・六合ステーション\n\n④\n浅間酒造観光センター\n\n⑤\n八ッ場 湖の駅 丸岩\n\n⑥\n北軽井沢観光協会\n\n⑦\n道の駅 あがつま峡\n\n",
        "hours": "①\n9:00～16:30（年末年始は配布していません）\n\n②\n9:00～17:00（季節により閉店時間に変更あり）\n\n③\n10:00～16:00（不定休）\n\n④\n9:00～16:00\n\n⑤\n8:30～18:00（水曜日定休）\n\n⑥\n8:30～17:00（水曜日、他不定休）\n\n⑦\n9:00～18:00（12月～3月は17:00まで）\n\n※①以外のダムカード配布場所はダムと離れた場所になりますのでご注意願います。また、ダムカードが欲しい場合はダムに行った証明（写真等）が必要となります。",
        "address": "群馬県吾妻郡長野原町北軽井沢1988",
        "url": "①\nhttps://www.ktr.mlit.go.jp/tonedamu/tonedamu00572.html\n\n②\nhttp://yambamichinoeki.com/\n\n③\nhttps://www.town.naganohara.gunma.jp/www/contents/1438155584776/\n\n④\nhttps://asama-sakagura.co.jp/\n\n⑤\nhttps://yanbadam.com/facility\n\n⑥\nhttp://www.kita-karuizawa.jp/\n\n⑦\nhttps://agatsumakyo.jp/"
      }
    },
    {
      "type": "Feature",
      "geometry": {
        "type": "Point",
        "coordinates": [
          138.757431,
          36.546268
        ]
      },
      "properties": {
        "name": "八ッ場ダム",
        "location_marker": "⑦",
        "pref": "群馬県",
        "river_system": "利根川",
        "river": "吾妻川",
        "card_ver": "1",
        "facility": "①\nなるほど！やんば資料館\n\n②\n道の駅八ッ場ふるさと館\n\n③\n長野原・草津・六合ステーション\n\n④\n浅間酒造観光センター\n\n⑤\n八ッ場 湖の駅 丸岩\n\n⑥\n北軽井沢観光協会\n\n⑦\n道の駅 あがつま峡\n\n",
        "hours": "①\n9:00～16:30（年末年始は配布していません）\n\n②\n9:00～17:00（季節により閉店時間に変更あり）\n\n③\n10:00～16:00（不定休）\n\n④\n9:00～16:00\n\n⑤\n8:30～18:00（水曜日定休）\n\n⑥\n8:30～17:00（水曜日、他不定休）\n\n⑦\n9:00～18:00（12月～3月は17:00まで）\n\n※①以外のダムカード配布場所はダムと離れた場所になりますのでご注意願います。また、ダムカードが欲しい場合はダムに行った証明（写真等）が必要となります。",
        "address": "群馬県吾妻郡東吾妻町大字三島6441",
        "url": "①\nhttps://www.ktr.mlit.go.jp/tonedamu/tonedamu00572.html\n\n②\nhttp://yambamichinoeki.com/\n\n③\nhttps://www.town.naganohara.gunma.jp/www/contents/1438155584776/\n\n④\nhttps://asama-sakagura.co.jp/\n\n⑤\nhttps://yanbadam.com/facility\n\n⑥\nhttp://www.kita-karuizawa.jp/\n\n⑦\nhttps://agatsumakyo.jp/"
      }
    },
    {
      "type": "Feature",
      "geometry": {
        "type": "Point",
        "coordinates": [
          138.602829,
          36.623455
        ]
      },
      "properties": {
        "name": "品木ダム",
        "location_marker": null,
        "pref": "群馬県",
        "river_system": "利根川",
        "river": "湯川",
        "card_ver": "1.1",
        "facility": "品木ダム水質管理所",
        "hours": "9:30～16:00（土・日・祝日を含む）\n（12月27日～1月4日は配布していません。）\n※ダムカード配布場所（品木ダム水質管理所）とダムは離れていますのでご注意ください。",
        "address": "群馬県吾妻郡草津町大字草津６０４－１",
        "url": "http://www.ktr.mlit.go.jp/sinaki/"
      }
    },
    {
      "type": "Feature",
      "geometry": {
        "type": "Point",
        "coordinates": [
          138.764984,
          36.689247
        ]
      },
      "properties": {
        "name": "四万川ダム",
        "location_marker": null,
        "pref": "群馬県",
        "river_system": "利根川",
        "river": "四万川",
        "card_ver": "2",
        "facility": "四万川ダム管理事務所",
        "hours": "10:00～16:00（土・日・祝日及び\n１２/２９～１/３は配布していません）\n※平日であっても施設点検等により不在となり配布できない場合があります。",
        "address": "群馬県吾妻郡中之条町大字四万４４００－２８",
        "url": "https://www.pref.gunma.jp/06/h40g_00083.html"
      }
    },
    {
      "type": "Feature",
      "geometry": {
        "type": "Point",
        "coordinates": [
          138.688232,
          36.376087
        ]
      },
      "properties": {
        "name": "坂本ダム\n［群馬県］",
        "location_marker": "①",
        "pref": "群馬県",
        "river_system": "利根川",
        "river": "碓氷川",
        "card_ver": "2",
        "facility": "①\n霧積ダム管理事務所\n\n②\n碓氷峠の森公園交流館\n「峠の湯」",
        "hours": "①\n10:00～15:00（土・日・祝日及び\n１２/２９～１/３は配布していません）\n※平日であっても施設点検等により不在となり配布できない場合があります。\n\n②\n10:00～21:00（入館は20:30まで）\n休館日：毎月第2・第4火曜日\n※第2・第4火曜日が祝祭日の場合は開館し、翌日が休館日となります。",
        "address": "群馬県安中市松井田町坂本１７６８－１３３",
        "url": "①https://www.pref.gunma.jp/06/h40g_00083.html\n\n②http://usui-pass.com/"
      }
    },
    {
      "type": "Feature",
      "geometry": {
        "type": "Point",
        "coordinates": [
          138.716736,
          36.353168
        ]
      },
      "properties": {
        "name": "坂本ダム\n［群馬県］",
        "location_marker": "②",
        "pref": "群馬県",
        "river_system": "利根川",
        "river": "碓氷川",
        "card_ver": "2",
        "facility": "①\n霧積ダム管理事務所\n\n②\n碓氷峠の森公園交流館\n「峠の湯」",
        "hours": "①\n10:00～15:00（土・日・祝日及び\n１２/２９～１/３は配布していません）\n※平日であっても施設点検等により不在となり配布できない場合があります。\n\n②\n10:00～21:00（入館は20:30まで）\n休館日：毎月第2・第4火曜日\n※第2・第4火曜日が祝祭日の場合は開館し、翌日が休館日となります。",
        "address": "群馬県安中市松井田町坂本１２２２",
        "url": "①https://www.pref.gunma.jp/06/h40g_00083.html\n\n②http://usui-pass.com/"
      }
    },
    {
      "type": "Feature",
      "geometry": {
        "type": "Point",
        "coordinates": [
          138.879761,
          36.134342
        ]
      },
      "properties": {
        "name": "塩沢ダム",
        "location_marker": "①",
        "pref": "群馬県",
        "river_system": "利根川",
        "river": "塩沢川",
        "card_ver": "2",
        "facility": "①\n塩沢ダム管理事務所\n\n②\n藤岡土木事務所万場事業所\n\n③\n神流町観光案内所",
        "hours": "①\n10:00～16:00（水・土・日・祝日及び\n１２/２９～１/３は配布していません）\n※平日であっても施設点検等により不在となり配布できない場合があります。\n\n②\n9:00～17:00（土・日・祝日及び\n１２/２９～１/３は配布していません）\n\n③\n9:00～17:00（年末年始は配布していません）",
        "address": "群馬県多野郡神流町大字塩沢字大松甲",
        "url": "https://www.pref.gunma.jp/06/h40g_00083.html"
      }
    },
    {
      "type": "Feature",
      "geometry": {
        "type": "Point",
        "coordinates": [
          138.912064,
          36.131565
        ]
      },
      "properties": {
        "name": "塩沢ダム",
        "location_marker": "②",
        "pref": "群馬県",
        "river_system": "利根川",
        "river": "塩沢川",
        "card_ver": "2",
        "facility": "①\n塩沢ダム管理事務所\n\n②\n藤岡土木事務所万場事業所\n\n③\n神流町観光案内所",
        "hours": "①\n10:00～16:00（水・土・日・祝日及び\n１２/２９～１/３は配布していません）\n※平日であっても施設点検等により不在となり配布できない場合があります。\n\n②\n9:00～17:00（土・日・祝日及び\n１２/２９～１/３は配布していません）\n\n③\n9:00～17:00（年末年始は配布していません）",
        "address": "群馬県多野郡神流町大字万場２１－３",
        "url": "https://www.pref.gunma.jp/06/h40g_00083.html"
      }
    },
    {
      "type": "Feature",
      "geometry": {
        "type": "Point",
        "coordinates": [
          138.912064,
          36.131565
        ]
      },
      "properties": {
        "name": "塩沢ダム",
        "location_marker": "③",
        "pref": "群馬県",
        "river_system": "利根川",
        "river": "塩沢川",
        "card_ver": "2",
        "facility": "①\n塩沢ダム管理事務所\n\n②\n藤岡土木事務所万場事業所\n\n③\n神流町観光案内所",
        "hours": "①\n10:00～16:00（水・土・日・祝日及び\n１２/２９～１/３は配布していません）\n※平日であっても施設点検等により不在となり配布できない場合があります。\n\n②\n9:00～17:00（土・日・祝日及び\n１２/２９～１/３は配布していません）\n\n③\n9:00～17:00（年末年始は配布していません）",
        "address": "群馬県多野郡神流町大字万場40",
        "url": "https://www.pref.gunma.jp/06/h40g_00083.html"
      }
    },
    {
      "type": "Feature",
      "geometry": {
        "type": "Point",
        "coordinates": [
          138.696701,
          36.134651
        ]
      },
      "properties": {
        "name": "大仁田ダム",
        "location_marker": "①",
        "pref": "群馬県",
        "river_system": "利根川",
        "river": "大仁田川",
        "card_ver": "2",
        "facility": "①\n大仁田ダム管理所\n\n②\n富岡土木事務所\n\n③\n富岡土木事務所下仁田事業所\n\n④\n道の駅オアシスなんもく",
        "hours": "①\n10:30～15:30（土・日・祝日及び\n１２/２９～１/３は配布していません\n平日であっても施設点検及び管理人休暇で不在となる等配布できない場合があります)\n\n②\n9:00～17:00（土・日・祝日及び\n１２/２９～１/３は配布していません）\n\n③\n9:00～17:00（土・日・祝日及び\n１２/２９～１/３は配布していません）\n\n④\n9:00～17:00（火曜日、年末年始は配布していません）",
        "address": "群馬県甘楽郡南牧村大仁田１０２３－１",
        "url": "①②③https://www.pref.gunma.jp/06/h40g_00083.html\n\n④https://nanmoku.ne.jp/lifehealth/koukyou/oasis/"
      }
    },
    {
      "type": "Feature",
      "geometry": {
        "type": "Point",
        "coordinates": [
          138.861115,
          36.248341
        ]
      },
      "properties": {
        "name": "大仁田ダム",
        "location_marker": "②",
        "pref": "群馬県",
        "river_system": "利根川",
        "river": "大仁田川",
        "card_ver": "2",
        "facility": "①\n大仁田ダム管理所\n\n②\n富岡土木事務所\n\n③\n富岡土木事務所下仁田事業所\n\n④\n道の駅オアシスなんもく",
        "hours": "①\n10:30～15:30（土・日・祝日及び\n１２/２９～１/３は配布していません\n平日であっても施設点検及び管理人休暇で不在となる等配布できない場合があります)\n\n②\n9:00～17:00（土・日・祝日及び\n１２/２９～１/３は配布していません）\n\n③\n9:00～17:00（土・日・祝日及び\n１２/２９～１/３は配布していません）\n\n④\n9:00～17:00（火曜日、年末年始は配布していません）",
        "address": "群馬県富岡市田島３４３－１",
        "url": "①②③https://www.pref.gunma.jp/06/h40g_00083.html\n\n④https://nanmoku.ne.jp/lifehealth/koukyou/oasis/"
      }
    },
    {
      "type": "Feature",
      "geometry": {
        "type": "Point",
        "coordinates": [
          138.787201,
          36.206749
        ]
      },
      "properties": {
        "name": "大仁田ダム",
        "location_marker": "③",
        "pref": "群馬県",
        "river_system": "利根川",
        "river": "大仁田川",
        "card_ver": "2",
        "facility": "①\n大仁田ダム管理所\n\n②\n富岡土木事務所\n\n③\n富岡土木事務所下仁田事業所\n\n④\n道の駅オアシスなんもく",
        "hours": "①\n10:30～15:30（土・日・祝日及び\n１２/２９～１/３は配布していません\n平日であっても施設点検及び管理人休暇で不在となる等配布できない場合があります)\n\n②\n9:00～17:00（土・日・祝日及び\n１２/２９～１/３は配布していません）\n\n③\n9:00～17:00（土・日・祝日及び\n１２/２９～１/３は配布していません）\n\n④\n9:00～17:00（火曜日、年末年始は配布していません）",
        "address": "群馬県甘楽郡下仁田町大字吉崎１６７－１",
        "url": "①②③https://www.pref.gunma.jp/06/h40g_00083.html\n\n④https://nanmoku.ne.jp/lifehealth/koukyou/oasis/"
      }
    },
    {
      "type": "Feature",
      "geometry": {
        "type": "Point",
        "coordinates": [
          138.736115,
          36.1726
        ]
      },
      "properties": {
        "name": "大仁田ダム",
        "location_marker": "④",
        "pref": "群馬県",
        "river_system": "利根川",
        "river": "大仁田川",
        "card_ver": "2",
        "facility": "①\n大仁田ダム管理所\n\n②\n富岡土木事務所\n\n③\n富岡土木事務所下仁田事業所\n\n④\n道の駅オアシスなんもく",
        "hours": "①\n10:30～15:30（土・日・祝日及び\n１２/２９～１/３は配布していません\n平日であっても施設点検及び管理人休暇で不在となる等配布できない場合があります)\n\n②\n9:00～17:00（土・日・祝日及び\n１２/２９～１/３は配布していません）\n\n③\n9:00～17:00（土・日・祝日及び\n１２/２９～１/３は配布していません）\n\n④\n9:00～17:00（火曜日、年末年始は配布していません）",
        "address": "群馬県甘楽郡南牧村千原３－１",
        "url": "①②③https://www.pref.gunma.jp/06/h40g_00083.html\n\n④https://nanmoku.ne.jp/lifehealth/koukyou/oasis/"
      }
    },
    {
      "type": "Feature",
      "geometry": {
        "type": "Point",
        "coordinates": [
          139.075333,
          36.913986
        ]
      },
      "properties": {
        "name": "奈良俣ダム",
        "location_marker": "①",
        "pref": "群馬県",
        "river_system": "利根川",
        "river": "楢俣川",
        "card_ver": "2",
        "facility": "①\n奈良俣ダム管理所\n※ダムカード配布場所とダムは離れた場所にありますのでご注意願います。\n\n②\n道の駅水紀行館\n※ダムカード配布場所とダムは離れた場所にありますのでご注意願います。",
        "hours": "①\n奈良俣ダム管理所の受付時間は、8:30～17:00（土、日、祝日も配布）です。\n\n②\n道の駅水紀行館の受付時間は、9:00～17:00（土、日、祝日も配布）です。\n（写真の提示が必要となります）\n\n※冬期（11月下旬～4月下旬予定）は積雪のため、ダムカードは道の駅水紀行館のみでの配布（写真の提示が必要となります）となります。詳細は、利根川上流総合管理所ホームページをご確認下さい。",
        "address": "群馬県利根郡みなかみ町藤原字洗ノ沢6322-24",
        "url": "①\nhttps://www.water.go.jp/kanto/numata/\n\n②\nhttps://mizunofurusato.com/"
      }
    },
    {
      "type": "Feature",
      "geometry": {
        "type": "Point",
        "coordinates": [
          138.969696,
          36.765873
        ]
      },
      "properties": {
        "name": "奈良俣ダム",
        "location_marker": "②",
        "pref": "群馬県",
        "river_system": "利根川",
        "river": "楢俣川",
        "card_ver": "2",
        "facility": "①\n奈良俣ダム管理所\n※ダムカード配布場所とダムは離れた場所にありますのでご注意願います。\n\n②\n道の駅水紀行館\n※ダムカード配布場所とダムは離れた場所にありますのでご注意願います。",
        "hours": "①\n奈良俣ダム管理所の受付時間は、8:30～17:00（土、日、祝日も配布）です。\n\n②\n道の駅水紀行館の受付時間は、9:00～17:00（土、日、祝日も配布）です。\n（写真の提示が必要となります）\n\n※冬期（11月下旬～4月下旬予定）は積雪のため、ダムカードは道の駅水紀行館のみでの配布（写真の提示が必要となります）となります。詳細は、利根川上流総合管理所ホームページをご確認下さい。",
        "address": "群馬県利根郡みなかみ町湯原1681-1",
        "url": "①\nhttps://www.water.go.jp/kanto/numata/\n\n②\nhttps://mizunofurusato.com/"
      }
    },
    {
      "type": "Feature",
      "geometry": {
        "type": "Point",
        "coordinates": [
          138.969696,
          36.765873
        ]
      },
      "properties": {
        "name": "小森ダム",
        "location_marker": "①",
        "pref": "群馬県",
        "river_system": "利根川",
        "river": "利根川",
        "card_ver": "1",
        "facility": "①\n道の駅みなかみ水紀行館\n\n②\nヤマザキ　Ｙショップ　アベ\n\n③ヤマザキ　Ｙショップ　想いで（沼田駅前）",
        "hours": "①\n【営業時間】9:00～17:00\n【定 休 日】 年中無休\n　　　　　　水産学習館のみ\n　　　　　　第３水曜日（祝日の場合、翌日）　　　　　　　　\n※ダムカード配布場所とダムは離れた場所ありますのでご注意願います。また、ダムカードが欲しい場合はダムに行った証明（写真等）が必要となります。\n\n②\n【営業時間】6:00～19:00\n※都合により早く閉店する場合があります。\n【定 休 日 】不定休\n※ダムカード配布場所とダムは離れた場所ありますのでご注意願います。また、ダムカードが欲しい場合はダムに行った証明（写真等）が必要となります。\n\n③\n【営業時間】6:00～18:00\n【定 休 日 】年中無休\n※ダムカード配布場所とダムは離れた場所ありますのでご注意願います。また、ダムカードが欲しい場合はダムに行った証明（写真等）が必要となります。",
        "address": "群馬県利根郡みなかみ町湯原1681-1",
        "url": "①\nhttps://mizunofurusato.com/\n\n②\nhttp://enjoy-minakami.jp/buy.php?itemid=786"
      }
    },
    {
      "type": "Feature",
      "geometry": {
        "type": "Point",
        "coordinates": [
          138.98764,
          36.794037
        ]
      },
      "properties": {
        "name": "小森ダム",
        "location_marker": "②",
        "pref": "群馬県",
        "river_system": "利根川",
        "river": "利根川",
        "card_ver": "1",
        "facility": "①\n道の駅みなかみ水紀行館\n\n②\nヤマザキ　Ｙショップ　アベ\n\n③ヤマザキ　Ｙショップ　想いで（沼田駅前）",
        "hours": "①\n【営業時間】9:00～17:00\n【定 休 日】 年中無休\n　　　　　　水産学習館のみ\n　　　　　　第３水曜日（祝日の場合、翌日）　　　　　　　　\n※ダムカード配布場所とダムは離れた場所ありますのでご注意願います。また、ダムカードが欲しい場合はダムに行った証明（写真等）が必要となります。\n\n②\n【営業時間】6:00～19:00\n※都合により早く閉店する場合があります。\n【定 休 日 】不定休\n※ダムカード配布場所とダムは離れた場所ありますのでご注意願います。また、ダムカードが欲しい場合はダムに行った証明（写真等）が必要となります。\n\n③\n【営業時間】6:00～18:00\n【定 休 日 】年中無休\n※ダムカード配布場所とダムは離れた場所ありますのでご注意願います。また、ダムカードが欲しい場合はダムに行った証明（写真等）が必要となります。",
        "address": "群馬県利根郡みなかみ町大穴158-1",
        "url": "①\nhttps://mizunofurusato.com/\n\n②\nhttp://enjoy-minakami.jp/buy.php?itemid=786"
      }
    },
    {
      "type": "Feature",
      "geometry": {
        "type": "Point",
        "coordinates": [
          139.037003,
          36.642185
        ]
      },
      "properties": {
        "name": "小森ダム",
        "location_marker": "③",
        "pref": "群馬県",
        "river_system": "利根川",
        "river": "利根川",
        "card_ver": "1",
        "facility": "①\n道の駅みなかみ水紀行館\n\n②\nヤマザキ　Ｙショップ　アベ\n\n③ヤマザキ　Ｙショップ　想いで（沼田駅前）",
        "hours": "①\n【営業時間】9:00～17:00\n【定 休 日】 年中無休\n　　　　　　水産学習館のみ\n　　　　　　第３水曜日（祝日の場合、翌日）　　　　　　　　\n※ダムカード配布場所とダムは離れた場所ありますのでご注意願います。また、ダムカードが欲しい場合はダムに行った証明（写真等）が必要となります。\n\n②\n【営業時間】6:00～19:00\n※都合により早く閉店する場合があります。\n【定 休 日 】不定休\n※ダムカード配布場所とダムは離れた場所ありますのでご注意願います。また、ダムカードが欲しい場合はダムに行った証明（写真等）が必要となります。\n\n③\n【営業時間】6:00～18:00\n【定 休 日 】年中無休\n※ダムカード配布場所とダムは離れた場所ありますのでご注意願います。また、ダムカードが欲しい場合はダムに行った証明（写真等）が必要となります。",
        "address": "群馬県沼田市清水町4314-6",
        "url": "①\nhttps://mizunofurusato.com/\n\n②\nhttp://enjoy-minakami.jp/buy.php?itemid=786"
      }
    },
    {
      "type": "Feature",
      "geometry": {
        "type": "Point",
        "coordinates": [
          138.65744,
          36.226562
        ]
      },
      "properties": {
        "name": "屋敷川取水ダム",
        "location_marker": "①",
        "pref": "群馬県",
        "river_system": "利根川",
        "river": "屋敷川",
        "card_ver": "2",
        "facility": "①\n道平川ダム管理事務所\n\n②\n富岡土木事務所\n\n③\n富岡土木事務所下仁田事業所",
        "hours": "①\n10:30～15:30（土・日・祝日及び\n１２/２９～１/３は配布していません）\n※平日であっても施設点検等により不在となり配布できない場合があります。\n②\n9:00～17:00（土・日・祝日及び\n１２/２９～１/３は配布していません）\n③\n9:00～17:00（土・日・祝日及び\n１２/２９～１/３は配布していません）",
        "address": "群馬県甘楽郡下仁田町大字南野牧字上の峰７９１４",
        "url": "https://www.pref.gunma.jp/06/h40g_00083.html"
      }
    },
    {
      "type": "Feature",
      "geometry": {
        "type": "Point",
        "coordinates": [
          138.861115,
          36.248341
        ]
      },
      "properties": {
        "name": "屋敷川取水ダム",
        "location_marker": "②",
        "pref": "群馬県",
        "river_system": "利根川",
        "river": "屋敷川",
        "card_ver": "2",
        "facility": "①\n道平川ダム管理事務所\n\n②\n富岡土木事務所\n\n③\n富岡土木事務所下仁田事業所",
        "hours": "①\n10:30～15:30（土・日・祝日及び\n１２/２９～１/３は配布していません）\n※平日であっても施設点検等により不在となり配布できない場合があります。\n②\n9:00～17:00（土・日・祝日及び\n１２/２９～１/３は配布していません）\n③\n9:00～17:00（土・日・祝日及び\n１２/２９～１/３は配布していません）",
        "address": "群馬県富岡市田島３４３－１",
        "url": "https://www.pref.gunma.jp/06/h40g_00083.html"
      }
    },
    {
      "type": "Feature",
      "geometry": {
        "type": "Point",
        "coordinates": [
          138.787201,
          36.206749
        ]
      },
      "properties": {
        "name": "屋敷川取水ダム",
        "location_marker": "③",
        "pref": "群馬県",
        "river_system": "利根川",
        "river": "屋敷川",
        "card_ver": "2",
        "facility": "①\n道平川ダム管理事務所\n\n②\n富岡土木事務所\n\n③\n富岡土木事務所下仁田事業所",
        "hours": "①\n10:30～15:30（土・日・祝日及び\n１２/２９～１/３は配布していません）\n※平日であっても施設点検等により不在となり配布できない場合があります。\n②\n9:00～17:00（土・日・祝日及び\n１２/２９～１/３は配布していません）\n③\n9:00～17:00（土・日・祝日及び\n１２/２９～１/３は配布していません）",
        "address": "群馬県甘楽郡下仁田町大字吉崎１６７－１",
        "url": "https://www.pref.gunma.jp/06/h40g_00083.html"
      }
    },
    {
      "type": "Feature",
      "geometry": {
        "type": "Point",
        "coordinates": [
          138.65744,
          36.226562
        ]
      },
      "properties": {
        "name": "市野萱川取水ダム",
        "location_marker": "①",
        "pref": "群馬県",
        "river_system": "利根川",
        "river": "市野萱川",
        "card_ver": "2",
        "facility": "①\n道平川ダム管理事務所\n\n②\n富岡土木事務所\n\n③\n富岡土木事務所下仁田事業所",
        "hours": "①\n10:30～15:30（土・日・祝日及び\n１２/２９～１/３は配布していません）\n※平日であっても施設点検等により不在となり配布できない場合があります。\n②\n9:00～17:00（土・日・祝日及び\n１２/２９～１/３は配布していません）\n③\n9:00～17:00（土・日・祝日及び\n１２/２９～１/３は配布していません）",
        "address": "群馬県甘楽郡下仁田町大字南野牧字上の峰７９１４",
        "url": "https://www.pref.gunma.jp/06/h40g_00083.html"
      }
    },
    {
      "type": "Feature",
      "geometry": {
        "type": "Point",
        "coordinates": [
          138.861115,
          36.248341
        ]
      },
      "properties": {
        "name": "市野萱川取水ダム",
        "location_marker": "②",
        "pref": "群馬県",
        "river_system": "利根川",
        "river": "市野萱川",
        "card_ver": "2",
        "facility": "①\n道平川ダム管理事務所\n\n②\n富岡土木事務所\n\n③\n富岡土木事務所下仁田事業所",
        "hours": "①\n10:30～15:30（土・日・祝日及び\n１２/２９～１/３は配布していません）\n※平日であっても施設点検等により不在となり配布できない場合があります。\n②\n9:00～17:00（土・日・祝日及び\n１２/２９～１/３は配布していません）\n③\n9:00～17:00（土・日・祝日及び\n１２/２９～１/３は配布していません）",
        "address": "群馬県富岡市田島３４３－１",
        "url": "https://www.pref.gunma.jp/06/h40g_00083.html"
      }
    },
    {
      "type": "Feature",
      "geometry": {
        "type": "Point",
        "coordinates": [
          138.787201,
          36.206749
        ]
      },
      "properties": {
        "name": "市野萱川取水ダム",
        "location_marker": "③",
        "pref": "群馬県",
        "river_system": "利根川",
        "river": "市野萱川",
        "card_ver": "2",
        "facility": "①\n道平川ダム管理事務所\n\n②\n富岡土木事務所\n\n③\n富岡土木事務所下仁田事業所",
        "hours": "①\n10:30～15:30（土・日・祝日及び\n１２/２９～１/３は配布していません）\n※平日であっても施設点検等により不在となり配布できない場合があります。\n②\n9:00～17:00（土・日・祝日及び\n１２/２９～１/３は配布していません）\n③\n9:00～17:00（土・日・祝日及び\n１２/２９～１/３は配布していません）",
        "address": "群馬県甘楽郡下仁田町大字吉崎１６７－１",
        "url": "https://www.pref.gunma.jp/06/h40g_00083.html"
      }
    },
    {
      "type": "Feature",
      "geometry": {
        "type": "Point",
        "coordinates": [
          139.127365,
          36.657669
        ]
      },
      "properties": {
        "name": "平出ダム",
        "location_marker": null,
        "pref": "群馬県",
        "river_system": "利根川",
        "river": "片品川",
        "card_ver": "3",
        "facility": "平出ダム管理所",
        "hours": "9：00～16：00\n（土・日・祝日及び年末年始は配布していません）",
        "address": "群馬県沼田市白沢町平出１４８３－２",
        "url": "http://www.pref.gunma.jp/06/q1300020.html"
      }
    },
    {
      "type": "Feature",
      "geometry": {
        "type": "Point",
        "coordinates": [
          139.391617,
          36.491978
        ]
      },
      "properties": {
        "name": "桐生川ダム",
        "location_marker": null,
        "pref": "群馬県",
        "river_system": "利根川",
        "river": "桐生川",
        "card_ver": "2",
        "facility": "桐生川ダム管理事務所",
        "hours": "10:00～16:00（土・日・祝日及び\n１２/２９～１/３は配布していません）\n※平日であっても施設点検等により不在となり配布できない場合があります。",
        "address": "群馬県桐生市梅田町４丁目１７８１",
        "url": "https://www.pref.gunma.jp/06/h40g_00083.html"
      }
    },
    {
      "type": "Feature",
      "geometry": {
        "type": "Point",
        "coordinates": [
          139.038986,
          36.647388
        ]
      },
      "properties": {
        "name": "玉原ダム",
        "location_marker": "①",
        "pref": "群馬県",
        "river_system": "利根川",
        "river": "発知川",
        "card_ver": "1",
        "facility": "①\n沼田市観光案内所\n\n②\nたんばらラベンダーパークリゾートセンター\n\n③ヤマザキＹショップ　想いで（沼田駅前）",
        "hours": "①\n【営業時間】３月～11月　9:00～17:00\n　　　　　　12月～2月　9:00～16:00\n【定 休 日 】年中無休\n　　　　　　水産学習館のみ\n　　　　　　第３水曜日（祝日の場合、翌日）\n※ダムカード配布場所とダムは離れた場所ありますのでご注意願います。また、ダムカードが欲しい場合はダムに行った証明（写真等）が必要となります。\n\n②\n【営業時間】8:30～17:00\n【定 休 日 】期間中は無休\n【営業期間】6月中旬～9月上旬\n※開花状況により前後しますので、事前にお問い合わせください。\n※ダムカード配布場所とダムは離れた場所ありますのでご注意願います。また、ダムカードが欲しい場合はダムに行った証明（写真等）が必要となります。\n\n③\n【営業時間】 6:00～18:00　\n【定休日】 年中無休\n※ダムカード配布場所とダムは離れた場所ありますのでご注意願います。また、ダムカードが欲しい場合はダムに行った証明（写真等）が必要となります。",
        "address": "群馬県沼田市西倉内町2889-3",
        "url": "①\nhttp://www.city.numata.gunma.jp/kanko/1006513.html\n\n②\nhttps://www.tambara.co.jp/lavenderpark/"
      }
    },
    {
      "type": "Feature",
      "geometry": {
        "type": "Point",
        "coordinates": [
          139.042801,
          36.643967
        ]
      },
      "properties": {
        "name": "玉原ダム",
        "location_marker": "②",
        "pref": "群馬県",
        "river_system": "利根川",
        "river": "発知川",
        "card_ver": "1",
        "facility": "①\n沼田市観光案内所\n\n②\nたんばらラベンダーパークリゾートセンター\n\n③ヤマザキＹショップ　想いで（沼田駅前）",
        "hours": "①\n【営業時間】３月～11月　9:00～17:00\n　　　　　　12月～2月　9:00～16:00\n【定 休 日 】年中無休\n　　　　　　水産学習館のみ\n　　　　　　第３水曜日（祝日の場合、翌日）\n※ダムカード配布場所とダムは離れた場所ありますのでご注意願います。また、ダムカードが欲しい場合はダムに行った証明（写真等）が必要となります。\n\n②\n【営業時間】8:30～17:00\n【定 休 日 】期間中は無休\n【営業期間】6月中旬～9月上旬\n※開花状況により前後しますので、事前にお問い合わせください。\n※ダムカード配布場所とダムは離れた場所ありますのでご注意願います。また、ダムカードが欲しい場合はダムに行った証明（写真等）が必要となります。\n\n③\n【営業時間】 6:00～18:00　\n【定休日】 年中無休\n※ダムカード配布場所とダムは離れた場所ありますのでご注意願います。また、ダムカードが欲しい場合はダムに行った証明（写真等）が必要となります。",
        "address": "群馬県沼田市玉原高原",
        "url": "①\nhttp://www.city.numata.gunma.jp/kanko/1006513.html\n\n②\nhttps://www.tambara.co.jp/lavenderpark/"
      }
    },
    {
      "type": "Feature",
      "geometry": {
        "type": "Point",
        "coordinates": [
          139.037003,
          36.642185
        ]
      },
      "properties": {
        "name": "玉原ダム",
        "location_marker": "③",
        "pref": "群馬県",
        "river_system": "利根川",
        "river": "発知川",
        "card_ver": "1",
        "facility": "①\n沼田市観光案内所\n\n②\nたんばらラベンダーパークリゾートセンター\n\n③ヤマザキＹショップ　想いで（沼田駅前）",
        "hours": "①\n【営業時間】３月～11月　9:00～17:00\n　　　　　　12月～2月　9:00～16:00\n【定 休 日 】年中無休\n　　　　　　水産学習館のみ\n　　　　　　第３水曜日（祝日の場合、翌日）\n※ダムカード配布場所とダムは離れた場所ありますのでご注意願います。また、ダムカードが欲しい場合はダムに行った証明（写真等）が必要となります。\n\n②\n【営業時間】8:30～17:00\n【定 休 日 】期間中は無休\n【営業期間】6月中旬～9月上旬\n※開花状況により前後しますので、事前にお問い合わせください。\n※ダムカード配布場所とダムは離れた場所ありますのでご注意願います。また、ダムカードが欲しい場合はダムに行った証明（写真等）が必要となります。\n\n③\n【営業時間】 6:00～18:00　\n【定休日】 年中無休\n※ダムカード配布場所とダムは離れた場所ありますのでご注意願います。また、ダムカードが欲しい場合はダムに行った証明（写真等）が必要となります。",
        "address": "群馬県沼田市清水町4314-6",
        "url": "①\nhttp://www.city.numata.gunma.jp/kanko/1006513.html\n\n②\nhttps://www.tambara.co.jp/lavenderpark/"
      }
    },
    {
      "type": "Feature",
      "geometry": {
        "type": "Point",
        "coordinates": [
          138.874954,
          36.768791
        ]
      },
      "properties": {
        "name": "相俣ダム",
        "location_marker": null,
        "pref": "群馬県",
        "river_system": "利根川",
        "river": "赤谷川",
        "card_ver": "1",
        "facility": "相俣ダム管理支所",
        "hours": "8:30～17:15\n（年末年始は配布していません）",
        "address": "群馬県利根郡みなかみ町相俣１４９３",
        "url": "http://www.ktr.mlit.go.jp/tonedamu/"
      }
    },
    {
      "type": "Feature",
      "geometry": {
        "type": "Point",
        "coordinates": [
          138.65744,
          36.226562
        ]
      },
      "properties": {
        "name": "相沢川取水ダム",
        "location_marker": "①",
        "pref": "群馬県",
        "river_system": "利根川",
        "river": "相沢川",
        "card_ver": "2",
        "facility": "①\n道平川ダム管理事務所\n\n②\n富岡土木事務所\n\n③\n富岡土木事務所下仁田事業所",
        "hours": "①\n10:30～15:30（土・日・祝日及び\n１２/２９～１/３は配布していません）\n※平日であっても施設点検等により不在となり配布できない場合があります。\n②\n9:00～17:00（土・日・祝日及び\n１２/２９～１/３は配布していません）\n③\n9:00～17:00（土・日・祝日及び\n１２/２９～１/３は配布していません）",
        "address": "群馬県甘楽郡下仁田町大字南野牧字上の峰７９１４",
        "url": "https://www.pref.gunma.jp/06/h40g_00083.html"
      }
    },
    {
      "type": "Feature",
      "geometry": {
        "type": "Point",
        "coordinates": [
          138.861115,
          36.248341
        ]
      },
      "properties": {
        "name": "相沢川取水ダム",
        "location_marker": "②",
        "pref": "群馬県",
        "river_system": "利根川",
        "river": "相沢川",
        "card_ver": "2",
        "facility": "①\n道平川ダム管理事務所\n\n②\n富岡土木事務所\n\n③\n富岡土木事務所下仁田事業所",
        "hours": "①\n10:30～15:30（土・日・祝日及び\n１２/２９～１/３は配布していません）\n※平日であっても施設点検等により不在となり配布できない場合があります。\n②\n9:00～17:00（土・日・祝日及び\n１２/２９～１/３は配布していません）\n③\n9:00～17:00（土・日・祝日及び\n１２/２９～１/３は配布していません）",
        "address": "群馬県富岡市田島３４３－１",
        "url": "https://www.pref.gunma.jp/06/h40g_00083.html"
      }
    },
    {
      "type": "Feature",
      "geometry": {
        "type": "Point",
        "coordinates": [
          138.787201,
          36.206749
        ]
      },
      "properties": {
        "name": "相沢川取水ダム",
        "location_marker": "③",
        "pref": "群馬県",
        "river_system": "利根川",
        "river": "相沢川",
        "card_ver": "2",
        "facility": "①\n道平川ダム管理事務所\n\n②\n富岡土木事務所\n\n③\n富岡土木事務所下仁田事業所",
        "hours": "①\n10:30～15:30（土・日・祝日及び\n１２/２９～１/３は配布していません）\n※平日であっても施設点検等により不在となり配布できない場合があります。\n②\n9:00～17:00（土・日・祝日及び\n１２/２９～１/３は配布していません）\n③\n9:00～17:00（土・日・祝日及び\n１２/２９～１/３は配布していません）",
        "address": "群馬県甘楽郡下仁田町大字吉崎１６７－１",
        "url": "https://www.pref.gunma.jp/06/h40g_00083.html"
      }
    },
    {
      "type": "Feature",
      "geometry": {
        "type": "Point",
        "coordinates": [
          139.075333,
          36.913986
        ]
      },
      "properties": {
        "name": "矢木沢ダム",
        "location_marker": null,
        "pref": "群馬県",
        "river_system": "利根川",
        "river": "利根川",
        "card_ver": "1",
        "facility": "矢木沢ダム管理所",
        "hours": "8:30～17:00（土、日、祝日も配布）\n\n※冬期（11月下旬～4月下旬予定）は、積雪のため閉鎖しており、ダムカードは配布しておりません。詳細は、利根川上流総合管理所ホームページをご確認下さい。",
        "address": "群馬県利根郡みなかみ町藤原字矢木沢6381-4",
        "url": "https://www.water.go.jp/kanto/numata/"
      }
    },
    {
      "type": "Feature",
      "geometry": {
        "type": "Point",
        "coordinates": [
          139.054337,
          36.163223
        ]
      },
      "properties": {
        "name": "神水ダム",
        "location_marker": null,
        "pref": "群馬県",
        "river_system": "利根川",
        "river": "神流川",
        "card_ver": "3",
        "facility": "神水ダム管理所",
        "hours": "9：00～16：00\n（土・日・祝日及び年末年始は配布していません）",
        "address": "群馬県藤岡市鬼石５９４－１",
        "url": "http://www.pref.gunma.jp/06/q1300022.html"
      }
    },
    {
      "type": "Feature",
      "geometry": {
        "type": "Point",
        "coordinates": [
          139.381897,
          36.530006
        ]
      },
      "properties": {
        "name": "草木ダム",
        "location_marker": null,
        "pref": "群馬県",
        "river_system": "利根川",
        "river": "渡良瀬川",
        "card_ver": "2",
        "facility": "渡良瀬川ダム総合管理所",
        "hours": "8:30～17:00\n（土・日・祝日及び年末年始を含む）",
        "address": "群馬県みどり市東町座間564-6",
        "url": "https://www.water.go.jp/kanto/watarase/"
      }
    },
    {
      "type": "Feature",
      "geometry": {
        "type": "Point",
        "coordinates": [
          139.183304,
          36.655457
        ]
      },
      "properties": {
        "name": "薗原ダム",
        "location_marker": null,
        "pref": "群馬県",
        "river_system": "利根川",
        "river": "片品川",
        "card_ver": "1",
        "facility": "薗原ダム管理支所",
        "hours": "8:30～17:15\n（年末年始は配布していません）",
        "address": "群馬県沼田市利根町園原２３７８",
        "url": "http://www.ktr.mlit.go.jp/tonedamu/"
      }
    },
    {
      "type": "Feature",
      "geometry": {
        "type": "Point",
        "coordinates": [
          139.037384,
          36.808941
        ]
      },
      "properties": {
        "name": "藤原ダム",
        "location_marker": null,
        "pref": "群馬県",
        "river_system": "利根川",
        "river": "利根川",
        "card_ver": "1",
        "facility": "藤原ダム管理支所",
        "hours": "8:30～17:15\n（年末年始は配布していません）",
        "address": "群馬県利根郡みなかみ町夜後２６",
        "url": "http://www.ktr.mlit.go.jp/tonedamu/"
      }
    },
    {
      "type": "Feature",
      "geometry": {
        "type": "Point",
        "coordinates": [
          138.65744,
          36.226562
        ]
      },
      "properties": {
        "name": "道平川ダム",
        "location_marker": "①",
        "pref": "群馬県",
        "river_system": "利根川",
        "river": "道平川",
        "card_ver": "2",
        "facility": "①\n道平川ダム管理事務所\n\n②\n富岡土木事務所\n\n③\n富岡土木事務所下仁田事業所",
        "hours": "①\n10:30～15:30（土・日・祝日及び\n１２/２９～１/３は配布していません）\n※平日であっても施設点検等により不在となり配布できない場合があります。\n②\n9:00～17:00（土・日・祝日及び\n１２/２９～１/３は配布していません）\n③\n9:00～17:00（土・日・祝日及び\n１２/２９～１/３は配布していません）",
        "address": "群馬県甘楽郡下仁田町大字南野牧字上の峰７９１４",
        "url": "https://www.pref.gunma.jp/06/h40g_00083.html"
      }
    },
    {
      "type": "Feature",
      "geometry": {
        "type": "Point",
        "coordinates": [
          138.861115,
          36.248341
        ]
      },
      "properties": {
        "name": "道平川ダム",
        "location_marker": "②",
        "pref": "群馬県",
        "river_system": "利根川",
        "river": "道平川",
        "card_ver": "2",
        "facility": "①\n道平川ダム管理事務所\n\n②\n富岡土木事務所\n\n③\n富岡土木事務所下仁田事業所",
        "hours": "①\n10:30～15:30（土・日・祝日及び\n１２/２９～１/３は配布していません）\n※平日であっても施設点検等により不在となり配布できない場合があります。\n②\n9:00～17:00（土・日・祝日及び\n１２/２９～１/３は配布していません）\n③\n9:00～17:00（土・日・祝日及び\n１２/２９～１/３は配布していません）",
        "address": "群馬県富岡市田島３４３－１",
        "url": "https://www.pref.gunma.jp/06/h40g_00083.html"
      }
    },
    {
      "type": "Feature",
      "geometry": {
        "type": "Point",
        "coordinates": [
          138.787201,
          36.206749
        ]
      },
      "properties": {
        "name": "道平川ダム",
        "location_marker": "③",
        "pref": "群馬県",
        "river_system": "利根川",
        "river": "道平川",
        "card_ver": "2",
        "facility": "①\n道平川ダム管理事務所\n\n②\n富岡土木事務所\n\n③\n富岡土木事務所下仁田事業所",
        "hours": "①\n10:30～15:30（土・日・祝日及び\n１２/２９～１/３は配布していません）\n※平日であっても施設点検等により不在となり配布できない場合があります。\n②\n9:00～17:00（土・日・祝日及び\n１２/２９～１/３は配布していません）\n③\n9:00～17:00（土・日・祝日及び\n１２/２９～１/３は配布していません）",
        "address": "群馬県甘楽郡下仁田町大字吉崎１６７－１",
        "url": "https://www.pref.gunma.jp/06/h40g_00083.html"
      }
    },
    {
      "type": "Feature",
      "geometry": {
        "type": "Point",
        "coordinates": [
          138.614883,
          36.679115
        ]
      },
      "properties": {
        "name": "野反ダム",
        "location_marker": "①",
        "pref": "群馬県",
        "river_system": "信濃川",
        "river": "中津川",
        "card_ver": "1.1",
        "facility": "①野反湖ビジターセンター\n\n②食事処「六合の郷しらすな」",
        "hours": "\n①\n【営業時間】8:30～17:00\n【営業期間】4月下旬～11月上旬\n【休業日】 水・木曜日（7、8月は無休。臨時休業となる場合あり）\n　※国道405号の開通・閉鎖時期により営業期間が変わりますので、事前にお問い合わせください。\n\n②\n【営業時間】9:00～17:00\n【定休日】　水曜日\n※ダムカード配布場所とダムは離れた場所ありますのでご注意願います。また、ダムカードが欲しい場合はダムに行った証明（写真等）が必要となります。",
        "address": "群馬県吾妻郡中之条町入山国有林224林班イ小１班",
        "url": "①\nhttps://nozorikocamp.com/camp/\n\n②\nhttps://www.town.nakanojo.gunma.jp/soshiki/12/1360.html"
      }
    },
    {
      "type": "Feature",
      "geometry": {
        "type": "Point",
        "coordinates": [
          138.62088,
          36.602005
        ]
      },
      "properties": {
        "name": "野反ダム",
        "location_marker": "②",
        "pref": "群馬県",
        "river_system": "信濃川",
        "river": "中津川",
        "card_ver": "1.1",
        "facility": "①野反湖ビジターセンター\n\n②食事処「六合の郷しらすな」",
        "hours": "\n①\n【営業時間】8:30～17:00\n【営業期間】4月下旬～11月上旬\n【休業日】 水・木曜日（7、8月は無休。臨時休業となる場合あり）\n　※国道405号の開通・閉鎖時期により営業期間が変わりますので、事前にお問い合わせください。\n\n②\n【営業時間】9:00～17:00\n【定休日】　水曜日\n※ダムカード配布場所とダムは離れた場所ありますのでご注意願います。また、ダムカードが欲しい場合はダムに行った証明（写真等）が必要となります。",
        "address": "群馬県吾妻郡中之条町小雨22",
        "url": "①\nhttps://nozorikocamp.com/camp/\n\n②\nhttps://www.town.nakanojo.gunma.jp/soshiki/12/1360.html"
      }
    },
    {
      "type": "Feature",
      "geometry": {
        "type": "Point",
        "coordinates": [
          138.688232,
          36.376087
        ]
      },
      "properties": {
        "name": "霧積ダム",
        "location_marker": "①",
        "pref": "群馬県",
        "river_system": "利根川",
        "river": "霧積川",
        "card_ver": "2",
        "facility": "①\n霧積ダム管理事務所\n\n②\n碓氷峠の森公園交流館\n「峠の湯」",
        "hours": "①\n10:00～15:00（土・日・祝日及び\n１２/２９～１/３は配布していません）\n※平日であっても施設点検等により不在となり配布できない場合があります。\n\n②\n10:00～21:00（入館は20:30まで）\n休館日：毎月第2・第4火曜日\n※第2・第4火曜日が祝祭日の場合は開館し、翌日が休館日となります。",
        "address": "群馬県安中市松井田町坂本１７６８－１３３",
        "url": "①https://www.pref.gunma.jp/06/h40g_00083.html\n\n②http://usui-pass.com/"
      }
    },
    {
      "type": "Feature",
      "geometry": {
        "type": "Point",
        "coordinates": [
          138.716736,
          36.353168
        ]
      },
      "properties": {
        "name": "霧積ダム",
        "location_marker": "②",
        "pref": "群馬県",
        "river_system": "利根川",
        "river": "霧積川",
        "card_ver": "2",
        "facility": "①\n霧積ダム管理事務所\n\n②\n碓氷峠の森公園交流館\n「峠の湯」",
        "hours": "①\n10:00～15:00（土・日・祝日及び\n１２/２９～１/３は配布していません）\n※平日であっても施設点検等により不在となり配布できない場合があります。\n\n②\n10:00～21:00（入館は20:30まで）\n休館日：毎月第2・第4火曜日\n※第2・第4火曜日が祝祭日の場合は開館し、翌日が休館日となります。",
        "address": "群馬県安中市松井田町坂本１２２２",
        "url": "①https://www.pref.gunma.jp/06/h40g_00083.html\n\n②http://usui-pass.com/"
      }
    },
    {
      "type": "Feature",
      "geometry": {
        "type": "Point",
        "coordinates": [
          138.969696,
          36.765873
        ]
      },
      "properties": {
        "name": "須田貝ダム",
        "location_marker": "①",
        "pref": "群馬県",
        "river_system": "利根川",
        "river": "利根川",
        "card_ver": "1",
        "facility": "①\n道の駅みなかみ水紀行館\n\n②\nヤマザキ　Ｙショップ　アベ",
        "hours": "①【営業時間】9:00～17:00\n【定 休 日 】年中無休\n　　　　　　水産学習館のみ\n　　　　　　第３水曜日（祝日の場合、翌日）\n②\n【営業時間】6:00～19:00\n※都合により早く閉店する場合があります。\n【定 休 日 】不定休\n\n※①②いずれもダムカード配布場所とダムは離れた場所ありますのでご注意願います。また、ダムカードが欲しい場合はダムに行った証明（写真等）が必要となります。",
        "address": "群馬県利根郡みなかみ町湯原1681-1",
        "url": "①\nhttps://mizunofurusato.com/\n\n②\nhttp://enjoy-minakami.jp/buy.php?itemid=786"
      }
    },
    {
      "type": "Feature",
      "geometry": {
        "type": "Point",
        "coordinates": [
          138.98764,
          36.794037
        ]
      },
      "properties": {
        "name": "須田貝ダム",
        "location_marker": "②",
        "pref": "群馬県",
        "river_system": "利根川",
        "river": "利根川",
        "card_ver": "1",
        "facility": "①\n道の駅みなかみ水紀行館\n\n②\nヤマザキ　Ｙショップ　アベ",
        "hours": "①【営業時間】9:00～17:00\n【定 休 日 】年中無休\n　　　　　　水産学習館のみ\n　　　　　　第３水曜日（祝日の場合、翌日）\n②\n【営業時間】6:00～19:00\n※都合により早く閉店する場合があります。\n【定 休 日 】不定休\n\n※①②いずれもダムカード配布場所とダムは離れた場所ありますのでご注意願います。また、ダムカードが欲しい場合はダムに行った証明（写真等）が必要となります。",
        "address": "群馬県利根郡みなかみ町大穴158-1",
        "url": "①\nhttps://mizunofurusato.com/\n\n②\nhttp://enjoy-minakami.jp/buy.php?itemid=786"
      }
    },
    {
      "type": "Feature",
      "geometry": {
        "type": "Point",
        "coordinates": [
          139.280151,
          36.44088
        ]
      },
      "properties": {
        "name": "高津戸ダム",
        "location_marker": null,
        "pref": "群馬県",
        "river_system": "利根川",
        "river": "渡良瀬川",
        "card_ver": "3",
        "facility": "渡良瀬発電事務所",
        "hours": "9：00～1６：00\n（土・日・祝日及び年末年始は配布していません）",
        "address": "群馬県みどり市大間々町桐原１１６３",
        "url": "http://www.pref.gunma.jp/06/q1300019.html"
      }
    },
    {
      "type": "Feature",
      "geometry": {
        "type": "Point",
        "coordinates": [
          139.280151,
          36.44088
        ]
      },
      "properties": {
        "name": "黒坂石ダム",
        "location_marker": null,
        "pref": "群馬県",
        "river_system": "利根川",
        "river": "黒坂石川",
        "card_ver": "3",
        "facility": "渡良瀬発電事務所",
        "hours": "9：00～1６：00\n（土・日・祝日及び年末年始は配布していません）",
        "address": "群馬県みどり市大間々町桐原１１６３",
        "url": "http://www.pref.gunma.jp/06/q1300023.html"
      }
    },
    {
      "type": "Feature",
      "geometry": {
        "type": "Point",
        "coordinates": [
          140.613968,
          36.672695
        ]
      },
      "properties": {
        "name": "十王ダム",
        "location_marker": "①",
        "pref": "茨城県",
        "river_system": "十王川",
        "river": "十王川",
        "card_ver": "1",
        "facility": "①\n十王ダム管理事務所\n\n②\n茨城県県北生涯学習センター",
        "hours": "①\n8:30～17:15（平日のみ）\n（対応できない曜日・時間帯があるため詳細はＨＰをご覧ください）\n\n②\n9:00～21:00（月以外）\n（祝日・振替休日の場合は翌日及び年末年始は休館）",
        "address": "茨城県日立市十王町高原９－１",
        "url": "①\nhttp://www.pref.ibaraki.jp/doboku/kasen/dam/dam/damcard.html\n\n②\nhttps://www.kenpoku.gakusyu.ibk.ed.jp/"
      }
    },
    {
      "type": "Feature",
      "geometry": {
        "type": "Point",
        "coordinates": [
          140.683533,
          36.677956
        ]
      },
      "properties": {
        "name": "十王ダム",
        "location_marker": "②",
        "pref": "茨城県",
        "river_system": "十王川",
        "river": "十王川",
        "card_ver": "1",
        "facility": "①\n十王ダム管理事務所\n\n②\n茨城県県北生涯学習センター",
        "hours": "①\n8:30～17:15（平日のみ）\n（対応できない曜日・時間帯があるため詳細はＨＰをご覧ください）\n\n②\n9:00～21:00（月以外）\n（祝日・振替休日の場合は翌日及び年末年始は休館）",
        "address": "茨城県日立市十王町友部２５８１",
        "url": "①\nhttp://www.pref.ibaraki.jp/doboku/kasen/dam/dam/damcard.html\n\n②\nhttps://www.kenpoku.gakusyu.ibk.ed.jp/"
      }
    },
    {
      "type": "Feature",
      "geometry": {
        "type": "Point",
        "coordinates": [
          140.62088,
          36.82756
        ]
      },
      "properties": {
        "name": "小山ダム",
        "location_marker": null,
        "pref": "茨城県",
        "river_system": "大北川",
        "river": "大北川",
        "card_ver": "1",
        "facility": "小山ダム管理事務所",
        "hours": "8:30～17:15（平日のみ）\n（対応できない曜日・時間帯があるため詳細はＨＰをご覧ください）",
        "address": "茨城県高萩市横川１５３３－１",
        "url": "http://www.pref.ibaraki.jp/doboku/kasen/dam/dam/damcard.html"
      }
    },
    {
      "type": "Feature",
      "geometry": {
        "type": "Point",
        "coordinates": [
          140.393021,
          36.417091
        ]
      },
      "properties": {
        "name": "楮川ダム",
        "location_marker": null,
        "pref": "茨城県",
        "river_system": "那珂川",
        "river": "楮川",
        "card_ver": "2",
        "facility": "水戸市上下水道局水道部浄水管理事務所",
        "hours": "9:00～16:00\n（土・日・祝日・年末年始は配布していません）",
        "address": "茨城県水戸市田野町1662-14",
        "url": "https://www.city.mito.lg.jp/site/jougesuidou/6079.html"
      }
    },
    {
      "type": "Feature",
      "geometry": {
        "type": "Point",
        "coordinates": [
          140.693359,
          36.827927
        ]
      },
      "properties": {
        "name": "水沼ダム",
        "location_marker": "①",
        "pref": "茨城県",
        "river_system": "大北川",
        "river": "花園川",
        "card_ver": "2",
        "facility": "①\n水沼ダム管理事務所\n\n②\n公共の宿マウントあかね",
        "hours": "①\n8:30～17:15（平日のみ）\n（対応できない曜日・時間帯があるため詳細はＨＰをご覧ください）\n\n②\n8:30～17:15（年中無休）\n（設備点検等により臨時休業日あり）\n",
        "address": "茨城県北茨城市華川町小豆畑１５８６",
        "url": "①\nhttp://www.pref.ibaraki.jp/doboku/kasen/dam/dam/damcard.html\n\n②\nhttps://www.mountakane.com/shukuhaku.html"
      }
    },
    {
      "type": "Feature",
      "geometry": {
        "type": "Point",
        "coordinates": [
          140.693359,
          36.827927
        ]
      },
      "properties": {
        "name": "水沼ダム",
        "location_marker": "②",
        "pref": "茨城県",
        "river_system": "大北川",
        "river": "花園川",
        "card_ver": "2",
        "facility": "①\n水沼ダム管理事務所\n\n②\n公共の宿マウントあかね",
        "hours": "①\n8:30～17:15（平日のみ）\n（対応できない曜日・時間帯があるため詳細はＨＰをご覧ください）\n\n②\n8:30～17:15（年中無休）\n（設備点検等により臨時休業日あり）\n",
        "address": "茨城県北茨城市華川町小豆畑2747",
        "url": "①\nhttp://www.pref.ibaraki.jp/doboku/kasen/dam/dam/damcard.html\n\n②\nhttps://www.mountakane.com/shukuhaku.html"
      }
    },
    {
      "type": "Feature",
      "geometry": {
        "type": "Point",
        "coordinates": [
          140.466904,
          36.697983
        ]
      },
      "properties": {
        "name": "竜神ダム",
        "location_marker": "①",
        "pref": "茨城県",
        "river_system": "久慈川",
        "river": "竜神川",
        "card_ver": "1",
        "facility": "①\n竜神ダム管理事務所\n\n②\n竜神カフェ",
        "hours": "①\n8:30～17:15（平日のみ）\n（対応できない曜日・時間帯があるため詳細はＨＰをご覧ください）\n\n②\n11：00～14：00（火・水以外）",
        "address": "茨城県常陸太田市下高倉２１５３",
        "url": "①\nhttp://www.pref.ibaraki.jp/doboku/kasen/dam/dam/damcard.html\n\n②\nhttp://www.kanko-hitachiota.com/page/page001189.html"
      }
    },
    {
      "type": "Feature",
      "geometry": {
        "type": "Point",
        "coordinates": [
          140.466904,
          36.697983
        ]
      },
      "properties": {
        "name": "竜神ダム",
        "location_marker": "②",
        "pref": "茨城県",
        "river_system": "久慈川",
        "river": "竜神川",
        "card_ver": "1",
        "facility": "①\n竜神ダム管理事務所\n\n②\n竜神カフェ",
        "hours": "①\n8:30～17:15（平日のみ）\n（対応できない曜日・時間帯があるため詳細はＨＰをご覧ください）\n\n②\n11：00～14：00（火・水以外）",
        "address": "茨城県常陸太田市下高倉町2153-39",
        "url": "①\nhttp://www.pref.ibaraki.jp/doboku/kasen/dam/dam/damcard.html\n\n②\nhttp://www.kanko-hitachiota.com/page/page001189.html"
      }
    },
    {
      "type": "Feature",
      "geometry": {
        "type": "Point",
        "coordinates": [
          140.66803,
          36.716915
        ]
      },
      "properties": {
        "name": "花貫ダム",
        "location_marker": "①",
        "pref": "茨城県",
        "river_system": "花貫川",
        "river": "花貫川",
        "card_ver": "1",
        "facility": "①\n花貫ダム管理事務所\n\n②\n花貫ふるさと自然公園センター",
        "hours": "①\n8:30～17:15（平日のみ）\n（対応できない曜日・時間帯があるため詳細はＨＰをご覧ください）\n\n②\n9:00～16:00",
        "address": "茨城県高萩市秋山字板木２９８９",
        "url": "①\nhttp://www.pref.ibaraki.jp/doboku/kasen/dam/dam/damcard.html\n\n②\nhttp://www.takahagi-kanko.jp/page/page000325.html"
      }
    },
    {
      "type": "Feature",
      "geometry": {
        "type": "Point",
        "coordinates": [
          140.66803,
          36.716915
        ]
      },
      "properties": {
        "name": "花貫ダム",
        "location_marker": "②",
        "pref": "茨城県",
        "river_system": "花貫川",
        "river": "花貫川",
        "card_ver": "1",
        "facility": "①\n花貫ダム管理事務所\n\n②\n花貫ふるさと自然公園センター",
        "hours": "①\n8:30～17:15（平日のみ）\n（対応できない曜日・時間帯があるため詳細はＨＰをご覧ください）\n\n②\n9:00～16:00",
        "address": "茨城県高萩市秋山２９８９－１４",
        "url": "①\nhttp://www.pref.ibaraki.jp/doboku/kasen/dam/dam/damcard.html\n\n②\nhttp://www.takahagi-kanko.jp/page/page000325.html"
      }
    },
    {
      "type": "Feature",
      "geometry": {
        "type": "Point",
        "coordinates": [
          140.324966,
          36.447308
        ]
      },
      "properties": {
        "name": "藤井川ダム",
        "location_marker": "①",
        "pref": "茨城県",
        "river_system": "那珂川",
        "river": "藤井川",
        "card_ver": "1",
        "facility": "①\n藤井川ダム管理事務所\n\n②\n城里町健康増進施設ホロルの湯",
        "hours": "①\n8:30～17:15（平日のみ）\n（対応できない曜日・時間帯があるため詳細はＨＰをご覧ください）\n\n②\n10:00～20:00\n（定休日：月曜日※祝日の場合はその翌日\n　営業日についてはＨＰで確認下さい）",
        "address": "茨城県東茨城郡城里町下古内１８３１",
        "url": "①\nhttp://www.pref.ibaraki.jp/doboku/kasen/dam/dam/damcard.html\n\n②\nhttps://www.hororunoyu.jp/"
      }
    },
    {
      "type": "Feature",
      "geometry": {
        "type": "Point",
        "coordinates": [
          140.324966,
          36.447308
        ]
      },
      "properties": {
        "name": "藤井川ダム",
        "location_marker": "②",
        "pref": "茨城県",
        "river_system": "那珂川",
        "river": "藤井川",
        "card_ver": "1",
        "facility": "①\n藤井川ダム管理事務所\n\n②\n城里町健康増進施設ホロルの湯",
        "hours": "①\n8:30～17:15（平日のみ）\n（対応できない曜日・時間帯があるため詳細はＨＰをご覧ください）\n\n②\n10:00～20:00\n（定休日：月曜日※祝日の場合はその翌日\n　営業日についてはＨＰで確認下さい）",
        "address": "茨城県東茨城郡城里町下古内１８２９－３",
        "url": "①\nhttp://www.pref.ibaraki.jp/doboku/kasen/dam/dam/damcard.html\n\n②\nhttps://www.hororunoyu.jp/"
      }
    },
    {
      "type": "Feature",
      "geometry": {
        "type": "Point",
        "coordinates": [
          140.552368,
          35.934586
        ]
      },
      "properties": {
        "name": "霞ヶ浦（北浦）",
        "location_marker": "①",
        "pref": "茨城県",
        "river_system": "利根川",
        "river": "霞ヶ浦",
        "card_ver": "1",
        "facility": "①\n霞ヶ浦河川事務所\n\n②\n水郷潮来観光協会\n\n③\n波崎出張所\n\n④\n鉾田出張所",
        "hours": "①\n9:00～17:00（土、日、祝日、年末年始を除く。）\n庁舎建物内（敷地に入って右の建物）の総務課へお尋ね下さい。\n\n②\n9:30～17:00（原則火曜日定休）\n（水郷潮来あやめまつり期間は無休）\n\n③\n9:00～17:00（土、日、祝日、年末年始を除く。）\n庁舎（敷地に入って左の建物）のインターホンを押して下さい。\n\n④\n9:00～17:00（土、日、祝日、年末年始を除く。）\n庁舎のインターホンを押して下さい。",
        "address": "茨城県潮来市潮来３５１０",
        "url": "http://www.ktr.mlit.go.jp/kasumi/kasumi00598.html"
      }
    },
    {
      "type": "Feature",
      "geometry": {
        "type": "Point",
        "coordinates": [
          140.549454,
          35.937366
        ]
      },
      "properties": {
        "name": "霞ヶ浦（北浦）",
        "location_marker": "②",
        "pref": "茨城県",
        "river_system": "利根川",
        "river": "霞ヶ浦",
        "card_ver": "1",
        "facility": "①\n霞ヶ浦河川事務所\n\n②\n水郷潮来観光協会\n\n③\n波崎出張所\n\n④\n鉾田出張所",
        "hours": "①\n9:00～17:00（土、日、祝日、年末年始を除く。）\n庁舎建物内（敷地に入って右の建物）の総務課へお尋ね下さい。\n\n②\n9:30～17:00（原則火曜日定休）\n（水郷潮来あやめまつり期間は無休）\n\n③\n9:00～17:00（土、日、祝日、年末年始を除く。）\n庁舎（敷地に入って左の建物）のインターホンを押して下さい。\n\n④\n9:00～17:00（土、日、祝日、年末年始を除く。）\n庁舎のインターホンを押して下さい。",
        "address": "茨城県潮来市あやめ１－１－１６",
        "url": "http://www.ktr.mlit.go.jp/kasumi/kasumi00598.html"
      }
    },
    {
      "type": "Feature",
      "geometry": {
        "type": "Point",
        "coordinates": [
          140.709763,
          35.84164
        ]
      },
      "properties": {
        "name": "霞ヶ浦（北浦）",
        "location_marker": "③",
        "pref": "茨城県",
        "river_system": "利根川",
        "river": "霞ヶ浦",
        "card_ver": "1",
        "facility": "①\n霞ヶ浦河川事務所\n\n②\n水郷潮来観光協会\n\n③\n波崎出張所\n\n④\n鉾田出張所",
        "hours": "①\n9:00～17:00（土、日、祝日、年末年始を除く。）\n庁舎建物内（敷地に入って右の建物）の総務課へお尋ね下さい。\n\n②\n9:30～17:00（原則火曜日定休）\n（水郷潮来あやめまつり期間は無休）\n\n③\n9:00～17:00（土、日、祝日、年末年始を除く。）\n庁舎（敷地に入って左の建物）のインターホンを押して下さい。\n\n④\n9:00～17:00（土、日、祝日、年末年始を除く。）\n庁舎のインターホンを押して下さい。",
        "address": "茨城県神栖市太田３１０９",
        "url": "http://www.ktr.mlit.go.jp/kasumi/kasumi00598.html"
      }
    },
    {
      "type": "Feature",
      "geometry": {
        "type": "Point",
        "coordinates": [
          140.519806,
          36.156708
        ]
      },
      "properties": {
        "name": "霞ヶ浦（北浦）",
        "location_marker": "④",
        "pref": "茨城県",
        "river_system": "利根川",
        "river": "霞ヶ浦",
        "card_ver": "1",
        "facility": "①\n霞ヶ浦河川事務所\n\n②\n水郷潮来観光協会\n\n③\n波崎出張所\n\n④\n鉾田出張所",
        "hours": "①\n9:00～17:00（土、日、祝日、年末年始を除く。）\n庁舎建物内（敷地に入って右の建物）の総務課へお尋ね下さい。\n\n②\n9:30～17:00（原則火曜日定休）\n（水郷潮来あやめまつり期間は無休）\n\n③\n9:00～17:00（土、日、祝日、年末年始を除く。）\n庁舎（敷地に入って左の建物）のインターホンを押して下さい。\n\n④\n9:00～17:00（土、日、祝日、年末年始を除く。）\n庁舎のインターホンを押して下さい。",
        "address": "茨城県鉾田市鉾田１０６６",
        "url": "http://www.ktr.mlit.go.jp/kasumi/kasumi00598.html"
      }
    },
    {
      "type": "Feature",
      "geometry": {
        "type": "Point",
        "coordinates": [
          140.449677,
          35.944538
        ]
      },
      "properties": {
        "name": "霞ヶ浦（西浦）",
        "location_marker": "①",
        "pref": "茨城県",
        "river_system": "利根川",
        "river": "利根川",
        "card_ver": "1",
        "facility": "①\n利根川下流総合管理所\n\n②\n霞ヶ浦河川事務所\n土浦出張所\n\n③\n霞ヶ浦河川事務所\n麻生出張所",
        "hours": "①\n9:30～12:00、13:00～17:00（土、日、祝日を含む。）\n\n②\n9:00～17:00（土、日、祝日、年末年始を除く。）\n\n③\n9:00～17:00（土、日、祝日、年末年始を除く。）",
        "address": "茨城県稲敷市上之島３１１２",
        "url": "①\nhttps://www.water.go.jp/honsya/honsya/torikumi/tourism/damcard/area/tone_ara/kasumigaura.html\n\n②\nhttp://www.ktr.mlit.go.jp/kasumi/kasumi00016.html\n\n③\nhttp://www.ktr.mlit.go.jp/kasumi/kasumi00016.html"
      }
    },
    {
      "type": "Feature",
      "geometry": {
        "type": "Point",
        "coordinates": [
          140.216873,
          36.073738
        ]
      },
      "properties": {
        "name": "霞ヶ浦（西浦）",
        "location_marker": "②",
        "pref": "茨城県",
        "river_system": "利根川",
        "river": "利根川",
        "card_ver": "1",
        "facility": "①\n利根川下流総合管理所\n\n②\n霞ヶ浦河川事務所\n土浦出張所\n\n③\n霞ヶ浦河川事務所\n麻生出張所",
        "hours": "①\n9:30～12:00、13:00～17:00（土、日、祝日を含む。）\n\n②\n9:00～17:00（土、日、祝日、年末年始を除く。）\n\n③\n9:00～17:00（土、日、祝日、年末年始を除く。）",
        "address": "茨城県土浦市蓮河原町４４９７",
        "url": "①\nhttps://www.water.go.jp/honsya/honsya/torikumi/tourism/damcard/area/tone_ara/kasumigaura.html\n\n②\nhttp://www.ktr.mlit.go.jp/kasumi/kasumi00016.html\n\n③\nhttp://www.ktr.mlit.go.jp/kasumi/kasumi00016.html"
      }
    },
    {
      "type": "Feature",
      "geometry": {
        "type": "Point",
        "coordinates": [
          140.488739,
          35.991074
        ]
      },
      "properties": {
        "name": "霞ヶ浦（西浦）",
        "location_marker": "③",
        "pref": "茨城県",
        "river_system": "利根川",
        "river": "利根川",
        "card_ver": "1",
        "facility": "①\n利根川下流総合管理所\n\n②\n霞ヶ浦河川事務所\n土浦出張所\n\n③\n霞ヶ浦河川事務所\n麻生出張所",
        "hours": "①\n9:30～12:00、13:00～17:00（土、日、祝日を含む。）\n\n②\n9:00～17:00（土、日、祝日、年末年始を除く。）\n\n③\n9:00～17:00（土、日、祝日、年末年始を除く。）",
        "address": "茨城県行方市麻生１５７０－１",
        "url": "①\nhttps://www.water.go.jp/honsya/honsya/torikumi/tourism/damcard/area/tone_ara/kasumigaura.html\n\n②\nhttp://www.ktr.mlit.go.jp/kasumi/kasumi00016.html\n\n③\nhttp://www.ktr.mlit.go.jp/kasumi/kasumi00016.html"
      }
    },
    {
      "type": "Feature",
      "geometry": {
        "type": "Point",
        "coordinates": [
          140.277542,
          36.426636
        ]
      },
      "properties": {
        "name": "飯田ダム",
        "location_marker": "①",
        "pref": "茨城県",
        "river_system": "那珂川",
        "river": "飯田川",
        "card_ver": "1",
        "facility": "①\n飯田ダム管理事務所\n\n②\nかさま歴史交流館井筒屋",
        "hours": "①\n8:30～17:15（平日のみ）\n（対応できない曜日・時間帯があるため詳細はＨＰをご覧ください）\n\n②\n9:00～21:00\n（休館日：月曜日※祝日の場合はその翌日\n　開館日についてはＨＰをご覧ください）",
        "address": "茨城県笠間市飯田１１２５－１２",
        "url": "①\nhttp://www.pref.ibaraki.jp/doboku/kasen/dam/dam/damcard.html\n\n②\nhttps://www.kasamaidutsuya.com/"
      }
    },
    {
      "type": "Feature",
      "geometry": {
        "type": "Point",
        "coordinates": [
          140.261719,
          36.37878
        ]
      },
      "properties": {
        "name": "飯田ダム",
        "location_marker": "②",
        "pref": "茨城県",
        "river_system": "那珂川",
        "river": "飯田川",
        "card_ver": "1",
        "facility": "①\n飯田ダム管理事務所\n\n②\nかさま歴史交流館井筒屋",
        "hours": "①\n8:30～17:15（平日のみ）\n（対応できない曜日・時間帯があるため詳細はＨＰをご覧ください）\n\n②\n9:00～21:00\n（休館日：月曜日※祝日の場合はその翌日\n　開館日についてはＨＰをご覧ください）",
        "address": "茨城県笠間市笠間987",
        "url": "①\nhttp://www.pref.ibaraki.jp/doboku/kasen/dam/dam/damcard.html\n\n②\nhttps://www.kasamaidutsuya.com/"
      }
    },
    {
      "type": "Feature",
      "geometry": {
        "type": "Point",
        "coordinates": [
          129.713928,
          33.179272
        ]
      },
      "properties": {
        "name": "つづらダム",
        "location_marker": null,
        "pref": "長崎県",
        "river_system": "小佐々川",
        "river": "つづら川",
        "card_ver": "1",
        "facility": "県北振興局　県北ダム管理事務所",
        "hours": "9：00～17：00\n（土・日・祝祭日・年末年始は配布を行っておりません。）\n※配布には、ダムへ行った証明（写真等）が必要となります。",
        "address": "長崎県佐世保市木場田町３－２５",
        "url": "https://www.pref.nagasaki.jp/bunrui/machidukuri/kasen-sabo/nagamizube/index.html"
      }
    },
    {
      "type": "Feature",
      "geometry": {
        "type": "Point",
        "coordinates": [
          129.862549,
          32.78371
        ]
      },
      "properties": {
        "name": "中尾ダム",
        "location_marker": null,
        "pref": "長崎県",
        "river_system": "八郎川",
        "river": "中尾川",
        "card_ver": "1",
        "facility": "長崎振興局　河川課",
        "hours": "9：00～17：00\n（土・日・祝祭日・年末年始は配布を行っておりません。）\n※配布には、ダムへ行った証明（写真等）が必要となります。",
        "address": "長崎県長崎市大橋町11-1",
        "url": "https://www.pref.nagasaki.jp/bunrui/machidukuri/kasen-sabo/nagamizube/index.html"
      }
    },
    {
      "type": "Feature",
      "geometry": {
        "type": "Point",
        "coordinates": [
          129.862549,
          32.78371
        ]
      },
      "properties": {
        "name": "中山ダム",
        "location_marker": null,
        "pref": "長崎県",
        "river_system": "子々川川",
        "river": "子々川川",
        "card_ver": "1",
        "facility": "長崎振興局　河川課",
        "hours": "9：00～17：00\n（土・日・祝祭日・年末年始は配布を行っておりません。）\n※配布には、ダムへ行った証明（写真等）が必要となります。",
        "address": "長崎県長崎市大橋町11-1",
        "url": "https://www.pref.nagasaki.jp/bunrui/machidukuri/kasen-sabo/nagamizube/index.html"
      }
    },
    {
      "type": "Feature",
      "geometry": {
        "type": "Point",
        "coordinates": [
          129.289886,
          34.210068
        ]
      },
      "properties": {
        "name": "仁田ダム",
        "location_marker": null,
        "pref": "長崎県",
        "river_system": "仁田川",
        "river": "飼所川",
        "card_ver": "1",
        "facility": "対馬振興局　河港課",
        "hours": "9：00～17：00\n（土・日・祝祭日・年末年始は配布を行っておりません。）\n※配布には、ダムへ行った証明（写真等）が必要となります。",
        "address": "長崎県対馬市厳原町宮谷２２４",
        "url": "https://www.pref.nagasaki.jp/bunrui/machidukuri/kasen-sabo/nagamizube/index.html"
      }
    },
    {
      "type": "Feature",
      "geometry": {
        "type": "Point",
        "coordinates": [
          130.041779,
          32.854519
        ]
      },
      "properties": {
        "name": "伊木力ダム",
        "location_marker": null,
        "pref": "長崎県",
        "river_system": "伊木力川",
        "river": "山川内川",
        "card_ver": "1",
        "facility": "県央振興局　河港課",
        "hours": "9：00～17：00\n（土・日・祝祭日・年末年始は配布を行っておりません。）\n※配布には、ダムへ行った証明（写真等）が必要となります。",
        "address": "長崎県諫早市永昌東町25-8",
        "url": "https://www.pref.nagasaki.jp/bunrui/machidukuri/kasen-sabo/nagamizube/index.html"
      }
    },
    {
      "type": "Feature",
      "geometry": {
        "type": "Point",
        "coordinates": [
          129.692322,
          33.748852
        ]
      },
      "properties": {
        "name": "勝本ダム",
        "location_marker": null,
        "pref": "長崎県",
        "river_system": "谷江川",
        "river": "後川川",
        "card_ver": "1",
        "facility": "壱岐振興局　建設課、管理・用地課",
        "hours": "9：00～17：00\n（土・日・祝祭日・年末年始は配布を行っておりません。）\n※配布には、ダムへ行った証明（写真等）が必要となります。",
        "address": "長崎県壱岐市郷ノ浦町本村触５７０",
        "url": "https://www.pref.nagasaki.jp/bunrui/machidukuri/kasen-sabo/nagamizube/index.html"
      }
    },
    {
      "type": "Feature",
      "geometry": {
        "type": "Point",
        "coordinates": [
          130.041779,
          32.854519
        ]
      },
      "properties": {
        "name": "土師野尾ダム",
        "location_marker": null,
        "pref": "長崎県",
        "river_system": "東大川",
        "river": "楠原川",
        "card_ver": "1",
        "facility": "県央振興局　河港課",
        "hours": "9：00～17：00\n（土・日・祝祭日・年末年始は配布を行っておりません。）\n※配布には、ダムへ行った証明（写真等）が必要となります。",
        "address": "長崎県諫早市永昌東町25-8",
        "url": "https://www.pref.nagasaki.jp/bunrui/machidukuri/kasen-sabo/nagamizube/index.html"
      }
    },
    {
      "type": "Feature",
      "geometry": {
        "type": "Point",
        "coordinates": [
          129.11261,
          32.986675
        ]
      },
      "properties": {
        "name": "宮ノ川ダム",
        "location_marker": null,
        "pref": "長崎県",
        "river_system": "宮ノ川",
        "river": "宮ノ川",
        "card_ver": "1",
        "facility": "五島振興局　上五島支所　建設課",
        "hours": "9：00～17：00\n（土・日・祝祭日・年末年始は配布を行っておりません。）\n※配布には、ダムへ行った証明（写真等）が必要となります。",
        "address": "長崎県南松浦郡新上五島町有川郷578-2",
        "url": "https://www.pref.nagasaki.jp/bunrui/machidukuri/kasen-sabo/nagamizube/index.html"
      }
    },
    {
      "type": "Feature",
      "geometry": {
        "type": "Point",
        "coordinates": [
          129.862549,
          32.78371
        ]
      },
      "properties": {
        "name": "宮崎ダム",
        "location_marker": null,
        "pref": "長崎県",
        "river_system": "宮崎川",
        "river": "宮崎川",
        "card_ver": "1",
        "facility": "長崎振興局　河川課",
        "hours": "9：00～17：00\n（土・日・祝祭日・年末年始は配布を行っておりません。）\n※配布には、ダムへ行った証明（写真等）が必要となります。",
        "address": "長崎県長崎市大橋町11-1",
        "url": "https://www.pref.nagasaki.jp/bunrui/machidukuri/kasen-sabo/nagamizube/index.html"
      }
    },
    {
      "type": "Feature",
      "geometry": {
        "type": "Point",
        "coordinates": [
          129.862549,
          32.78371
        ]
      },
      "properties": {
        "name": "小ヶ倉ダム",
        "location_marker": null,
        "pref": "長崎県",
        "river_system": "鹿尾川",
        "river": "鹿尾川",
        "card_ver": "1",
        "facility": "長崎振興局　河川課",
        "hours": "9：00～17：00\n（土・日・祝祭日・年末年始は配布を行っておりません。）\n※配布には、ダムへ行った証明（写真等）が必要となります。",
        "address": "長崎県長崎市大橋町11-1",
        "url": "https://www.pref.nagasaki.jp/bunrui/machidukuri/kasen-sabo/nagamizube/index.html"
      }
    },
    {
      "type": "Feature",
      "geometry": {
        "type": "Point",
        "coordinates": [
          129.289886,
          34.210068
        ]
      },
      "properties": {
        "name": "小浦ダム",
        "location_marker": null,
        "pref": "長崎県",
        "river_system": "小浦川",
        "river": "樫塚川",
        "card_ver": "1",
        "facility": "対馬振興局　河港課",
        "hours": "9：00～17：00\n（土・日・祝祭日・年末年始は配布を行っておりません。）\n※配布には、ダムへ行った証明（写真等）が必要となります。",
        "address": "長崎県対馬市厳原町宮谷２２４",
        "url": "https://www.pref.nagasaki.jp/bunrui/machidukuri/kasen-sabo/nagamizube/index.html"
      }
    },
    {
      "type": "Feature",
      "geometry": {
        "type": "Point",
        "coordinates": [
          129.862549,
          32.78371
        ]
      },
      "properties": {
        "name": "式見ダム",
        "location_marker": null,
        "pref": "長崎県",
        "river_system": "式見川",
        "river": "式見川",
        "card_ver": "1",
        "facility": "長崎振興局　河川課",
        "hours": "9：00～17：00\n（土・日・祝祭日・年末年始は配布を行っておりません。）\n※配布には、ダムへ行った証明（写真等）が必要となります。",
        "address": "長崎県長崎市大橋町11-1",
        "url": "https://www.pref.nagasaki.jp/bunrui/machidukuri/kasen-sabo/nagamizube/index.html"
      }
    },
    {
      "type": "Feature",
      "geometry": {
        "type": "Point",
        "coordinates": [
          129.862549,
          32.78371
        ]
      },
      "properties": {
        "name": "本河内低部ダム",
        "location_marker": null,
        "pref": "長崎県",
        "river_system": "中島川",
        "river": "中島川",
        "card_ver": "1",
        "facility": "長崎振興局　河川課",
        "hours": "9：00～17：00\n（土・日・祝祭日・年末年始は配布を行っておりません。）\n※配布には、ダムへ行った証明（写真等）が必要となります。",
        "address": "長崎県長崎市大橋町11-1",
        "url": "https://www.pref.nagasaki.jp/bunrui/machidukuri/kasen-sabo/nagamizube/index.html"
      }
    },
    {
      "type": "Feature",
      "geometry": {
        "type": "Point",
        "coordinates": [
          129.862549,
          32.78371
        ]
      },
      "properties": {
        "name": "本河内高部ダム",
        "location_marker": null,
        "pref": "長崎県",
        "river_system": "中島川",
        "river": "中島川",
        "card_ver": "1",
        "facility": "長崎振興局　河川課",
        "hours": "9：00～17：00\n（土・日・祝祭日・年末年始は配布を行っておりません。）\n※配布には、ダムへ行った証明（写真等）が必要となります。",
        "address": "長崎県長崎市大橋町11-1",
        "url": "https://www.pref.nagasaki.jp/bunrui/machidukuri/kasen-sabo/nagamizube/index.html"
      }
    },
    {
      "type": "Feature",
      "geometry": {
        "type": "Point",
        "coordinates": [
          129.713928,
          33.179272
        ]
      },
      "properties": {
        "name": "樋口ダム",
        "location_marker": null,
        "pref": "長崎県",
        "river_system": "樋口川",
        "river": "樋口川",
        "card_ver": "1",
        "facility": "県北振興局　県北ダム管理事務所",
        "hours": "9：00～17：00\n（土・日・祝祭日・年末年始は配布を行っておりません。）\n※配布には、ダムへ行った証明（写真等）が必要となります。",
        "address": "長崎県佐世保市木場田町３－２５",
        "url": "https://www.pref.nagasaki.jp/bunrui/machidukuri/kasen-sabo/nagamizube/index.html"
      }
    },
    {
      "type": "Feature",
      "geometry": {
        "type": "Point",
        "coordinates": [
          129.692322,
          33.748852
        ]
      },
      "properties": {
        "name": "永田ダム",
        "location_marker": null,
        "pref": "長崎県",
        "river_system": "永田川",
        "river": "永田川",
        "card_ver": "1",
        "facility": "壱岐振興局　建設課、管理・用地課",
        "hours": "9：00～17：00\n（土・日・祝祭日・年末年始は配布を行っておりません。）\n※配布には、ダムへ行った証明（写真等）が必要となります。",
        "address": "長崎県壱岐市郷ノ浦町本村触５７０",
        "url": "https://www.pref.nagasaki.jp/bunrui/machidukuri/kasen-sabo/nagamizube/index.html"
      }
    },
    {
      "type": "Feature",
      "geometry": {
        "type": "Point",
        "coordinates": [
          129.713928,
          33.179272
        ]
      },
      "properties": {
        "name": "江永ダム",
        "location_marker": null,
        "pref": "長崎県",
        "river_system": "小森川",
        "river": "江永川",
        "card_ver": "1",
        "facility": "県北振興局　県北ダム管理事務所",
        "hours": "9：00～17：00\n（土・日・祝祭日・年末年始は配布を行っておりません。）\n※配布には、ダムへ行った証明（写真等）が必要となります。",
        "address": "長崎県佐世保市木場田町３－２５",
        "url": "https://www.pref.nagasaki.jp/bunrui/machidukuri/kasen-sabo/nagamizube/index.html"
      }
    },
    {
      "type": "Feature",
      "geometry": {
        "type": "Point",
        "coordinates": [
          129.862549,
          32.78371
        ]
      },
      "properties": {
        "name": "浦上ダム",
        "location_marker": null,
        "pref": "長崎県",
        "river_system": "浦上川",
        "river": "大井手川",
        "card_ver": "1",
        "facility": "長崎振興局　河川課",
        "hours": "9：00～17：00\n（土・日・祝祭日・年末年始は配布を行っておりません。）\n※配布には、ダムへ行った証明（写真等）が必要となります。",
        "address": "長崎県長崎市大橋町11-1",
        "url": "https://www.pref.nagasaki.jp/bunrui/machidukuri/kasen-sabo/nagamizube/index.html"
      }
    },
    {
      "type": "Feature",
      "geometry": {
        "type": "Point",
        "coordinates": [
          129.713928,
          33.179272
        ]
      },
      "properties": {
        "name": "猫山ダム",
        "location_marker": null,
        "pref": "長崎県",
        "river_system": "日宇川",
        "river": "日宇川",
        "card_ver": "1",
        "facility": "県北振興局　県北ダム管理事務所",
        "hours": "9：00～17：00\n（土・日・祝祭日・年末年始は配布を行っておりません。）\n※配布には、ダムへ行った証明（写真等）が必要となります。",
        "address": "長崎県佐世保市木場田町３－２５",
        "url": "https://www.pref.nagasaki.jp/bunrui/machidukuri/kasen-sabo/nagamizube/index.html"
      }
    },
    {
      "type": "Feature",
      "geometry": {
        "type": "Point",
        "coordinates": [
          129.692322,
          33.748852
        ]
      },
      "properties": {
        "name": "男女岳ダム",
        "location_marker": null,
        "pref": "長崎県",
        "river_system": "谷江川",
        "river": "角川",
        "card_ver": "1",
        "facility": "壱岐振興局　建設課、管理・用地課",
        "hours": "9：00～17：00\n（土・日・祝祭日・年末年始は配布を行っておりません。）\n※配布には、ダムへ行った証明（写真等）が必要となります。",
        "address": "長崎県壱岐市郷ノ浦町本村触５７０",
        "url": "https://www.pref.nagasaki.jp/bunrui/machidukuri/kasen-sabo/nagamizube/index.html"
      }
    },
    {
      "type": "Feature",
      "geometry": {
        "type": "Point",
        "coordinates": [
          129.289886,
          34.210068
        ]
      },
      "properties": {
        "name": "目保呂ダム",
        "location_marker": null,
        "pref": "長崎県",
        "river_system": "仁田川",
        "river": "仁田川",
        "card_ver": "1",
        "facility": "対馬振興局　河港課",
        "hours": "9：00～17：00\n（土・日・祝祭日・年末年始は配布を行っておりません。）\n※配布には、ダムへ行った証明（写真等）が必要となります。",
        "address": "長崎県対馬市厳原町宮谷２２４",
        "url": "https://www.pref.nagasaki.jp/bunrui/machidukuri/kasen-sabo/nagamizube/index.html"
      }
    },
    {
      "type": "Feature",
      "geometry": {
        "type": "Point",
        "coordinates": [
          129.868988,
          33.068192
        ]
      },
      "properties": {
        "name": "石木ダム",
        "location_marker": null,
        "pref": "長崎県",
        "river_system": "川棚川",
        "river": "石木川",
        "card_ver": "1",
        "facility": "石木ダム建設事務所　",
        "hours": "9：00～17：00\n（土・日・祝祭日・年末年始は配布を行っておりません。）\n※左記事務所に来所された方に配布しております。（建設中のためダムには行けません）",
        "address": "長崎県東彼杵郡川棚町百津郷３９４－２",
        "url": "http://www.pref.nagasaki.jp/section/ishiki/"
      }
    },
    {
      "type": "Feature",
      "geometry": {
        "type": "Point",
        "coordinates": [
          129.725388,
          32.877182
        ]
      },
      "properties": {
        "name": "神浦ダム",
        "location_marker": null,
        "pref": "長崎県",
        "river_system": "神浦川",
        "river": "神浦川",
        "card_ver": "1",
        "facility": "神浦ダム管理事務所",
        "hours": "9：00～17：00\n（土・日・祝祭日・年末年始は配布を行っておりません。）",
        "address": "長崎県長崎市神浦下大中尾町1748-32",
        "url": "https://www.pref.nagasaki.jp/bunrui/machidukuri/kasen-sabo/nagamizube/index.html"
      }
    },
    {
      "type": "Feature",
      "geometry": {
        "type": "Point",
        "coordinates": [
          128.818161,
          32.683186
        ]
      },
      "properties": {
        "name": "福江ダム",
        "location_marker": null,
        "pref": "長崎県",
        "river_system": "福江川",
        "river": "福江川",
        "card_ver": "1",
        "facility": "福江ダム管理事務所",
        "hours": "9：00～17：00\n（土・日・祝祭日・年末年始は配布を行っておりません。）",
        "address": "長崎県五島市吉田町1816",
        "url": "https://www.pref.nagasaki.jp/bunrui/machidukuri/kasen-sabo/nagamizube/index.html"
      }
    },
    {
      "type": "Feature",
      "geometry": {
        "type": "Point",
        "coordinates": [
          129.713928,
          33.179272
        ]
      },
      "properties": {
        "name": "笛吹ダム",
        "location_marker": null,
        "pref": "長崎県",
        "river_system": "志佐川",
        "river": "笛吹川",
        "card_ver": "1",
        "facility": "県北振興局　県北ダム管理事務所",
        "hours": "9：00～17：00\n（土・日・祝祭日・年末年始は配布を行っておりません。）\n※配布には、ダムへ行った証明（写真等）が必要となります。",
        "address": "長崎県佐世保市木場田町３－２５",
        "url": "https://www.pref.nagasaki.jp/bunrui/machidukuri/kasen-sabo/nagamizube/index.html"
      }
    },
    {
      "type": "Feature",
      "geometry": {
        "type": "Point",
        "coordinates": [
          130.041779,
          32.854519
        ]
      },
      "properties": {
        "name": "船津ダム",
        "location_marker": null,
        "pref": "長崎県",
        "river_system": "船津川",
        "river": "船津川",
        "card_ver": "1",
        "facility": "県央振興局　河港課",
        "hours": "9：00～17：00\n（土・日・祝祭日・年末年始は配布を行っておりません。）\n※配布には、ダムへ行った証明（写真等）が必要となります。",
        "address": "長崎県諫早市永昌東町25-8",
        "url": "https://www.pref.nagasaki.jp/bunrui/machidukuri/kasen-sabo/nagamizube/index.html"
      }
    },
    {
      "type": "Feature",
      "geometry": {
        "type": "Point",
        "coordinates": [
          130.041779,
          32.854519
        ]
      },
      "properties": {
        "name": "萱瀬ダム",
        "location_marker": null,
        "pref": "長崎県",
        "river_system": "郡川",
        "river": "郡川",
        "card_ver": "1",
        "facility": "県央振興局　河港課",
        "hours": "9：00～17：00\n（土・日・祝祭日・年末年始は配布を行っておりません。）\n※配布には、ダムへ行った証明（写真等）が必要となります。",
        "address": "長崎県諫早市永昌東町25-8",
        "url": "https://www.pref.nagasaki.jp/bunrui/machidukuri/kasen-sabo/nagamizube/index.html"
      }
    },
    {
      "type": "Feature",
      "geometry": {
        "type": "Point",
        "coordinates": [
          129.862549,
          32.78371
        ]
      },
      "properties": {
        "name": "西山ダム\n［長崎県］",
        "location_marker": null,
        "pref": "長崎県",
        "river_system": "中島川",
        "river": "西山川",
        "card_ver": "1",
        "facility": "長崎振興局　河川課",
        "hours": "9：00～17：00\n（土・日・祝祭日・年末年始は配布を行っておりません。）\n※配布には、ダムへ行った証明（写真等）が必要となります。",
        "address": "長崎県長崎市大橋町11-1",
        "url": "https://www.pref.nagasaki.jp/bunrui/machidukuri/kasen-sabo/nagamizube/index.html"
      }
    },
    {
      "type": "Feature",
      "geometry": {
        "type": "Point",
        "coordinates": [
          129.713928,
          33.179272
        ]
      },
      "properties": {
        "name": "野々川ダム",
        "location_marker": null,
        "pref": "長崎県",
        "river_system": "川棚川",
        "river": "野々川川",
        "card_ver": "1",
        "facility": "県北振興局　県北ダム管理事務所",
        "hours": "9：00～17：00\n（土・日・祝祭日・年末年始は配布を行っておりません。）\n※配布には、ダムへ行った証明（写真等）が必要となります。",
        "address": "長崎県佐世保市木場田町３－２５",
        "url": "https://www.pref.nagasaki.jp/bunrui/machidukuri/kasen-sabo/nagamizube/index.html"
      }
    },
    {
      "type": "Feature",
      "geometry": {
        "type": "Point",
        "coordinates": [
          129.862549,
          32.78371
        ]
      },
      "properties": {
        "name": "長与ダム",
        "location_marker": null,
        "pref": "長崎県",
        "river_system": "長与川",
        "river": "長与川",
        "card_ver": "1",
        "facility": "長崎振興局　河川課",
        "hours": "9：00～17：00\n（土・日・祝祭日・年末年始は配布を行っておりません。）\n※配布には、ダムへ行った証明（写真等）が必要となります。",
        "address": "長崎県長崎市大橋町11-1",
        "url": "https://www.pref.nagasaki.jp/bunrui/machidukuri/kasen-sabo/nagamizube/index.html"
      }
    },
    {
      "type": "Feature",
      "geometry": {
        "type": "Point",
        "coordinates": [
          129.289886,
          34.210068
        ]
      },
      "properties": {
        "name": "雞知ダム",
        "location_marker": null,
        "pref": "長崎県",
        "river_system": "雞知川",
        "river": "雞知川",
        "card_ver": "1",
        "facility": "対馬振興局　河港課",
        "hours": "9：00～17：00\n（土・日・祝祭日・年末年始は配布を行っておりません。）\n※配布には、ダムへ行った証明（写真等）が必要となります。",
        "address": "長崎県対馬市厳原町宮谷２２４",
        "url": "https://www.pref.nagasaki.jp/bunrui/machidukuri/kasen-sabo/nagamizube/index.html"
      }
    },
    {
      "type": "Feature",
      "geometry": {
        "type": "Point",
        "coordinates": [
          129.720078,
          32.947571
        ]
      },
      "properties": {
        "name": "雪浦ダム",
        "location_marker": null,
        "pref": "長崎県",
        "river_system": "雪浦川",
        "river": "雪浦川",
        "card_ver": "1",
        "facility": "雪浦ダム管理事務所",
        "hours": "9：00～17：00\n（土・日・祝祭日・年末年始は配布を行っておりません。）",
        "address": "長崎県西海市大瀬戸町雪浦幸物郷3",
        "url": "https://www.pref.nagasaki.jp/bunrui/machidukuri/kasen-sabo/nagamizube/index.html"
      }
    },
    {
      "type": "Feature",
      "geometry": {
        "type": "Point",
        "coordinates": [
          129.11261,
          32.986675
        ]
      },
      "properties": {
        "name": "青方ダム",
        "location_marker": null,
        "pref": "長崎県",
        "river_system": "釣道川",
        "river": "釣道川",
        "card_ver": "1",
        "facility": "五島振興局　上五島支所　建設課",
        "hours": "9：00～17：00\n（土・日・祝祭日・年末年始は配布を行っておりません。）\n※配布には、ダムへ行った証明（写真等）が必要となります。",
        "address": "長崎県南松浦郡新上五島町有川郷578-2",
        "url": "https://www.pref.nagasaki.jp/bunrui/machidukuri/kasen-sabo/nagamizube/index.html"
      }
    },
    {
      "type": "Feature",
      "geometry": {
        "type": "Point",
        "coordinates": [
          129.862549,
          32.78371
        ]
      },
      "properties": {
        "name": "高浜ダム",
        "location_marker": null,
        "pref": "長崎県",
        "river_system": "江川",
        "river": "江川",
        "card_ver": "1",
        "facility": "長崎振興局　河川課",
        "hours": "9：00～17：00\n（土・日・祝祭日・年末年始は配布を行っておりません。）\n※配布には、ダムへ行った証明（写真等）が必要となります。",
        "address": "長崎県長崎市大橋町11-1",
        "url": "https://www.pref.nagasaki.jp/bunrui/machidukuri/kasen-sabo/nagamizube/index.html"
      }
    },
    {
      "type": "Feature",
      "geometry": {
        "type": "Point",
        "coordinates": [
          129.862549,
          32.78371
        ]
      },
      "properties": {
        "name": "鳴見ダム",
        "location_marker": null,
        "pref": "長崎県",
        "river_system": "多以良川",
        "river": "二股川",
        "card_ver": "1",
        "facility": "長崎振興局　河川課",
        "hours": "9：00～17：00\n（土・日・祝祭日・年末年始は配布を行っておりません。）\n※配布には、ダムへ行った証明（写真等）が必要となります。",
        "address": "長崎県長崎市大橋町11-1",
        "url": "https://www.pref.nagasaki.jp/bunrui/machidukuri/kasen-sabo/nagamizube/index.html"
      }
    },
    {
      "type": "Feature",
      "geometry": {
        "type": "Point",
        "coordinates": [
          129.862549,
          32.78371
        ]
      },
      "properties": {
        "name": "鹿尾ダム",
        "location_marker": null,
        "pref": "長崎県",
        "river_system": "鹿尾川",
        "river": "鹿尾川",
        "card_ver": "1",
        "facility": "長崎振興局　河川課",
        "hours": "9：00～17：00\n（土・日・祝祭日・年末年始は配布を行っておりません。）\n※配布には、ダムへ行った証明（写真等）が必要となります。",
        "address": "長崎県長崎市大橋町11-1",
        "url": "https://www.pref.nagasaki.jp/bunrui/machidukuri/kasen-sabo/nagamizube/index.html"
      }
    },
    {
      "type": "Feature",
      "geometry": {
        "type": "Point",
        "coordinates": [
          129.862549,
          32.78371
        ]
      },
      "properties": {
        "name": "黒浜ダム",
        "location_marker": null,
        "pref": "長崎県",
        "river_system": "黒浜川",
        "river": "黒浜川",
        "card_ver": "1",
        "facility": "長崎振興局　河川課",
        "hours": "9：00～17：00\n（土・日・祝祭日・年末年始は配布を行っておりません。）\n※配布には、ダムへ行った証明（写真等）が必要となります。",
        "address": "長崎県長崎市大橋町11-1",
        "url": "https://www.pref.nagasaki.jp/bunrui/machidukuri/kasen-sabo/nagamizube/index.html"
      }
    },
    {
      "type": "Feature",
      "geometry": {
        "type": "Point",
        "coordinates": [
          138.471863,
          36.20219
        ]
      },
      "properties": {
        "name": "余地ダム",
        "location_marker": "①",
        "pref": "長野県",
        "river_system": "信濃川",
        "river": "余地川",
        "card_ver": "1",
        "facility": "①\n佐久建設事務所\n\n②\n道の駅八千穂高原\nビジターセンター",
        "hours": "①\n9：00～17：00（平日のみ）\n（※ただし年末年始を除く）\n\n②\n9：00～17：00（土、日、祝日を含む）\n（※ただし年末年始を除く）",
        "address": "長野県佐久市臼田2015",
        "url": "①\nhttp://www.pref.nagano.lg.jp/sakuken/\n\n②\nhttps://yachi-michi.com/"
      }
    },
    {
      "type": "Feature",
      "geometry": {
        "type": "Point",
        "coordinates": [
          138.453918,
          36.139107
        ]
      },
      "properties": {
        "name": "余地ダム",
        "location_marker": "②",
        "pref": "長野県",
        "river_system": "信濃川",
        "river": "余地川",
        "card_ver": "1",
        "facility": "①\n佐久建設事務所\n\n②\n道の駅八千穂高原\nビジターセンター",
        "hours": "①\n9：00～17：00（平日のみ）\n（※ただし年末年始を除く）\n\n②\n9：00～17：00（土、日、祝日を含む）\n（※ただし年末年始を除く）",
        "address": "長野県佐久穂町大字畑1190-1",
        "url": "①\nhttp://www.pref.nagano.lg.jp/sakuken/\n\n②\nhttps://yachi-michi.com/"
      }
    },
    {
      "type": "Feature",
      "geometry": {
        "type": "Point",
        "coordinates": [
          138.134827,
          36.301102
        ]
      },
      "properties": {
        "name": "内村ダム",
        "location_marker": "①",
        "pref": "長野県",
        "river_system": "信濃川",
        "river": "内村川",
        "card_ver": "1",
        "facility": "①\n鹿教湯温泉観光協会\n\n②\n上田建設事務所",
        "hours": "①\n9：00～17：00（土、日、祝日含む）\n（※ただし1月1日～3日を除く）　　　　　     　                                                                               \n\n②\n9：00～17:00（平日のみ）\n（※ただし年末年始を除く） ",
        "address": "長野県上田市鹿教湯温泉1434-2",
        "url": "①\nhttp://kakeyu.or.jp/\n\n②\nhttp://www.pref.nagano.lg.jp/ueken/"
      }
    },
    {
      "type": "Feature",
      "geometry": {
        "type": "Point",
        "coordinates": [
          138.259735,
          36.400368
        ]
      },
      "properties": {
        "name": "内村ダム",
        "location_marker": "②",
        "pref": "長野県",
        "river_system": "信濃川",
        "river": "内村川",
        "card_ver": "1",
        "facility": "①\n鹿教湯温泉観光協会\n\n②\n上田建設事務所",
        "hours": "①\n9：00～17：00（土、日、祝日含む）\n（※ただし1月1日～3日を除く）　　　　　     　                                                                               \n\n②\n9：00～17:00（平日のみ）\n（※ただし年末年始を除く） ",
        "address": "長野県上田市材木町1-2-6",
        "url": "①\nhttp://kakeyu.or.jp/\n\n②\nhttp://www.pref.nagano.lg.jp/ueken/"
      }
    },
    {
      "type": "Feature",
      "geometry": {
        "type": "Point",
        "coordinates": [
          138.047989,
          36.458355
        ]
      },
      "properties": {
        "name": "北山ダム",
        "location_marker": "①",
        "pref": "長野県",
        "river_system": "信濃川",
        "river": "宮川",
        "card_ver": "1",
        "facility": "①\n麻績村役場振興課\n\n②\n聖高原観光案内センター\n\n③\n聖レイクサイド館\n\n④\nシェーンガルテンおみ\n\n⑤\n奈良井川改良事務所\n（松本合同庁舎）",
        "hours": "①\n9：00～17：00（土、日、祝日含む）　     　                                                                               \n\n②\n9：00～17：00（土、日、祝日含む）　     　                                                                               \n\n③\n9：00～17：00（水曜日を除く）\n\n④\n9：00～17：00（土、日、祝日含む）　     　                                                                               \n\n⑤\n9：00～17:00（平日のみ）\n（※ただし年末年始を除く） ",
        "address": "長野県東筑摩郡麻績村麻3837",
        "url": "①\nhttp://www.vill.omi.nagano.jp/\n\n②\nhttp://www.vill.omi.nagano.jp/kanko/guidemap/view/000360.php\n\n③\nhttp://www.vill.omi.nagano.jp/kanko/tour/000316.php\n\n④\nhttp://www.vill.omi.nagano.jp/kanko/tour/000316.php\n\n⑤\nhttps://www.pref.nagano.lg.jp/naraigawa/index.html"
      }
    },
    {
      "type": "Feature",
      "geometry": {
        "type": "Point",
        "coordinates": [
          138.047989,
          36.458355
        ]
      },
      "properties": {
        "name": "北山ダム",
        "location_marker": "②",
        "pref": "長野県",
        "river_system": "信濃川",
        "river": "宮川",
        "card_ver": "1",
        "facility": "①\n麻績村役場振興課\n\n②\n聖高原観光案内センター\n\n③\n聖レイクサイド館\n\n④\nシェーンガルテンおみ\n\n⑤\n奈良井川改良事務所\n（松本合同庁舎）",
        "hours": "①\n9：00～17：00（土、日、祝日含む）　     　                                                                               \n\n②\n9：00～17：00（土、日、祝日含む）　     　                                                                               \n\n③\n9：00～17：00（水曜日を除く）\n\n④\n9：00～17：00（土、日、祝日含む）　     　                                                                               \n\n⑤\n9：00～17:00（平日のみ）\n（※ただし年末年始を除く） ",
        "address": "長野県東筑摩郡麻績村麻5889-1",
        "url": "①\nhttp://www.vill.omi.nagano.jp/\n\n②\nhttp://www.vill.omi.nagano.jp/kanko/guidemap/view/000360.php\n\n③\nhttp://www.vill.omi.nagano.jp/kanko/tour/000316.php\n\n④\nhttp://www.vill.omi.nagano.jp/kanko/tour/000316.php\n\n⑤\nhttps://www.pref.nagano.lg.jp/naraigawa/index.html"
      }
    },
    {
      "type": "Feature",
      "geometry": {
        "type": "Point",
        "coordinates": [
          138.047989,
          36.458355
        ]
      },
      "properties": {
        "name": "北山ダム",
        "location_marker": "③",
        "pref": "長野県",
        "river_system": "信濃川",
        "river": "宮川",
        "card_ver": "1",
        "facility": "①\n麻績村役場振興課\n\n②\n聖高原観光案内センター\n\n③\n聖レイクサイド館\n\n④\nシェーンガルテンおみ\n\n⑤\n奈良井川改良事務所\n（松本合同庁舎）",
        "hours": "①\n9：00～17：00（土、日、祝日含む）　     　                                                                               \n\n②\n9：00～17：00（土、日、祝日含む）　     　                                                                               \n\n③\n9：00～17：00（水曜日を除く）\n\n④\n9：00～17：00（土、日、祝日含む）　     　                                                                               \n\n⑤\n9：00～17:00（平日のみ）\n（※ただし年末年始を除く） ",
        "address": "長野県東筑摩郡麻績村麻5889-1",
        "url": "①\nhttp://www.vill.omi.nagano.jp/\n\n②\nhttp://www.vill.omi.nagano.jp/kanko/guidemap/view/000360.php\n\n③\nhttp://www.vill.omi.nagano.jp/kanko/tour/000316.php\n\n④\nhttp://www.vill.omi.nagano.jp/kanko/tour/000316.php\n\n⑤\nhttps://www.pref.nagano.lg.jp/naraigawa/index.html"
      }
    },
    {
      "type": "Feature",
      "geometry": {
        "type": "Point",
        "coordinates": [
          138.018204,
          36.459652
        ]
      },
      "properties": {
        "name": "北山ダム",
        "location_marker": "④",
        "pref": "長野県",
        "river_system": "信濃川",
        "river": "宮川",
        "card_ver": "1",
        "facility": "①\n麻績村役場振興課\n\n②\n聖高原観光案内センター\n\n③\n聖レイクサイド館\n\n④\nシェーンガルテンおみ\n\n⑤\n奈良井川改良事務所\n（松本合同庁舎）",
        "hours": "①\n9：00～17：00（土、日、祝日含む）　     　                                                                               \n\n②\n9：00～17：00（土、日、祝日含む）　     　                                                                               \n\n③\n9：00～17：00（水曜日を除く）\n\n④\n9：00～17：00（土、日、祝日含む）　     　                                                                               \n\n⑤\n9：00～17:00（平日のみ）\n（※ただし年末年始を除く） ",
        "address": "長野県東筑摩郡麻績村日3434",
        "url": "①\nhttp://www.vill.omi.nagano.jp/\n\n②\nhttp://www.vill.omi.nagano.jp/kanko/guidemap/view/000360.php\n\n③\nhttp://www.vill.omi.nagano.jp/kanko/tour/000316.php\n\n④\nhttp://www.vill.omi.nagano.jp/kanko/tour/000316.php\n\n⑤\nhttps://www.pref.nagano.lg.jp/naraigawa/index.html"
      }
    },
    {
      "type": "Feature",
      "geometry": {
        "type": "Point",
        "coordinates": [
          137.943344,
          36.235104
        ]
      },
      "properties": {
        "name": "北山ダム",
        "location_marker": "⑤",
        "pref": "長野県",
        "river_system": "信濃川",
        "river": "宮川",
        "card_ver": "1",
        "facility": "①\n麻績村役場振興課\n\n②\n聖高原観光案内センター\n\n③\n聖レイクサイド館\n\n④\nシェーンガルテンおみ\n\n⑤\n奈良井川改良事務所\n（松本合同庁舎）",
        "hours": "①\n9：00～17：00（土、日、祝日含む）　     　                                                                               \n\n②\n9：00～17：00（土、日、祝日含む）　     　                                                                               \n\n③\n9：00～17：00（水曜日を除く）\n\n④\n9：00～17：00（土、日、祝日含む）　     　                                                                               \n\n⑤\n9：00～17:00（平日のみ）\n（※ただし年末年始を除く） ",
        "address": "長野県松本市島立1020",
        "url": "①\nhttp://www.vill.omi.nagano.jp/\n\n②\nhttp://www.vill.omi.nagano.jp/kanko/guidemap/view/000360.php\n\n③\nhttp://www.vill.omi.nagano.jp/kanko/tour/000316.php\n\n④\nhttp://www.vill.omi.nagano.jp/kanko/tour/000316.php\n\n⑤\nhttps://www.pref.nagano.lg.jp/naraigawa/index.html"
      }
    },
    {
      "type": "Feature",
      "geometry": {
        "type": "Point",
        "coordinates": [
          138.547089,
          36.036011
        ]
      },
      "properties": {
        "name": "南相木ダム",
        "location_marker": null,
        "pref": "長野県",
        "river_system": "信濃川",
        "river": "南相木川",
        "card_ver": "1",
        "facility": "南相木温泉「滝見の湯」",
        "hours": "10：00～20：00（定休日あり）　　　　　　※冬期期間（例年12月～4月）は県道・市道閉鎖の為、配付はできません。",
        "address": "長野県南佐久郡南相木村5633-1",
        "url": "http://www.minamiaiki.jp/aikidamu.htm"
      }
    },
    {
      "type": "Feature",
      "geometry": {
        "type": "Point",
        "coordinates": [
          138.471863,
          36.20219
        ]
      },
      "properties": {
        "name": "古谷ダム",
        "location_marker": "①",
        "pref": "長野県",
        "river_system": "信濃川",
        "river": "抜井川",
        "card_ver": "1",
        "facility": "①\n佐久建設事務所\n\n②\n道の駅八千穂高原\nビジターセンター",
        "hours": "①\n9：00～17：00（平日のみ）\n（※ただし年末年始を除く）\n\n②\n9：00～17：00（土、日、祝日を含む）\n（※ただし年末年始を除く）",
        "address": "長野県佐久市臼田2015",
        "url": "①\nhttp://www.pref.nagano.lg.jp/sakuken/\n\n②\nhttps://yachi-michi.com/"
      }
    },
    {
      "type": "Feature",
      "geometry": {
        "type": "Point",
        "coordinates": [
          138.453918,
          36.139107
        ]
      },
      "properties": {
        "name": "古谷ダム",
        "location_marker": "②",
        "pref": "長野県",
        "river_system": "信濃川",
        "river": "抜井川",
        "card_ver": "1",
        "facility": "①\n佐久建設事務所\n\n②\n道の駅八千穂高原\nビジターセンター",
        "hours": "①\n9：00～17：00（平日のみ）\n（※ただし年末年始を除く）\n\n②\n9：00～17：00（土、日、祝日を含む）\n（※ただし年末年始を除く）",
        "address": "長野県佐久穂町大字畑1190-1",
        "url": "①\nhttp://www.pref.nagano.lg.jp/sakuken/\n\n②\nhttps://yachi-michi.com/"
      }
    },
    {
      "type": "Feature",
      "geometry": {
        "type": "Point",
        "coordinates": [
          137.751907,
          36.017796
        ]
      },
      "properties": {
        "name": "味噌川ダム",
        "location_marker": null,
        "pref": "長野県",
        "river_system": "木曽川",
        "river": "木曽川",
        "card_ver": "2",
        "facility": "木曽川上流ダム総合管理所　味噌川ダム管理所",
        "hours": "9:00～17:00\n（土、日、祝日を含む）\n管理所玄関のインターホンを押して下さい　　",
        "address": "長野県木曽郡木祖村大字小木曽2058-22",
        "url": "http://www.water.go.jp/chubu/misogawa/index.html"
      }
    },
    {
      "type": "Feature",
      "geometry": {
        "type": "Point",
        "coordinates": [
          137.734756,
          36.498711
        ]
      },
      "properties": {
        "name": "大町ダム",
        "location_marker": null,
        "pref": "長野県",
        "river_system": "信濃川",
        "river": "高瀬川",
        "card_ver": "1.1",
        "facility": "大町ダム管理所及び情報館",
        "hours": "８:３0～1７:30\n（土・日・祝日を含む）",
        "address": "長野県大町市平2112-71",
        "url": "http://www.hrr.mlit.go.jp/omachi/"
      }
    },
    {
      "type": "Feature",
      "geometry": {
        "type": "Point",
        "coordinates": [
          137.686646,
          36.221169
        ]
      },
      "properties": {
        "name": "奈川渡ダム",
        "location_marker": "①",
        "pref": "長野県",
        "river_system": "信濃川",
        "river": "梓川",
        "card_ver": "1",
        "facility": "①\n道の駅「風穴の里」\n\n②\nながわ山彩館\n\n③\nグレンパークさわんど\n\n④\n乗鞍BASEいがやレクリエーションランド\n\n⑤\n乗鞍高原観光案内所",
        "hours": "①【営業時間】9:00～17:00(夏季は営業時間の延長有)\n【定 休 日】11月中旬～4月中旬は木曜日（ただし木曜日が祝祭日の場合は営業）\n※事前にホームページ情報をご確認ください。\n※ダムカード配布場所とダムは離れた場所ありますのでご注意願います。\n②\n○グリーンシーズン（春～秋）\n【営業時間】9:00-16:00【定休日】水曜日（ＧＷ・お盆の繁忙期は除く）\n○スノーシーズン（冬）\n【営業時間】9:00-16:00【定休日】土・日・祝日\n【年末年始休業】12月28日～1月５日\n※冬期間は営業を縮小していますので詳細は直接お尋ねください。\n※ダムカード配布場所とダムは離れた場所ありますのでご注意願います。\n③\n○4/16～11/15\n【営業時間】9:00~17:00※詳細はホームページにて確認ください　\n【定 休 日 】原則毎週火曜日と水曜日　\n○11/16～4月中旬　詳細はホームページにて確認ください（祝祭日は営業）\n※ダムカード配布場所とダムは離れた場所ありますのでご注意願います。\n④\n【営業期間】4月23日～11月6日【営業時間】9:00～17:00\n【定休日】毎週火曜日（繁忙期は無休）\n※ダムカード配布場所とダムは離れた場所ありますのでご注意願います。\n⑤\n【営業期間】4月1日〜3月31日\n【営業時間】9:00〜16:00　　冬季（12月～3月）は11:00〜15:00\n【定 休 日】 グリーンシーズン：原則として火曜日\n　　　　　　閑散期（4月～7月、9月、11月）：火曜日・水曜日・木曜日\n　　　　　　冬季　　　　　　　　　　　　　　：火曜日・水曜日・木曜日・金曜日\n※ダムカード配布場所とダムは離れた場所ありますのでご注意願います。",
        "address": "長野県松本市安曇3528-1",
        "url": "①\nhttps://fu-ketsu.com\n\n②\nhttps://nagawashop.co.jp/home/\n\n③\nhttps://glenparkswnd.base.shop/\n\n④\nhttps://norikurabase.com\n\n⑤\nhttps://norikura.gr.jp/tourist-center/"
      }
    },
    {
      "type": "Feature",
      "geometry": {
        "type": "Point",
        "coordinates": [
          137.674896,
          36.071663
        ]
      },
      "properties": {
        "name": "奈川渡ダム",
        "location_marker": "②",
        "pref": "長野県",
        "river_system": "信濃川",
        "river": "梓川",
        "card_ver": "1",
        "facility": "①\n道の駅「風穴の里」\n\n②\nながわ山彩館\n\n③\nグレンパークさわんど\n\n④\n乗鞍BASEいがやレクリエーションランド\n\n⑤\n乗鞍高原観光案内所",
        "hours": "①【営業時間】9:00～17:00(夏季は営業時間の延長有)\n【定 休 日】11月中旬～4月中旬は木曜日（ただし木曜日が祝祭日の場合は営業）\n※事前にホームページ情報をご確認ください。\n※ダムカード配布場所とダムは離れた場所ありますのでご注意願います。\n②\n○グリーンシーズン（春～秋）\n【営業時間】9:00-16:00【定休日】水曜日（ＧＷ・お盆の繁忙期は除く）\n○スノーシーズン（冬）\n【営業時間】9:00-16:00【定休日】土・日・祝日\n【年末年始休業】12月28日～1月５日\n※冬期間は営業を縮小していますので詳細は直接お尋ねください。\n※ダムカード配布場所とダムは離れた場所ありますのでご注意願います。\n③\n○4/16～11/15\n【営業時間】9:00~17:00※詳細はホームページにて確認ください　\n【定 休 日 】原則毎週火曜日と水曜日　\n○11/16～4月中旬　詳細はホームページにて確認ください（祝祭日は営業）\n※ダムカード配布場所とダムは離れた場所ありますのでご注意願います。\n④\n【営業期間】4月23日～11月6日【営業時間】9:00～17:00\n【定休日】毎週火曜日（繁忙期は無休）\n※ダムカード配布場所とダムは離れた場所ありますのでご注意願います。\n⑤\n【営業期間】4月1日〜3月31日\n【営業時間】9:00〜16:00　　冬季（12月～3月）は11:00〜15:00\n【定 休 日】 グリーンシーズン：原則として火曜日\n　　　　　　閑散期（4月～7月、9月、11月）：火曜日・水曜日・木曜日\n　　　　　　冬季　　　　　　　　　　　　　　：火曜日・水曜日・木曜日・金曜日\n※ダムカード配布場所とダムは離れた場所ありますのでご注意願います。",
        "address": "長野県松本市奈川2120-1",
        "url": "①\nhttps://fu-ketsu.com\n\n②\nhttps://nagawashop.co.jp/home/\n\n③\nhttps://glenparkswnd.base.shop/\n\n④\nhttps://norikurabase.com\n\n⑤\nhttps://norikura.gr.jp/tourist-center/"
      }
    },
    {
      "type": "Feature",
      "geometry": {
        "type": "Point",
        "coordinates": [
          137.686646,
          36.221169
        ]
      },
      "properties": {
        "name": "奈川渡ダム",
        "location_marker": "③",
        "pref": "長野県",
        "river_system": "信濃川",
        "river": "梓川",
        "card_ver": "1",
        "facility": "①\n道の駅「風穴の里」\n\n②\nながわ山彩館\n\n③\nグレンパークさわんど\n\n④\n乗鞍BASEいがやレクリエーションランド\n\n⑤\n乗鞍高原観光案内所",
        "hours": "①【営業時間】9:00～17:00(夏季は営業時間の延長有)\n【定 休 日】11月中旬～4月中旬は木曜日（ただし木曜日が祝祭日の場合は営業）\n※事前にホームページ情報をご確認ください。\n※ダムカード配布場所とダムは離れた場所ありますのでご注意願います。\n②\n○グリーンシーズン（春～秋）\n【営業時間】9:00-16:00【定休日】水曜日（ＧＷ・お盆の繁忙期は除く）\n○スノーシーズン（冬）\n【営業時間】9:00-16:00【定休日】土・日・祝日\n【年末年始休業】12月28日～1月５日\n※冬期間は営業を縮小していますので詳細は直接お尋ねください。\n※ダムカード配布場所とダムは離れた場所ありますのでご注意願います。\n③\n○4/16～11/15\n【営業時間】9:00~17:00※詳細はホームページにて確認ください　\n【定 休 日 】原則毎週火曜日と水曜日　\n○11/16～4月中旬　詳細はホームページにて確認ください（祝祭日は営業）\n※ダムカード配布場所とダムは離れた場所ありますのでご注意願います。\n④\n【営業期間】4月23日～11月6日【営業時間】9:00～17:00\n【定休日】毎週火曜日（繁忙期は無休）\n※ダムカード配布場所とダムは離れた場所ありますのでご注意願います。\n⑤\n【営業期間】4月1日〜3月31日\n【営業時間】9:00〜16:00　　冬季（12月～3月）は11:00〜15:00\n【定 休 日】 グリーンシーズン：原則として火曜日\n　　　　　　閑散期（4月～7月、9月、11月）：火曜日・水曜日・木曜日\n　　　　　　冬季　　　　　　　　　　　　　　：火曜日・水曜日・木曜日・金曜日\n※ダムカード配布場所とダムは離れた場所ありますのでご注意願います。",
        "address": "長野県松本市安曇4144-17",
        "url": "①\nhttps://fu-ketsu.com\n\n②\nhttps://nagawashop.co.jp/home/\n\n③\nhttps://glenparkswnd.base.shop/\n\n④\nhttps://norikurabase.com\n\n⑤\nhttps://norikura.gr.jp/tourist-center/"
      }
    },
    {
      "type": "Feature",
      "geometry": {
        "type": "Point",
        "coordinates": [
          137.686646,
          36.221169
        ]
      },
      "properties": {
        "name": "奈川渡ダム",
        "location_marker": "④",
        "pref": "長野県",
        "river_system": "信濃川",
        "river": "梓川",
        "card_ver": "1",
        "facility": "①\n道の駅「風穴の里」\n\n②\nながわ山彩館\n\n③\nグレンパークさわんど\n\n④\n乗鞍BASEいがやレクリエーションランド\n\n⑤\n乗鞍高原観光案内所",
        "hours": "①【営業時間】9:00～17:00(夏季は営業時間の延長有)\n【定 休 日】11月中旬～4月中旬は木曜日（ただし木曜日が祝祭日の場合は営業）\n※事前にホームページ情報をご確認ください。\n※ダムカード配布場所とダムは離れた場所ありますのでご注意願います。\n②\n○グリーンシーズン（春～秋）\n【営業時間】9:00-16:00【定休日】水曜日（ＧＷ・お盆の繁忙期は除く）\n○スノーシーズン（冬）\n【営業時間】9:00-16:00【定休日】土・日・祝日\n【年末年始休業】12月28日～1月５日\n※冬期間は営業を縮小していますので詳細は直接お尋ねください。\n※ダムカード配布場所とダムは離れた場所ありますのでご注意願います。\n③\n○4/16～11/15\n【営業時間】9:00~17:00※詳細はホームページにて確認ください　\n【定 休 日 】原則毎週火曜日と水曜日　\n○11/16～4月中旬　詳細はホームページにて確認ください（祝祭日は営業）\n※ダムカード配布場所とダムは離れた場所ありますのでご注意願います。\n④\n【営業期間】4月23日～11月6日【営業時間】9:00～17:00\n【定休日】毎週火曜日（繁忙期は無休）\n※ダムカード配布場所とダムは離れた場所ありますのでご注意願います。\n⑤\n【営業期間】4月1日〜3月31日\n【営業時間】9:00〜16:00　　冬季（12月～3月）は11:00〜15:00\n【定 休 日】 グリーンシーズン：原則として火曜日\n　　　　　　閑散期（4月～7月、9月、11月）：火曜日・水曜日・木曜日\n　　　　　　冬季　　　　　　　　　　　　　　：火曜日・水曜日・木曜日・金曜日\n※ダムカード配布場所とダムは離れた場所ありますのでご注意願います。",
        "address": "長野県松本市安曇3994-21",
        "url": "①\nhttps://fu-ketsu.com\n\n②\nhttps://nagawashop.co.jp/home/\n\n③\nhttps://glenparkswnd.base.shop/\n\n④\nhttps://norikurabase.com\n\n⑤\nhttps://norikura.gr.jp/tourist-center/"
      }
    },
    {
      "type": "Feature",
      "geometry": {
        "type": "Point",
        "coordinates": [
          137.686646,
          36.221169
        ]
      },
      "properties": {
        "name": "奈川渡ダム",
        "location_marker": "⑤",
        "pref": "長野県",
        "river_system": "信濃川",
        "river": "梓川",
        "card_ver": "1",
        "facility": "①\n道の駅「風穴の里」\n\n②\nながわ山彩館\n\n③\nグレンパークさわんど\n\n④\n乗鞍BASEいがやレクリエーションランド\n\n⑤\n乗鞍高原観光案内所",
        "hours": "①【営業時間】9:00～17:00(夏季は営業時間の延長有)\n【定 休 日】11月中旬～4月中旬は木曜日（ただし木曜日が祝祭日の場合は営業）\n※事前にホームページ情報をご確認ください。\n※ダムカード配布場所とダムは離れた場所ありますのでご注意願います。\n②\n○グリーンシーズン（春～秋）\n【営業時間】9:00-16:00【定休日】水曜日（ＧＷ・お盆の繁忙期は除く）\n○スノーシーズン（冬）\n【営業時間】9:00-16:00【定休日】土・日・祝日\n【年末年始休業】12月28日～1月５日\n※冬期間は営業を縮小していますので詳細は直接お尋ねください。\n※ダムカード配布場所とダムは離れた場所ありますのでご注意願います。\n③\n○4/16～11/15\n【営業時間】9:00~17:00※詳細はホームページにて確認ください　\n【定 休 日 】原則毎週火曜日と水曜日　\n○11/16～4月中旬　詳細はホームページにて確認ください（祝祭日は営業）\n※ダムカード配布場所とダムは離れた場所ありますのでご注意願います。\n④\n【営業期間】4月23日～11月6日【営業時間】9:00～17:00\n【定休日】毎週火曜日（繁忙期は無休）\n※ダムカード配布場所とダムは離れた場所ありますのでご注意願います。\n⑤\n【営業期間】4月1日〜3月31日\n【営業時間】9:00〜16:00　　冬季（12月～3月）は11:00〜15:00\n【定 休 日】 グリーンシーズン：原則として火曜日\n　　　　　　閑散期（4月～7月、9月、11月）：火曜日・水曜日・木曜日\n　　　　　　冬季　　　　　　　　　　　　　　：火曜日・水曜日・木曜日・金曜日\n※ダムカード配布場所とダムは離れた場所ありますのでご注意願います。",
        "address": "長野県松本市安曇鈴蘭4306-5",
        "url": "①\nhttps://fu-ketsu.com\n\n②\nhttps://nagawashop.co.jp/home/\n\n③\nhttps://glenparkswnd.base.shop/\n\n④\nhttps://norikurabase.com\n\n⑤\nhttps://norikura.gr.jp/tourist-center/"
      }
    },
    {
      "type": "Feature",
      "geometry": {
        "type": "Point",
        "coordinates": [
          137.815948,
          35.936802
        ]
      },
      "properties": {
        "name": "奈良井ダム",
        "location_marker": null,
        "pref": "長野県",
        "river_system": "信濃川",
        "river": "奈良井川",
        "card_ver": "1",
        "facility": "奈良井ダム管理事務所",
        "hours": "9:00～17:00\n(土、日、祝日を含む)",
        "address": "長野県塩尻市大字奈良井字糟沢甲2741番地69",
        "url": "https://www.pref.nagano.lg.jp/naraigawa/index.html"
      }
    },
    {
      "type": "Feature",
      "geometry": {
        "type": "Point",
        "coordinates": [
          138.007797,
          36.724186
        ]
      },
      "properties": {
        "name": "奥裾花ダム",
        "location_marker": null,
        "pref": "長野県",
        "river_system": "信濃川",
        "river": "裾花川",
        "card_ver": "2",
        "facility": "裾花ダム管理事務所（管理第二課）",
        "hours": "9:00～17:00(土、日、祝日含む)\n※11月上旬～翌4月下旬までは配布していません。（詳細な時期は、HPをご覧下さい。）",
        "address": "長野県長野市鬼無里16943－4",
        "url": "http://www.pref.nagano.lg.jp/susobanadamu/index.html"
      }
    },
    {
      "type": "Feature",
      "geometry": {
        "type": "Point",
        "coordinates": [
          137.994751,
          36.403267
        ]
      },
      "properties": {
        "name": "小仁熊ダム",
        "location_marker": "①",
        "pref": "長野県",
        "river_system": "信濃川",
        "river": "小仁熊川",
        "card_ver": "1",
        "facility": "①\n筑北村役場建設課\n\n②\n西条温泉　とくら\n\n③\n道の駅さかきた　坂北やさいBOX\n\n④\n奈良井川改良事務所\n（松本合同庁舎）",
        "hours": "①\n9：00～17:00（平日のみ）\n（※ただし年末年始を除く）\n\n②\n9：00～17：00（土、日、祝日を含む、火曜日休館）\n（※ただし年末年始を除く）\n\n③\n9：３０～1６：３0（木曜日休館）\n（※ただし年末年始を除く）\n\n④\n9：00～17:00（平日のみ）\n（※ただし年末年始を除く）\n ",
        "address": "長野県東筑摩郡筑北村西条4195",
        "url": "①\nhttp://www.vill.chikuhoku.lg.jp/\n\n②\nhttp://www.tokura1000yu.com/\n\n③\nhttp://chikuhoku.jp/yasai_box/\n\n\n④https://www.pref.nagano.lg.jp/naraigawa/index.html"
      }
    },
    {
      "type": "Feature",
      "geometry": {
        "type": "Point",
        "coordinates": [
          137.994751,
          36.403267
        ]
      },
      "properties": {
        "name": "小仁熊ダム",
        "location_marker": "②",
        "pref": "長野県",
        "river_system": "信濃川",
        "river": "小仁熊川",
        "card_ver": "1",
        "facility": "①\n筑北村役場建設課\n\n②\n西条温泉　とくら\n\n③\n道の駅さかきた　坂北やさいBOX\n\n④\n奈良井川改良事務所\n（松本合同庁舎）",
        "hours": "①\n9：00～17:00（平日のみ）\n（※ただし年末年始を除く）\n\n②\n9：00～17：00（土、日、祝日を含む、火曜日休館）\n（※ただし年末年始を除く）\n\n③\n9：３０～1６：３0（木曜日休館）\n（※ただし年末年始を除く）\n\n④\n9：00～17:00（平日のみ）\n（※ただし年末年始を除く）\n ",
        "address": "長野県東筑摩郡筑北村西条3443",
        "url": "①\nhttp://www.vill.chikuhoku.lg.jp/\n\n②\nhttp://www.tokura1000yu.com/\n\n③\nhttp://chikuhoku.jp/yasai_box/\n\n\n④https://www.pref.nagano.lg.jp/naraigawa/index.html"
      }
    },
    {
      "type": "Feature",
      "geometry": {
        "type": "Point",
        "coordinates": [
          138.011688,
          36.402695
        ]
      },
      "properties": {
        "name": "小仁熊ダム",
        "location_marker": "③",
        "pref": "長野県",
        "river_system": "信濃川",
        "river": "小仁熊川",
        "card_ver": "1",
        "facility": "①\n筑北村役場建設課\n\n②\n西条温泉　とくら\n\n③\n道の駅さかきた　坂北やさいBOX\n\n④\n奈良井川改良事務所\n（松本合同庁舎）",
        "hours": "①\n9：00～17:00（平日のみ）\n（※ただし年末年始を除く）\n\n②\n9：00～17：00（土、日、祝日を含む、火曜日休館）\n（※ただし年末年始を除く）\n\n③\n9：３０～1６：３0（木曜日休館）\n（※ただし年末年始を除く）\n\n④\n9：00～17:00（平日のみ）\n（※ただし年末年始を除く）\n ",
        "address": "長野県東筑摩郡筑北村筑北4332-1",
        "url": "①\nhttp://www.vill.chikuhoku.lg.jp/\n\n②\nhttp://www.tokura1000yu.com/\n\n③\nhttp://chikuhoku.jp/yasai_box/\n\n\n④https://www.pref.nagano.lg.jp/naraigawa/index.html"
      }
    },
    {
      "type": "Feature",
      "geometry": {
        "type": "Point",
        "coordinates": [
          137.943344,
          36.235104
        ]
      },
      "properties": {
        "name": "小仁熊ダム",
        "location_marker": "④",
        "pref": "長野県",
        "river_system": "信濃川",
        "river": "小仁熊川",
        "card_ver": "1",
        "facility": "①\n筑北村役場建設課\n\n②\n西条温泉　とくら\n\n③\n道の駅さかきた　坂北やさいBOX\n\n④\n奈良井川改良事務所\n（松本合同庁舎）",
        "hours": "①\n9：00～17:00（平日のみ）\n（※ただし年末年始を除く）\n\n②\n9：00～17：00（土、日、祝日を含む、火曜日休館）\n（※ただし年末年始を除く）\n\n③\n9：３０～1６：３0（木曜日休館）\n（※ただし年末年始を除く）\n\n④\n9：00～17:00（平日のみ）\n（※ただし年末年始を除く）\n ",
        "address": "長野県松本市島立1020",
        "url": "①\nhttp://www.vill.chikuhoku.lg.jp/\n\n②\nhttp://www.tokura1000yu.com/\n\n③\nhttp://chikuhoku.jp/yasai_box/\n\n\n④https://www.pref.nagano.lg.jp/naraigawa/index.html"
      }
    },
    {
      "type": "Feature",
      "geometry": {
        "type": "Point",
        "coordinates": [
          137.968369,
          35.641712
        ]
      },
      "properties": {
        "name": "小渋ダム",
        "location_marker": null,
        "pref": "長野県",
        "river_system": "天竜川",
        "river": "小渋川",
        "card_ver": "1.1",
        "facility": "小渋ダム学習センター",
        "hours": "8:30～17:00（土・日・祝日を含む）",
        "address": "長野県上伊那郡中川村\n大草６８８４－１９",
        "url": "https://www.cbr.mlit.go.jp/tendamu/"
      }
    },
    {
      "type": "Feature",
      "geometry": {
        "type": "Point",
        "coordinates": [
          138.025925,
          36.577335
        ]
      },
      "properties": {
        "name": "小田切ダム",
        "location_marker": "①",
        "pref": "長野県",
        "river_system": "信濃川",
        "river": "犀川",
        "card_ver": "1",
        "facility": "①\n東京電力リニューアブルパワー株式会社　犀川事業所\n\n②\n道の駅　信州新町\n\n③\nドライブイン海沼",
        "hours": "①\n【営業時間】9:00～17:00\n【定 休 日】 土曜日・日曜日・祝祭日・年末年始\n※ダムカード配布場所とダムは離れた場所ありますのでご注意願います。また、ダムカードが欲しい場合はダムに行った証明（写真等）が必要となります。\n\n②\n【営業時間】8:30～17:45\n【定 休 日】 1月1日および2日　※毎月末は棚卸の為、17時閉店となります　※状況によって異なる場合があります\n※ダムカード配布場所とダムは離れた場所ありますのでご注意願います。また、ダムカードが欲しい場合はダムに行った証明（写真等）が必要となります。\n\n③\n【営業時間】9:00～17:00\n【定 休 日】 土曜日、日曜日、年末年始（12月29日～1月3日）",
        "address": "長野県長野市信州新町上条463-5",
        "url": "①\nhttps://www.tepco.co.jp/rp/business/hydroelectric_power/mechanism/dam/list/odagiri.html#anchor01\n\n②\nhttp://nagano-michinoeki.jp/\n\n③\n－"
      }
    },
    {
      "type": "Feature",
      "geometry": {
        "type": "Point",
        "coordinates": [
          138.044113,
          36.581177
        ]
      },
      "properties": {
        "name": "小田切ダム",
        "location_marker": "②",
        "pref": "長野県",
        "river_system": "信濃川",
        "river": "犀川",
        "card_ver": "1",
        "facility": "①\n東京電力リニューアブルパワー株式会社　犀川事業所\n\n②\n道の駅　信州新町\n\n③\nドライブイン海沼",
        "hours": "①\n【営業時間】9:00～17:00\n【定 休 日】 土曜日・日曜日・祝祭日・年末年始\n※ダムカード配布場所とダムは離れた場所ありますのでご注意願います。また、ダムカードが欲しい場合はダムに行った証明（写真等）が必要となります。\n\n②\n【営業時間】8:30～17:45\n【定 休 日】 1月1日および2日　※毎月末は棚卸の為、17時閉店となります　※状況によって異なる場合があります\n※ダムカード配布場所とダムは離れた場所ありますのでご注意願います。また、ダムカードが欲しい場合はダムに行った証明（写真等）が必要となります。\n\n③\n【営業時間】9:00～17:00\n【定 休 日】 土曜日、日曜日、年末年始（12月29日～1月3日）",
        "address": "長野県長野市信州新町水内4619",
        "url": "①\nhttps://www.tepco.co.jp/rp/business/hydroelectric_power/mechanism/dam/list/odagiri.html#anchor01\n\n②\nhttp://nagano-michinoeki.jp/\n\n③\n－"
      }
    },
    {
      "type": "Feature",
      "geometry": {
        "type": "Point",
        "coordinates": [
          138.124435,
          36.619534
        ]
      },
      "properties": {
        "name": "小田切ダム",
        "location_marker": "③",
        "pref": "長野県",
        "river_system": "信濃川",
        "river": "犀川",
        "card_ver": "1",
        "facility": "①\n東京電力リニューアブルパワー株式会社　犀川事業所\n\n②\n道の駅　信州新町\n\n③\nドライブイン海沼",
        "hours": "①\n【営業時間】9:00～17:00\n【定 休 日】 土曜日・日曜日・祝祭日・年末年始\n※ダムカード配布場所とダムは離れた場所ありますのでご注意願います。また、ダムカードが欲しい場合はダムに行った証明（写真等）が必要となります。\n\n②\n【営業時間】8:30～17:45\n【定 休 日】 1月1日および2日　※毎月末は棚卸の為、17時閉店となります　※状況によって異なる場合があります\n※ダムカード配布場所とダムは離れた場所ありますのでご注意願います。また、ダムカードが欲しい場合はダムに行った証明（写真等）が必要となります。\n\n③\n【営業時間】9:00～17:00\n【定 休 日】 土曜日、日曜日、年末年始（12月29日～1月3日）",
        "address": "長野県長野市篠ノ井小松原3287",
        "url": "①\nhttps://www.tepco.co.jp/rp/business/hydroelectric_power/mechanism/dam/list/odagiri.html#anchor01\n\n②\nhttp://nagano-michinoeki.jp/\n\n③\n－"
      }
    },
    {
      "type": "Feature",
      "geometry": {
        "type": "Point",
        "coordinates": [
          137.860825,
          35.264709
        ]
      },
      "properties": {
        "name": "平岡ダム",
        "location_marker": null,
        "pref": "長野県",
        "river_system": "天竜川",
        "river": "天竜川",
        "card_ver": "1.1",
        "facility": "ふれあいステーション龍泉閣\n2Fフロント",
        "hours": "6:30～20:00\n休業日：12月30日～1月2日\n※配布場所から平岡ダムまで車で３分と離れていますので、平岡ダムにいった証明としてデジカメ・携帯等で撮った「平岡ダム」の写真を提示するか、当日の平岡ダム周辺の景色の感想をお話しください。",
        "address": "長野県下伊那郡天龍村平岡１２８０－４",
        "url": "https://www.chuden.co.jp/energy/renew/ren_setsubi/water/damcard/"
      }
    },
    {
      "type": "Feature",
      "geometry": {
        "type": "Point",
        "coordinates": [
          137.751694,
          35.581654
        ]
      },
      "properties": {
        "name": "松川ダム",
        "location_marker": null,
        "pref": "長野県",
        "river_system": "天竜川",
        "river": "松川",
        "card_ver": "1",
        "facility": "松川ダム管理事務所",
        "hours": "9:00～17:00\n(土、日、祝日含む)",
        "address": "長野県飯田市上飯田8181－27",
        "url": "http://www.pref.nagano.lg.jp/matsukawadamu/index.html"
      }
    },
    {
      "type": "Feature",
      "geometry": {
        "type": "Point",
        "coordinates": [
          137.883438,
          35.968178
        ]
      },
      "properties": {
        "name": "横川ダム\n［長野県］",
        "location_marker": "①",
        "pref": "長野県",
        "river_system": "天竜川",
        "river": "横川川",
        "card_ver": "1",
        "facility": "①\nかやぶきの館\n\n②\n伊那建設事務所",
        "hours": "①\n9：00～17：00（※火曜日除く）\n（※ただし年末年始を除く）\n\n②\n9：00～17:00（平日のみ）\n（※ただし年末年始を除く）",
        "address": "長野県上伊那郡辰野町横川２７６６",
        "url": "①\nhttp://www.kayabukinoyakata.jp/\n\n②\nhttp://www.pref.nagano.lg.jp/inaken/"
      }
    },
    {
      "type": "Feature",
      "geometry": {
        "type": "Point",
        "coordinates": [
          137.957352,
          35.84029
        ]
      },
      "properties": {
        "name": "横川ダム\n［長野県］",
        "location_marker": "②",
        "pref": "長野県",
        "river_system": "天竜川",
        "river": "横川川",
        "card_ver": "1",
        "facility": "①\nかやぶきの館\n\n②\n伊那建設事務所",
        "hours": "①\n9：00～17：00（※火曜日除く）\n（※ただし年末年始を除く）\n\n②\n9：00～17:00（平日のみ）\n（※ただし年末年始を除く）",
        "address": "長野県伊那市荒井３４９７",
        "url": "①\nhttp://www.kayabukinoyakata.jp/\n\n②\nhttp://www.pref.nagano.lg.jp/inaken/"
      }
    },
    {
      "type": "Feature",
      "geometry": {
        "type": "Point",
        "coordinates": [
          137.992432,
          36.359379
        ]
      },
      "properties": {
        "name": "水上ダム",
        "location_marker": "①",
        "pref": "長野県",
        "river_system": "信濃川",
        "river": "水上沢川",
        "card_ver": "1",
        "facility": "①\n松本市役所四賀支所\n農林担当窓口\n\n②\n四賀化石館\n\n③\n西条温泉　とくら\n\n④\n奈良井川改良事務所\n（松本合同庁舎）",
        "hours": "①\n9：00～17:00（平日のみ）\n（※ただし年末年始を除く） \n\n②\n9：00～17：00（休館日を除く）\n\n③\n9：00～17：00（土、日、祝日を含む、火曜日休館）\n（※ただし年末年始を除く）\n\n④\n9：00～17:00（平日のみ）\n（※ただし年末年始を除く） ",
        "address": "長野県松本市会田1001番地1",
        "url": "①\n https://www.city.matsumoto.nagano.jp/sisetu/shisyo_syucyou/sisho.html\n\n②\nhttp://matsu-haku.com/shigakaseki/info\n\n③\nhttp://www.tokura1000yu.com/\n\n④\nhttps://www.pref.nagano.lg.jp/naraigawa/index.html"
      }
    },
    {
      "type": "Feature",
      "geometry": {
        "type": "Point",
        "coordinates": [
          138.002762,
          36.308746
        ]
      },
      "properties": {
        "name": "水上ダム",
        "location_marker": "②",
        "pref": "長野県",
        "river_system": "信濃川",
        "river": "水上沢川",
        "card_ver": "1",
        "facility": "①\n松本市役所四賀支所\n農林担当窓口\n\n②\n四賀化石館\n\n③\n西条温泉　とくら\n\n④\n奈良井川改良事務所\n（松本合同庁舎）",
        "hours": "①\n9：00～17:00（平日のみ）\n（※ただし年末年始を除く） \n\n②\n9：00～17：00（休館日を除く）\n\n③\n9：00～17：00（土、日、祝日を含む、火曜日休館）\n（※ただし年末年始を除く）\n\n④\n9：00～17:00（平日のみ）\n（※ただし年末年始を除く） ",
        "address": "長野県松本市七嵐85-1",
        "url": "①\n https://www.city.matsumoto.nagano.jp/sisetu/shisyo_syucyou/sisho.html\n\n②\nhttp://matsu-haku.com/shigakaseki/info\n\n③\nhttp://www.tokura1000yu.com/\n\n④\nhttps://www.pref.nagano.lg.jp/naraigawa/index.html"
      }
    },
    {
      "type": "Feature",
      "geometry": {
        "type": "Point",
        "coordinates": [
          137.994751,
          36.403267
        ]
      },
      "properties": {
        "name": "水上ダム",
        "location_marker": "③",
        "pref": "長野県",
        "river_system": "信濃川",
        "river": "水上沢川",
        "card_ver": "1",
        "facility": "①\n松本市役所四賀支所\n農林担当窓口\n\n②\n四賀化石館\n\n③\n西条温泉　とくら\n\n④\n奈良井川改良事務所\n（松本合同庁舎）",
        "hours": "①\n9：00～17:00（平日のみ）\n（※ただし年末年始を除く） \n\n②\n9：00～17：00（休館日を除く）\n\n③\n9：00～17：00（土、日、祝日を含む、火曜日休館）\n（※ただし年末年始を除く）\n\n④\n9：00～17:00（平日のみ）\n（※ただし年末年始を除く） ",
        "address": "長野県東筑摩郡筑北村西条3443",
        "url": "①\n https://www.city.matsumoto.nagano.jp/sisetu/shisyo_syucyou/sisho.html\n\n②\nhttp://matsu-haku.com/shigakaseki/info\n\n③\nhttp://www.tokura1000yu.com/\n\n④\nhttps://www.pref.nagano.lg.jp/naraigawa/index.html"
      }
    },
    {
      "type": "Feature",
      "geometry": {
        "type": "Point",
        "coordinates": [
          137.943344,
          36.235104
        ]
      },
      "properties": {
        "name": "水上ダム",
        "location_marker": "④",
        "pref": "長野県",
        "river_system": "信濃川",
        "river": "水上沢川",
        "card_ver": "1",
        "facility": "①\n松本市役所四賀支所\n農林担当窓口\n\n②\n四賀化石館\n\n③\n西条温泉　とくら\n\n④\n奈良井川改良事務所\n（松本合同庁舎）",
        "hours": "①\n9：00～17:00（平日のみ）\n（※ただし年末年始を除く） \n\n②\n9：00～17：00（休館日を除く）\n\n③\n9：00～17：00（土、日、祝日を含む、火曜日休館）\n（※ただし年末年始を除く）\n\n④\n9：00～17:00（平日のみ）\n（※ただし年末年始を除く） ",
        "address": "長野県松本市島立1020",
        "url": "①\n https://www.city.matsumoto.nagano.jp/sisetu/shisyo_syucyou/sisho.html\n\n②\nhttp://matsu-haku.com/shigakaseki/info\n\n③\nhttp://www.tokura1000yu.com/\n\n④\nhttps://www.pref.nagano.lg.jp/naraigawa/index.html"
      }
    },
    {
      "type": "Feature",
      "geometry": {
        "type": "Point",
        "coordinates": [
          138.025925,
          36.577335
        ]
      },
      "properties": {
        "name": "水内ダム",
        "location_marker": "①",
        "pref": "長野県",
        "river_system": "信濃川",
        "river": "犀川",
        "card_ver": "1.1",
        "facility": "①\n東京電力リニューアブルパワー株式会社　犀川事業所\n\n②\n道の駅　信州新町",
        "hours": "①\n【営業時間】9:00～17:00\n【定 休 日】 土曜日・日曜日・祝祭日・年末年始\n※ダムカード配布場所とダムは離れた場所ありますのでご注意願います。また、ダムカードが欲しい場合はダムに行った証明（写真等）が必要となります。\n\n②\n【営業時間】8:30～17:45\n【定 休 日】 1月1日および2日、※毎月末は棚卸の為、17時閉店となります　※状況によって異なる場合があります\n※ダムカード配布場所とダムは離れた場所ありますのでご注意願います。また、ダムカードが欲しい場合はダムに行った証明（写真等）が必要となります。",
        "address": "長野県長野市信州新町上条463-5",
        "url": "①\nhttps://www.tepco.co.jp/rp/business/hydroelectric_power/mechanism/dam/list/minochi.html#anchor01\n②\nhttp://nagano-michinoeki.jp/"
      }
    },
    {
      "type": "Feature",
      "geometry": {
        "type": "Point",
        "coordinates": [
          138.044113,
          36.581177
        ]
      },
      "properties": {
        "name": "水内ダム",
        "location_marker": "②",
        "pref": "長野県",
        "river_system": "信濃川",
        "river": "犀川",
        "card_ver": "1.1",
        "facility": "①\n東京電力リニューアブルパワー株式会社　犀川事業所\n\n②\n道の駅　信州新町",
        "hours": "①\n【営業時間】9:00～17:00\n【定 休 日】 土曜日・日曜日・祝祭日・年末年始\n※ダムカード配布場所とダムは離れた場所ありますのでご注意願います。また、ダムカードが欲しい場合はダムに行った証明（写真等）が必要となります。\n\n②\n【営業時間】8:30～17:45\n【定 休 日】 1月1日および2日、※毎月末は棚卸の為、17時閉店となります　※状況によって異なる場合があります\n※ダムカード配布場所とダムは離れた場所ありますのでご注意願います。また、ダムカードが欲しい場合はダムに行った証明（写真等）が必要となります。",
        "address": "長野県長野市信州新町水内4619",
        "url": "①\nhttps://www.tepco.co.jp/rp/business/hydroelectric_power/mechanism/dam/list/minochi.html#anchor01\n②\nhttp://nagano-michinoeki.jp/"
      }
    },
    {
      "type": "Feature",
      "geometry": {
        "type": "Point",
        "coordinates": [
          137.686646,
          36.221169
        ]
      },
      "properties": {
        "name": "水殿ダム",
        "location_marker": "①",
        "pref": "長野県",
        "river_system": "信濃川",
        "river": "梓川",
        "card_ver": "1",
        "facility": "①\n道の駅「風穴の里」\n\n②\nながわ山彩館\n\n③\n乗鞍BASEいがやレクリエーションランド\n\n④\n乗鞍高原観光案内所",
        "hours": "①\n【営業時間】9:00～17:00(夏季は営業時間の延長有)\n【定 休 日】11月中旬～4月中旬は木曜日（ただし木曜日が祝祭日の場合は営業）\n※事前にホームページ情報をご確認ください。\n※ダムカード配布場所とダムは離れた場所ありますのでご注意願います。また、ダムカードが欲しい場合はダムに行った証明（写真等）が必要となります。\n②\n○グリーンシーズン（春～秋）\n【営業時間】9:00-16:00\n【定休日】水曜日（ＧＷ・お盆の繁忙期は除く）\n○スノーシーズン（冬）\n【営業時間】9:00-16:00\n【定休日】土・日・祝日\n【年末年始休業】12月28日～1月５日\n ※冬期間は営業を縮小していますので詳細は直接お尋ねください。\n※ダムカード配布場所とダムは離れた場所ありますのでご注意願います。また、ダムカードが欲しい場合はダムに行った証明（写真等）が必要となります。\n③\n【営業期間】4月23日～11月6日\n【営業時間】9:00～17:00\n【定休日】毎週火曜日（繁忙期は無休）\n※ダムカード配布場所とダムは離れた場所ありますのでご注意願います。また、ダムカードが欲しい場合はダムに行った証明（写真等）が必要となります。\n④\n【営業期間】4月1日〜3月31日\n【営業時間】9:00〜16:00　　冬季（12月～3月）は11:00〜15:00\n【定 休 日】 グリーンシーズン：原則として火曜日\n　　　　　　閑散期（4月～7月、9月、11月）：火曜日・水曜日・木曜日\n　　　　　　冬季　　　　　　　　　　　　　　：火曜日・水曜日・木曜日・金曜日\n※ダムカード配布場所とダムは離れた場所ありますのでご注意願います。また、ダムカードが欲しい場合はダムに行った証明（写真等）が必要となります。",
        "address": "長野県松本市安曇3528-1",
        "url": "①\nhttps://fu-ketsu.com\n\n②\nhttps://nagawashop.co.jp/home/\n\n③\nhttps://norikurabase.com\n\n④\nhttps://norikura.gr.jp/tourist-center/"
      }
    },
    {
      "type": "Feature",
      "geometry": {
        "type": "Point",
        "coordinates": [
          137.674896,
          36.071663
        ]
      },
      "properties": {
        "name": "水殿ダム",
        "location_marker": "②",
        "pref": "長野県",
        "river_system": "信濃川",
        "river": "梓川",
        "card_ver": "1",
        "facility": "①\n道の駅「風穴の里」\n\n②\nながわ山彩館\n\n③\n乗鞍BASEいがやレクリエーションランド\n\n④\n乗鞍高原観光案内所",
        "hours": "①\n【営業時間】9:00～17:00(夏季は営業時間の延長有)\n【定 休 日】11月中旬～4月中旬は木曜日（ただし木曜日が祝祭日の場合は営業）\n※事前にホームページ情報をご確認ください。\n※ダムカード配布場所とダムは離れた場所ありますのでご注意願います。また、ダムカードが欲しい場合はダムに行った証明（写真等）が必要となります。\n②\n○グリーンシーズン（春～秋）\n【営業時間】9:00-16:00\n【定休日】水曜日（ＧＷ・お盆の繁忙期は除く）\n○スノーシーズン（冬）\n【営業時間】9:00-16:00\n【定休日】土・日・祝日\n【年末年始休業】12月28日～1月５日\n ※冬期間は営業を縮小していますので詳細は直接お尋ねください。\n※ダムカード配布場所とダムは離れた場所ありますのでご注意願います。また、ダムカードが欲しい場合はダムに行った証明（写真等）が必要となります。\n③\n【営業期間】4月23日～11月6日\n【営業時間】9:00～17:00\n【定休日】毎週火曜日（繁忙期は無休）\n※ダムカード配布場所とダムは離れた場所ありますのでご注意願います。また、ダムカードが欲しい場合はダムに行った証明（写真等）が必要となります。\n④\n【営業期間】4月1日〜3月31日\n【営業時間】9:00〜16:00　　冬季（12月～3月）は11:00〜15:00\n【定 休 日】 グリーンシーズン：原則として火曜日\n　　　　　　閑散期（4月～7月、9月、11月）：火曜日・水曜日・木曜日\n　　　　　　冬季　　　　　　　　　　　　　　：火曜日・水曜日・木曜日・金曜日\n※ダムカード配布場所とダムは離れた場所ありますのでご注意願います。また、ダムカードが欲しい場合はダムに行った証明（写真等）が必要となります。",
        "address": "長野県松本市奈川2120-1",
        "url": "①\nhttps://fu-ketsu.com\n\n②\nhttps://nagawashop.co.jp/home/\n\n③\nhttps://norikurabase.com\n\n④\nhttps://norikura.gr.jp/tourist-center/"
      }
    },
    {
      "type": "Feature",
      "geometry": {
        "type": "Point",
        "coordinates": [
          137.686646,
          36.221169
        ]
      },
      "properties": {
        "name": "水殿ダム",
        "location_marker": "③",
        "pref": "長野県",
        "river_system": "信濃川",
        "river": "梓川",
        "card_ver": "1",
        "facility": "①\n道の駅「風穴の里」\n\n②\nながわ山彩館\n\n③\n乗鞍BASEいがやレクリエーションランド\n\n④\n乗鞍高原観光案内所",
        "hours": "①\n【営業時間】9:00～17:00(夏季は営業時間の延長有)\n【定 休 日】11月中旬～4月中旬は木曜日（ただし木曜日が祝祭日の場合は営業）\n※事前にホームページ情報をご確認ください。\n※ダムカード配布場所とダムは離れた場所ありますのでご注意願います。また、ダムカードが欲しい場合はダムに行った証明（写真等）が必要となります。\n②\n○グリーンシーズン（春～秋）\n【営業時間】9:00-16:00\n【定休日】水曜日（ＧＷ・お盆の繁忙期は除く）\n○スノーシーズン（冬）\n【営業時間】9:00-16:00\n【定休日】土・日・祝日\n【年末年始休業】12月28日～1月５日\n ※冬期間は営業を縮小していますので詳細は直接お尋ねください。\n※ダムカード配布場所とダムは離れた場所ありますのでご注意願います。また、ダムカードが欲しい場合はダムに行った証明（写真等）が必要となります。\n③\n【営業期間】4月23日～11月6日\n【営業時間】9:00～17:00\n【定休日】毎週火曜日（繁忙期は無休）\n※ダムカード配布場所とダムは離れた場所ありますのでご注意願います。また、ダムカードが欲しい場合はダムに行った証明（写真等）が必要となります。\n④\n【営業期間】4月1日〜3月31日\n【営業時間】9:00〜16:00　　冬季（12月～3月）は11:00〜15:00\n【定 休 日】 グリーンシーズン：原則として火曜日\n　　　　　　閑散期（4月～7月、9月、11月）：火曜日・水曜日・木曜日\n　　　　　　冬季　　　　　　　　　　　　　　：火曜日・水曜日・木曜日・金曜日\n※ダムカード配布場所とダムは離れた場所ありますのでご注意願います。また、ダムカードが欲しい場合はダムに行った証明（写真等）が必要となります。",
        "address": "長野県松本市安曇3994-21",
        "url": "①\nhttps://fu-ketsu.com\n\n②\nhttps://nagawashop.co.jp/home/\n\n③\nhttps://norikurabase.com\n\n④\nhttps://norikura.gr.jp/tourist-center/"
      }
    },
    {
      "type": "Feature",
      "geometry": {
        "type": "Point",
        "coordinates": [
          137.686646,
          36.221169
        ]
      },
      "properties": {
        "name": "水殿ダム",
        "location_marker": "④",
        "pref": "長野県",
        "river_system": "信濃川",
        "river": "梓川",
        "card_ver": "1",
        "facility": "①\n道の駅「風穴の里」\n\n②\nながわ山彩館\n\n③\n乗鞍BASEいがやレクリエーションランド\n\n④\n乗鞍高原観光案内所",
        "hours": "①\n【営業時間】9:00～17:00(夏季は営業時間の延長有)\n【定 休 日】11月中旬～4月中旬は木曜日（ただし木曜日が祝祭日の場合は営業）\n※事前にホームページ情報をご確認ください。\n※ダムカード配布場所とダムは離れた場所ありますのでご注意願います。また、ダムカードが欲しい場合はダムに行った証明（写真等）が必要となります。\n②\n○グリーンシーズン（春～秋）\n【営業時間】9:00-16:00\n【定休日】水曜日（ＧＷ・お盆の繁忙期は除く）\n○スノーシーズン（冬）\n【営業時間】9:00-16:00\n【定休日】土・日・祝日\n【年末年始休業】12月28日～1月５日\n ※冬期間は営業を縮小していますので詳細は直接お尋ねください。\n※ダムカード配布場所とダムは離れた場所ありますのでご注意願います。また、ダムカードが欲しい場合はダムに行った証明（写真等）が必要となります。\n③\n【営業期間】4月23日～11月6日\n【営業時間】9:00～17:00\n【定休日】毎週火曜日（繁忙期は無休）\n※ダムカード配布場所とダムは離れた場所ありますのでご注意願います。また、ダムカードが欲しい場合はダムに行った証明（写真等）が必要となります。\n④\n【営業期間】4月1日〜3月31日\n【営業時間】9:00〜16:00　　冬季（12月～3月）は11:00〜15:00\n【定 休 日】 グリーンシーズン：原則として火曜日\n　　　　　　閑散期（4月～7月、9月、11月）：火曜日・水曜日・木曜日\n　　　　　　冬季　　　　　　　　　　　　　　：火曜日・水曜日・木曜日・金曜日\n※ダムカード配布場所とダムは離れた場所ありますのでご注意願います。また、ダムカードが欲しい場合はダムに行った証明（写真等）が必要となります。",
        "address": "長野県松本市安曇4306-5",
        "url": "①\nhttps://fu-ketsu.com\n\n②\nhttps://nagawashop.co.jp/home/\n\n③\nhttps://norikurabase.com\n\n④\nhttps://norikura.gr.jp/tourist-center/"
      }
    },
    {
      "type": "Feature",
      "geometry": {
        "type": "Point",
        "coordinates": [
          138.182434,
          36.650806
        ]
      },
      "properties": {
        "name": "浅川ダム",
        "location_marker": "①",
        "pref": "長野県",
        "river_system": "信濃川",
        "river": "浅川",
        "card_ver": "3",
        "facility": "①\n長野建設事務所総務課\n\n②\n（一社）飯綱高原観光協会",
        "hours": "①\n9：00～17:00（平日のみ）\n（※ただし年末年始を除く） 　　　　　　\n\n②\n9：00～16:00（土、日、祝日を含む）\n（※ただし年末年始を除く） ",
        "address": "長野県長野市大字南長野字南県町６８６－１",
        "url": "①\nhttp://www.pref.nagano.lg.jp/asakawa/\n\n②\nhttp://iizuna-navi.com/"
      }
    },
    {
      "type": "Feature",
      "geometry": {
        "type": "Point",
        "coordinates": [
          138.116013,
          36.697685
        ]
      },
      "properties": {
        "name": "浅川ダム",
        "location_marker": "②",
        "pref": "長野県",
        "river_system": "信濃川",
        "river": "浅川",
        "card_ver": "3",
        "facility": "①\n長野建設事務所総務課\n\n②\n（一社）飯綱高原観光協会",
        "hours": "①\n9：00～17:00（平日のみ）\n（※ただし年末年始を除く） 　　　　　　\n\n②\n9：00～16:00（土、日、祝日を含む）\n（※ただし年末年始を除く） ",
        "address": "長野県長野市上ヶ屋２４７１－８４",
        "url": "①\nhttp://www.pref.nagano.lg.jp/asakawa/\n\n②\nhttp://iizuna-navi.com/"
      }
    },
    {
      "type": "Feature",
      "geometry": {
        "type": "Point",
        "coordinates": [
          138.142151,
          36.617004
        ]
      },
      "properties": {
        "name": "湯の瀬ダム",
        "location_marker": "①",
        "pref": "長野県",
        "river_system": "信濃川",
        "river": "裾花川",
        "card_ver": "1",
        "facility": "①\n北信発電管理事務所\n\n②\n裾花ダム管理事務所",
        "hours": "①\n9:00～17:00(土、日、祝日及び年末年始は配布なし)\n\n②\n9:00～17:00(土、日、祝日を含む)",
        "address": "長野県長野市川中島町四ツ屋100",
        "url": "https://www.pref.nagano.lg.jp/hokuhatsu/index.html"
      }
    },
    {
      "type": "Feature",
      "geometry": {
        "type": "Point",
        "coordinates": [
          138.131302,
          36.659397
        ]
      },
      "properties": {
        "name": "湯の瀬ダム",
        "location_marker": "②",
        "pref": "長野県",
        "river_system": "信濃川",
        "river": "裾花川",
        "card_ver": "1",
        "facility": "①\n北信発電管理事務所\n\n②\n裾花ダム管理事務所",
        "hours": "①\n9:00～17:00(土、日、祝日及び年末年始は配布なし)\n\n②\n9:00～17:00(土、日、祝日を含む)",
        "address": "長野県長野市大字小鍋字神白沖3479-23",
        "url": "https://www.pref.nagano.lg.jp/hokuhatsu/index.html"
      }
    },
    {
      "type": "Feature",
      "geometry": {
        "type": "Point",
        "coordinates": [
          138.506195,
          36.321503
        ]
      },
      "properties": {
        "name": "湯川ダム",
        "location_marker": "①",
        "pref": "長野県",
        "river_system": "信濃川",
        "river": "湯川",
        "card_ver": "1",
        "facility": "①\nエコールみよた\n\n②\n佐久北部事務所",
        "hours": "①\n9：00～17：00（月曜日除く）\n（※ただし12月29日～1月3日を除く）\n\n②\n9：00～17：00（平日のみ）\n（※ただし年末年始を除く）",
        "address": "長野県北佐久郡御代田町馬瀬口1901-1",
        "url": "①\nhttp://miyotown.com/\n\n②\nhttp://www.pref.nagano.lg.jp/sakuken-hokubu/index.html"
      }
    },
    {
      "type": "Feature",
      "geometry": {
        "type": "Point",
        "coordinates": [
          138.460983,
          36.229839
        ]
      },
      "properties": {
        "name": "湯川ダム",
        "location_marker": "②",
        "pref": "長野県",
        "river_system": "信濃川",
        "river": "湯川",
        "card_ver": "1",
        "facility": "①\nエコールみよた\n\n②\n佐久北部事務所",
        "hours": "①\n9：00～17：00（月曜日除く）\n（※ただし12月29日～1月3日を除く）\n\n②\n9：00～17：00（平日のみ）\n（※ただし年末年始を除く）",
        "address": "長野県佐久市跡部65-1",
        "url": "①\nhttp://miyotown.com/\n\n②\nhttp://www.pref.nagano.lg.jp/sakuken-hokubu/index.html"
      }
    },
    {
      "type": "Feature",
      "geometry": {
        "type": "Point",
        "coordinates": [
          137.751694,
          35.581654
        ]
      },
      "properties": {
        "name": "片桐ダム",
        "location_marker": null,
        "pref": "長野県",
        "river_system": "天竜川",
        "river": "松川",
        "card_ver": "1",
        "facility": "松川ダム管理事務所",
        "hours": "9:00～17:00(土、日、祝日含む)\n※松川ダム管理事務所で配布しており、口頭にて現地に行ったことを確認しています。",
        "address": "長野県飯田市上飯田8181－27",
        "url": "http://www.pref.nagano.lg.jp/matsukawadamu/index.html"
      }
    },
    {
      "type": "Feature",
      "geometry": {
        "type": "Point",
        "coordinates": [
          137.606323,
          35.855171
        ]
      },
      "properties": {
        "name": "牧尾ダム",
        "location_marker": "①",
        "pref": "長野県",
        "river_system": "木曽川",
        "river": "王滝川",
        "card_ver": "1",
        "facility": "①\n愛知用水総合管理所牧尾管理所\n\n②\n王滝村観光案内所",
        "hours": "①\n8:45～17:15（土・日・祝日を除く）\n\n②\n9:00～17:00（12/29～1/3 を除く）",
        "address": "長野県木曽郡木曽町三岳7696番地の1",
        "url": "①\nhttp://www.water.go.jp/chubu/aityosui/\n\n②\nhttp://www.ontake.jp/"
      }
    },
    {
      "type": "Feature",
      "geometry": {
        "type": "Point",
        "coordinates": [
          137.552444,
          35.808205
        ]
      },
      "properties": {
        "name": "牧尾ダム",
        "location_marker": "②",
        "pref": "長野県",
        "river_system": "木曽川",
        "river": "王滝川",
        "card_ver": "1",
        "facility": "①\n愛知用水総合管理所牧尾管理所\n\n②\n王滝村観光案内所",
        "hours": "①\n8:45～17:15（土・日・祝日を除く）\n\n②\n9:00～17:00（12/29～1/3 を除く）",
        "address": "長野県木曽郡王滝村下条2758-1",
        "url": "①\nhttp://www.water.go.jp/chubu/aityosui/\n\n②\nhttp://www.ontake.jp/"
      }
    },
    {
      "type": "Feature",
      "geometry": {
        "type": "Point",
        "coordinates": [
          137.686646,
          36.221169
        ]
      },
      "properties": {
        "name": "稲核ダム",
        "location_marker": "①",
        "pref": "長野県",
        "river_system": "信濃川",
        "river": "梓川",
        "card_ver": "1",
        "facility": "①\n道の駅「風穴の里」\n\n②\nながわ山彩館\n\n③\n乗鞍BASEいがやレクリエーションランド\n\n④\n乗鞍高原観光案内所",
        "hours": "①\n【営業時間】9:00～17:00(夏季は営業時間の延長有)\n【定 休 日】11月中旬～4月中旬は木曜日（ただし木曜日が祝祭日の場合は営業）\n※事前にホームページ情報をご確認ください。\n※ダムカード配布場所とダムは離れた場所ありますのでご注意願います。また、ダムカードが欲しい場合はダムに行った証明（写真等）が必要となります。\n②\n○グリーンシーズン（春～秋）\n【営業時間】9:00-16:00\n【定休日】水曜日（ＧＷ・お盆の繁忙期は除く）\n○スノーシーズン（冬）\n【営業時間】9:00-16:00\n【定休日】土・日・祝日\n【年末年始休業】12月28日～1月５日\n ※冬期間は営業を縮小していますので詳細は直接お尋ねください。\n※ダムカード配布場所とダムは離れた場所ありますのでご注意願います。また、ダムカードが欲しい場合はダムに行った証明（写真等）が必要となります。\n③\n【営業期間】4月23日～11月6日\n【営業時間】9:00～17:00\n【定休日】毎週火曜日（繁忙期は無休）\n※ダムカード配布場所とダムは離れた場所ありますのでご注意願います。また、ダムカードが欲しい場合はダムに行った証明（写真等）が必要となります。\n④\n【営業期間】4月1日〜3月31日\n【営業時間】9:00〜16:00　　冬季（12月～3月）は11:00〜15:00\n【定 休 日】 グリーンシーズン：原則として火曜日\n　　　　　　閑散期（4月～7月、9月、11月）：火曜日・水曜日・木曜日\n　　　　　　冬季　　　　　　　　　　　　　　：火曜日・水曜日・木曜日・金曜日\n※ダムカード配布場所とダムは離れた場所ありますのでご注意願います。また、ダムカードが欲しい場合はダムに行った証明（写真等）が必要となります。",
        "address": "長野県松本市安曇3528-1",
        "url": "①\nhttps://fu-ketsu.com\n\n②\nhttps://nagawashop.co.jp/home/\n\n③\nhttps://norikurabase.com\n\n④\nhttps://norikura.gr.jp/tourist-center/"
      }
    },
    {
      "type": "Feature",
      "geometry": {
        "type": "Point",
        "coordinates": [
          137.674896,
          36.071663
        ]
      },
      "properties": {
        "name": "稲核ダム",
        "location_marker": "②",
        "pref": "長野県",
        "river_system": "信濃川",
        "river": "梓川",
        "card_ver": "1",
        "facility": "①\n道の駅「風穴の里」\n\n②\nながわ山彩館\n\n③\n乗鞍BASEいがやレクリエーションランド\n\n④\n乗鞍高原観光案内所",
        "hours": "①\n【営業時間】9:00～17:00(夏季は営業時間の延長有)\n【定 休 日】11月中旬～4月中旬は木曜日（ただし木曜日が祝祭日の場合は営業）\n※事前にホームページ情報をご確認ください。\n※ダムカード配布場所とダムは離れた場所ありますのでご注意願います。また、ダムカードが欲しい場合はダムに行った証明（写真等）が必要となります。\n②\n○グリーンシーズン（春～秋）\n【営業時間】9:00-16:00\n【定休日】水曜日（ＧＷ・お盆の繁忙期は除く）\n○スノーシーズン（冬）\n【営業時間】9:00-16:00\n【定休日】土・日・祝日\n【年末年始休業】12月28日～1月５日\n ※冬期間は営業を縮小していますので詳細は直接お尋ねください。\n※ダムカード配布場所とダムは離れた場所ありますのでご注意願います。また、ダムカードが欲しい場合はダムに行った証明（写真等）が必要となります。\n③\n【営業期間】4月23日～11月6日\n【営業時間】9:00～17:00\n【定休日】毎週火曜日（繁忙期は無休）\n※ダムカード配布場所とダムは離れた場所ありますのでご注意願います。また、ダムカードが欲しい場合はダムに行った証明（写真等）が必要となります。\n④\n【営業期間】4月1日〜3月31日\n【営業時間】9:00〜16:00　　冬季（12月～3月）は11:00〜15:00\n【定 休 日】 グリーンシーズン：原則として火曜日\n　　　　　　閑散期（4月～7月、9月、11月）：火曜日・水曜日・木曜日\n　　　　　　冬季　　　　　　　　　　　　　　：火曜日・水曜日・木曜日・金曜日\n※ダムカード配布場所とダムは離れた場所ありますのでご注意願います。また、ダムカードが欲しい場合はダムに行った証明（写真等）が必要となります。",
        "address": "長野県松本市奈川2120-1",
        "url": "①\nhttps://fu-ketsu.com\n\n②\nhttps://nagawashop.co.jp/home/\n\n③\nhttps://norikurabase.com\n\n④\nhttps://norikura.gr.jp/tourist-center/"
      }
    },
    {
      "type": "Feature",
      "geometry": {
        "type": "Point",
        "coordinates": [
          137.686646,
          36.221169
        ]
      },
      "properties": {
        "name": "稲核ダム",
        "location_marker": "③",
        "pref": "長野県",
        "river_system": "信濃川",
        "river": "梓川",
        "card_ver": "1",
        "facility": "①\n道の駅「風穴の里」\n\n②\nながわ山彩館\n\n③\n乗鞍BASEいがやレクリエーションランド\n\n④\n乗鞍高原観光案内所",
        "hours": "①\n【営業時間】9:00～17:00(夏季は営業時間の延長有)\n【定 休 日】11月中旬～4月中旬は木曜日（ただし木曜日が祝祭日の場合は営業）\n※事前にホームページ情報をご確認ください。\n※ダムカード配布場所とダムは離れた場所ありますのでご注意願います。また、ダムカードが欲しい場合はダムに行った証明（写真等）が必要となります。\n②\n○グリーンシーズン（春～秋）\n【営業時間】9:00-16:00\n【定休日】水曜日（ＧＷ・お盆の繁忙期は除く）\n○スノーシーズン（冬）\n【営業時間】9:00-16:00\n【定休日】土・日・祝日\n【年末年始休業】12月28日～1月５日\n ※冬期間は営業を縮小していますので詳細は直接お尋ねください。\n※ダムカード配布場所とダムは離れた場所ありますのでご注意願います。また、ダムカードが欲しい場合はダムに行った証明（写真等）が必要となります。\n③\n【営業期間】4月23日～11月6日\n【営業時間】9:00～17:00\n【定休日】毎週火曜日（繁忙期は無休）\n※ダムカード配布場所とダムは離れた場所ありますのでご注意願います。また、ダムカードが欲しい場合はダムに行った証明（写真等）が必要となります。\n④\n【営業期間】4月1日〜3月31日\n【営業時間】9:00〜16:00　　冬季（12月～3月）は11:00〜15:00\n【定 休 日】 グリーンシーズン：原則として火曜日\n　　　　　　閑散期（4月～7月、9月、11月）：火曜日・水曜日・木曜日\n　　　　　　冬季　　　　　　　　　　　　　　：火曜日・水曜日・木曜日・金曜日\n※ダムカード配布場所とダムは離れた場所ありますのでご注意願います。また、ダムカードが欲しい場合はダムに行った証明（写真等）が必要となります。",
        "address": "長野県松本市安曇3994-21",
        "url": "①\nhttps://fu-ketsu.com\n\n②\nhttps://nagawashop.co.jp/home/\n\n③\nhttps://norikurabase.com\n\n④\nhttps://norikura.gr.jp/tourist-center/"
      }
    },
    {
      "type": "Feature",
      "geometry": {
        "type": "Point",
        "coordinates": [
          137.686646,
          36.221169
        ]
      },
      "properties": {
        "name": "稲核ダム",
        "location_marker": "④",
        "pref": "長野県",
        "river_system": "信濃川",
        "river": "梓川",
        "card_ver": "1",
        "facility": "①\n道の駅「風穴の里」\n\n②\nながわ山彩館\n\n③\n乗鞍BASEいがやレクリエーションランド\n\n④\n乗鞍高原観光案内所",
        "hours": "①\n【営業時間】9:00～17:00(夏季は営業時間の延長有)\n【定 休 日】11月中旬～4月中旬は木曜日（ただし木曜日が祝祭日の場合は営業）\n※事前にホームページ情報をご確認ください。\n※ダムカード配布場所とダムは離れた場所ありますのでご注意願います。また、ダムカードが欲しい場合はダムに行った証明（写真等）が必要となります。\n②\n○グリーンシーズン（春～秋）\n【営業時間】9:00-16:00\n【定休日】水曜日（ＧＷ・お盆の繁忙期は除く）\n○スノーシーズン（冬）\n【営業時間】9:00-16:00\n【定休日】土・日・祝日\n【年末年始休業】12月28日～1月５日\n ※冬期間は営業を縮小していますので詳細は直接お尋ねください。\n※ダムカード配布場所とダムは離れた場所ありますのでご注意願います。また、ダムカードが欲しい場合はダムに行った証明（写真等）が必要となります。\n③\n【営業期間】4月23日～11月6日\n【営業時間】9:00～17:00\n【定休日】毎週火曜日（繁忙期は無休）\n※ダムカード配布場所とダムは離れた場所ありますのでご注意願います。また、ダムカードが欲しい場合はダムに行った証明（写真等）が必要となります。\n④\n【営業期間】4月1日〜3月31日\n【営業時間】9:00〜16:00　　冬季（12月～3月）は11:00〜15:00\n【定 休 日】 グリーンシーズン：原則として火曜日\n　　　　　　閑散期（4月～7月、9月、11月）：火曜日・水曜日・木曜日\n　　　　　　冬季　　　　　　　　　　　　　　：火曜日・水曜日・木曜日・金曜日\n※ダムカード配布場所とダムは離れた場所ありますのでご注意願います。また、ダムカードが欲しい場合はダムに行った証明（写真等）が必要となります。",
        "address": "長野県松本市安曇4306-5",
        "url": "①\nhttps://fu-ketsu.com\n\n②\nhttps://nagawashop.co.jp/home/\n\n③\nhttps://norikurabase.com\n\n④\nhttps://norikura.gr.jp/tourist-center/"
      }
    },
    {
      "type": "Feature",
      "geometry": {
        "type": "Point",
        "coordinates": [
          137.959976,
          35.943817
        ]
      },
      "properties": {
        "name": "箕輪ダム",
        "location_marker": "①",
        "pref": "長野県",
        "river_system": "天竜川",
        "river": "沢川",
        "card_ver": "1",
        "facility": "①\nながた荘\n\n②\n箕輪町役場商工観光課\n\n③\n伊那建設事務所",
        "hours": "①\n9：00～17:00（※火曜日除く）\n（※ただし年末年始を除く） \n\n②\n9：00～17:00（平日のみ）\n（※ただし年末年始を除く） \n\n③\n9：00～17:00（平日のみ）\n（※ただし年末年始を除く） ",
        "address": "長野県上伊那郡箕輪町大字中箕輪３７３３－１８",
        "url": "①\nhttp://www.town.minowa.lg.jp/s/sangyo/sangyo034.html\n\n②\nhttp://www.town.minowa.lg.jp/index.html\n\n③\nhttp://www.pref.nagano.lg.jp/inaken/"
      }
    },
    {
      "type": "Feature",
      "geometry": {
        "type": "Point",
        "coordinates": [
          137.982468,
          35.91534
        ]
      },
      "properties": {
        "name": "箕輪ダム",
        "location_marker": "②",
        "pref": "長野県",
        "river_system": "天竜川",
        "river": "沢川",
        "card_ver": "1",
        "facility": "①\nながた荘\n\n②\n箕輪町役場商工観光課\n\n③\n伊那建設事務所",
        "hours": "①\n9：00～17:00（※火曜日除く）\n（※ただし年末年始を除く） \n\n②\n9：00～17:00（平日のみ）\n（※ただし年末年始を除く） \n\n③\n9：00～17:00（平日のみ）\n（※ただし年末年始を除く） ",
        "address": "長野県上伊那郡箕輪町大字中箕輪１０２９８",
        "url": "①\nhttp://www.town.minowa.lg.jp/s/sangyo/sangyo034.html\n\n②\nhttp://www.town.minowa.lg.jp/index.html\n\n③\nhttp://www.pref.nagano.lg.jp/inaken/"
      }
    },
    {
      "type": "Feature",
      "geometry": {
        "type": "Point",
        "coordinates": [
          137.957352,
          35.84029
        ]
      },
      "properties": {
        "name": "箕輪ダム",
        "location_marker": "③",
        "pref": "長野県",
        "river_system": "天竜川",
        "river": "沢川",
        "card_ver": "1",
        "facility": "①\nながた荘\n\n②\n箕輪町役場商工観光課\n\n③\n伊那建設事務所",
        "hours": "①\n9：00～17:00（※火曜日除く）\n（※ただし年末年始を除く） \n\n②\n9：00～17:00（平日のみ）\n（※ただし年末年始を除く） \n\n③\n9：00～17:00（平日のみ）\n（※ただし年末年始を除く） ",
        "address": "長野県伊那市荒井３４９７",
        "url": "①\nhttp://www.town.minowa.lg.jp/s/sangyo/sangyo034.html\n\n②\nhttp://www.town.minowa.lg.jp/index.html\n\n③\nhttp://www.pref.nagano.lg.jp/inaken/"
      }
    },
    {
      "type": "Feature",
      "geometry": {
        "type": "Point",
        "coordinates": [
          138.104309,
          35.813919
        ]
      },
      "properties": {
        "name": "美和ダム",
        "location_marker": null,
        "pref": "長野県",
        "river_system": "天竜川",
        "river": "三峰川",
        "card_ver": "1.2",
        "facility": "天竜川ダム統合管理事務所美和ダム管理支所内学習センター（みわっこ）",
        "hours": "8:30～17:15\n（土・日・祝日を含む）",
        "address": "長野県伊那市長谷非持３４５",
        "url": "https://www.cbr.mlit.go.jp/tendamu/"
      }
    },
    {
      "type": "Feature",
      "geometry": {
        "type": "Point",
        "coordinates": [
          138.330826,
          36.523525
        ]
      },
      "properties": {
        "name": "菅平ダム",
        "location_marker": "①",
        "pref": "長野県",
        "river_system": "信濃川",
        "river": "神川",
        "card_ver": "1",
        "facility": "①　\n菅平ダム管理所\n\n②\n真田温泉健康ランド\n　　ふれあいさなだ館\n",
        "hours": "①\n9:00～17:00\n（土、日、祝日を含む）\n②\n開館時間中（10:00～21:00、火曜日休館、臨時休館の場合有り）",
        "address": "長野県上田市菅平高原1278",
        "url": "https://www.pref.nagano.lg.jp/hokuhatsu/index.html"
      }
    },
    {
      "type": "Feature",
      "geometry": {
        "type": "Point",
        "coordinates": [
          138.374512,
          36.49202
        ]
      },
      "properties": {
        "name": "菅平ダム",
        "location_marker": "②",
        "pref": "長野県",
        "river_system": "信濃川",
        "river": "神川",
        "card_ver": "1",
        "facility": "①　\n菅平ダム管理所\n\n②\n真田温泉健康ランド\n　　ふれあいさなだ館\n",
        "hours": "①\n9:00～17:00\n（土、日、祝日を含む）\n②\n開館時間中（10:00～21:00、火曜日休館、臨時休館の場合有り）",
        "address": "長野県上田市真田町長7369-1",
        "url": "https://www.pref.nagano.lg.jp/hokuhatsu/index.html"
      }
    },
    {
      "type": "Feature",
      "geometry": {
        "type": "Point",
        "coordinates": [
          138.131302,
          36.659397
        ]
      },
      "properties": {
        "name": "裾花ダム",
        "location_marker": null,
        "pref": "長野県",
        "river_system": "信濃川",
        "river": "裾花川",
        "card_ver": "1",
        "facility": "裾花ダム管理事務所（管理第一課）",
        "hours": "9:00～17:00\n（土・日・祝日を含む）",
        "address": "長野県長野市大字小鍋字神白沖3479-23",
        "url": "http://www.pref.nagano.lg.jp/susobanadamu/index.html"
      }
    },
    {
      "type": "Feature",
      "geometry": {
        "type": "Point",
        "coordinates": [
          138.310425,
          36.65728
        ]
      },
      "properties": {
        "name": "豊丘ダム",
        "location_marker": "①",
        "pref": "長野県",
        "river_system": "信濃川",
        "river": "灰野川",
        "card_ver": "1",
        "facility": "①\n蔵のまち観光交流センター　\n\n②\n(一社)信州須坂観光協会\n\n③\n須坂建設事務所　",
        "hours": "①\n9：00～17：00（土、日、祝日を含む）\n（※ただし12月29日～1月3日を除く）\n\n②\n9：00～17：00（土、日、祝日を含む）\n（※ただし12月29日～1月3日を除く）\n\n③\n9：00～17:00（平日のみ）\n（※ただし年末年始を除く） ",
        "address": "長野県須坂市大字須坂３５２－２",
        "url": "①\nhttp://www.suzaka-kankokyokai.jp/contents/other/16.html\n\n②\nhttp://www.suzaka-kankokyokai.jp/\n\n③\nhttp://www.pref.nagano.lg.jp/suzakaken/jimusho/toyokadam.html"
      }
    },
    {
      "type": "Feature",
      "geometry": {
        "type": "Point",
        "coordinates": [
          138.310425,
          36.65728
        ]
      },
      "properties": {
        "name": "豊丘ダム",
        "location_marker": "②",
        "pref": "長野県",
        "river_system": "信濃川",
        "river": "灰野川",
        "card_ver": "1",
        "facility": "①\n蔵のまち観光交流センター　\n\n②\n(一社)信州須坂観光協会\n\n③\n須坂建設事務所　",
        "hours": "①\n9：00～17：00（土、日、祝日を含む）\n（※ただし12月29日～1月3日を除く）\n\n②\n9：00～17：00（土、日、祝日を含む）\n（※ただし12月29日～1月3日を除く）\n\n③\n9：00～17:00（平日のみ）\n（※ただし年末年始を除く） ",
        "address": "長野県須坂市大字須坂１２９５－１",
        "url": "①\nhttp://www.suzaka-kankokyokai.jp/contents/other/16.html\n\n②\nhttp://www.suzaka-kankokyokai.jp/\n\n③\nhttp://www.pref.nagano.lg.jp/suzakaken/jimusho/toyokadam.html"
      }
    },
    {
      "type": "Feature",
      "geometry": {
        "type": "Point",
        "coordinates": [
          138.312851,
          36.655167
        ]
      },
      "properties": {
        "name": "豊丘ダム",
        "location_marker": "③",
        "pref": "長野県",
        "river_system": "信濃川",
        "river": "灰野川",
        "card_ver": "1",
        "facility": "①\n蔵のまち観光交流センター　\n\n②\n(一社)信州須坂観光協会\n\n③\n須坂建設事務所　",
        "hours": "①\n9：00～17：00（土、日、祝日を含む）\n（※ただし12月29日～1月3日を除く）\n\n②\n9：00～17：00（土、日、祝日を含む）\n（※ただし12月29日～1月3日を除く）\n\n③\n9：00～17:00（平日のみ）\n（※ただし年末年始を除く） ",
        "address": "長野県須坂市大字須坂字中縄手１６９９－11",
        "url": "①\nhttp://www.suzaka-kankokyokai.jp/contents/other/16.html\n\n②\nhttp://www.suzaka-kankokyokai.jp/\n\n③\nhttp://www.pref.nagano.lg.jp/suzakaken/jimusho/toyokadam.html"
      }
    },
    {
      "type": "Feature",
      "geometry": {
        "type": "Point",
        "coordinates": [
          138.374252,
          36.355644
        ]
      },
      "properties": {
        "name": "金原ダム",
        "location_marker": "①",
        "pref": "長野県",
        "river_system": "信濃川",
        "river": "金原川",
        "card_ver": "1",
        "facility": "①\n道の駅『雷電くるみの里』\n\n②\n東御市観光情報ステーション\n\n③\n上田建設事務所",
        "hours": "①\n9：00～17：00（土、日、祝日含む）\n\n②\n9：00～17:00\n※ただし水曜日、年末年始を除く \n\n③\n9：00～17:00（平日のみ）\n（※ただし年末年始を除く） ",
        "address": "長野県東御市滋野乙　4524-1",
        "url": "①\nhttp://raidenkurumi.jp/\n\n②\nhttp://tomikan.jp/kankou_station/\n\n③\nhttp://www.pref.nagano.lg.jp/ueken/"
      }
    },
    {
      "type": "Feature",
      "geometry": {
        "type": "Point",
        "coordinates": [
          138.329681,
          36.354195
        ]
      },
      "properties": {
        "name": "金原ダム",
        "location_marker": "②",
        "pref": "長野県",
        "river_system": "信濃川",
        "river": "金原川",
        "card_ver": "1",
        "facility": "①\n道の駅『雷電くるみの里』\n\n②\n東御市観光情報ステーション\n\n③\n上田建設事務所",
        "hours": "①\n9：00～17：00（土、日、祝日含む）\n\n②\n9：00～17:00\n※ただし水曜日、年末年始を除く \n\n③\n9：00～17:00（平日のみ）\n（※ただし年末年始を除く） ",
        "address": "長野県東御市田中２７９",
        "url": "①\nhttp://raidenkurumi.jp/\n\n②\nhttp://tomikan.jp/kankou_station/\n\n③\nhttp://www.pref.nagano.lg.jp/ueken/"
      }
    },
    {
      "type": "Feature",
      "geometry": {
        "type": "Point",
        "coordinates": [
          138.259735,
          36.400368
        ]
      },
      "properties": {
        "name": "金原ダム",
        "location_marker": "③",
        "pref": "長野県",
        "river_system": "信濃川",
        "river": "金原川",
        "card_ver": "1",
        "facility": "①\n道の駅『雷電くるみの里』\n\n②\n東御市観光情報ステーション\n\n③\n上田建設事務所",
        "hours": "①\n9：00～17：00（土、日、祝日含む）\n\n②\n9：00～17:00\n※ただし水曜日、年末年始を除く \n\n③\n9：00～17:00（平日のみ）\n（※ただし年末年始を除く） ",
        "address": "長野県上田市材木町1-2-6",
        "url": "①\nhttp://raidenkurumi.jp/\n\n②\nhttp://tomikan.jp/kankou_station/\n\n③\nhttp://www.pref.nagano.lg.jp/ueken/"
      }
    },
    {
      "type": "Feature",
      "geometry": {
        "type": "Point",
        "coordinates": [
          138.075226,
          35.837158
        ]
      },
      "properties": {
        "name": "高遠ダム",
        "location_marker": "①",
        "pref": "長野県",
        "river_system": "天竜川",
        "river": "三峰川",
        "card_ver": "3",
        "facility": "①南信発電管理事務所高遠ダム管理所\n②高遠さくらホテル",
        "hours": "①9:00～17:00（土、日、祝日を含む）\n②10:00～20:00（　〃　）",
        "address": "長野県伊那市高遠町東高遠花畑466",
        "url": "①https://www.pref.nagano.lg.jp/nanhatsu/index.html\n②https://www.ina-city-kankou.co.jp/sakurahotel/"
      }
    },
    {
      "type": "Feature",
      "geometry": {
        "type": "Point",
        "coordinates": [
          138.067566,
          35.824646
        ]
      },
      "properties": {
        "name": "高遠ダム",
        "location_marker": "②",
        "pref": "長野県",
        "river_system": "天竜川",
        "river": "三峰川",
        "card_ver": "3",
        "facility": "①南信発電管理事務所高遠ダム管理所\n②高遠さくらホテル",
        "hours": "①9:00～17:00（土、日、祝日を含む）\n②10:00～20:00（　〃　）",
        "address": "長野県伊那市高遠町勝間217",
        "url": "①https://www.pref.nagano.lg.jp/nanhatsu/index.html\n②https://www.ina-city-kankou.co.jp/sakurahotel/"
      }
    },
    {
      "type": "Feature",
      "geometry": {
        "type": "Point",
        "coordinates": [
          140.77739,
          40.68557
        ]
      },
      "properties": {
        "name": "下湯ダム",
        "location_marker": "①",
        "pref": "青森県",
        "river_system": "堤川",
        "river": "堤川",
        "card_ver": "2",
        "facility": "①\n下湯ダム管理所\n\n②\n東青県土整備事務所\n駒込ダム建設課",
        "hours": "①\n9:00～17:00（土・日・祝日・年末年始含む）\n※ダムカード配布場所はダムに隣接しています。管理事務所玄関のインターホンを押してください。\n\n②\n9:00～17:00（平日のみ）\n※ダムと配布場所が離れていますので、配布の際はダムへ行った証明写真等が必要となります。",
        "address": "青森県青森市大字荒川字横倉",
        "url": "https://www.pref.aomori.lg.jp/soshiki/kenmin/komagomedam/damcard.html"
      }
    },
    {
      "type": "Feature",
      "geometry": {
        "type": "Point",
        "coordinates": [
          140.771515,
          40.794022
        ]
      },
      "properties": {
        "name": "下湯ダム",
        "location_marker": "②",
        "pref": "青森県",
        "river_system": "堤川",
        "river": "堤川",
        "card_ver": "2",
        "facility": "①\n下湯ダム管理所\n\n②\n東青県土整備事務所\n駒込ダム建設課",
        "hours": "①\n9:00～17:00（土・日・祝日・年末年始含む）\n※ダムカード配布場所はダムに隣接しています。管理事務所玄関のインターホンを押してください。\n\n②\n9:00～17:00（平日のみ）\n※ダムと配布場所が離れていますので、配布の際はダムへ行った証明写真等が必要となります。",
        "address": "青森県青森市大字幸畑字唐崎76-4",
        "url": "https://www.pref.aomori.lg.jp/soshiki/kenmin/komagomedam/damcard.html"
      }
    },
    {
      "type": "Feature",
      "geometry": {
        "type": "Point",
        "coordinates": [
          141.495636,
          40.394753
        ]
      },
      "properties": {
        "name": "世増ダム",
        "location_marker": "①",
        "pref": "青森県",
        "river_system": "新井田川",
        "river": "新井田川",
        "card_ver": "1.1",
        "facility": "①\n世増ダム管理所\n\n②\n道の駅なんごう（宿泊受付）",
        "hours": "①\n10:00～15:00（平日のみ）\n※ダムカード配布場所はダムに隣接しています。配布時間内でも施設点検等で不在となり、配布できない場合があります。\n\n②\n８:30～１8:30\n※ダムと配布場所が離れていますので、配布の際はダムへ行った証明写真等が必要となります。",
        "address": "青森県八戸市南郷大字島守字崩向",
        "url": "http://www.pref.aomori.lg.jp/soshiki/kenmin/ha-kendo/dam-yomasari.html"
      }
    },
    {
      "type": "Feature",
      "geometry": {
        "type": "Point",
        "coordinates": [
          141.410172,
          40.403683
        ]
      },
      "properties": {
        "name": "世増ダム",
        "location_marker": "②",
        "pref": "青森県",
        "river_system": "新井田川",
        "river": "新井田川",
        "card_ver": "1.1",
        "facility": "①\n世増ダム管理所\n\n②\n道の駅なんごう（宿泊受付）",
        "hours": "①\n10:00～15:00（平日のみ）\n※ダムカード配布場所はダムに隣接しています。配布時間内でも施設点検等で不在となり、配布できない場合があります。\n\n②\n８:30～１8:30\n※ダムと配布場所が離れていますので、配布の際はダムへ行った証明写真等が必要となります。",
        "address": "青森県八戸市南郷大字中野字舘野4-4",
        "url": "http://www.pref.aomori.lg.jp/soshiki/kenmin/ha-kendo/dam-yomasari.html"
      }
    },
    {
      "type": "Feature",
      "geometry": {
        "type": "Point",
        "coordinates": [
          140.636658,
          40.461197
        ]
      },
      "properties": {
        "name": "久吉ダム",
        "location_marker": null,
        "pref": "青森県",
        "river_system": "岩木川",
        "river": "津刈川",
        "card_ver": "1",
        "facility": "道の駅いかりがせき",
        "hours": "9:00～18:00（土･日･祝日を含む（年末年始を除く））\n※ダムと配布場所が離れていますので、配布の際はダムへ行った証明写真等が必要となります。",
        "address": "青森県平川市碇ヶ関碇石13-1",
        "url": "https://www.pref.aomori.lg.jp/soshiki/kenmin/hi-kendo/hi-kendo-kasen.html"
      }
    },
    {
      "type": "Feature",
      "geometry": {
        "type": "Point",
        "coordinates": [
          140.350708,
          41.17791
        ]
      },
      "properties": {
        "name": "小泊ダム",
        "location_marker": "①",
        "pref": "青森県",
        "river_system": "小泊川",
        "river": "小泊川",
        "card_ver": "1",
        "facility": "①\n中泊町小泊支所\n\n②\n道の駅こどまり（ポントマリ）",
        "hours": "①\n9:00～17:00（土･日･祝日を含む）\n※ダムと配布場所が離れていますので、配布の際はダムへ行った証明写真等が必要となります。\n②\n9:00～17:00(11月上旬～4月中旬冬季閉鎖)\n※ダムと配布場所が離れていますので、配布の際はダムへ行った証明写真等が必要となります。",
        "address": "青森県北津軽郡中泊町大字小泊字小泊488",
        "url": "http://www.pref.aomori.lg.jp/soshiki/kenmin/go-kendo/kasen.html"
      }
    },
    {
      "type": "Feature",
      "geometry": {
        "type": "Point",
        "coordinates": [
          140.350708,
          41.17791
        ]
      },
      "properties": {
        "name": "小泊ダム",
        "location_marker": "②",
        "pref": "青森県",
        "river_system": "小泊川",
        "river": "小泊川",
        "card_ver": "1",
        "facility": "①\n中泊町小泊支所\n\n②\n道の駅こどまり（ポントマリ）",
        "hours": "①\n9:00～17:00（土･日･祝日を含む）\n※ダムと配布場所が離れていますので、配布の際はダムへ行った証明写真等が必要となります。\n②\n9:00～17:00(11月上旬～4月中旬冬季閉鎖)\n※ダムと配布場所が離れていますので、配布の際はダムへ行った証明写真等が必要となります。",
        "address": "青森県北津軽郡中泊町大字小泊字折腰内45",
        "url": "http://www.pref.aomori.lg.jp/soshiki/kenmin/go-kendo/kasen.html"
      }
    },
    {
      "type": "Feature",
      "geometry": {
        "type": "Point",
        "coordinates": [
          140.982651,
          41.268681
        ]
      },
      "properties": {
        "name": "川内ダム",
        "location_marker": "①",
        "pref": "青森県",
        "river_system": "川内川",
        "river": "川内川",
        "card_ver": "2",
        "facility": "①\n川内ダム管理所\n\n②\n道の駅かわうち湖",
        "hours": "①\n9:30～15:00（金・土・日・祝日および年末年始は配布しておりません。）\n※ダムカード配布場所はダムに隣接しています。配布時間内でも施設点検等で不在となり、配布できない場合があります。\n\n②\n9:00～16:00（毎週木曜日（祝日の際は翌日）の休館日および冬期閉鎖期間中（11月中旬～4月中旬）は配布しておりません。\n※ダムと配布場所が離れていますので、配布の際はダムへ行った証明写真等が必要となります。",
        "address": "青森県むつ市川内町福浦山",
        "url": "https://www.pref.aomori.lg.jp/soshiki/kenmin/sh-seibi/gyoumugaiyou_kasensabousisetu.html"
      }
    },
    {
      "type": "Feature",
      "geometry": {
        "type": "Point",
        "coordinates": [
          140.982651,
          41.268681
        ]
      },
      "properties": {
        "name": "川内ダム",
        "location_marker": "②",
        "pref": "青森県",
        "river_system": "川内川",
        "river": "川内川",
        "card_ver": "2",
        "facility": "①\n川内ダム管理所\n\n②\n道の駅かわうち湖",
        "hours": "①\n9:30～15:00（金・土・日・祝日および年末年始は配布しておりません。）\n※ダムカード配布場所はダムに隣接しています。配布時間内でも施設点検等で不在となり、配布できない場合があります。\n\n②\n9:00～16:00（毎週木曜日（祝日の際は翌日）の休館日および冬期閉鎖期間中（11月中旬～4月中旬）は配布しておりません。\n※ダムと配布場所が離れていますので、配布の際はダムへ行った証明写真等が必要となります。",
        "address": "青森県むつ市川内町福浦山314",
        "url": "https://www.pref.aomori.lg.jp/soshiki/kenmin/sh-seibi/gyoumugaiyou_kasensabousisetu.html"
      }
    },
    {
      "type": "Feature",
      "geometry": {
        "type": "Point",
        "coordinates": [
          140.740555,
          40.824589
        ]
      },
      "properties": {
        "name": "津軽ダム",
        "location_marker": "②",
        "pref": "青森県",
        "river_system": "岩木川",
        "river": "岩木川",
        "card_ver": "2",
        "facility": "①\n津軽ダム資料展示室\n\n②\n岩木川ダム統合管理事務所",
        "hours": "①\n９：００～１７：００（年末年始を除く）\n\n②\n９：００～１７；００（年末年始のみ）\n\n※資料展示室休館日には、岩木川ダム統合管理事務所で配布します。",
        "address": "青森県ともに\n青森県中津軽郡西目屋村大字居森平字寒沢138-2",
        "url": "https://www.thr.mlit.go.jp/iwakito/"
      }
    },
    {
      "type": "Feature",
      "geometry": {
        "type": "Point",
        "coordinates": [
          140.692871,
          40.596931
        ]
      },
      "properties": {
        "name": "浅瀬石川ダム",
        "location_marker": "①",
        "pref": "青森県",
        "river_system": "岩木川",
        "river": "浅瀬石川",
        "card_ver": "2.1",
        "facility": "①\n地域防災センター浅瀬石川ダム資料館\n\n②\n浅瀬石川ダム管理支所",
        "hours": "①\n9:00～16:00（12月～3月の土・日・祝日と年末年始を除く）\n\n\n②\n９:０0～1７:00（12月～3月の土・日・祝日と年末年始のみ）\n\n※資料館休館日には、浅瀬石川ダム管理支所で配付しますので、門の脇にあるインターホンを押してください。\n",
        "address": "青森県黒石市大字板留字杉の沢２−22",
        "url": "https://www.thr.mlit.go.jp/iwakito/"
      }
    },
    {
      "type": "Feature",
      "geometry": {
        "type": "Point",
        "coordinates": [
          140.692871,
          40.596931
        ]
      },
      "properties": {
        "name": "浅瀬石川ダム",
        "location_marker": "②",
        "pref": "青森県",
        "river_system": "岩木川",
        "river": "浅瀬石川",
        "card_ver": "2.1",
        "facility": "①\n地域防災センター浅瀬石川ダム資料館\n\n②\n浅瀬石川ダム管理支所",
        "hours": "①\n9:00～16:00（12月～3月の土・日・祝日と年末年始を除く）\n\n\n②\n９:０0～1７:00（12月～3月の土・日・祝日と年末年始のみ）\n\n※資料館休館日には、浅瀬石川ダム管理支所で配付しますので、門の脇にあるインターホンを押してください。\n",
        "address": "青森県黒石市大字板留字杉の沢２番地",
        "url": "https://www.thr.mlit.go.jp/iwakito/"
      }
    },
    {
      "type": "Feature",
      "geometry": {
        "type": "Point",
        "coordinates": [
          140.861526,
          40.890911
        ]
      },
      "properties": {
        "name": "浅虫ダム",
        "location_marker": "①",
        "pref": "青森県",
        "river_system": "浅虫川",
        "river": "浅虫川",
        "card_ver": "1",
        "facility": "①\n道の駅\n浅虫温泉ゆ～さ浅虫\n\n②\n東青県土整備事務所\n駒込ダム建設課",
        "hours": "①\n9:00～17:00（土･日･祝日・年末年始を含む）\n※ダムと配布場所が離れていますので、配布の際はダムへ行った証明写真等が必要となります。\n\n②\n9:00～17:00（平日のみ）\n※ダムと配布場所が離れていますので、配布の際はダムへ行った証明写真等が必要となります。",
        "address": "青森県青森市大字浅虫字蛍谷３４１－１９",
        "url": "https://www.pref.aomori.lg.jp/soshiki/kenmin/komagomedam/damcard.html"
      }
    },
    {
      "type": "Feature",
      "geometry": {
        "type": "Point",
        "coordinates": [
          140.771515,
          40.794022
        ]
      },
      "properties": {
        "name": "浅虫ダム",
        "location_marker": "②",
        "pref": "青森県",
        "river_system": "浅虫川",
        "river": "浅虫川",
        "card_ver": "1",
        "facility": "①\n道の駅\n浅虫温泉ゆ～さ浅虫\n\n②\n東青県土整備事務所\n駒込ダム建設課",
        "hours": "①\n9:00～17:00（土･日･祝日・年末年始を含む）\n※ダムと配布場所が離れていますので、配布の際はダムへ行った証明写真等が必要となります。\n\n②\n9:00～17:00（平日のみ）\n※ダムと配布場所が離れていますので、配布の際はダムへ行った証明写真等が必要となります。",
        "address": "青森県青森市大字幸畑字唐崎76-4",
        "url": "https://www.pref.aomori.lg.jp/soshiki/kenmin/komagomedam/damcard.html"
      }
    },
    {
      "type": "Feature",
      "geometry": {
        "type": "Point",
        "coordinates": [
          141.094574,
          40.804699
        ]
      },
      "properties": {
        "name": "清水目ダム",
        "location_marker": "①",
        "pref": "青森県",
        "river_system": "野辺地川",
        "river": "野辺地川",
        "card_ver": "1",
        "facility": "①\n清水目ダム管理所\n\n②\n野辺地町観光物産PRセンター",
        "hours": "①\n9：30～12：00、13：00～15：00\n（平日のみ（水曜日を除く））\n※配布時間内であっても施設点検等で不在となり、配布できない場合があります。\n   管理事務所玄関のインターホンを押してください。\n\n②\n9：00～17：00\n（平日、土日祝日（ただし年末年始を除く））\n※ダムと配布場所が離れていますので、配布の際はダムへ行った証明写真等が必要となります。",
        "address": "青森県上北郡東北町字清水目深山",
        "url": "http://www.pref.aomori.lg.jp/soshiki/kenmin/to-kendo/dam-simizume.html"
      }
    },
    {
      "type": "Feature",
      "geometry": {
        "type": "Point",
        "coordinates": [
          141.119904,
          40.857048
        ]
      },
      "properties": {
        "name": "清水目ダム",
        "location_marker": "②",
        "pref": "青森県",
        "river_system": "野辺地川",
        "river": "野辺地川",
        "card_ver": "1",
        "facility": "①\n清水目ダム管理所\n\n②\n野辺地町観光物産PRセンター",
        "hours": "①\n9：30～12：00、13：00～15：00\n（平日のみ（水曜日を除く））\n※配布時間内であっても施設点検等で不在となり、配布できない場合があります。\n   管理事務所玄関のインターホンを押してください。\n\n②\n9：00～17：00\n（平日、土日祝日（ただし年末年始を除く））\n※ダムと配布場所が離れていますので、配布の際はダムへ行った証明写真等が必要となります。",
        "address": "青森県上北郡野辺地町字中小中野17-17",
        "url": "http://www.pref.aomori.lg.jp/soshiki/kenmin/to-kendo/dam-simizume.html"
      }
    },
    {
      "type": "Feature",
      "geometry": {
        "type": "Point",
        "coordinates": [
          140.636658,
          40.461197
        ]
      },
      "properties": {
        "name": "遠部ダム",
        "location_marker": null,
        "pref": "青森県",
        "river_system": "岩木川",
        "river": "平川",
        "card_ver": "1",
        "facility": "道の駅いかりがせき",
        "hours": "9:00～18:00（土･日･祝日を含む（年末年始を除く））\n※ダムと配布場所が離れていますので、配布の際はダムへ行った証明写真等が必要となります。",
        "address": "青森県平川市碇ヶ関碇石13-1",
        "url": "https://www.pref.aomori.lg.jp/soshiki/kenmin/hi-kendo/hi-kendo-kasen.html"
      }
    },
    {
      "type": "Feature",
      "geometry": {
        "type": "Point",
        "coordinates": [
          140.444946,
          40.797756
        ]
      },
      "properties": {
        "name": "飯詰ダム",
        "location_marker": null,
        "pref": "青森県",
        "river_system": "岩木川",
        "river": "飯詰川",
        "card_ver": "1",
        "facility": "西北県土整備事務所",
        "hours": "9:00～17:00（土･日･祝日を含む）\n※ダムと配布場所が離れていますので、配布の際はダムへ行った証明写真等が必要となります。",
        "address": "青森県五所川原市字栄町１０",
        "url": "http://www.pref.aomori.lg.jp/soshiki/kenmin/go-kendo/kasen.html"
      }
    },
    {
      "type": "Feature",
      "geometry": {
        "type": "Point",
        "coordinates": [
          140.861526,
          40.890911
        ]
      },
      "properties": {
        "name": "駒込ダム",
        "location_marker": "①",
        "pref": "青森県",
        "river_system": "堤川",
        "river": "駒込川",
        "card_ver": "1",
        "facility": "①\n道の駅浅虫温泉ゆ～さ浅虫\n\n②\n東青県土整備事務所\n駒込ダム建設課",
        "hours": "①\n例年5月中旬頃～10月31日（土・日・祝日を含む）\n9:00～17:00\n※駒込ダム建設現場は冬期間は現場休止となるため、期間限定の配布となります。\n※詳細な配布期間はホームページURLよりご確認ください。\n※ダムと配布場所が離れていますので、配布の際は「駒込ダム情報館」へ行った証明写真等が必要となります。\n※駒込ダム情報館：青森県青森市横内八重菊6１（銅像茶屋駐車場）（例年5月中旬開館）\n\n②\n例年5月中旬頃～10月31日（平日のみ）\n※駒込ダム建設現場は冬期間は現場休止となるため、期間限定の配布となります。\n※詳細な配布期間はホームページURLよりご確認ください。\n※ダムと配布場所が離れていますので、配布の際は「駒込ダム情報館」へ行った証明写真等が必要となります。\n※駒込ダム情報館：青森県青森市横内八重菊6１（銅像茶屋駐車場）（例年5月中旬開館）",
        "address": "青森県青森市大字浅虫字蛍谷３４１－１９",
        "url": "https://www.pref.aomori.lg.jp/soshiki/kenmin/komagomedam/damcard.html"
      }
    },
    {
      "type": "Feature",
      "geometry": {
        "type": "Point",
        "coordinates": [
          140.771515,
          40.794022
        ]
      },
      "properties": {
        "name": "駒込ダム",
        "location_marker": "②",
        "pref": "青森県",
        "river_system": "堤川",
        "river": "駒込川",
        "card_ver": "1",
        "facility": "①\n道の駅浅虫温泉ゆ～さ浅虫\n\n②\n東青県土整備事務所\n駒込ダム建設課",
        "hours": "①\n例年5月中旬頃～10月31日（土・日・祝日を含む）\n9:00～17:00\n※駒込ダム建設現場は冬期間は現場休止となるため、期間限定の配布となります。\n※詳細な配布期間はホームページURLよりご確認ください。\n※ダムと配布場所が離れていますので、配布の際は「駒込ダム情報館」へ行った証明写真等が必要となります。\n※駒込ダム情報館：青森県青森市横内八重菊6１（銅像茶屋駐車場）（例年5月中旬開館）\n\n②\n例年5月中旬頃～10月31日（平日のみ）\n※駒込ダム建設現場は冬期間は現場休止となるため、期間限定の配布となります。\n※詳細な配布期間はホームページURLよりご確認ください。\n※ダムと配布場所が離れていますので、配布の際は「駒込ダム情報館」へ行った証明写真等が必要となります。\n※駒込ダム情報館：青森県青森市横内八重菊6１（銅像茶屋駐車場）（例年5月中旬開館）",
        "address": "青森県青森市大字幸畑字唐崎76-4",
        "url": "https://www.pref.aomori.lg.jp/soshiki/kenmin/komagomedam/damcard.html"
      }
    },
    {
      "type": "Feature",
      "geometry": {
        "type": "Point",
        "coordinates": [
          138.231674,
          35.214729
        ]
      },
      "properties": {
        "name": "井川ダム",
        "location_marker": null,
        "pref": "静岡県",
        "river_system": "大井川",
        "river": "大井川",
        "card_ver": "1",
        "facility": "井川展示館",
        "hours": "9:00～16:00\n（休館日は除く）\n休館日：月曜（祝日の場合は翌日、5･8･11月は無休）および12月～2月",
        "address": "静岡県静岡市葵区井川字西山沢1956-1",
        "url": "https://www.chuden.co.jp/kids/pr/ikawa-pr/"
      }
    },
    {
      "type": "Feature",
      "geometry": {
        "type": "Point",
        "coordinates": [
          137.81868,
          35.116451
        ]
      },
      "properties": {
        "name": "佐久間ダム",
        "location_marker": null,
        "pref": "静岡県",
        "river_system": "天竜川",
        "river": "天竜川",
        "card_ver": "1.1",
        "facility": "佐久間電力館",
        "hours": "9:00～16:30\n休館日：毎週月曜日（月曜日が祝祭日の場合は火曜日）、12/28～1/3\n※8月は毎日開館します。",
        "address": "静岡県浜松市天竜区佐久間町佐久間2552-3",
        "url": "http://www.jpower.co.jp/damcard/sakuma.html"
      }
    },
    {
      "type": "Feature",
      "geometry": {
        "type": "Point",
        "coordinates": [
          138.569336,
          35.282211
        ]
      },
      "properties": {
        "name": "大倉川農地防災ダム",
        "location_marker": "①",
        "pref": "静岡県",
        "river_system": "富士川",
        "river": "大倉川",
        "card_ver": "1",
        "facility": "①\n大倉川農地防災ダム管理事務所\n\n②\n富士ミルクランド",
        "hours": "①\n8:30～12:00\n（平日の午前中のみ）\nダムカード配布場所はダムに隣接しています。\n\n②\n9:00～18:00\n（土・日・祝日も配布　ただし不定休　上記配布時間の内、営業時間外はスタッフがいる場合のみ配布）\nダムカード配布場所とダムは離れた場所ありますのでご注意願います。また、ダムカードが欲しい場合はダムに行った証明（写真又は大倉川農地防災ダム管理事務所に設置するスタンプの押印）が必要となります。",
        "address": "静岡県富士宮市精進川印野２４１６",
        "url": "①\nhttps://www.pref.shizuoka.jp/sangyoshigoto/norinjimusho/fujinorin/1004180/1033977.html\n\n②\nhttp://fujimilkland.com"
      }
    },
    {
      "type": "Feature",
      "geometry": {
        "type": "Point",
        "coordinates": [
          138.592194,
          35.340916
        ]
      },
      "properties": {
        "name": "大倉川農地防災ダム",
        "location_marker": "②",
        "pref": "静岡県",
        "river_system": "富士川",
        "river": "大倉川",
        "card_ver": "1",
        "facility": "①\n大倉川農地防災ダム管理事務所\n\n②\n富士ミルクランド",
        "hours": "①\n8:30～12:00\n（平日の午前中のみ）\nダムカード配布場所はダムに隣接しています。\n\n②\n9:00～18:00\n（土・日・祝日も配布　ただし不定休　上記配布時間の内、営業時間外はスタッフがいる場合のみ配布）\nダムカード配布場所とダムは離れた場所ありますのでご注意願います。また、ダムカードが欲しい場合はダムに行った証明（写真又は大倉川農地防災ダム管理事務所に設置するスタンプの押印）が必要となります。",
        "address": "静岡県富士宮市上井出3690番地",
        "url": "①\nhttps://www.pref.shizuoka.jp/sangyoshigoto/norinjimusho/fujinorin/1004180/1033977.html\n\n②\nhttp://fujimilkland.com"
      }
    },
    {
      "type": "Feature",
      "geometry": {
        "type": "Point",
        "coordinates": [
          138.079529,
          35.226582
        ]
      },
      "properties": {
        "name": "大間ダム",
        "location_marker": "②",
        "pref": "静岡県",
        "river_system": "大井川",
        "river": "寸又川",
        "card_ver": "1",
        "facility": "①南アルプス山岳図書館・観光案内所\n②寸又峡観光案内所\n③翠紅苑\n④寸又峡プロムナードコース入口ゲート",
        "hours": "①開館時間　1～3月 10:00～16:00\n　　　　　　4～12月 9:30～16:30（土曜・日曜のみ）\n　休館日　 火曜・水曜日（祝日の場合は翌平日）\n④5月～11月　6:30～18:00\n  12月～4月　7:00～18:00\n※②および③の配布日時は各施設にお問い合わせください \n※配布場所から大間ダムまで徒歩30分と離れていますので、大間ダムに行った証明としてデジカメ・携帯等で撮った「大間ダム」か「チンダル湖」の写真を提示するか、当日の「チンダル湖」の水の色や景色の感想をお話しください。",
        "address": "静岡県榛原郡川根本町千頭２７０－３",
        "url": "https://www.chuden.co.jp/energy/renew/ren_setsubi/water/damcard/"
      }
    },
    {
      "type": "Feature",
      "geometry": {
        "type": "Point",
        "coordinates": [
          138.079529,
          35.226582
        ]
      },
      "properties": {
        "name": "大間ダム",
        "location_marker": "③",
        "pref": "静岡県",
        "river_system": "大井川",
        "river": "寸又川",
        "card_ver": "1",
        "facility": "①南アルプス山岳図書館・観光案内所\n②寸又峡観光案内所\n③翠紅苑\n④寸又峡プロムナードコース入口ゲート",
        "hours": "①開館時間　1～3月 10:00～16:00\n　　　　　　4～12月 9:30～16:30（土曜・日曜のみ）\n　休館日　 火曜・水曜日（祝日の場合は翌平日）\n④5月～11月　6:30～18:00\n  12月～4月　7:00～18:00\n※②および③の配布日時は各施設にお問い合わせください \n※配布場所から大間ダムまで徒歩30分と離れていますので、大間ダムに行った証明としてデジカメ・携帯等で撮った「大間ダム」か「チンダル湖」の写真を提示するか、当日の「チンダル湖」の水の色や景色の感想をお話しください。",
        "address": "静岡県榛原郡川根本町千頭２７９",
        "url": "https://www.chuden.co.jp/energy/renew/ren_setsubi/water/damcard/"
      }
    },
    {
      "type": "Feature",
      "geometry": {
        "type": "Point",
        "coordinates": [
          138.003296,
          34.927361
        ]
      },
      "properties": {
        "name": "太田川ダム",
        "location_marker": "①",
        "pref": "静岡県",
        "river_system": "太田川",
        "river": "太田川",
        "card_ver": "1",
        "facility": "①\n太田川ダム管理所\n\n②\nアクティ森",
        "hours": "①\n10:00～16:00\n（土・日・祝日を含む。ただし、12月２9日～1月3日は配布していません。）\n\n②\n9:00～17:30（12月～2月:9:00～17:00）\n（水・年末年始を除く）",
        "address": "静岡県周智郡森町亀久保575-28",
        "url": "①\nhttp://doboku.pref.shizuoka.jp/desaki/ootagawa1/"
      }
    },
    {
      "type": "Feature",
      "geometry": {
        "type": "Point",
        "coordinates": [
          137.927063,
          34.83559
        ]
      },
      "properties": {
        "name": "太田川ダム",
        "location_marker": "②",
        "pref": "静岡県",
        "river_system": "太田川",
        "river": "太田川",
        "card_ver": "1",
        "facility": "①\n太田川ダム管理所\n\n②\nアクティ森",
        "hours": "①\n10:00～16:00\n（土・日・祝日を含む。ただし、12月２9日～1月3日は配布していません。）\n\n②\n9:00～17:30（12月～2月:9:00～17:00）\n（水・年末年始を除く）",
        "address": "静岡県周智郡森町間詰1115-1",
        "url": "①\nhttp://doboku.pref.shizuoka.jp/desaki/ootagawa1/"
      }
    },
    {
      "type": "Feature",
      "geometry": {
        "type": "Point",
        "coordinates": [
          139.093628,
          34.984665
        ]
      },
      "properties": {
        "name": "奥野ダム",
        "location_marker": "①",
        "pref": "静岡県",
        "river_system": "伊東大川",
        "river": "伊東大川",
        "card_ver": "2",
        "facility": "①\n道の駅「伊東マリンタウン」\n観光案内所\n\n②\n奥野ダム管理所",
        "hours": "①\n9:00～17:00（土・日・祝日を含む）\n【ダムに来訪され、携帯、デジカメなどで撮影したダム写真を提示していただいた方のみ配布】\n\n②\n9:30～12:00　13:00～16:00（土・日・祝日を含む）",
        "address": "静岡県伊東市湯川571-19",
        "url": "①\nhttps://itomarinetown.co.jp/\n\n②\nhttp://www.okunodam.jp/"
      }
    },
    {
      "type": "Feature",
      "geometry": {
        "type": "Point",
        "coordinates": [
          139.063339,
          34.937912
        ]
      },
      "properties": {
        "name": "奥野ダム",
        "location_marker": "②",
        "pref": "静岡県",
        "river_system": "伊東大川",
        "river": "伊東大川",
        "card_ver": "2",
        "facility": "①\n道の駅「伊東マリンタウン」\n観光案内所\n\n②\n奥野ダム管理所",
        "hours": "①\n9:00～17:00（土・日・祝日を含む）\n【ダムに来訪され、携帯、デジカメなどで撮影したダム写真を提示していただいた方のみ配布】\n\n②\n9:30～12:00　13:00～16:00（土・日・祝日を含む）",
        "address": "静岡県伊東市鎌田字横堀1296-205",
        "url": "①\nhttps://itomarinetown.co.jp/\n\n②\nhttp://www.okunodam.jp/"
      }
    },
    {
      "type": "Feature",
      "geometry": {
        "type": "Point",
        "coordinates": [
          137.977448,
          35.197067
        ]
      },
      "properties": {
        "name": "水窪ダム",
        "location_marker": "①",
        "pref": "静岡県",
        "river_system": "天竜川",
        "river": "戸中川",
        "card_ver": "1",
        "facility": "①みさくぼ路の里\n②水窪総合体育館",
        "hours": "①9:00～17:00　不定休\n②9:00～17:00　休館日：12/29～1/3(別途メンテナンス休日あり)",
        "address": "静岡県浜松市天竜区水窪町地頭方248-1",
        "url": "http://www.jpower.co.jp/damcard/misakubo.html"
      }
    },
    {
      "type": "Feature",
      "geometry": {
        "type": "Point",
        "coordinates": [
          137.977448,
          35.197067
        ]
      },
      "properties": {
        "name": "水窪ダム",
        "location_marker": "②",
        "pref": "静岡県",
        "river_system": "天竜川",
        "river": "戸中川",
        "card_ver": "1",
        "facility": "①みさくぼ路の里\n②水窪総合体育館",
        "hours": "①9:00～17:00　不定休\n②9:00～17:00　休館日：12/29～1/3(別途メンテナンス休日あり)",
        "address": "静岡県浜松市天竜区水窪町地頭方241-3",
        "url": "http://www.jpower.co.jp/damcard/misakubo.html"
      }
    },
    {
      "type": "Feature",
      "geometry": {
        "type": "Point",
        "coordinates": [
          138.212448,
          35.254257
        ]
      },
      "properties": {
        "name": "田代ダム",
        "location_marker": "①",
        "pref": "静岡県",
        "river_system": "大井川",
        "river": "大井川",
        "card_ver": "1",
        "facility": "①\n南アルプス赤石温泉　白樺荘\n\n\n②\n椹島ロッヂ",
        "hours": "①\n【営業時間】\n4月から11月まで10：00～18：00、12月から3月まで10：00～17：00\n\n【定 休 日 】\n火曜日(祝祭日の場合は翌平日)。\n　　　　　　ただし8月・11月は無休\n宿　泊　：年中無休\n※ダムカード配布場所とダムは離れた場所にありますのでご注意願います。また、ダムカードが欲しい場合はダムに行った証明（写真等）が必要となります。\n\n②\n【営業期間】\n４月末～１１月初旬\n※詳細はホームページにてご確認ください。\n※ダムカード配布場所とダムは離れた場所にありますのでご注意願います。また、ダムカードが欲しい場合はダムに行った証明（写真等）が必要となります。",
        "address": "静岡県静岡市葵区田代1110-5",
        "url": "①\nhttps://ikawa-shinko.wixsite.com/shirakabasou\n②\nhttps://www.t-forest.com/alpsinfo/"
      }
    },
    {
      "type": "Feature",
      "geometry": {
        "type": "Point",
        "coordinates": [
          138.212448,
          35.254257
        ]
      },
      "properties": {
        "name": "田代ダム",
        "location_marker": "②",
        "pref": "静岡県",
        "river_system": "大井川",
        "river": "大井川",
        "card_ver": "1",
        "facility": "①\n南アルプス赤石温泉　白樺荘\n\n\n②\n椹島ロッヂ",
        "hours": "①\n【営業時間】\n4月から11月まで10：00～18：00、12月から3月まで10：00～17：00\n\n【定 休 日 】\n火曜日(祝祭日の場合は翌平日)。\n　　　　　　ただし8月・11月は無休\n宿　泊　：年中無休\n※ダムカード配布場所とダムは離れた場所にありますのでご注意願います。また、ダムカードが欲しい場合はダムに行った証明（写真等）が必要となります。\n\n②\n【営業期間】\n４月末～１１月初旬\n※詳細はホームページにてご確認ください。\n※ダムカード配布場所とダムは離れた場所にありますのでご注意願います。また、ダムカードが欲しい場合はダムに行った証明（写真等）が必要となります。",
        "address": "静岡県静岡市葵区田代字鳥森1301-1",
        "url": "①\nhttps://ikawa-shinko.wixsite.com/shirakabasou\n②\nhttps://www.t-forest.com/alpsinfo/"
      }
    },
    {
      "type": "Feature",
      "geometry": {
        "type": "Point",
        "coordinates": [
          138.212448,
          35.254257
        ]
      },
      "properties": {
        "name": "畑薙第一ダム",
        "location_marker": null,
        "pref": "静岡県",
        "river_system": "大井川",
        "river": "大井川",
        "card_ver": "1",
        "facility": "静岡市・南アルプス赤石温泉\n白樺荘",
        "hours": "10:00～16:00\n休業日：毎週火曜日（火曜日が祝日の場合は翌平日）\n8月と11月は無休です。\n※配布場所から畑薙第一ダムまで車で８分と離れていますので、畑薙第一ダムにいった証明としてデジカメ・携帯等で撮った「畑薙第一ダム」の写真を提示するか、当日の畑薙第一ダム周辺の景色の感想をお話しください。",
        "address": "静岡県静岡市葵区田代１１１０－５",
        "url": "https://www.chuden.co.jp/energy/renew/ren_setsubi/water/damcard/"
      }
    },
    {
      "type": "Feature",
      "geometry": {
        "type": "Point",
        "coordinates": [
          137.84549,
          34.977188
        ]
      },
      "properties": {
        "name": "秋葉ダム",
        "location_marker": null,
        "pref": "静岡県",
        "river_system": "天竜川",
        "river": "天竜川",
        "card_ver": "1",
        "facility": "龍山保健センター内　龍山入浴施設「やすらぎの湯」受付カウンター",
        "hours": "水・木曜日、祝日　10:30～16:30\n金・土・日曜日　10:30～20:00\n休館日：毎週月・火曜日（祝日の場合は営業10:30～16:30)、年末年始（12/30～1/1）",
        "address": "静岡県浜松市天竜区龍山町戸倉711-2",
        "url": "http://www.jpower.co.jp/damcard/akiha.html"
      }
    },
    {
      "type": "Feature",
      "geometry": {
        "type": "Point",
        "coordinates": [
          137.828979,
          34.905563
        ]
      },
      "properties": {
        "name": "船明ダム",
        "location_marker": null,
        "pref": "静岡県",
        "river_system": "天竜川",
        "river": "天竜川",
        "card_ver": "1",
        "facility": "道の駅 花桃の里",
        "hours": "\n平日　10:00～15:00\n土日　10:00～15:30\n（毎週火曜日定休、ただし当日が国民の休日ならば営業。年末年始の営業日は不確定のため、事前にご確認ください）\n",
        "address": "静岡県浜松市天竜区大川31-10",
        "url": "http://www.jpower.co.jp/damcard/funagira.html"
      }
    },
    {
      "type": "Feature",
      "geometry": {
        "type": "Point",
        "coordinates": [
          138.177155,
          35.209225
        ]
      },
      "properties": {
        "name": "長島ダム",
        "location_marker": "①",
        "pref": "静岡県",
        "river_system": "大井川",
        "river": "大井川",
        "card_ver": "2",
        "facility": "①\n長島ダム管理所\n\n②\n長島ダム防災施設ふれあい館",
        "hours": "①\n8:30～17:15\n（土・日・祝日は除く）\n\n②\n9:30～16:30\n（木・年末年始は除く）",
        "address": "静岡県榛原郡川根本町犬間541-3",
        "url": "①\nhttps://www.cbr.mlit.go.jp/nagashima/\n\n②\nhttps://www.cbr.mlit.go.jp/nagashima/public/index.html"
      }
    },
    {
      "type": "Feature",
      "geometry": {
        "type": "Point",
        "coordinates": [
          138.211411,
          35.170803
        ]
      },
      "properties": {
        "name": "長島ダム",
        "location_marker": "②",
        "pref": "静岡県",
        "river_system": "大井川",
        "river": "大井川",
        "card_ver": "2",
        "facility": "①\n長島ダム管理所\n\n②\n長島ダム防災施設ふれあい館",
        "hours": "①\n8:30～17:15\n（土・日・祝日は除く）\n\n②\n9:30～16:30\n（木・年末年始は除く）",
        "address": "静岡県榛原郡川根本町梅地3-34",
        "url": "①\nhttps://www.cbr.mlit.go.jp/nagashima/\n\n②\nhttps://www.cbr.mlit.go.jp/nagashima/public/index.html"
      }
    },
    {
      "type": "Feature",
      "geometry": {
        "type": "Point",
        "coordinates": [
          138.866211,
          34.650078
        ]
      },
      "properties": {
        "name": "青野大師ダム",
        "location_marker": "①",
        "pref": "静岡県",
        "river_system": "青野川",
        "river": "鈴野川",
        "card_ver": "1",
        "facility": "①\n道の駅\n「下賀茂温泉　湯の花」\n（南伊豆町観光協会）\n\n②\n下田土木事務所",
        "hours": "①\n9:０0～17:00（土・日・祝日を含む）\n【ダムに来訪され、管理所前に設置したスタンプを押印された方及び訪れた際に撮影したダムの写真を提示していただいた方のみ配布】\n\n②\n8:30～17:15（土・日・祝日は配布しない）\n【ダムに来訪され、管理所前に設置したスタンプを押印された方及び訪れた際に撮影したダムの写真を提示していただいた方のみ配布】",
        "address": "静岡県賀茂郡南伊豆町下賀茂１５７－１\n  南伊豆町観光協会",
        "url": "http://www.pref.shizuoka.jp/kensetsu/ke-810/aono.html"
      }
    },
    {
      "type": "Feature",
      "geometry": {
        "type": "Point",
        "coordinates": [
          138.950119,
          34.681534
        ]
      },
      "properties": {
        "name": "青野大師ダム",
        "location_marker": "②",
        "pref": "静岡県",
        "river_system": "青野川",
        "river": "鈴野川",
        "card_ver": "1",
        "facility": "①\n道の駅\n「下賀茂温泉　湯の花」\n（南伊豆町観光協会）\n\n②\n下田土木事務所",
        "hours": "①\n9:０0～17:00（土・日・祝日を含む）\n【ダムに来訪され、管理所前に設置したスタンプを押印された方及び訪れた際に撮影したダムの写真を提示していただいた方のみ配布】\n\n②\n8:30～17:15（土・日・祝日は配布しない）\n【ダムに来訪され、管理所前に設置したスタンプを押印された方及び訪れた際に撮影したダムの写真を提示していただいた方のみ配布】",
        "address": "静岡県下田市中５３１－１\n　下田総合庁舎５階",
        "url": "http://www.pref.shizuoka.jp/kensetsu/ke-810/aono.html"
      }
    },
    {
      "type": "Feature",
      "geometry": {
        "type": "Point",
        "coordinates": [
          134.238754,
          34.198154
        ]
      },
      "properties": {
        "name": "五名ダム",
        "location_marker": null,
        "pref": "香川県",
        "river_system": "湊川",
        "river": "湊川",
        "card_ver": "1.4",
        "facility": "五名ダム管理事務所",
        "hours": "9:00～17:00\n（土・日・祝日含む）",
        "address": "香川県東かがわ市五名223-9",
        "url": "https://www.pref.kagawa.lg.jp/content/etc/subsite/kagawa_dam/tousan/02gomyou.shtml"
      }
    },
    {
      "type": "Feature",
      "geometry": {
        "type": "Point",
        "coordinates": [
          133.70842,
          34.033978
        ]
      },
      "properties": {
        "name": "五郷ダム",
        "location_marker": null,
        "pref": "香川県",
        "river_system": "柞田川",
        "river": "前田川",
        "card_ver": "5.1",
        "facility": "五郷ダム管理事務所",
        "hours": "9:00～17:00\n（土・日・祝日含む）\n管理事務所玄関のインターホンを押してください。",
        "address": "香川県観音寺市大野原町有木53",
        "url": "https://www.pref.kagawa.lg.jp/content/etc/subsite/kagawa_dam/seisan/14gogou.shtml"
      }
    },
    {
      "type": "Feature",
      "geometry": {
        "type": "Point",
        "coordinates": [
          134.071228,
          34.156914
        ]
      },
      "properties": {
        "name": "内場ダム",
        "location_marker": null,
        "pref": "香川県",
        "river_system": "香東川",
        "river": "内場川",
        "card_ver": "3.2",
        "facility": "内場ダム管理事務所",
        "hours": "9:00～17:00\n（土・日・祝日含む）\n管理事務所玄関のインターホンを押してください。",
        "address": "香川県高松市塩江町上西字内場乙1339",
        "url": "https://www.pref.kagawa.lg.jp/content/etc/subsite/kagawa_dam/takamatsu/07naiba.shtml"
      }
    },
    {
      "type": "Feature",
      "geometry": {
        "type": "Point",
        "coordinates": [
          134.295715,
          34.503201
        ]
      },
      "properties": {
        "name": "内海ダム",
        "location_marker": null,
        "pref": "香川県",
        "river_system": "別当川",
        "river": "別当川",
        "card_ver": "7",
        "facility": "内海ダム管理事務所",
        "hours": "9:00～17:00\n（土・日・祝日含む）\n管理事務所玄関のインターホンを押してください。",
        "address": "香川県小豆郡小豆島町神懸通字後山甲1908",
        "url": "https://www.pref.kagawa.lg.jp/content/etc/subsite/kagawa_dam/shouzu/09uchinomi.shtml"
      }
    },
    {
      "type": "Feature",
      "geometry": {
        "type": "Point",
        "coordinates": [
          134.18718,
          34.217888
        ]
      },
      "properties": {
        "name": "前山ダム",
        "location_marker": null,
        "pref": "香川県",
        "river_system": "鴨部川",
        "river": "鴨部川",
        "card_ver": "1.3",
        "facility": "前山ダム管理事務所",
        "hours": "9:00～17:00\n（土・日・祝日含む）\n管理事務所玄関のインターホンを押してください。",
        "address": "香川県さぬき市前山957-6",
        "url": "https://www.pref.kagawa.lg.jp/content/etc/subsite/kagawa_dam/tousan/06maeyama.shtml"
      }
    },
    {
      "type": "Feature",
      "geometry": {
        "type": "Point",
        "coordinates": [
          134.399826,
          34.178883
        ]
      },
      "properties": {
        "name": "千足ダム",
        "location_marker": null,
        "pref": "香川県",
        "river_system": "馬宿川",
        "river": "千足川",
        "card_ver": "2",
        "facility": "千足ダム管理事務所",
        "hours": "9:00～17:00\n（土・日・祝日含む）\n管理事務所玄関のインターホンを押してください。",
        "address": "香川県東かがわ市川股字千足989",
        "url": "https://www.pref.kagawa.lg.jp/content/etc/subsite/kagawa_dam/tousan/01senzoku.shtml"
      }
    },
    {
      "type": "Feature",
      "geometry": {
        "type": "Point",
        "coordinates": [
          134.33876,
          34.555187
        ]
      },
      "properties": {
        "name": "吉田ダム",
        "location_marker": null,
        "pref": "香川県",
        "river_system": "吉田川",
        "river": "吉田川",
        "card_ver": "3",
        "facility": "吉田ダム管理事務所",
        "hours": "9:00～17:00\n（土・日・祝日含む）\n管理事務所玄関のインターホンを押してください。",
        "address": "香川県小豆郡小豆島町吉田字川向乙92-3",
        "url": "https://www.pref.kagawa.lg.jp/content/etc/subsite/kagawa_dam/shouzu/11yoshida.shtml"
      }
    },
    {
      "type": "Feature",
      "geometry": {
        "type": "Point",
        "coordinates": [
          134.299347,
          34.227024
        ]
      },
      "properties": {
        "name": "大内ダム\n［香川県］",
        "location_marker": null,
        "pref": "香川県",
        "river_system": "与田川",
        "river": "様松川",
        "card_ver": "2",
        "facility": "大内ダム管理事務所",
        "hours": "9:00～17:00\n（土・日・祝日含む）",
        "address": "香川県東かがわ市水主2046",
        "url": "https://www.pref.kagawa.lg.jp/content/etc/subsite/kagawa_dam/tousan/03oouti.shtml"
      }
    },
    {
      "type": "Feature",
      "geometry": {
        "type": "Point",
        "coordinates": [
          134.259399,
          34.239052
        ]
      },
      "properties": {
        "name": "大川ダム\n［香川県］",
        "location_marker": null,
        "pref": "香川県",
        "river_system": "津田川",
        "river": "津田川",
        "card_ver": "3.1",
        "facility": "大川ダム管理事務所",
        "hours": "9:00～17:00\n（土・日・祝日含む）\n管理事務所玄関のインターホンを押してください。",
        "address": "香川県さぬき市大川町田面2940-1",
        "url": "https://www.pref.kagawa.lg.jp/content/etc/subsite/kagawa_dam/tousan/04okawa.shtml"
      }
    },
    {
      "type": "Feature",
      "geometry": {
        "type": "Point",
        "coordinates": [
          133.918701,
          34.285275
        ]
      },
      "properties": {
        "name": "府中ダム",
        "location_marker": null,
        "pref": "香川県",
        "river_system": "綾川",
        "river": "綾川",
        "card_ver": "2",
        "facility": "香川県広域水道企業団\n広域送水管理センター",
        "hours": "9:00～17:00\n（土・日・祝日含む）\n土日祝日は、事務所玄関のインターホンを押してください。",
        "address": "香川県坂出市府中町1265番地１",
        "url": "https://union.suido-kagawa.lg.jp/site/fuchu/5841.html"
      }
    },
    {
      "type": "Feature",
      "geometry": {
        "type": "Point",
        "coordinates": [
          134.107727,
          34.1553
        ]
      },
      "properties": {
        "name": "椛川ダム",
        "location_marker": null,
        "pref": "香川県",
        "river_system": "香東川",
        "river": "椛川",
        "card_ver": "10",
        "facility": "椛川ダム管理事務所",
        "hours": "9:00～17:00\n（土・日・祝日含む）\n管理事務所玄関のインターホンを押してください。",
        "address": "香川県高松市塩江町安原上東1655-1",
        "url": "https://www.pref.kagawa.lg.jp/content/etc/subsite/kabagawa/index.shtml"
      }
    },
    {
      "type": "Feature",
      "geometry": {
        "type": "Point",
        "coordinates": [
          134.271088,
          34.508144
        ]
      },
      "properties": {
        "name": "殿川ダム",
        "location_marker": null,
        "pref": "香川県",
        "river_system": "伝法川",
        "river": "殿川",
        "card_ver": "3",
        "facility": "殿川ダム管理事務所",
        "hours": "9:00～17:00\n（土・日・祝日含む）\n管理事務所玄関のインターホンを押してください。",
        "address": "香川県小豆郡小豆島町中山字向條166-3",
        "url": "https://www.pref.kagawa.lg.jp/content/etc/subsite/kagawa_dam/shouzu/08tonogawa.shtml"
      }
    },
    {
      "type": "Feature",
      "geometry": {
        "type": "Point",
        "coordinates": [
          134.005356,
          34.174644
        ]
      },
      "properties": {
        "name": "田万ダム",
        "location_marker": null,
        "pref": "香川県",
        "river_system": "綾川",
        "river": "田万川",
        "card_ver": "4",
        "facility": "田万ダム管理事務所",
        "hours": "9:00～17:00\n（土・日・祝日含む）\n管理事務所玄関のインターホンを押してください。",
        "address": "香川県綾歌郡綾川町枌所東字桜谷1554-34",
        "url": "https://www.pref.kagawa.lg.jp/content/etc/subsite/kagawa_dam/chusan/13taman.shtml"
      }
    },
    {
      "type": "Feature",
      "geometry": {
        "type": "Point",
        "coordinates": [
          133.722839,
          34.075539
        ]
      },
      "properties": {
        "name": "粟井ダム",
        "location_marker": null,
        "pref": "香川県",
        "river_system": "柞田川",
        "river": "栗井川",
        "card_ver": "2.2",
        "facility": "粟井ダム管理事務所",
        "hours": "9:00～17:00\n（土・日・祝日含む）\n管理事務所玄関のインターホンを押してください。",
        "address": "香川県観音寺市粟井町坂瀬4658-8",
        "url": "https://www.pref.kagawa.lg.jp/content/etc/subsite/kagawa_dam/seisan/15awai.shtml"
      }
    },
    {
      "type": "Feature",
      "geometry": {
        "type": "Point",
        "coordinates": [
          134.325623,
          34.495743
        ]
      },
      "properties": {
        "name": "粟地ダム",
        "location_marker": null,
        "pref": "香川県",
        "river_system": "安田大川",
        "river": "安田大川",
        "card_ver": "2.1",
        "facility": "粟地ダム管理事務所",
        "hours": "9:00～17:00\n（土・日・祝日含む）\n管理事務所玄関のインターホンを押してください。",
        "address": "香川県小豆郡小豆島町安田字粟地甲1771-1",
        "url": "https://www.pref.kagawa.lg.jp/content/etc/subsite/kagawa_dam/shouzu/10awaji.shtml"
      }
    },
    {
      "type": "Feature",
      "geometry": {
        "type": "Point",
        "coordinates": [
          133.966812,
          34.202869
        ]
      },
      "properties": {
        "name": "長柄ダム\n［香川県］",
        "location_marker": null,
        "pref": "香川県",
        "river_system": "綾川",
        "river": "綾川",
        "card_ver": "4",
        "facility": "長柄ダム管理事務所",
        "hours": "9:00～17:00\n（土・日・祝日含む）\n管理事務所玄関のインターホンを押してください。",
        "address": "香川県綾歌郡綾川町東分乙591-4",
        "url": "https://www.pref.kagawa.lg.jp/content/etc/subsite/kagawa_dam/chusan/12nagara.shtml"
      }
    },
    {
      "type": "Feature",
      "geometry": {
        "type": "Point",
        "coordinates": [
          134.207672,
          34.268105
        ]
      },
      "properties": {
        "name": "門入ダム",
        "location_marker": null,
        "pref": "香川県",
        "river_system": "津田川",
        "river": "栴壇川",
        "card_ver": "2.3",
        "facility": "門入ダム管理事務所",
        "hours": "9:00～17:00\n（土・日・祝日含む）\n管理事務所玄関のインターホンを押してください。",
        "address": "香川県さぬき市寒川町石田東甲2563-7",
        "url": "https://www.pref.kagawa.lg.jp/content/etc/subsite/kagawa_dam/tousan/05monnyu.shtml "
      }
    },
    {
      "type": "Feature",
      "geometry": {
        "type": "Point",
        "coordinates": [
          133.822723,
          34.191998
        ]
      },
      "properties": {
        "name": "香川用水調整池",
        "location_marker": null,
        "pref": "香川県",
        "river_system": "財田川",
        "river": "大池川",
        "card_ver": "1.1",
        "facility": "香川用水管理所（琴平町）",
        "hours": "9:00～17:00\n（但し、12時から13時までを除く）\n土・日・祝日含む\n休日は、管理所玄関左側インターホンにより「ダムカード配布希望」とお伝えください.。※配布には調整池を背景とした写真又は調整池に設置しているスタンプが必要です。",
        "address": "香川県仲多度郡琴平町榎井８９１－２",
        "url": "https://www.water.go.jp/yoshino/kagawa/damcard.html"
      }
    },
    {
      "type": "Feature",
      "geometry": {
        "type": "Point",
        "coordinates": [
          132.796967,
          32.92358
        ]
      },
      "properties": {
        "name": "中筋川ダム",
        "location_marker": null,
        "pref": "高知県",
        "river_system": "渡川",
        "river": "中筋川",
        "card_ver": "1.1",
        "facility": "渡川ダム統合管理事務所",
        "hours": "9:00～17:00\n（土・日・祝日を含む）\n事務所玄関のインターホンを押してください。",
        "address": "高知県宿毛市平田町黒川字櫛ヶ崎山5312-48",
        "url": "http://www.skr.mlit.go.jp/watarigawadam/index.html"
      }
    },
    {
      "type": "Feature",
      "geometry": {
        "type": "Point",
        "coordinates": [
          134.040787,
          33.470234
        ]
      },
      "properties": {
        "name": "久木ダム",
        "location_marker": "①",
        "pref": "高知県",
        "river_system": "奈半利川",
        "river": "奈半利川",
        "card_ver": "1",
        "facility": "①電源開発㈱　高知電力所\n\n②馬路村役場 魚梁瀬支所\n\n③中岡慎太郎館",
        "hours": "①9:00～17:00\n（土、日、祝祭日、年末年始（12月29日～1月3日）、５月１日は除く）\n②9:00〜17:00\n（土、日、祝祭日、年末年始（12月29日〜1月3日）は除く）\n③9:00～16:30\n（火曜日（祝日の場合はその翌日））",
        "address": "高知県安芸郡北川村長山１７７",
        "url": "http://www.jpower.co.jp/damcard/kuki.html"
      }
    },
    {
      "type": "Feature",
      "geometry": {
        "type": "Point",
        "coordinates": [
          134.116669,
          33.642715
        ]
      },
      "properties": {
        "name": "久木ダム",
        "location_marker": "②",
        "pref": "高知県",
        "river_system": "奈半利川",
        "river": "奈半利川",
        "card_ver": "1",
        "facility": "①電源開発㈱　高知電力所\n\n②馬路村役場 魚梁瀬支所\n\n③中岡慎太郎館",
        "hours": "①9:00～17:00\n（土、日、祝祭日、年末年始（12月29日～1月3日）、５月１日は除く）\n②9:00〜17:00\n（土、日、祝祭日、年末年始（12月29日〜1月3日）は除く）\n③9:00～16:30\n（火曜日（祝日の場合はその翌日））",
        "address": "高知県安芸郡馬路村魚梁瀬10-11",
        "url": "http://www.jpower.co.jp/damcard/kuki.html"
      }
    },
    {
      "type": "Feature",
      "geometry": {
        "type": "Point",
        "coordinates": [
          134.068924,
          33.466949
        ]
      },
      "properties": {
        "name": "久木ダム",
        "location_marker": "③",
        "pref": "高知県",
        "river_system": "奈半利川",
        "river": "奈半利川",
        "card_ver": "1",
        "facility": "①電源開発㈱　高知電力所\n\n②馬路村役場 魚梁瀬支所\n\n③中岡慎太郎館",
        "hours": "①9:00～17:00\n（土、日、祝祭日、年末年始（12月29日～1月3日）、５月１日は除く）\n②9:00〜17:00\n（土、日、祝祭日、年末年始（12月29日〜1月3日）は除く）\n③9:00～16:30\n（火曜日（祝日の場合はその翌日））",
        "address": "高知県安芸郡北川村柏木140",
        "url": "http://www.jpower.co.jp/damcard/kuki.html"
      }
    },
    {
      "type": "Feature",
      "geometry": {
        "type": "Point",
        "coordinates": [
          132.959961,
          32.785969
        ]
      },
      "properties": {
        "name": "以布利川ダム",
        "location_marker": null,
        "pref": "高知県",
        "river_system": "以布利川",
        "river": "以布利川",
        "card_ver": "2",
        "facility": "幡多土木事務所土佐清水事務所",
        "hours": "①8:30～17:15 \n　(土・日・祝日・年末年始(12/29～1/3)を除く)\n②土日祝日および配布時間外\n　土佐清水事務所郵便受けに返信用封筒等を投函\n　頂き、現地訪問確認（写真をメール等で送付し\n　て頂く）後に、後日郵送にて配布。\n　※郵送に係る送料は自己負担",
        "address": "高知県土佐清水市清水ヶ丘２８番１０号",
        "url": "https://www.pref.kochi.lg.jp/soshiki/170000/1701112/"
      }
    },
    {
      "type": "Feature",
      "geometry": {
        "type": "Point",
        "coordinates": [
          133.531113,
          33.559723
        ]
      },
      "properties": {
        "name": "伊尾木川ダム",
        "location_marker": null,
        "pref": "高知県",
        "river_system": "伊尾木川",
        "river": "伊尾木川",
        "card_ver": "1",
        "facility": "ダムご来訪後、メールによる申込み\n（後日、ダムカードを郵送）",
        "hours": "ダムへお越しいただき、現地掲示物の手順に従いお申し込みください。\nお一人さま1枚、後日郵送で配布させていただきます。(2週間程度お時間を頂く場合があります。）",
        "address": "高知県＜問い合わせ先＞\n四国電力　高知水力センター　伊尾木川ダム管理所\nTEL.　0887-36-2028",
        "url": "https://www.yonden.co.jp/energy/p_station/hydro/dam_13.html"
      }
    },
    {
      "type": "Feature",
      "geometry": {
        "type": "Point",
        "coordinates": [
          133.531113,
          33.559723
        ]
      },
      "properties": {
        "name": "休場ダム",
        "location_marker": null,
        "pref": "高知県",
        "river_system": "国分川",
        "river": "国分川",
        "card_ver": "1",
        "facility": "ダムご来訪後、メールによる申込み\n（後日、ダムカードを郵送）",
        "hours": "ダムへお越しいただき、現地掲示物の手順に従いお申し込みください。\nお一人さま1枚、後日郵送で配布させていただきます。(2週間程度お時間を頂く場合があります。）",
        "address": "高知県＜問い合わせ先＞\n四国電力　高知水力センター　繁藤ダム管理所\nTEL.　0887-57-9036",
        "url": "https://www.yonden.co.jp/energy/p_station/hydro/dam_14.html"
      }
    },
    {
      "type": "Feature",
      "geometry": {
        "type": "Point",
        "coordinates": [
          133.531113,
          33.559723
        ]
      },
      "properties": {
        "name": "初瀬ダム\n［四国電力］",
        "location_marker": null,
        "pref": "高知県",
        "river_system": "渡川",
        "river": "梼原川",
        "card_ver": "1",
        "facility": "ダムご来訪後、メールによる申込み\n（後日、ダムカードを郵送）",
        "hours": "ダムへお越しいただき、現地掲示物の手順に従いお申し込みください。\nお一人さま1枚、後日郵送で配布させていただきます。(2週間程度お時間を頂く場合があります。）",
        "address": "高知県＜問い合わせ先＞\n四国電力　窪川水力センター　津賀ダム管理所\nTEL.　0880-27-5314",
        "url": "https://www.yonden.co.jp/energy/p_station/hydro/dam_16.html"
      }
    },
    {
      "type": "Feature",
      "geometry": {
        "type": "Point",
        "coordinates": [
          133.729294,
          33.636063
        ]
      },
      "properties": {
        "name": "吉野ダム",
        "location_marker": null,
        "pref": "高知県",
        "river_system": "物部川",
        "river": "物部川",
        "card_ver": "1",
        "facility": "発電管理事務所",
        "hours": "9:00～17:00\n(土・日・祝日・年末年始(12/29～1/3)を除く)",
        "address": "高知県香美市土佐山田町杉田７０４",
        "url": "https://www.pref.kochi.lg.jp/doc/denki-desaki-hatsudenkanri/"
      }
    },
    {
      "type": "Feature",
      "geometry": {
        "type": "Point",
        "coordinates": [
          133.815674,
          33.544525
        ]
      },
      "properties": {
        "name": "和食ダム",
        "location_marker": null,
        "pref": "高知県",
        "river_system": "和食川",
        "river": "和食川",
        "card_ver": "5",
        "facility": "和食ダム建設事務所",
        "hours": "①8:30～17:15 \n(土・日・祝日・年末年始(12/29～1/3)を除く)\n②土日祝日および配布時間外\n和食ダム建設事務所郵便受けに返信用封筒等を投函頂き、現地訪問確認（写真をメール等で送付して頂く）後に、後日郵送にて配布。\n　※郵送に係る送料は自己負担",
        "address": "高知県安芸郡芸西村馬ノ上1298-1",
        "url": "https://www.pref.kochi.lg.jp/doc/2022102400104/"
      }
    },
    {
      "type": "Feature",
      "geometry": {
        "type": "Point",
        "coordinates": [
          132.742599,
          33.025352
        ]
      },
      "properties": {
        "name": "坂本ダム\n［高知県］",
        "location_marker": null,
        "pref": "高知県",
        "river_system": "松田川",
        "river": "松田川",
        "card_ver": "1.1",
        "facility": "坂本ダム管理所",
        "hours": "9:00～17:00（土・日・祝日含む）\n（管理所玄関のインターホンを押してください。）",
        "address": "高知県宿毛市橋上町坂本514-39",
        "url": "https://www.pref.kochi.lg.jp/soshiki/170000/1701111/"
      }
    },
    {
      "type": "Feature",
      "geometry": {
        "type": "Point",
        "coordinates": [
          133.531113,
          33.559723
        ]
      },
      "properties": {
        "name": "大森川ダム",
        "location_marker": null,
        "pref": "高知県",
        "river_system": "吉野川",
        "river": "大森川",
        "card_ver": "1",
        "facility": "ダムご来訪後、メールによる申込み\n（後日、ダムカードを郵送）",
        "hours": "ダムへお越しいただき、現地掲示物の手順に従いお申し込みください。\nお一人さま1枚、後日郵送で配布させていただきます。(2週間程度お時間を頂く場合があります。）",
        "address": "高知県＜問い合わせ先＞\n四国電力　本川水力センター\nTEL.　088-869-2410",
        "url": "https://www.yonden.co.jp/energy/p_station/hydro/dam_04.html"
      }
    },
    {
      "type": "Feature",
      "geometry": {
        "type": "Point",
        "coordinates": [
          133.531113,
          33.559723
        ]
      },
      "properties": {
        "name": "大橋ダム",
        "location_marker": null,
        "pref": "高知県",
        "river_system": "吉野川",
        "river": "吉野川",
        "card_ver": "1",
        "facility": "ダムご来訪後、メールによる申込み\n（後日、ダムカードを郵送）",
        "hours": "ダムへお越しいただき、現地掲示物の手順に従いお申し込みください。\nお一人さま1枚、後日郵送で配布させていただきます。(2週間程度お時間を頂く場合があります。）",
        "address": "高知県＜問い合わせ先＞\n四国電力　本川水力センター\nTEL.　088-869-2410",
        "url": "https://www.yonden.co.jp/energy/p_station/hydro/dam_02.html"
      }
    },
    {
      "type": "Feature",
      "geometry": {
        "type": "Point",
        "coordinates": [
          133.104736,
          33.528248
        ]
      },
      "properties": {
        "name": "大渡ダム",
        "location_marker": null,
        "pref": "高知県",
        "river_system": "仁淀川",
        "river": "仁淀川",
        "card_ver": "2",
        "facility": "大渡ダム管理所",
        "hours": "9:00～17:00\n（土・日・祝日を含む）\n平日は、管理庁舎正面入口左側のインターホンを、土日祝日は管理庁舎玄関右側のインターホンを押してください。",
        "address": "高知県吾川郡仁淀川町高瀬3815",
        "url": "http://www.skr.mlit.go.jp/oodo/"
      }
    },
    {
      "type": "Feature",
      "geometry": {
        "type": "Point",
        "coordinates": [
          134.040787,
          33.470234
        ]
      },
      "properties": {
        "name": "平鍋ダム",
        "location_marker": "①",
        "pref": "高知県",
        "river_system": "奈半利川",
        "river": "奈半利川",
        "card_ver": "1",
        "facility": "①電源開発㈱　高知電力所\n\n②馬路村役場 魚梁瀬支所\n\n③中岡慎太郎館",
        "hours": "①9:00～17:00\n（土、日、祝祭日、年末年始（12月29日～1月3日）、５月１日は除く）\n②9:00〜17:00\n（土、日、祝祭日、年末年始（12月29日〜1月3日）は除く）\n③9:00～16:30\n（火曜日（祝日の場合はその翌日））",
        "address": "高知県安芸郡北川村長山１７７",
        "url": "http://www.jpower.co.jp/damcard/hiranabe.html"
      }
    },
    {
      "type": "Feature",
      "geometry": {
        "type": "Point",
        "coordinates": [
          134.116669,
          33.642715
        ]
      },
      "properties": {
        "name": "平鍋ダム",
        "location_marker": "②",
        "pref": "高知県",
        "river_system": "奈半利川",
        "river": "奈半利川",
        "card_ver": "1",
        "facility": "①電源開発㈱　高知電力所\n\n②馬路村役場 魚梁瀬支所\n\n③中岡慎太郎館",
        "hours": "①9:00～17:00\n（土、日、祝祭日、年末年始（12月29日～1月3日）、５月１日は除く）\n②9:00〜17:00\n（土、日、祝祭日、年末年始（12月29日〜1月3日）は除く）\n③9:00～16:30\n（火曜日（祝日の場合はその翌日））",
        "address": "高知県安芸郡馬路村魚梁瀬10-11",
        "url": "http://www.jpower.co.jp/damcard/hiranabe.html"
      }
    },
    {
      "type": "Feature",
      "geometry": {
        "type": "Point",
        "coordinates": [
          134.068924,
          33.466949
        ]
      },
      "properties": {
        "name": "平鍋ダム",
        "location_marker": "③",
        "pref": "高知県",
        "river_system": "奈半利川",
        "river": "奈半利川",
        "card_ver": "1",
        "facility": "①電源開発㈱　高知電力所\n\n②馬路村役場 魚梁瀬支所\n\n③中岡慎太郎館",
        "hours": "①9:00～17:00\n（土、日、祝祭日、年末年始（12月29日～1月3日）、５月１日は除く）\n②9:00〜17:00\n（土、日、祝祭日、年末年始（12月29日〜1月3日）は除く）\n③9:00～16:30\n（火曜日（祝日の場合はその翌日））",
        "address": "高知県安芸郡北川村柏木140",
        "url": "http://www.jpower.co.jp/damcard/hiranabe.html"
      }
    },
    {
      "type": "Feature",
      "geometry": {
        "type": "Point",
        "coordinates": [
          133.565002,
          33.727287
        ]
      },
      "properties": {
        "name": "早明浦ダム",
        "location_marker": null,
        "pref": "高知県",
        "river_system": "吉野川",
        "river": "吉野川",
        "card_ver": "1.1",
        "facility": "早明浦ダム管理所（※配布休止中）\n\n道の駅土佐さめうら\n\n※令和５年４月１日から令和１１年３月頃まで、早明浦ダム右岸側の管理所周辺道路工事のため通行止めになります。ダムカードについては「道の駅土佐さめうら」で配布しております。",
        "hours": "道の駅物産館の営業時間\n　９：００～１８：００（冬期１２月～２月は　９：００～１７：００）",
        "address": "高知県土佐郡土佐町田井４４８－２",
        "url": "https://www.water.go.jp/yoshino/ikeda/sameura/fun03.html"
      }
    },
    {
      "type": "Feature",
      "geometry": {
        "type": "Point",
        "coordinates": [
          132.710632,
          32.928562
        ]
      },
      "properties": {
        "name": "春遠第１ダム",
        "location_marker": "①",
        "pref": "高知県",
        "river_system": "貝ノ川川",
        "river": "家ノ谷川",
        "card_ver": "1",
        "facility": "①幡多土木事務所宿毛事務所\n\n②大月町観光協会",
        "hours": "①8:30～17:15 \n　(土・日・祝日・年末年始(12/29～1/3)を除く)\n②9:00～17:30\n　（12/29～1/3は休業日）",
        "address": "高知県宿毛市宿毛5342番7号",
        "url": "http://www.pref.kochi.lg.jp/doc/2024020200262/"
      }
    },
    {
      "type": "Feature",
      "geometry": {
        "type": "Point",
        "coordinates": [
          132.704056,
          32.847752
        ]
      },
      "properties": {
        "name": "春遠第１ダム",
        "location_marker": "②",
        "pref": "高知県",
        "river_system": "貝ノ川川",
        "river": "家ノ谷川",
        "card_ver": "1",
        "facility": "①幡多土木事務所宿毛事務所\n\n②大月町観光協会",
        "hours": "①8:30～17:15 \n　(土・日・祝日・年末年始(12/29～1/3)を除く)\n②9:00～17:30\n　（12/29～1/3は休業日）",
        "address": "高知県幡多郡大月町弘見2610\n　（「道の駅大月」敷地内）",
        "url": "http://www.pref.kochi.lg.jp/doc/2024020200262/"
      }
    },
    {
      "type": "Feature",
      "geometry": {
        "type": "Point",
        "coordinates": [
          133.729294,
          33.636063
        ]
      },
      "properties": {
        "name": "杉田ダム",
        "location_marker": null,
        "pref": "高知県",
        "river_system": "物部川",
        "river": "物部川",
        "card_ver": "1",
        "facility": "発電管理事務所",
        "hours": "9:00～17:00\n(土・日・祝日・年末年始(12/29～1/3)を除く)",
        "address": "高知県香美市土佐山田町杉田７０４",
        "url": "https://www.pref.kochi.lg.jp/doc/denki-desaki-hatsudenkanri/"
      }
    },
    {
      "type": "Feature",
      "geometry": {
        "type": "Point",
        "coordinates": [
          133.219788,
          33.528034
        ]
      },
      "properties": {
        "name": "桐見ダム",
        "location_marker": null,
        "pref": "高知県",
        "river_system": "仁淀川",
        "river": "坂折川",
        "card_ver": "1",
        "facility": "桐見ダム管理所",
        "hours": "８:30～17:15（土・日・祝日含む）\n（管理所玄関のインターホンを押してください。）",
        "address": "高知県高岡郡越知町五味2427－7",
        "url": "https://www.pref.kochi.lg.jp/soshiki/170000/1701071/"
      }
    },
    {
      "type": "Feature",
      "geometry": {
        "type": "Point",
        "coordinates": [
          132.797287,
          33.003914
        ]
      },
      "properties": {
        "name": "横瀬川ダム",
        "location_marker": null,
        "pref": "高知県",
        "river_system": "渡川",
        "river": "横瀬川",
        "card_ver": "1",
        "facility": "横瀬川ダム管理庁舎",
        "hours": "9:00～17:00\n（土・日・祝日を含む）\n管理庁舎玄関のインターホンを押してください。",
        "address": "高知県宿毛市山奈町山田字陰平山6144-10",
        "url": "http://www.skr.mlit.go.jp/watarigawadam/index.html"
      }
    },
    {
      "type": "Feature",
      "geometry": {
        "type": "Point",
        "coordinates": [
          133.85965,
          33.695885
        ]
      },
      "properties": {
        "name": "永瀬ダム",
        "location_marker": null,
        "pref": "高知県",
        "river_system": "物部川",
        "river": "物部川",
        "card_ver": "2.1",
        "facility": "永瀬ダム管理事務所",
        "hours": "８:30～17:15（土・日・祝日含む）\n（管理所玄関のインターホンを押してください。）",
        "address": "高知県香美市香北町永瀬１３２８－１",
        "url": "https://www.pref.kochi.lg.jp/soshiki/170000/1701042/"
      }
    },
    {
      "type": "Feature",
      "geometry": {
        "type": "Point",
        "coordinates": [
          133.556107,
          33.754963
        ]
      },
      "properties": {
        "name": "汗見取水ダム",
        "location_marker": null,
        "pref": "高知県",
        "river_system": "吉野川",
        "river": "汗見川",
        "card_ver": "1",
        "facility": "電源開発㈱\n高知電力所 早明浦事務所",
        "hours": "8:30～17:00（土・日・祝日、5月1日、12月29日～1月3日は除く）",
        "address": "高知県長岡郡本山町吉野80",
        "url": "http://www.jpower.co.jp/damcard/asemisyusui.html"
      }
    },
    {
      "type": "Feature",
      "geometry": {
        "type": "Point",
        "coordinates": [
          133.531113,
          33.559723
        ]
      },
      "properties": {
        "name": "津賀ダム",
        "location_marker": null,
        "pref": "高知県",
        "river_system": "渡川",
        "river": "梼原川",
        "card_ver": "1",
        "facility": "ダムご来訪後、メールによる申込み\n（後日、ダムカードを郵送）",
        "hours": "ダムへお越しいただき、現地掲示物の手順に従いお申し込みください。\nお一人さま1枚、後日郵送で配布させていただきます。(2週間程度お時間を頂く場合があります。）",
        "address": "高知県＜問い合わせ先＞\n四国電力　窪川水力センター　津賀ダム管理所\nTEL.　0880-27-5314",
        "url": "https://www.yonden.co.jp/energy/p_station/hydro/dam_17.html"
      }
    },
    {
      "type": "Feature",
      "geometry": {
        "type": "Point",
        "coordinates": [
          133.531113,
          33.559723
        ]
      },
      "properties": {
        "name": "稲村ダム",
        "location_marker": null,
        "pref": "高知県",
        "river_system": "吉野川",
        "river": "瀬戸川",
        "card_ver": "1",
        "facility": "ダムご来訪後、メールによる申込み\n（後日、ダムカードを郵送）",
        "hours": "ダムへお越しいただき、現地掲示物の手順に従いお申し込みください。\nお一人さま1枚、後日郵送で配布させていただきます。(2週間程度お時間を頂く場合があります。）",
        "address": "高知県＜問い合わせ先＞\n四国電力　本川水力センター\nTEL.　088-869-2410",
        "url": "https://www.yonden.co.jp/energy/p_station/hydro/dam_01.html"
      }
    },
    {
      "type": "Feature",
      "geometry": {
        "type": "Point",
        "coordinates": [
          133.531113,
          33.559723
        ]
      },
      "properties": {
        "name": "穴内川ダム",
        "location_marker": null,
        "pref": "高知県",
        "river_system": "吉野川",
        "river": "穴内川",
        "card_ver": "1",
        "facility": "ダムご来訪後、メールによる申込み\n（後日、ダムカードを郵送）",
        "hours": "ダムへお越しいただき、現地掲示物の手順に従いお申し込みください。\nお一人さま1枚、後日郵送で配布させていただきます。(2週間程度お時間を頂く場合があります。）",
        "address": "高知県＜問い合わせ先＞\n四国電力　高知水力センター　繁藤ダム管理所\nTEL.　0887-57-9036",
        "url": "https://www.yonden.co.jp/energy/p_station/hydro/dam_05.html"
      }
    },
    {
      "type": "Feature",
      "geometry": {
        "type": "Point",
        "coordinates": [
          133.531113,
          33.559723
        ]
      },
      "properties": {
        "name": "筏津ダム",
        "location_marker": null,
        "pref": "高知県",
        "river_system": "仁淀川",
        "river": "仁淀川",
        "card_ver": "1",
        "facility": "ダムご来訪後、メールによる申込み\n（後日、ダムカードを郵送）",
        "hours": "ダムへお越しいただき、現地掲示物の手順に従いお申し込みください。\nお一人さま1枚、後日郵送で配布させていただきます。(2週間程度お時間を頂く場合があります。）",
        "address": "高知県＜問い合わせ先＞\n四国電力　佐川水力センター　筏津ダム管理所\nTEL.　0889-26-1173",
        "url": "https://www.yonden.co.jp/energy/p_station/hydro/dam_15.html"
      }
    },
    {
      "type": "Feature",
      "geometry": {
        "type": "Point",
        "coordinates": [
          133.57457,
          33.665726
        ]
      },
      "properties": {
        "name": "鎌井谷ダム",
        "location_marker": null,
        "pref": "高知県",
        "river_system": "香宗川",
        "river": "鎌井谷川",
        "card_ver": "1",
        "facility": "中央東土木事務所",
        "hours": "①9:00～17:00 \n(土・日・祝日・年末年始(12/29～1/3)を除く)\n②土日祝日および配布時間外\n中央東土木事務所郵便受けに返信用封筒等を投函頂き、現地訪問確認（写真をメール等で送付して頂く）後に、後日郵送にて配布。\n　※郵送に係る送料は自己負担",
        "address": "高知県南国市大そね甲1592番地",
        "url": "https://www.pref.kochi.lg.jp/doc/2021032300164/"
      }
    },
    {
      "type": "Feature",
      "geometry": {
        "type": "Point",
        "coordinates": [
          133.466721,
          33.632435
        ]
      },
      "properties": {
        "name": "鏡ダム",
        "location_marker": null,
        "pref": "高知県",
        "river_system": "鏡川",
        "river": "鏡川",
        "card_ver": "2.1",
        "facility": "鏡ダム管理事務所",
        "hours": "8:30～17:15（土・日・祝日含む）\n（管理所玄関のインターホンを押してください）",
        "address": "高知県高知市鏡今井2552-1",
        "url": "https://www.pref.kochi.lg.jp/soshiki/170000/1701061/"
      }
    },
    {
      "type": "Feature",
      "geometry": {
        "type": "Point",
        "coordinates": [
          133.531113,
          33.559723
        ]
      },
      "properties": {
        "name": "長沢ダム",
        "location_marker": null,
        "pref": "高知県",
        "river_system": "吉野川",
        "river": "吉野川",
        "card_ver": "1",
        "facility": "ダムご来訪後、メールによる申込み\n（後日、ダムカードを郵送）",
        "hours": "ダムへお越しいただき、現地掲示物の手順に従いお申し込みください。\nお一人さま1枚、後日郵送で配布させていただきます。(2週間程度お時間を頂く場合があります。）",
        "address": "高知県＜問い合わせ先＞\n四国電力　本川水力センター\nTEL.　088-869-2410",
        "url": "https://www.yonden.co.jp/energy/p_station/hydro/dam_03.html"
      }
    },
    {
      "type": "Feature",
      "geometry": {
        "type": "Point",
        "coordinates": [
          134.040787,
          33.470234
        ]
      },
      "properties": {
        "name": "魚梁瀬ダム",
        "location_marker": "①",
        "pref": "高知県",
        "river_system": "奈半利川",
        "river": "奈半利川",
        "card_ver": "1",
        "facility": "①電源開発㈱　高知電力所\n\n②馬路村役場 魚梁瀬支所\n\n③中岡慎太郎館",
        "hours": "①9:00～17:00\n（土、日、祝祭日、年末年始（12月29日～1月3日）、５月１日は除く）\n②9:00〜17:00\n（土、日、祝祭日、年末年始（12月29日〜1月3日）は除く）\n③9:00～16:30\n（火曜日（祝日の場合はその翌日））",
        "address": "高知県安芸郡北川村長山１７７",
        "url": "http://www.jpower.co.jp/damcard/yanase.html"
      }
    },
    {
      "type": "Feature",
      "geometry": {
        "type": "Point",
        "coordinates": [
          134.116669,
          33.642715
        ]
      },
      "properties": {
        "name": "魚梁瀬ダム",
        "location_marker": "②",
        "pref": "高知県",
        "river_system": "奈半利川",
        "river": "奈半利川",
        "card_ver": "1",
        "facility": "①電源開発㈱　高知電力所\n\n②馬路村役場 魚梁瀬支所\n\n③中岡慎太郎館",
        "hours": "①9:00～17:00\n（土、日、祝祭日、年末年始（12月29日～1月3日）、５月１日は除く）\n②9:00〜17:00\n（土、日、祝祭日、年末年始（12月29日〜1月3日）は除く）\n③9:00～16:30\n（火曜日（祝日の場合はその翌日））",
        "address": "高知県安芸郡馬路村魚梁瀬10-11",
        "url": "http://www.jpower.co.jp/damcard/yanase.html"
      }
    },
    {
      "type": "Feature",
      "geometry": {
        "type": "Point",
        "coordinates": [
          134.068924,
          33.466949
        ]
      },
      "properties": {
        "name": "魚梁瀬ダム",
        "location_marker": "③",
        "pref": "高知県",
        "river_system": "奈半利川",
        "river": "奈半利川",
        "card_ver": "1",
        "facility": "①電源開発㈱　高知電力所\n\n②馬路村役場 魚梁瀬支所\n\n③中岡慎太郎館",
        "hours": "①9:00～17:00\n（土、日、祝祭日、年末年始（12月29日～1月3日）、５月１日は除く）\n②9:00〜17:00\n（土、日、祝祭日、年末年始（12月29日〜1月3日）は除く）\n③9:00～16:30\n（火曜日（祝日の場合はその翌日））",
        "address": "高知県安芸郡北川村柏木140",
        "url": "http://www.jpower.co.jp/damcard/yanase.html"
      }
    },
    {
      "type": "Feature",
      "geometry": {
        "type": "Point",
        "coordinates": [
          134.053543,
          35.344925
        ]
      },
      "properties": {
        "name": "佐治川ダム",
        "location_marker": null,
        "pref": "鳥取県",
        "river_system": "千代川",
        "river": "佐治川",
        "card_ver": "1.1",
        "facility": "佐治川ダム管理事務所",
        "hours": "9:00～17:00\n（土・日・祝日含む）",
        "address": "鳥取県鳥取市佐治町尾際１２１１－３",
        "url": "http://www.pref.tottori.lg.jp/dd.aspx?menuid=236179"
      }
    },
    {
      "type": "Feature",
      "geometry": {
        "type": "Point",
        "coordinates": [
          133.312439,
          35.292969
        ]
      },
      "properties": {
        "name": "朝鍋ダム",
        "location_marker": null,
        "pref": "鳥取県",
        "river_system": "日野川",
        "river": "朝鍋川",
        "card_ver": "3",
        "facility": "賀祥ダム管理事務所",
        "hours": "8:30～17:00\n（土・日・祝日含む）\n※配布には、ダムへ行った証明（写真等）が必要となります",
        "address": "鳥取県西伯郡南部町下中谷３８６－９",
        "url": "http://www.pref.tottori.lg.jp/dd.aspx?menuid=236179"
      }
    },
    {
      "type": "Feature",
      "geometry": {
        "type": "Point",
        "coordinates": [
          133.8452,
          35.437943
        ]
      },
      "properties": {
        "name": "東郷ダム",
        "location_marker": null,
        "pref": "鳥取県",
        "river_system": "橋津川",
        "river": "宇坪谷川",
        "card_ver": "3",
        "facility": "鳥取県中部総合事務所\n県土整備局河川砂防課",
        "hours": "9:00～17:00\n（土・日・祝日は配布していません。）\n※配布には、ダムへ行った証明（写真等）が必要となります",
        "address": "鳥取県倉吉市東巌城町２",
        "url": "http://www.pref.tottori.lg.jp/dd.aspx?menuid=236179"
      }
    },
    {
      "type": "Feature",
      "geometry": {
        "type": "Point",
        "coordinates": [
          134.338821,
          35.44944
        ]
      },
      "properties": {
        "name": "殿ダム",
        "location_marker": null,
        "pref": "鳥取県",
        "river_system": "千代川",
        "river": "袋川",
        "card_ver": "1.2",
        "facility": "殿ダム管理支所",
        "hours": "８:３0～17:15\n（土・日・祝日を含む）",
        "address": "鳥取県鳥取市国府町殿206-4",
        "url": "http://www.cgr.mlit.go.jp/tottori/tono/index.html"
      }
    },
    {
      "type": "Feature",
      "geometry": {
        "type": "Point",
        "coordinates": [
          134.251175,
          35.485592
        ]
      },
      "properties": {
        "name": "百谷ダム",
        "location_marker": "①",
        "pref": "鳥取県",
        "river_system": "千代川",
        "river": "天神川",
        "card_ver": "2",
        "facility": "①\n鳥取県鳥取県土整備事務所\n維持管理課\n\n②\n佐治川ダム管理事務所",
        "hours": "①\n9:00～17:00\n（土・日・祝日は配布していません。）\n※配布には、ダムへ行った証明（写真等）が必要となります\n\n②\n9:00～17:00\n（土・日・祝日含む）\n※配布には、ダムへ行った証明（写真等）が必要となります",
        "address": "鳥取県鳥取市立川町６－１７６",
        "url": "①\nhttp://www.pref.tottori.lg.jp/dd.aspx?menuid=236179\n\n②\nhttp://www.pref.tottori.lg.jp/dd.aspx?menuid=236179"
      }
    },
    {
      "type": "Feature",
      "geometry": {
        "type": "Point",
        "coordinates": [
          134.053543,
          35.344925
        ]
      },
      "properties": {
        "name": "百谷ダム",
        "location_marker": "②",
        "pref": "鳥取県",
        "river_system": "千代川",
        "river": "天神川",
        "card_ver": "2",
        "facility": "①\n鳥取県鳥取県土整備事務所\n維持管理課\n\n②\n佐治川ダム管理事務所",
        "hours": "①\n9:00～17:00\n（土・日・祝日は配布していません。）\n※配布には、ダムへ行った証明（写真等）が必要となります\n\n②\n9:00～17:00\n（土・日・祝日含む）\n※配布には、ダムへ行った証明（写真等）が必要となります",
        "address": "鳥取県鳥取市佐治町尾際１２１１－３",
        "url": "①\nhttp://www.pref.tottori.lg.jp/dd.aspx?menuid=236179\n\n②\nhttp://www.pref.tottori.lg.jp/dd.aspx?menuid=236179"
      }
    },
    {
      "type": "Feature",
      "geometry": {
        "type": "Point",
        "coordinates": [
          133.32019,
          35.236309
        ]
      },
      "properties": {
        "name": "菅沢ダム",
        "location_marker": null,
        "pref": "鳥取県",
        "river_system": "日野川",
        "river": "印賀川",
        "card_ver": "3",
        "facility": "菅沢ダム管理支所",
        "hours": "9:00～17:00\n（土・日・祝日を含む）",
        "address": "鳥取県日野郡日南町菅沢字川西山１１２－１０",
        "url": "http://www.cgr.mlit.go.jp/hinogawa/sugesawa/index.html"
      }
    },
    {
      "type": "Feature",
      "geometry": {
        "type": "Point",
        "coordinates": [
          133.312439,
          35.292969
        ]
      },
      "properties": {
        "name": "賀祥ダム",
        "location_marker": null,
        "pref": "鳥取県",
        "river_system": "日野川",
        "river": "法勝寺川",
        "card_ver": "2",
        "facility": "賀祥ダム管理事務所",
        "hours": "8:30～17:00\n（土・日・祝日含む）",
        "address": "鳥取県西伯郡南部町下中谷３８６－９",
        "url": "http://www.pref.tottori.lg.jp/dd.aspx?menuid=236179"
      }
    },
    {
      "type": "Feature",
      "geometry": {
        "type": "Point",
        "coordinates": [
          129.494003,
          28.375908
        ]
      },
      "properties": {
        "name": "大和ダム",
        "location_marker": "①",
        "pref": "鹿児島県",
        "river_system": "大和川",
        "river": "三田川",
        "card_ver": "1",
        "facility": "①\n大島支庁建設部建設課\n河川港湾係\n\n②\n鹿児島県庁土木部河川課\n開発係",
        "hours": "①，②\n8:30 ～17:15\n（土・日・祝日・年末年始は配布していません）\n※配布には、ダムへ行った証明（写真等）が必要となります。",
        "address": "鹿児島県奄美市名瀬永田町１７－３",
        "url": "－"
      }
    },
    {
      "type": "Feature",
      "geometry": {
        "type": "Point",
        "coordinates": [
          130.558212,
          31.560066
        ]
      },
      "properties": {
        "name": "大和ダム",
        "location_marker": "②",
        "pref": "鹿児島県",
        "river_system": "大和川",
        "river": "三田川",
        "card_ver": "1",
        "facility": "①\n大島支庁建設部建設課\n河川港湾係\n\n②\n鹿児島県庁土木部河川課\n開発係",
        "hours": "①，②\n8:30 ～17:15\n（土・日・祝日・年末年始は配布していません）\n※配布には、ダムへ行った証明（写真等）が必要となります。",
        "address": "鹿児島県鹿児島市鴨池新町１０－１",
        "url": "－"
      }
    },
    {
      "type": "Feature",
      "geometry": {
        "type": "Point",
        "coordinates": [
          130.778305,
          32.219612
        ]
      },
      "properties": {
        "name": "川内川第二",
        "location_marker": null,
        "pref": "鹿児島県",
        "river_system": "川内川",
        "river": "川内川",
        "card_ver": "1",
        "facility": "電源開発㈱\n南九州電力所",
        "hours": "9:00-16:30\n（年末年始・GW、土日祭を除く）",
        "address": "熊本県人吉市願成寺町860番13号",
        "url": "http://www.jpower.co.jp/damcard/sendaigawa2.html"
      }
    },
    {
      "type": "Feature",
      "geometry": {
        "type": "Point",
        "coordinates": [
          130.455231,
          31.435041
        ]
      },
      "properties": {
        "name": "川辺ダム",
        "location_marker": "①",
        "pref": "鹿児島県",
        "river_system": "万之瀬川",
        "river": "万之瀬川",
        "card_ver": "1",
        "facility": "①\n川辺ダム管理所\n\n②\n鹿児島県庁土木部河川課\n開発係",
        "hours": "①\n9:00 ～ 16:00\n（土・日・祝日・年末年始は配布していません）\n※配布には、ダムへ行った証明（写真等）が必要となります。\n\n②\n8:30 ～17:15\n（土・日・祝日・年末年始は配布していません）\n※配布には、ダムへ行った証明（写真等）が必要となります。",
        "address": "鹿児島県南九州市川辺町清水１０８４３",
        "url": "－"
      }
    },
    {
      "type": "Feature",
      "geometry": {
        "type": "Point",
        "coordinates": [
          130.558212,
          31.560066
        ]
      },
      "properties": {
        "name": "川辺ダム",
        "location_marker": "②",
        "pref": "鹿児島県",
        "river_system": "万之瀬川",
        "river": "万之瀬川",
        "card_ver": "1",
        "facility": "①\n川辺ダム管理所\n\n②\n鹿児島県庁土木部河川課\n開発係",
        "hours": "①\n9:00 ～ 16:00\n（土・日・祝日・年末年始は配布していません）\n※配布には、ダムへ行った証明（写真等）が必要となります。\n\n②\n8:30 ～17:15\n（土・日・祝日・年末年始は配布していません）\n※配布には、ダムへ行った証明（写真等）が必要となります。",
        "address": "鹿児島県鹿児島市鴨池新町１０－１",
        "url": "－"
      }
    },
    {
      "type": "Feature",
      "geometry": {
        "type": "Point",
        "coordinates": [
          130.950439,
          31.344746
        ]
      },
      "properties": {
        "name": "荒瀬ダム",
        "location_marker": null,
        "pref": "鹿児島県",
        "river_system": "肝属川",
        "river": "荒瀬川",
        "card_ver": "1",
        "facility": "肝属中部土地改良区",
        "hours": "9:00～17:00(12:00～13:00除く)\n（土日祝日、及び年末年始（12月29日～1月3日）は除く）\n※配布には、ダムへ行った証明（写真等）が必要となります。",
        "address": "鹿児島県肝属郡肝付町新富663番地1",
        "url": "　"
      }
    },
    {
      "type": "Feature",
      "geometry": {
        "type": "Point",
        "coordinates": [
          130.559814,
          31.600096
        ]
      },
      "properties": {
        "name": "西之谷ダム",
        "location_marker": "①",
        "pref": "鹿児島県",
        "river_system": "新川",
        "river": "新川",
        "card_ver": "1",
        "facility": "①\n鹿児島地域振興局建設部　　　河川港湾課\n\n②\n鹿児島県庁土木部河川課\n開発係",
        "hours": "①，②\n8:30 ～17:15\n（土・日・祝日・年末年始は配布していません）\n※配布には、ダムへ行った証明（写真等）が必要となります。",
        "address": "鹿児島県鹿児島市小川町３－５６",
        "url": "－"
      }
    },
    {
      "type": "Feature",
      "geometry": {
        "type": "Point",
        "coordinates": [
          130.558212,
          31.560066
        ]
      },
      "properties": {
        "name": "西之谷ダム",
        "location_marker": "②",
        "pref": "鹿児島県",
        "river_system": "新川",
        "river": "新川",
        "card_ver": "1",
        "facility": "①\n鹿児島地域振興局建設部　　　河川港湾課\n\n②\n鹿児島県庁土木部河川課\n開発係",
        "hours": "①，②\n8:30 ～17:15\n（土・日・祝日・年末年始は配布していません）\n※配布には、ダムへ行った証明（写真等）が必要となります。",
        "address": "鹿児島県鹿児島市鴨池新町１０－１",
        "url": "－"
      }
    },
    {
      "type": "Feature",
      "geometry": {
        "type": "Point",
        "coordinates": [
          130.863861,
          31.499809
        ]
      },
      "properties": {
        "name": "高隈ダム",
        "location_marker": "①",
        "pref": "鹿児島県",
        "river_system": "肝属川",
        "river": "串良川",
        "card_ver": "1",
        "facility": "①高隈ダム管理事務所\n②笠野原土地改良区",
        "hours": "①9:00～17:00（土日祝は除く）\n②8:30～17:15（土日祝は除く）\n※①が不在の場合は②に電話連絡をお願いします。（玄関付近に張り紙あり）",
        "address": "鹿児島県鹿屋市上高隈町1981-1",
        "url": "https://kasado-hata.jp/%e9%ab%98%e9%9a%88%e3%83%80%e3%83%a0%e3%82%ab%e3%83%bc%e3%83%89%e9%85%8d%e5%b8%83%e3%81%ab%e3%81%a4%e3%81%84%e3%81%a6/\n41"
      }
    },
    {
      "type": "Feature",
      "geometry": {
        "type": "Point",
        "coordinates": [
          130.863434,
          31.474821
        ]
      },
      "properties": {
        "name": "高隈ダム",
        "location_marker": "②",
        "pref": "鹿児島県",
        "river_system": "肝属川",
        "river": "串良川",
        "card_ver": "1",
        "facility": "①高隈ダム管理事務所\n②笠野原土地改良区",
        "hours": "①9:00～17:00（土日祝は除く）\n②8:30～17:15（土日祝は除く）\n※①が不在の場合は②に電話連絡をお願いします。（玄関付近に張り紙あり）",
        "address": "鹿児島県鹿屋市下高隈町4173-1",
        "url": "https://kasado-hata.jp/%e9%ab%98%e9%9a%88%e3%83%80%e3%83%a0%e3%82%ab%e3%83%bc%e3%83%89%e9%85%8d%e5%b8%83%e3%81%ab%e3%81%a4%e3%81%84%e3%81%a6/\n41"
      }
    },
    {
      "type": "Feature",
      "geometry": {
        "type": "Point",
        "coordinates": [
          130.473312,
          31.990669
        ]
      },
      "properties": {
        "name": "鶴田ダム",
        "location_marker": "①",
        "pref": "鹿児島県",
        "river_system": "川内川",
        "river": "川内川",
        "card_ver": "2",
        "facility": "①\n鶴田ダム管理所\n\n②\n川内川大鶴ゆうゆう館\n（無料休憩所、食事可能）",
        "hours": "①\n8:30～17:15（土・日・祝日を含む）\n・休日は、玄関のインターホンを押してください。\n・休日は、巡視で不在の時があります。（３０分程度）\n\n②\n9:00～17:00（火曜日を除く平日及び土・日・祝日を含む）",
        "address": "鹿児島県薩摩郡さつま町神子３９８８－２",
        "url": "http://www.qsr.mlit.go.jp/turuta/"
      }
    },
    {
      "type": "Feature",
      "geometry": {
        "type": "Point",
        "coordinates": [
          130.473312,
          31.990669
        ]
      },
      "properties": {
        "name": "鶴田ダム",
        "location_marker": "②",
        "pref": "鹿児島県",
        "river_system": "川内川",
        "river": "川内川",
        "card_ver": "2",
        "facility": "①\n鶴田ダム管理所\n\n②\n川内川大鶴ゆうゆう館\n（無料休憩所、食事可能）",
        "hours": "①\n8:30～17:15（土・日・祝日を含む）\n・休日は、玄関のインターホンを押してください。\n・休日は、巡視で不在の時があります。（３０分程度）\n\n②\n9:00～17:00（火曜日を除く平日及び土・日・祝日を含む）",
        "address": "鹿児島県薩摩郡さつま町神子３９８８－７",
        "url": "http://www.qsr.mlit.go.jp/turuta/"
      }
    }
  ]
}
