{
  "type": "FeatureCollection",
  "attribution": "出典: 下水道広報プラットホーム(GKP) マンホールカード検索を加工して作成 (https://www.gk-p.jp/mhcard/)",
  "features": [
    {
      "type": "Feature",
      "geometry": {
        "type": "Point",
        "coordinates": [
          136.393707,
          34.852093
        ]
      },
      "properties": {
        "issuer": "亀山市",
        "card_code": "A001",
        "pref": "三重県",
        "round": "第04弾",
        "issued_date": "2017/04/03",
        "facility": "関まちなみ資料館",
        "address": "三重県亀山市関町中町482",
        "facility_url": "https://www.kankomie.or.jp/spot/3194"
      }
    },
    {
      "type": "Feature",
      "geometry": {
        "type": "Point",
        "coordinates": [
          136.448364,
          34.850212
        ]
      },
      "properties": {
        "issuer": "亀山市",
        "card_code": "B001",
        "pref": "三重県",
        "round": "第26弾",
        "issued_date": "2025/07/25",
        "facility": "亀山市立図書館",
        "address": "三重県亀山市御幸町318番地1",
        "facility_url": "https://www.city.kameyama.mie.jp/library/"
      }
    },
    {
      "type": "Feature",
      "geometry": {
        "type": "Point",
        "coordinates": [
          136.709793,
          34.49078
        ]
      },
      "properties": {
        "issuer": "伊勢市",
        "card_code": "A001",
        "pref": "三重県",
        "round": "第07弾",
        "issued_date": "2018/04/28",
        "facility": "伊勢市駅観光案内所",
        "address": "三重県伊勢市吹上1-1-4（JR伊勢市駅構内）",
        "facility_url": "https://www.city.ise.mie.jp//kankou/invitation/baggage/1002840.html"
      }
    },
    {
      "type": "Feature",
      "geometry": {
        "type": "Point",
        "coordinates": [
          136.776611,
          34.506485
        ]
      },
      "properties": {
        "issuer": "伊勢市",
        "card_code": "B001",
        "pref": "三重県",
        "round": "第12弾",
        "issued_date": "2020/04/25",
        "facility": "二見浦観光案内所",
        "address": "三重県伊勢市二見町茶屋111－1 二見生涯学習センター内",
        "facility_url": "https://www.city.ise.mie.jp//kankou/invitation/baggage/1002847.html"
      }
    },
    {
      "type": "Feature",
      "geometry": {
        "type": "Point",
        "coordinates": [
          136.12915,
          34.767433
        ]
      },
      "properties": {
        "issuer": "伊賀市",
        "card_code": null,
        "pref": "三重県",
        "round": "第05弾",
        "issued_date": "2017/08/01",
        "facility": "伊賀流忍者体験施設　万川集海 二階 お土産店「万川堂」",
        "address": "三重県伊賀市上野丸之内29",
        "facility_url": "https://iga-nin.com "
      }
    },
    {
      "type": "Feature",
      "geometry": {
        "type": "Point",
        "coordinates": [
          136.615433,
          34.968193
        ]
      },
      "properties": {
        "issuer": "四日市市",
        "card_code": "A001",
        "pref": "三重県",
        "round": "第05弾",
        "issued_date": "2017/08/01",
        "facility": "そらんぽ四日市 総合受付",
        "address": "三重県四日市市安島1-3-16（そらんぽ四日市1階）",
        "facility_url": "http://www.city.yokkaichi.mie.jp/museum/"
      }
    },
    {
      "type": "Feature",
      "geometry": {
        "type": "Point",
        "coordinates": [
          136.618698,
          34.966553
        ]
      },
      "properties": {
        "issuer": "四日市市",
        "card_code": "B001",
        "pref": "三重県",
        "round": "第09弾",
        "issued_date": "2018/12/14",
        "facility": "お休み処四十三茶屋　観光案内所（四日市観光協会）",
        "address": "三重県四日市市安島1-1-56　四日市物産観光ホール内",
        "facility_url": "http://kanko-yokkaichi.com/"
      }
    },
    {
      "type": "Feature",
      "geometry": {
        "type": "Point",
        "coordinates": [
          136.61438,
          34.972355
        ]
      },
      "properties": {
        "issuer": "四日市市",
        "card_code": "C001",
        "pref": "三重県",
        "round": "第13弾",
        "issued_date": "2020/12/17",
        "facility": "四日市市上下水道局2階総務課",
        "address": "三重県四日市市堀木一丁目3番18号",
        "facility_url": "https://www.city.yokkaichi.mie.jp/new_water/index.php"
      }
    },
    {
      "type": "Feature",
      "geometry": {
        "type": "Point",
        "coordinates": [
          136.897079,
          34.358669
        ]
      },
      "properties": {
        "issuer": "志摩市",
        "card_code": null,
        "pref": "三重県",
        "round": "第24弾",
        "issued_date": "2024/12/20",
        "facility": "安乗岬園地休憩舎",
        "address": "三重県志摩市阿児町安乗794－1",
        "facility_url": "https://uedashoten.jp/"
      }
    },
    {
      "type": "Feature",
      "geometry": {
        "type": "Point",
        "coordinates": [
          136.583603,
          35.074451
        ]
      },
      "properties": {
        "issuer": "東員町",
        "card_code": null,
        "pref": "三重県",
        "round": "第08弾",
        "issued_date": "2018/08/11",
        "facility": "【平日】東員町役場 上下水道課",
        "address": "三重県員弁郡東員町大字山田1600",
        "facility_url": "http://www.town.toin.lg.jp/"
      }
    },
    {
      "type": "Feature",
      "geometry": {
        "type": "Point",
        "coordinates": [
          136.573883,
          34.542828
        ]
      },
      "properties": {
        "issuer": "松阪市",
        "card_code": "C001",
        "pref": "三重県",
        "round": "第23弾",
        "issued_date": "2024/07/26",
        "facility": "松阪市総合運動公園 管理事務所",
        "address": "三重県松阪市山下町111",
        "facility_url": "https://www.city.matsusaka.mie.jp/site/sougouundoukouen/"
      }
    },
    {
      "type": "Feature",
      "geometry": {
        "type": "Point",
        "coordinates": [
          136.509689,
          34.642815
        ]
      },
      "properties": {
        "issuer": "松阪市",
        "card_code": "D001",
        "pref": "三重県",
        "round": "第24弾",
        "issued_date": "2024/12/20",
        "facility": "松浦武四郎記念館",
        "address": "三重県松阪市小野江町383",
        "facility_url": "https://takeshiro.net/"
      }
    },
    {
      "type": "Feature",
      "geometry": {
        "type": "Point",
        "coordinates": [
          136.520874,
          34.578011
        ]
      },
      "properties": {
        "issuer": "松阪市",
        "card_code": "E001",
        "pref": "三重県",
        "round": "第25弾",
        "issued_date": "2025/04/25",
        "facility": "松阪市文化財センター　はにわ館",
        "address": "三重県松阪市外五曲町1番地",
        "facility_url": "https://www.city.matsusaka.mie.jp/site/bunkazai-center/"
      }
    },
    {
      "type": "Feature",
      "geometry": {
        "type": "Point",
        "coordinates": [
          136.535843,
          34.576935
        ]
      },
      "properties": {
        "issuer": "松阪市",
        "card_code": "F001",
        "pref": "三重県",
        "round": "第28弾",
        "issued_date": "2026/04/24",
        "facility": "松阪駅観光情報センター",
        "address": "三重県松阪市京町507番地2",
        "facility_url": "https://www.matsusaka-kanko.com/blog/kanrishisetsu/%e6%9d%be%e9%98%aa%e9%a7%85%e8%a6%b3%e5%85%89%e6%83%85%e5%a0%b1%e3%82%bb%e3%83%b3%e3%82%bf%e3%83%bc/"
      }
    },
    {
      "type": "Feature",
      "geometry": {
        "type": "Point",
        "coordinates": [
          136.527451,
          34.578083
        ]
      },
      "properties": {
        "issuer": "松阪市(A001)",
        "card_code": null,
        "pref": "三重県",
        "round": "第03弾",
        "issued_date": "2016/12/01",
        "facility": "【平日】松阪市上下水道部 1階 上下水道総務課",
        "address": "三重県松阪市殿町1340番地1（松阪市本庁舎第3分館）",
        "facility_url": "http://www.city.matsusaka.mie.jp/"
      }
    },
    {
      "type": "Feature",
      "geometry": {
        "type": "Point",
        "coordinates": [
          136.529053,
          34.57888
        ]
      },
      "properties": {
        "issuer": "松阪市(B001)",
        "card_code": null,
        "pref": "三重県",
        "round": "第11弾",
        "issued_date": "2019/12/14",
        "facility": "【通常】豪商のまち松阪　観光交流センター",
        "address": "三重県松阪市魚町1658番地3",
        "facility_url": "https://www.kankomie.or.jp/special/matsusaka-informationcenter/"
      }
    },
    {
      "type": "Feature",
      "geometry": {
        "type": "Point",
        "coordinates": [
          136.681824,
          35.067024
        ]
      },
      "properties": {
        "issuer": "桑名市",
        "card_code": "A001",
        "pref": "三重県",
        "round": "第06弾",
        "issued_date": "2017/12/09",
        "facility": "クワナベース",
        "address": "三重県桑名市大字東方55-1",
        "facility_url": null
      }
    },
    {
      "type": "Feature",
      "geometry": {
        "type": "Point",
        "coordinates": [
          136.692474,
          35.070126
        ]
      },
      "properties": {
        "issuer": "桑名市",
        "card_code": "B001",
        "pref": "三重県",
        "round": "第16弾",
        "issued_date": "2022/01/15",
        "facility": "桑名市住吉浦休憩施設",
        "address": "三重県桑名市太一丸地先",
        "facility_url": null
      }
    },
    {
      "type": "Feature",
      "geometry": {
        "type": "Point",
        "coordinates": [
          136.503006,
          35.013252
        ]
      },
      "properties": {
        "issuer": "菰野町",
        "card_code": null,
        "pref": "三重県",
        "round": "第06弾",
        "issued_date": "2017/12/09",
        "facility": "道の駅 菰野",
        "address": "三重県三重郡菰野町菰野2256",
        "facility_url": "https://www.kanko-komono.com/spots/3371/"
      }
    },
    {
      "type": "Feature",
      "geometry": {
        "type": "Point",
        "coordinates": [
          136.57135,
          34.832733
        ]
      },
      "properties": {
        "issuer": "鈴鹿市",
        "card_code": null,
        "pref": "三重県",
        "round": "第06弾",
        "issued_date": "2017/12/09",
        "facility": "【平日】鈴鹿市上下水道局",
        "address": "三重県鈴鹿市寺家町1170",
        "facility_url": "http://www.city.suzuka.lg.jp/suido/"
      }
    },
    {
      "type": "Feature",
      "geometry": {
        "type": "Point",
        "coordinates": [
          135.732971,
          34.882549
        ]
      },
      "properties": {
        "issuer": "久御山町",
        "card_code": null,
        "pref": "京都府",
        "round": "第23弾",
        "issued_date": "2024/07/26",
        "facility": "【平日】久御山町役場事業環境部上下水道課(庁舎２階）",
        "address": "京都府久世郡久御山町島田ミスノ38番地",
        "facility_url": "https://www.town.kumiyama.lg.jp"
      }
    },
    {
      "type": "Feature",
      "geometry": {
        "type": "Point",
        "coordinates": [
          135.574234,
          35.013275
        ]
      },
      "properties": {
        "issuer": "亀岡市",
        "card_code": "A001",
        "pref": "京都府",
        "round": "第02弾",
        "issued_date": "2016/08/01",
        "facility": "亀岡市上下水道庁舎",
        "address": "京都府亀岡市安町釜ケ前20番地",
        "facility_url": "https://www.city.kameoka.kyoto.jp/jougesuidou/shisetsu/shichosha/003.html"
      }
    },
    {
      "type": "Feature",
      "geometry": {
        "type": "Point",
        "coordinates": [
          135.574234,
          35.013275
        ]
      },
      "properties": {
        "issuer": "亀岡市",
        "card_code": "B001",
        "pref": "京都府",
        "round": "第13弾",
        "issued_date": "2020/12/17",
        "facility": "亀岡市文化資料館",
        "address": "京都府亀岡市安町釜ケ前20番地",
        "facility_url": null
      }
    },
    {
      "type": "Feature",
      "geometry": {
        "type": "Point",
        "coordinates": [
          135.095795,
          35.583649
        ]
      },
      "properties": {
        "issuer": "京丹後市",
        "card_code": "A001",
        "pref": "京都府",
        "round": "第11弾",
        "issued_date": "2019/12/14",
        "facility": "【平日】京丹後市上下水道部経営総務課",
        "address": "京都府京丹後市大宮町口大野226番地",
        "facility_url": null
      }
    },
    {
      "type": "Feature",
      "geometry": {
        "type": "Point",
        "coordinates": [
          135.077408,
          35.683453
        ]
      },
      "properties": {
        "issuer": "京丹後市",
        "card_code": "B001",
        "pref": "京都府",
        "round": "第23弾",
        "issued_date": "2024/07/26",
        "facility": "道の駅　丹後王国「食のみやこ」インフォメーションセンター",
        "address": "京都府京丹後市弥栄町鳥取123",
        "facility_url": null
      }
    },
    {
      "type": "Feature",
      "geometry": {
        "type": "Point",
        "coordinates": [
          135.425552,
          35.200954
        ]
      },
      "properties": {
        "issuer": "京丹波町",
        "card_code": null,
        "pref": "京都府",
        "round": "第26弾",
        "issued_date": "2025/07/25",
        "facility": "【平日】京丹波町上下水道課　畑川浄水場",
        "address": "京都府船井郡京丹波町下山クラベシ41番地",
        "facility_url": "https://www.town.kyotamba.kyoto.jp/"
      }
    },
    {
      "type": "Feature",
      "geometry": {
        "type": "Point",
        "coordinates": [
          135.755798,
          34.970066
        ]
      },
      "properties": {
        "issuer": "京都市",
        "card_code": "A001",
        "pref": "京都府",
        "round": "第02弾",
        "issued_date": "2016/08/01",
        "facility": "京都市上下水道局総合庁舎　総合受付",
        "address": "京都府京都市南区上鳥羽鉾立町１１番地３",
        "facility_url": "https://www.city.kyoto.lg.jp/suido/"
      }
    },
    {
      "type": "Feature",
      "geometry": {
        "type": "Point",
        "coordinates": [
          135.717911,
          35.012012
        ]
      },
      "properties": {
        "issuer": "京都市",
        "card_code": "A002",
        "pref": "京都府",
        "round": "第05弾",
        "issued_date": "2017/08/01",
        "facility": "京都市上下水道局　太秦庁舎　守衛室",
        "address": "京都府京都市右京区太秦安井一町目町１４",
        "facility_url": "https://www.city.kyoto.lg.jp/suido/page/0000216492.html"
      }
    },
    {
      "type": "Feature",
      "geometry": {
        "type": "Point",
        "coordinates": [
          135.788177,
          35.011848
        ]
      },
      "properties": {
        "issuer": "京都市",
        "card_code": "B001",
        "pref": "京都府",
        "round": "第13弾",
        "issued_date": "2020/12/17",
        "facility": "琵琶湖疏水記念館",
        "address": "京都府京都市左京区南禅寺草川町17",
        "facility_url": "https://biwakososui-museum.jp/"
      }
    },
    {
      "type": "Feature",
      "geometry": {
        "type": "Point",
        "coordinates": [
          135.193405,
          35.53846
        ]
      },
      "properties": {
        "issuer": "京都府",
        "card_code": "流域下水道・A001",
        "pref": "京都府",
        "round": "第03弾",
        "issued_date": "2016/12/01",
        "facility": "「道の駅 海の京都 宮津」観光案内所",
        "address": "京都府宮津市字浜町３００７",
        "facility_url": "http://www.michinoeki-miyazu.jp/"
      }
    },
    {
      "type": "Feature",
      "geometry": {
        "type": "Point",
        "coordinates": [
          135.709091,
          34.910488
        ]
      },
      "properties": {
        "issuer": "京都府",
        "card_code": "流域下水道・B001",
        "pref": "京都府",
        "round": "第05弾",
        "issued_date": "2017/08/01",
        "facility": "京都府立洛西浄化センター公園（アクアパルコ洛西）",
        "address": "京都府長岡京市勝竜寺山崎作り２０－５",
        "facility_url": "http://www.jade.dti.ne.jp/~rjpark/index.html"
      }
    },
    {
      "type": "Feature",
      "geometry": {
        "type": "Point",
        "coordinates": [
          135.700012,
          34.884846
        ]
      },
      "properties": {
        "issuer": "八幡市",
        "card_code": null,
        "pref": "京都府",
        "round": "第20弾",
        "issued_date": "2023/07/28",
        "facility": "八幡市観光案内所",
        "address": "京都府八幡市八幡高坊8-7",
        "facility_url": "https://www.kankou-yawata.org/access.html"
      }
    },
    {
      "type": "Feature",
      "geometry": {
        "type": "Point",
        "coordinates": [
          135.699539,
          34.949615
        ]
      },
      "properties": {
        "issuer": "向日市",
        "card_code": "A001",
        "pref": "京都府",
        "round": "第05弾",
        "issued_date": "2017/08/01",
        "facility": "向日市文化資料館 受付カウンター",
        "address": "京都府向日市寺戸町南垣内40-1",
        "facility_url": "https://www.city.muko.kyoto.jp/site/shiryokan/"
      }
    },
    {
      "type": "Feature",
      "geometry": {
        "type": "Point",
        "coordinates": [
          135.699539,
          34.949615
        ]
      },
      "properties": {
        "issuer": "向日市",
        "card_code": "B001",
        "pref": "京都府",
        "round": "第19弾",
        "issued_date": "2023/04/28",
        "facility": "向日市文化資料館 受付カウンター",
        "address": "京都府向日市寺戸町南垣内40-1",
        "facility_url": "https://www.city.muko.kyoto.jp/site/shiryokan/"
      }
    },
    {
      "type": "Feature",
      "geometry": {
        "type": "Point",
        "coordinates": [
          135.688202,
          34.902229
        ]
      },
      "properties": {
        "issuer": "大山崎町",
        "card_code": null,
        "pref": "京都府",
        "round": "第05弾",
        "issued_date": "2017/08/01",
        "facility": "【平日】大山崎町役場 環境事業部 上下水道課窓口",
        "address": "京都府乙訓郡大山崎町字円明寺小字夏目3",
        "facility_url": "http://www.town.oyamazaki.kyoto.jp/"
      }
    },
    {
      "type": "Feature",
      "geometry": {
        "type": "Point",
        "coordinates": [
          135.808945,
          34.888546
        ]
      },
      "properties": {
        "issuer": "宇治市",
        "card_code": null,
        "pref": "京都府",
        "round": "第06弾",
        "issued_date": "2017/12/09",
        "facility": "宇治市観光センター",
        "address": "京都府宇治市宇治塔川2",
        "facility_url": "https://www.city.uji.kyoto.jp/site/uji-kankou/3259.html"
      }
    },
    {
      "type": "Feature",
      "geometry": {
        "type": "Point",
        "coordinates": [
          135.861572,
          34.853622
        ]
      },
      "properties": {
        "issuer": "宇治田原町",
        "card_code": null,
        "pref": "京都府",
        "round": "第02弾",
        "issued_date": "2016/08/01",
        "facility": "宇治田原町 上下水道課",
        "address": "京都府綴喜郡宇治田原町大字立川小字坂口18-1（宇治田原町役場２階）",
        "facility_url": "https://www.town.ujitawara.kyoto.jp/index.html"
      }
    },
    {
      "type": "Feature",
      "geometry": {
        "type": "Point",
        "coordinates": [
          135.861572,
          34.853622
        ]
      },
      "properties": {
        "issuer": "宇治田原町",
        "card_code": "B001",
        "pref": "京都府",
        "round": "第29弾",
        "issued_date": "2026/07/31",
        "facility": "宇治田原町役場上下水道課",
        "address": "京都府綴喜郡宇治田原町大字立川小字坂口18番地1（宇治田原町役場2階）",
        "facility_url": "https://www.town.ujitawara.kyoto.jp"
      }
    },
    {
      "type": "Feature",
      "geometry": {
        "type": "Point",
        "coordinates": [
          135.253052,
          35.302811
        ]
      },
      "properties": {
        "issuer": "綾部市",
        "card_code": null,
        "pref": "京都府",
        "round": "第15弾",
        "issued_date": "2021/08/17",
        "facility": "綾部市図書館",
        "address": "京都府綾部市青野町西馬場下35-1",
        "facility_url": "https://ayabe-library.com/"
      }
    },
    {
      "type": "Feature",
      "geometry": {
        "type": "Point",
        "coordinates": [
          135.381454,
          35.476192
        ]
      },
      "properties": {
        "issuer": "舞鶴市",
        "card_code": "A001",
        "pref": "京都府",
        "round": "第08弾",
        "issued_date": "2018/08/11",
        "facility": "舞鶴赤レンガパーク",
        "address": "京都府舞鶴市字北吸1039-2",
        "facility_url": "http://akarenga-park.com/"
      }
    },
    {
      "type": "Feature",
      "geometry": {
        "type": "Point",
        "coordinates": [
          135.330841,
          35.445656
        ]
      },
      "properties": {
        "issuer": "舞鶴市",
        "card_code": "B001",
        "pref": "京都府",
        "round": "第12弾",
        "issued_date": "2020/04/25",
        "facility": "田辺城資料館",
        "address": "京都府舞鶴市字南田辺15-22",
        "facility_url": "https://www.city.maizuru.kyoto.jp/kyouiku/0000005026.html"
      }
    },
    {
      "type": "Feature",
      "geometry": {
        "type": "Point",
        "coordinates": [
          135.392395,
          35.47974
        ]
      },
      "properties": {
        "issuer": "舞鶴市",
        "card_code": "C001",
        "pref": "京都府",
        "round": "第13弾",
        "issued_date": "2020/12/17",
        "facility": "赤れんが博物館",
        "address": "京都府舞鶴市字浜2011",
        "facility_url": "http://akarenga-park.com/"
      }
    },
    {
      "type": "Feature",
      "geometry": {
        "type": "Point",
        "coordinates": [
          135.695557,
          34.926266
        ]
      },
      "properties": {
        "issuer": "長岡京市",
        "card_code": "A001",
        "pref": "京都府",
        "round": "第05弾",
        "issued_date": "2017/08/01",
        "facility": "長岡京市上下水道部下水道施設課",
        "address": "京都府長岡京市開田1-1-1 市役所分庁舎2",
        "facility_url": null
      }
    },
    {
      "type": "Feature",
      "geometry": {
        "type": "Point",
        "coordinates": [
          135.695557,
          34.926266
        ]
      },
      "properties": {
        "issuer": "長岡京市",
        "card_code": "B001",
        "pref": "京都府",
        "round": "第18弾",
        "issued_date": "2023/01/28",
        "facility": "【平日】長岡京市役所上下水道部下水道施設課",
        "address": "京都府長岡京市開田1-1-1 市役所分庁舎2",
        "facility_url": "https://www.city.nagaokakyo.lg.jp/"
      }
    },
    {
      "type": "Feature",
      "geometry": {
        "type": "Point",
        "coordinates": [
          130.454987,
          33.324894
        ]
      },
      "properties": {
        "issuer": "みやき町",
        "card_code": null,
        "pref": "佐賀県",
        "round": "第12弾",
        "issued_date": "2020/04/25",
        "facility": "みやき町庁舎 1F 北茂安総合窓口課",
        "address": "佐賀県三養基郡みやき町大字東尾737-5",
        "facility_url": "https://www.town.miyaki.lg.jp/index.html"
      }
    },
    {
      "type": "Feature",
      "geometry": {
        "type": "Point",
        "coordinates": [
          130.300201,
          33.252354
        ]
      },
      "properties": {
        "issuer": "佐賀市",
        "card_code": "B001",
        "pref": "佐賀県",
        "round": "第14弾",
        "issued_date": "2021/04/25",
        "facility": "佐賀工房バルーンミュージアム店",
        "address": "佐賀県佐賀市松原2丁目2－27",
        "facility_url": "https://www.sagabai.com/balloon-museum/main/48.html"
      }
    },
    {
      "type": "Feature",
      "geometry": {
        "type": "Point",
        "coordinates": [
          130.265442,
          33.217651
        ]
      },
      "properties": {
        "issuer": "佐賀市(A001)",
        "card_code": null,
        "pref": "佐賀県",
        "round": "第02弾",
        "issued_date": "2016/08/01",
        "facility": "佐賀市下水浄化センター 事務室",
        "address": "佐賀県佐賀市西与賀町大字高太郎2667（管理棟2階）",
        "facility_url": "http://www.water.saga.saga.jp/main/"
      }
    },
    {
      "type": "Feature",
      "geometry": {
        "type": "Point",
        "coordinates": [
          129.898163,
          33.190014
        ]
      },
      "properties": {
        "issuer": "有田町",
        "card_code": null,
        "pref": "佐賀県",
        "round": "第22弾",
        "issued_date": "2024/04/26",
        "facility": "一般社団法人 有田観光協会",
        "address": "佐賀県西松浦郡有田町幸平1-1-1",
        "facility_url": "https://www.arita.jp"
      }
    },
    {
      "type": "Feature",
      "geometry": {
        "type": "Point",
        "coordinates": [
          130.02153,
          33.194859
        ]
      },
      "properties": {
        "issuer": "武雄市",
        "card_code": null,
        "pref": "佐賀県",
        "round": "第17弾",
        "issued_date": "2022/08/06",
        "facility": "武雄市役所下水道課",
        "address": "佐賀県武雄市武雄町大字昭和12番地10",
        "facility_url": "https://www.city.takeo.lg.jp/"
      }
    },
    {
      "type": "Feature",
      "geometry": {
        "type": "Point",
        "coordinates": [
          130.151459,
          33.235771
        ]
      },
      "properties": {
        "issuer": "江北町",
        "card_code": null,
        "pref": "佐賀県",
        "round": "第05弾",
        "issued_date": "2017/08/01",
        "facility": "【平日】江北町役場 基盤整備課",
        "address": "佐賀県杵島郡江北町大字山口1651-1",
        "facility_url": "http://www.town.kouhoku.saga.jp/"
      }
    },
    {
      "type": "Feature",
      "geometry": {
        "type": "Point",
        "coordinates": [
          130.371002,
          33.31226
        ]
      },
      "properties": {
        "issuer": "神埼市",
        "card_code": null,
        "pref": "佐賀県",
        "round": "第04弾",
        "issued_date": "2017/04/03",
        "facility": "神埼情報館",
        "address": "佐賀県神埼市神埼町鶴3456-4",
        "facility_url": null
      }
    },
    {
      "type": "Feature",
      "geometry": {
        "type": "Point",
        "coordinates": [
          130.487564,
          33.370827
        ]
      },
      "properties": {
        "issuer": "鳥栖市",
        "card_code": "A001",
        "pref": "佐賀県",
        "round": "第28弾",
        "issued_date": "2026/04/24",
        "facility": "新鳥栖駅観光案内所",
        "address": "佐賀県鳥栖市原古賀町220-2",
        "facility_url": "https://www.city.tosu.lg.jp/soshiki/18/2386.html"
      }
    },
    {
      "type": "Feature",
      "geometry": {
        "type": "Point",
        "coordinates": [
          130.098572,
          33.10358
        ]
      },
      "properties": {
        "issuer": "鹿島市",
        "card_code": null,
        "pref": "佐賀県",
        "round": "第07弾",
        "issued_date": "2018/04/28",
        "facility": "【平日】鹿島新世紀センター 環境下水道課",
        "address": "佐賀県鹿島市大字納富分2643-1（1階）",
        "facility_url": "https://www.city.saga-kashima.lg.jp/main/15748.html"
      }
    },
    {
      "type": "Feature",
      "geometry": {
        "type": "Point",
        "coordinates": [
          134.555161,
          34.861328
        ]
      },
      "properties": {
        "issuer": "たつの市",
        "card_code": "A001",
        "pref": "兵庫県",
        "round": "第09弾",
        "issued_date": "2018/12/14",
        "facility": "たつの観光案内所",
        "address": "兵庫県たつの市龍野町中村301-2（JR姫新線本龍野駅内",
        "facility_url": "https://www.city.tatsuno.lg.jp/kanko-bunka-sports/kanko/5018.html"
      }
    },
    {
      "type": "Feature",
      "geometry": {
        "type": "Point",
        "coordinates": [
          134.545013,
          34.868401
        ]
      },
      "properties": {
        "issuer": "たつの市",
        "card_code": "B001",
        "pref": "兵庫県",
        "round": "第25弾",
        "issued_date": "2025/04/25",
        "facility": "醬油の郷　大正ロマン館",
        "address": "兵庫県たつの市龍野町上霞城126",
        "facility_url": " https://www.city.tatsuno.lg.jp/kanko-bunka-sports/rekishi-bunkazai/4/2/4883.html"
      }
    },
    {
      "type": "Feature",
      "geometry": {
        "type": "Point",
        "coordinates": [
          134.987503,
          34.788521
        ]
      },
      "properties": {
        "issuer": "三木市",
        "card_code": "A001",
        "pref": "兵庫県",
        "round": "第10弾",
        "issued_date": "2019/08/07",
        "facility": "三木市上下水道部庁舎",
        "address": "兵庫県三木市福井字鷹尾1950-1",
        "facility_url": "https://www.city.miki.lg.jp/soshiki/46/"
      }
    },
    {
      "type": "Feature",
      "geometry": {
        "type": "Point",
        "coordinates": [
          135.122757,
          34.88504
        ]
      },
      "properties": {
        "issuer": "三木市",
        "card_code": "B001",
        "pref": "兵庫県",
        "round": "第19弾",
        "issued_date": "2023/04/28",
        "facility": "道の駅よかわ（山田錦の館）",
        "address": "兵庫県三木市吉川町吉安２２２",
        "facility_url": "https://www.76-2401.com/company"
      }
    },
    {
      "type": "Feature",
      "geometry": {
        "type": "Point",
        "coordinates": [
          134.977509,
          34.792995
        ]
      },
      "properties": {
        "issuer": "三木市",
        "card_code": "C001",
        "pref": "兵庫県",
        "round": "第22弾",
        "issued_date": "2024/04/26",
        "facility": "あじさいフローラみき",
        "address": "兵庫県三木市福井字三木山",
        "facility_url": "https://ajisaiflora-miki.com/index.html"
      }
    },
    {
      "type": "Feature",
      "geometry": {
        "type": "Point",
        "coordinates": [
          134.354828,
          34.866116
        ]
      },
      "properties": {
        "issuer": "上郡町",
        "card_code": null,
        "pref": "兵庫県",
        "round": "第09弾",
        "issued_date": "2018/12/14",
        "facility": "上郡町観光案内所",
        "address": "兵庫県赤穂郡上郡町駅前222",
        "facility_url": "https://www.town.kamigori.hyogo.jp/soshiki/chiiki/shisetsuosagasu/1_1/2344.html"
      }
    },
    {
      "type": "Feature",
      "geometry": {
        "type": "Point",
        "coordinates": [
          135.078491,
          35.130161
        ]
      },
      "properties": {
        "issuer": "丹波市",
        "card_code": null,
        "pref": "兵庫県",
        "round": "第11弾",
        "issued_date": "2019/12/14",
        "facility": "丹波市観光協会　かいばら観光案内所",
        "address": "兵庫県丹波市柏原町柏原3625",
        "facility_url": "https://www.tambacity-kankou.jp/"
      }
    },
    {
      "type": "Feature",
      "geometry": {
        "type": "Point",
        "coordinates": [
          135.218216,
          35.075584
        ]
      },
      "properties": {
        "issuer": "丹波篠山市",
        "card_code": null,
        "pref": "兵庫県",
        "round": "第05弾",
        "issued_date": "2017/08/01",
        "facility": "丹波篠山市役所 上下水道部 経営企画課",
        "address": "兵庫県丹波篠山市北新町41（本庁舎）",
        "facility_url": "https://www.city.tambasasayama.lg.jp/"
      }
    },
    {
      "type": "Feature",
      "geometry": {
        "type": "Point",
        "coordinates": [
          135.395233,
          34.786411
        ]
      },
      "properties": {
        "issuer": "伊丹市",
        "card_code": "A001",
        "pref": "兵庫県",
        "round": "第05弾",
        "issued_date": "2017/08/01",
        "facility": "スワンホール",
        "address": "兵庫県伊丹市昆陽池2丁目1",
        "facility_url": "http://www.swanhall.com/access.html"
      }
    },
    {
      "type": "Feature",
      "geometry": {
        "type": "Point",
        "coordinates": [
          135.399948,
          34.783493
        ]
      },
      "properties": {
        "issuer": "伊丹市",
        "card_code": "B001",
        "pref": "兵庫県",
        "round": "第14弾",
        "issued_date": "2021/04/25",
        "facility": "伊丹市上下水道局　水道サービスステーション",
        "address": "兵庫県伊丹市昆陽1丁目1番地2",
        "facility_url": "https://www.water.itami.hyogo.jp/soshiki/keieikikakuka/1395799645874.html"
      }
    },
    {
      "type": "Feature",
      "geometry": {
        "type": "Point",
        "coordinates": [
          135.42218,
          34.780556
        ]
      },
      "properties": {
        "issuer": "伊丹市",
        "card_code": "C001",
        "pref": "兵庫県",
        "round": "第17弾",
        "issued_date": "2022/08/06",
        "facility": "伊丹市立観光物産ギャラリー",
        "address": "兵庫県伊丹市東有岡1-6-2（JR伊丹駅構内）",
        "facility_url": "http://itami-kankou.com/"
      }
    },
    {
      "type": "Feature",
      "geometry": {
        "type": "Point",
        "coordinates": [
          135.417435,
          34.782654
        ]
      },
      "properties": {
        "issuer": "伊丹市",
        "card_code": "D001",
        "pref": "兵庫県",
        "round": "第18弾",
        "issued_date": "2023/01/28",
        "facility": "旧岡田家住宅・酒蔵",
        "address": "兵庫県伊丹市宮ノ前2丁目5-20（市立伊丹ミュージアム）",
        "facility_url": "https://itami-im.jp/about/okada-ishibashi/"
      }
    },
    {
      "type": "Feature",
      "geometry": {
        "type": "Point",
        "coordinates": [
          135.448883,
          34.769676
        ]
      },
      "properties": {
        "issuer": "兵庫県",
        "card_code": "流域下水道",
        "pref": "兵庫県",
        "round": "第07弾",
        "issued_date": "2018/04/28",
        "facility": "原田処理場（スカイランドHARADA管理事務所）",
        "address": "大阪府豊中市原田西町1-1",
        "facility_url": "https://www.city.toyonaka.osaka.jp/shisetsu/suidou/skyland_harada/"
      }
    },
    {
      "type": "Feature",
      "geometry": {
        "type": "Point",
        "coordinates": [
          135.183075,
          34.691257
        ]
      },
      "properties": {
        "issuer": "加古川市",
        "card_code": null,
        "pref": "兵庫県",
        "round": "第10弾",
        "issued_date": "2019/08/07",
        "facility": "加古川観光案内所",
        "address": "兵庫県住所：加古川市加古川町篠原町503-2（ＪＲ加古川駅構内）",
        "facility_url": "http://kako-navi.jp/information.html"
      }
    },
    {
      "type": "Feature",
      "geometry": {
        "type": "Point",
        "coordinates": [
          134.935516,
          34.923813
        ]
      },
      "properties": {
        "issuer": "加東市",
        "card_code": "B001",
        "pref": "兵庫県",
        "round": "第20弾",
        "issued_date": "2023/07/28",
        "facility": "【月・火・木・金・土・日】加東市観光協会",
        "address": "兵庫県加東市河高４０２８",
        "facility_url": null
      }
    },
    {
      "type": "Feature",
      "geometry": {
        "type": "Point",
        "coordinates": [
          134.841949,
          34.927921
        ]
      },
      "properties": {
        "issuer": "加西市",
        "card_code": "A001",
        "pref": "兵庫県",
        "round": "第07弾",
        "issued_date": "2018/04/28",
        "facility": "【平日】加西市生活環境部 上下水道課",
        "address": "兵庫県加西市北条町横尾1000",
        "facility_url": "http://www.city.kasai.hyogo.jp/"
      }
    },
    {
      "type": "Feature",
      "geometry": {
        "type": "Point",
        "coordinates": [
          134.828674,
          34.933109
        ]
      },
      "properties": {
        "issuer": "加西市",
        "card_code": "B001",
        "pref": "兵庫県",
        "round": "第25弾",
        "issued_date": "2025/04/25",
        "facility": "北条町駅",
        "address": "兵庫県加西市北条町北条駅前町28-2",
        "facility_url": "http://www.hojorailway.jp/"
      }
    },
    {
      "type": "Feature",
      "geometry": {
        "type": "Point",
        "coordinates": [
          134.576706,
          34.837147
        ]
      },
      "properties": {
        "issuer": "太子町",
        "card_code": null,
        "pref": "兵庫県",
        "round": "第23弾",
        "issued_date": "2024/07/26",
        "facility": "【平日】太子町役場産業経済課",
        "address": "兵庫県揖保郡太子町鵤280-1",
        "facility_url": "https://www.town.hyogo-taishi.lg.jp/soshikikarasagasu/keizai/kanko/6569.html"
      }
    },
    {
      "type": "Feature",
      "geometry": {
        "type": "Point",
        "coordinates": [
          134.691101,
          34.826881
        ]
      },
      "properties": {
        "issuer": "姫路市",
        "card_code": null,
        "pref": "兵庫県",
        "round": "第02弾",
        "issued_date": "2016/08/01",
        "facility": "姫路市観光案内所",
        "address": "兵庫県姫路市駅前町210-2（JR姫路駅中央コンコース北西側）",
        "facility_url": "http://www.city.himeji.lg.jp/kanko/0000005207.html"
      }
    },
    {
      "type": "Feature",
      "geometry": {
        "type": "Point",
        "coordinates": [
          135.347992,
          34.80722
        ]
      },
      "properties": {
        "issuer": "宝塚市",
        "card_code": null,
        "pref": "兵庫県",
        "round": "第10弾",
        "issued_date": "2019/08/07",
        "facility": "宝塚市立文化芸術センター １階受付",
        "address": "兵庫県宝塚市武庫川町7-64",
        "facility_url": "https://takarazuka-arts-center.jp/information/access/"
      }
    },
    {
      "type": "Feature",
      "geometry": {
        "type": "Point",
        "coordinates": [
          135.411743,
          34.733425
        ]
      },
      "properties": {
        "issuer": "尼崎市(A001)",
        "card_code": null,
        "pref": "兵庫県",
        "round": "第02弾",
        "issued_date": "2016/08/01",
        "facility": "【平日】尼崎市公営企業局上下水道部経営企画課",
        "address": "兵庫県尼崎市東七松町2-4-16（上下水道庁舎3階）",
        "facility_url": "https://amasui.org/shoukai/shisetsu/2000610/2000611.html"
      }
    },
    {
      "type": "Feature",
      "geometry": {
        "type": "Point",
        "coordinates": [
          135.416733,
          34.719048
        ]
      },
      "properties": {
        "issuer": "尼崎市(B001)",
        "card_code": null,
        "pref": "兵庫県",
        "round": "第11弾",
        "issued_date": "2019/12/14",
        "facility": "あまがさき観光案内所（阪神尼崎駅前）",
        "address": "兵庫県尼崎市神田中通1-4　中央公園内",
        "facility_url": "https://kansai-tourism-amagasaki.jp/amagasaki/information.html"
      }
    },
    {
      "type": "Feature",
      "geometry": {
        "type": "Point",
        "coordinates": [
          135.413116,
          34.826466
        ]
      },
      "properties": {
        "issuer": "川西市",
        "card_code": "A001",
        "pref": "兵庫県",
        "round": "第11弾",
        "issued_date": "2019/12/14",
        "facility": "アステ市民プラザ",
        "address": "兵庫県川西市栄町25番1-601号　アステ川西6階",
        "facility_url": "http://www.city.kawanishi.hyogo.jp/shisetsu/1002999/1003002/index.html"
      }
    },
    {
      "type": "Feature",
      "geometry": {
        "type": "Point",
        "coordinates": [
          135.41893,
          34.834187
        ]
      },
      "properties": {
        "issuer": "川西市",
        "card_code": "B001",
        "pref": "兵庫県",
        "round": "第13弾",
        "issued_date": "2020/12/17",
        "facility": "川西公民館（キセラ川西プラザ 福祉棟3階）",
        "address": "兵庫県川西市火打1丁目12番16号",
        "facility_url": "http://kisela-kp.jp/"
      }
    },
    {
      "type": "Feature",
      "geometry": {
        "type": "Point",
        "coordinates": [
          135.413116,
          34.826466
        ]
      },
      "properties": {
        "issuer": "川西市",
        "card_code": "C001",
        "pref": "兵庫県",
        "round": "第15弾",
        "issued_date": "2021/08/17",
        "facility": "川西市役所　上下水道局経営企画課　3階13番",
        "address": "兵庫県川西市栄町25番1-601号",
        "facility_url": "https://www.city.kawanishi.hyogo.jp/shisetsu/1002871/1002872.html"
      }
    },
    {
      "type": "Feature",
      "geometry": {
        "type": "Point",
        "coordinates": [
          134.76564,
          34.990269
        ]
      },
      "properties": {
        "issuer": "市川町",
        "card_code": null,
        "pref": "兵庫県",
        "round": "第09弾",
        "issued_date": "2018/12/14",
        "facility": "【平日】市川町役場　下水道課",
        "address": "兵庫県神崎郡市川町西川辺165-3",
        "facility_url": "https://www.town.ichikawa.lg.jp"
      }
    },
    {
      "type": "Feature",
      "geometry": {
        "type": "Point",
        "coordinates": [
          134.876266,
          34.726936
        ]
      },
      "properties": {
        "issuer": "播磨町",
        "card_code": null,
        "pref": "兵庫県",
        "round": "第10弾",
        "issued_date": "2019/08/07",
        "facility": "播磨町郷土資料館",
        "address": "兵庫県加古郡播磨町大中１丁目１番２号",
        "facility_url": "https://www.town.harima.lg.jp/kanko/kyodoshiryokan/index.html"
      }
    },
    {
      "type": "Feature",
      "geometry": {
        "type": "Point",
        "coordinates": [
          135.000732,
          34.64835
        ]
      },
      "properties": {
        "issuer": "明石市",
        "card_code": null,
        "pref": "兵庫県",
        "round": "第07弾",
        "issued_date": "2018/04/28",
        "facility": "明石市立天文科学館",
        "address": "兵庫県明石市人丸町2-6",
        "facility_url": "http://www.am12.jp/"
      }
    },
    {
      "type": "Feature",
      "geometry": {
        "type": "Point",
        "coordinates": [
          134.895508,
          34.342358
        ]
      },
      "properties": {
        "issuer": "洲本市",
        "card_code": null,
        "pref": "兵庫県",
        "round": "第18弾",
        "issued_date": "2023/01/28",
        "facility": "【平日】洲本市役所都市整備部下水道課（庁舎3F）",
        "address": "兵庫県洲本市本町三丁目4番10号",
        "facility_url": "https://www.city.sumoto.lg.jp/soshiki/23/"
      }
    },
    {
      "type": "Feature",
      "geometry": {
        "type": "Point",
        "coordinates": [
          135.351501,
          34.919853
        ]
      },
      "properties": {
        "issuer": "猪名川町",
        "card_code": null,
        "pref": "兵庫県",
        "round": "第10弾",
        "issued_date": "2019/08/07",
        "facility": "【水曜日以外】道の駅いながわ",
        "address": "兵庫県猪名川町万善字竹添70-1",
        "facility_url": "https://www.eonet.ne.jp/~eki-inagawa/"
      }
    },
    {
      "type": "Feature",
      "geometry": {
        "type": "Point",
        "coordinates": [
          135.279282,
          34.711014
        ]
      },
      "properties": {
        "issuer": "神戸市",
        "card_code": "A001",
        "pref": "兵庫県",
        "round": "第01弾",
        "issued_date": "2016/04/01",
        "facility": "東水環境センター 東灘処理場",
        "address": "兵庫県神戸市東灘区魚崎南町2-1-23",
        "facility_url": "https://www.city.kobe.lg.jp/a78445/kurashi/sumai/sewage/pr/manhole_card.html"
      }
    },
    {
      "type": "Feature",
      "geometry": {
        "type": "Point",
        "coordinates": [
          135.224228,
          34.633934
        ]
      },
      "properties": {
        "issuer": "神戸市",
        "card_code": "B001",
        "pref": "兵庫県",
        "round": "第14弾",
        "issued_date": "2021/04/25",
        "facility": "神戸空港 1階総合案内所",
        "address": "兵庫県神戸市中央区神戸空港１番",
        "facility_url": "https://www.kairport.co.jp/service/information/info-center"
      }
    },
    {
      "type": "Feature",
      "geometry": {
        "type": "Point",
        "coordinates": [
          135.045425,
          34.631004
        ]
      },
      "properties": {
        "issuer": "神戸市",
        "card_code": "C001",
        "pref": "兵庫県",
        "round": "第26弾",
        "issued_date": "2025/07/25",
        "facility": "五色塚古墳館",
        "address": "兵庫県神戸市垂水区五色山4丁目11―7",
        "facility_url": "https://www.city.kobe.lg.jp/a78445/kurashi/sumai/sewage/pr/manhole_card.html"
      }
    },
    {
      "type": "Feature",
      "geometry": {
        "type": "Point",
        "coordinates": [
          135.189804,
          34.701435
        ]
      },
      "properties": {
        "issuer": "神戸市",
        "card_code": "D001",
        "pref": "兵庫県",
        "round": "第29弾",
        "issued_date": "2026/07/31",
        "facility": "北野観光案内所",
        "address": "兵庫県神戸市中央区北野町3-10-20",
        "facility_url": "https://www.city.kobe.lg.jp/a64051/kenko/handicap/syakaikatdudou/barrierfree/shurui/bunka/03093.html"
      }
    },
    {
      "type": "Feature",
      "geometry": {
        "type": "Point",
        "coordinates": [
          134.730881,
          35.125141
        ]
      },
      "properties": {
        "issuer": "神河町",
        "card_code": null,
        "pref": "兵庫県",
        "round": "第20弾",
        "issued_date": "2023/07/28",
        "facility": "村営ふれあいマーケット長谷店",
        "address": "兵庫県神崎郡神河町長谷1058番地",
        "facility_url": "https://www.town.kamikawa.hyogo.jp/0000002459.html"
      }
    },
    {
      "type": "Feature",
      "geometry": {
        "type": "Point",
        "coordinates": [
          134.759506,
          34.950401
        ]
      },
      "properties": {
        "issuer": "福崎町",
        "card_code": null,
        "pref": "兵庫県",
        "round": "第10弾",
        "issued_date": "2019/08/07",
        "facility": "福崎町役場上下水道課",
        "address": "兵庫県神崎郡福崎町南田原3116番地の1",
        "facility_url": "http://www.town.fukusaki.hyogo.jp/0000000112.html"
      }
    },
    {
      "type": "Feature",
      "geometry": {
        "type": "Point",
        "coordinates": [
          134.91333,
          34.748707
        ]
      },
      "properties": {
        "issuer": "稲美町",
        "card_code": null,
        "pref": "兵庫県",
        "round": "第26弾",
        "issued_date": "2025/11/01",
        "facility": "稲美町役場地域整備部水道課",
        "address": "兵庫県加古郡稲美町国岡1-1",
        "facility_url": null
      }
    },
    {
      "type": "Feature",
      "geometry": {
        "type": "Point",
        "coordinates": [
          135.304291,
          34.727261
        ]
      },
      "properties": {
        "issuer": "芦屋市",
        "card_code": "A001",
        "pref": "兵庫県",
        "round": "第08弾",
        "issued_date": "2018/08/11",
        "facility": "【平日】芦屋市上下水道部 下水道課",
        "address": "兵庫県芦屋市精道町7-6",
        "facility_url": "http://www.city.ashiya.lg.jp/"
      }
    },
    {
      "type": "Feature",
      "geometry": {
        "type": "Point",
        "coordinates": [
          135.310989,
          34.722248
        ]
      },
      "properties": {
        "issuer": "芦屋市",
        "card_code": "B001",
        "pref": "兵庫県",
        "round": "第12弾",
        "issued_date": "2020/04/25",
        "facility": "芦屋市立美術博物館",
        "address": "兵庫県芦屋市伊勢町12-25",
        "facility_url": "https://ashiya-museum.jp/"
      }
    },
    {
      "type": "Feature",
      "geometry": {
        "type": "Point",
        "coordinates": [
          135.36261,
          34.717068
        ]
      },
      "properties": {
        "issuer": "西宮市",
        "card_code": null,
        "pref": "兵庫県",
        "round": "第06弾",
        "issued_date": "2017/12/09",
        "facility": "クリエートにしのみや（ららぽーと甲子園2F）",
        "address": "兵庫県西宮市甲子園八番町1-100",
        "facility_url": "https://www.nishi.or.jp/kurashi/suido/jogesuidokyoku/pr_event/manholecard.html"
      }
    },
    {
      "type": "Feature",
      "geometry": {
        "type": "Point",
        "coordinates": [
          134.9785,
          34.983673
        ]
      },
      "properties": {
        "issuer": "西脇市",
        "card_code": "A001",
        "pref": "兵庫県",
        "round": "第06弾",
        "issued_date": "2017/12/09",
        "facility": "【平日】西脇市役所建設水道部施設管理課",
        "address": "兵庫県西脇市下戸田128番地の1",
        "facility_url": "http://www.city.nishiwaki.lg.jp/"
      }
    },
    {
      "type": "Feature",
      "geometry": {
        "type": "Point",
        "coordinates": [
          135.030228,
          35.038734
        ]
      },
      "properties": {
        "issuer": "西脇市",
        "card_code": "B001",
        "pref": "兵庫県",
        "round": "第25弾",
        "issued_date": "2025/04/25",
        "facility": "西脇市日本のへそ日時計の丘公園オートキャンプ場",
        "address": "兵庫県西脇市黒田庄町門柳871-14",
        "facility_url": "http://www.city.nishiwaki.lg.jp"
      }
    },
    {
      "type": "Feature",
      "geometry": {
        "type": "Point",
        "coordinates": [
          134.802917,
          34.745514
        ]
      },
      "properties": {
        "issuer": "高砂市",
        "card_code": null,
        "pref": "兵庫県",
        "round": "第09弾",
        "issued_date": "2018/12/14",
        "facility": "工楽松右衛門旧宅",
        "address": "兵庫県高砂市高砂町今津町532",
        "facility_url": "http://www.takasago-tavb.com/"
      }
    },
    {
      "type": "Feature",
      "geometry": {
        "type": "Point",
        "coordinates": [
          140.096237,
          41.802223
        ]
      },
      "properties": {
        "issuer": "上ノ国町",
        "card_code": null,
        "pref": "北海道",
        "round": "第13弾",
        "issued_date": "2020/12/17",
        "facility": "道の駅上ノ国もんじゅ",
        "address": "北海道檜山郡上ノ国町字原歌3番地",
        "facility_url": "https://www.kaminokuni.com/"
      }
    },
    {
      "type": "Feature",
      "geometry": {
        "type": "Point",
        "coordinates": [
          143.30162,
          43.261906
        ]
      },
      "properties": {
        "issuer": "上士幌町",
        "card_code": null,
        "pref": "北海道",
        "round": "第27弾",
        "issued_date": "2025/12/19",
        "facility": "上士幌町役場建設課",
        "address": "北海道河東郡上士幌町字上士幌東3線238番地",
        "facility_url": "https://www.kamishihoro.jp/page/00000060"
      }
    },
    {
      "type": "Feature",
      "geometry": {
        "type": "Point",
        "coordinates": [
          142.467941,
          43.455791
        ]
      },
      "properties": {
        "issuer": "上富良野町",
        "card_code": null,
        "pref": "北海道",
        "round": "第15弾",
        "issued_date": "2021/08/17",
        "facility": "【平日】上富良野町役場建設水道課",
        "address": "北海道空知郡上富良野町大町2丁目2番11号",
        "facility_url": "http://www.town.kamifurano.hokkaido.jp/"
      }
    },
    {
      "type": "Feature",
      "geometry": {
        "type": "Point",
        "coordinates": [
          140.717148,
          41.763802
        ]
      },
      "properties": {
        "issuer": "函館市",
        "card_code": null,
        "pref": "北海道",
        "round": "第03弾",
        "issued_date": "2016/12/01",
        "facility": "函館市地域交流まちづくりセンター",
        "address": "北海道函館市末広町4-19",
        "facility_url": "http://hakomachi.com/"
      }
    },
    {
      "type": "Feature",
      "geometry": {
        "type": "Point",
        "coordinates": [
          145.119568,
          43.39537
        ]
      },
      "properties": {
        "issuer": "別海町",
        "card_code": null,
        "pref": "北海道",
        "round": "第11弾",
        "issued_date": "2019/12/14",
        "facility": "【平日】別海町役場建設水道部上下水道課",
        "address": "北海道野付郡別海町別海常盤町280番地",
        "facility_url": "https://betsukai.jp/kurashi/water/gesuidou/"
      }
    },
    {
      "type": "Feature",
      "geometry": {
        "type": "Point",
        "coordinates": [
          141.148819,
          45.187523
        ]
      },
      "properties": {
        "issuer": "利尻町",
        "card_code": null,
        "pref": "北海道",
        "round": "第12弾",
        "issued_date": "2020/04/25",
        "facility": "利尻町役場",
        "address": "北海道利尻郡利尻町沓形字緑町14番地1",
        "facility_url": "http://www.town.rishiri.hokkaido.jp/rishiri/"
      }
    },
    {
      "type": "Feature",
      "geometry": {
        "type": "Point",
        "coordinates": [
          142.358536,
          44.099403
        ]
      },
      "properties": {
        "issuer": "剣淵町",
        "card_code": null,
        "pref": "北海道",
        "round": "第05弾",
        "issued_date": "2017/08/01",
        "facility": "【水曜日以外】絵本の館",
        "address": "北海道上川郡剣淵町緑町15-3",
        "facility_url": "http://ehon-yakata.com/"
      }
    },
    {
      "type": "Feature",
      "geometry": {
        "type": "Point",
        "coordinates": [
          141.565094,
          42.977161
        ]
      },
      "properties": {
        "issuer": "北広島市",
        "card_code": "A001",
        "pref": "北海道",
        "round": "第06弾",
        "issued_date": "2017/12/09",
        "facility": "エルフィンパーク市民サービスコーナー",
        "address": "北海道北広島市中央6-209",
        "facility_url": "http://www.city.kitahiroshima.hokkaido.jp/hotnews/category/163.html"
      }
    },
    {
      "type": "Feature",
      "geometry": {
        "type": "Point",
        "coordinates": [
          140.647171,
          41.905224
        ]
      },
      "properties": {
        "issuer": "北斗市",
        "card_code": null,
        "pref": "北海道",
        "round": "第08弾",
        "issued_date": "2018/08/11",
        "facility": "北斗市観光交流センター内 北斗市観光案内所（1階）",
        "address": "北海道北斗市市渡1丁目1番1号",
        "facility_url": "https://hokutoinfo.com/tec/"
      }
    },
    {
      "type": "Feature",
      "geometry": {
        "type": "Point",
        "coordinates": [
          143.893158,
          43.79871
        ]
      },
      "properties": {
        "issuer": "北見市",
        "card_code": "A001",
        "pref": "北海道",
        "round": "第02弾",
        "issued_date": "2016/08/01",
        "facility": "【平日】北見市上下水道局給排水課窓口",
        "address": "北海道北見市中ノ島町1-4-1（北見市上下水道局庁舎内）",
        "facility_url": "https://www.city.kitami.lg.jp/soshiki/jogesuido/"
      }
    },
    {
      "type": "Feature",
      "geometry": {
        "type": "Point",
        "coordinates": [
          141.651962,
          42.821976
        ]
      },
      "properties": {
        "issuer": "千歳市",
        "card_code": null,
        "pref": "北海道",
        "round": "第18弾",
        "issued_date": "2023/01/28",
        "facility": "【平日】千歳市水道局庁舎2F経営管理課総務係窓口",
        "address": "北海道千歳市東雲町3丁目2番地5",
        "facility_url": "https://www.city.chitose.lg.jp/docs/28386.html?cat=%2F95%2F95_170%2F95_170_938%2F"
      }
    },
    {
      "type": "Feature",
      "geometry": {
        "type": "Point",
        "coordinates": [
          140.561127,
          43.175137
        ]
      },
      "properties": {
        "issuer": "古平町",
        "card_code": null,
        "pref": "北海道",
        "round": "第10弾",
        "issued_date": "2019/08/07",
        "facility": "古平町総合施設「かなえーる」（古平町役場内）",
        "address": "北海道古平郡古平町大字浜町50番地",
        "facility_url": null
      }
    },
    {
      "type": "Feature",
      "geometry": {
        "type": "Point",
        "coordinates": [
          142.411835,
          44.28738
        ]
      },
      "properties": {
        "issuer": "名寄市",
        "card_code": "A001",
        "pref": "北海道",
        "round": "第10弾",
        "issued_date": "2019/08/07",
        "facility": "道の駅「もち米の里☆なよろ」",
        "address": "北海道名寄市風連町西町334番地1",
        "facility_url": null
      }
    },
    {
      "type": "Feature",
      "geometry": {
        "type": "Point",
        "coordinates": [
          142.464325,
          44.349133
        ]
      },
      "properties": {
        "issuer": "名寄市",
        "card_code": "B001",
        "pref": "北海道",
        "round": "第12弾",
        "issued_date": "2020/04/25",
        "facility": "なよろ観光まちづくり協会（駅前交流プラザ「よろーな」内）",
        "address": "北海道名寄市東1条南7丁目1番地10",
        "facility_url": "https://yoro-na.com/"
      }
    },
    {
      "type": "Feature",
      "geometry": {
        "type": "Point",
        "coordinates": [
          142.411819,
          44.024239
        ]
      },
      "properties": {
        "issuer": "和寒町",
        "card_code": null,
        "pref": "北海道",
        "round": "第05弾",
        "issued_date": "2017/08/01",
        "facility": "【平日】和寒町役場 産業振興課",
        "address": "北海道上川郡和寒町字西町120",
        "facility_url": "http://www.town.wassamu.hokkaido.jp/"
      }
    },
    {
      "type": "Feature",
      "geometry": {
        "type": "Point",
        "coordinates": [
          142.392654,
          44.176334
        ]
      },
      "properties": {
        "issuer": "士別市",
        "card_code": null,
        "pref": "北海道",
        "round": "第23弾",
        "issued_date": "2024/07/26",
        "facility": "道の駅「羊のまち　侍・しべつ」",
        "address": "北海道士別市大通東5丁目440番地23",
        "facility_url": "https://machi-shibetsu.securesite.jp/michinoeki/"
      }
    },
    {
      "type": "Feature",
      "geometry": {
        "type": "Point",
        "coordinates": [
          141.757675,
          44.924023
        ]
      },
      "properties": {
        "issuer": "天塩町",
        "card_code": "A001",
        "pref": "北海道",
        "round": "第09弾",
        "issued_date": "2018/12/14",
        "facility": "天塩町ファミリースポーツセンター",
        "address": "北海道天塩郡天塩町字川口5702番地の1",
        "facility_url": "https://www.teshiotown.hokkaido.jp/?page_id=620"
      }
    },
    {
      "type": "Feature",
      "geometry": {
        "type": "Point",
        "coordinates": [
          141.744797,
          44.888172
        ]
      },
      "properties": {
        "issuer": "天塩町",
        "card_code": "B001",
        "pref": "北海道",
        "round": "第17弾",
        "issued_date": "2022/08/06",
        "facility": "天塩町役場建設課(２F)",
        "address": "北海道天塩郡天塩町新栄通8丁目",
        "facility_url": "http://www.teshiotown.hokkaido.jp/"
      }
    },
    {
      "type": "Feature",
      "geometry": {
        "type": "Point",
        "coordinates": [
          141.820526,
          44.984165
        ]
      },
      "properties": {
        "issuer": "天塩町",
        "card_code": "C001",
        "pref": "北海道",
        "round": "第22弾",
        "issued_date": "2024/04/26",
        "facility": "てしお温泉「夕映」",
        "address": "北海道天塩郡天塩町サラキシ5807番地4",
        "facility_url": "http://www.teshiotown.hokkaido.jp/"
      }
    },
    {
      "type": "Feature",
      "geometry": {
        "type": "Point",
        "coordinates": [
          141.893402,
          43.423855
        ]
      },
      "properties": {
        "issuer": "奈井江町",
        "card_code": null,
        "pref": "北海道",
        "round": "第06弾",
        "issued_date": "2017/12/09",
        "facility": "奈井江町交流プラザみなクル",
        "address": "北海道空知郡奈井江町字奈井江町74番地",
        "facility_url": null
      }
    },
    {
      "type": "Feature",
      "geometry": {
        "type": "Point",
        "coordinates": [
          141.816544,
          42.875992
        ]
      },
      "properties": {
        "issuer": "安平町",
        "card_code": null,
        "pref": "北海道",
        "round": "第14弾",
        "issued_date": "2021/04/25",
        "facility": "道の駅あびらＤ５１ステーション",
        "address": "北海道勇払郡安平町追分柏が丘49-1",
        "facility_url": "http://d51-station.com/"
      }
    },
    {
      "type": "Feature",
      "geometry": {
        "type": "Point",
        "coordinates": [
          140.970459,
          42.322437
        ]
      },
      "properties": {
        "issuer": "室蘭市",
        "card_code": null,
        "pref": "北海道",
        "round": "第08弾",
        "issued_date": "2018/08/11",
        "facility": "室蘭観光協会",
        "address": "北海道室蘭市海岸町1丁目5番1号",
        "facility_url": "http://muro-kanko.com/"
      }
    },
    {
      "type": "Feature",
      "geometry": {
        "type": "Point",
        "coordinates": [
          142.380829,
          43.343327
        ]
      },
      "properties": {
        "issuer": "富良野市",
        "card_code": null,
        "pref": "北海道",
        "round": "第11弾",
        "issued_date": "2019/12/14",
        "facility": "【平日】【休日】富良野市役所1階 総合窓口",
        "address": "北海道富良野市弥生町1番1号",
        "facility_url": "http://www.city.furano.hokkaido.jp/"
      }
    },
    {
      "type": "Feature",
      "geometry": {
        "type": "Point",
        "coordinates": [
          142.379395,
          43.312824
        ]
      },
      "properties": {
        "issuer": "富良野市",
        "card_code": "B001",
        "pref": "北海道",
        "round": "第29弾",
        "issued_date": "2026/07/31",
        "facility": "富良野チーズ工房",
        "address": "北海道富良野市中五区",
        "facility_url": "https://www.furano-cheese.jp/"
      }
    },
    {
      "type": "Feature",
      "geometry": {
        "type": "Point",
        "coordinates": [
          140.994705,
          43.192116
        ]
      },
      "properties": {
        "issuer": "小樽市",
        "card_code": null,
        "pref": "北海道",
        "round": "第06弾",
        "issued_date": "2017/12/09",
        "facility": "小樽市水道局本庁舎",
        "address": "北海道小樽市花園2-11-15",
        "facility_url": "https://www.city.otaru.lg.jp/docs/2020112200455/"
      }
    },
    {
      "type": "Feature",
      "geometry": {
        "type": "Point",
        "coordinates": [
          140.516708,
          42.983906
        ]
      },
      "properties": {
        "issuer": "岩内町",
        "card_code": null,
        "pref": "北海道",
        "round": "第06弾",
        "issued_date": "2017/12/09",
        "facility": "道の駅いわない ガイドセンター たら丸館",
        "address": "北海道岩内郡岩内町字万代47-4",
        "facility_url": "http://www.iwanai-kanko.org/"
      }
    },
    {
      "type": "Feature",
      "geometry": {
        "type": "Point",
        "coordinates": [
          143.20253,
          42.91856
        ]
      },
      "properties": {
        "issuer": "帯広市",
        "card_code": null,
        "pref": "北海道",
        "round": "第11弾",
        "issued_date": "2019/12/14",
        "facility": "とかち観光情報センター",
        "address": "北海道帯広市西2条南12丁目 エスタ帯広東館2階",
        "facility_url": "http://obikan.jp/"
      }
    },
    {
      "type": "Feature",
      "geometry": {
        "type": "Point",
        "coordinates": [
          141.845032,
          45.01572
        ]
      },
      "properties": {
        "issuer": "幌延町",
        "card_code": "A001",
        "pref": "北海道",
        "round": "第28弾",
        "issued_date": "2026/04/24",
        "facility": "ホロカル",
        "address": "北海道天塩郡幌延町1条北1丁目28番地（幌延駅構内）",
        "facility_url": "https://www.horokaru.com/"
      }
    },
    {
      "type": "Feature",
      "geometry": {
        "type": "Point",
        "coordinates": [
          142.512756,
          43.825783
        ]
      },
      "properties": {
        "issuer": "当麻町",
        "card_code": null,
        "pref": "北海道",
        "round": "第18弾",
        "issued_date": "2023/01/28",
        "facility": "【火曜日以外】当麻町郷土資料館ここから",
        "address": "北海道上川郡当麻町4条南3丁目1番41号",
        "facility_url": "http://www.town.tohma.hokkaido.jp/all-about/03/03/1739"
      }
    },
    {
      "type": "Feature",
      "geometry": {
        "type": "Point",
        "coordinates": [
          141.584106,
          42.897457
        ]
      },
      "properties": {
        "issuer": "恵庭市",
        "card_code": "A001",
        "pref": "北海道",
        "round": "第05弾",
        "issued_date": "2017/08/01",
        "facility": "道と川の駅 花ロードえにわ",
        "address": "北海道恵庭市南島松817-18",
        "facility_url": "https://www.hanaroadeniwa.jp/"
      }
    },
    {
      "type": "Feature",
      "geometry": {
        "type": "Point",
        "coordinates": [
          141.587921,
          42.89827
        ]
      },
      "properties": {
        "issuer": "恵庭市",
        "card_code": "C001",
        "pref": "北海道",
        "round": "第21弾",
        "issued_date": "2023/12/15",
        "facility": "花の拠点（はなふる）「センターハウス」",
        "address": "北海道恵庭市南島松828-3",
        "facility_url": null
      }
    },
    {
      "type": "Feature",
      "geometry": {
        "type": "Point",
        "coordinates": [
          144.99231,
          44.067509
        ]
      },
      "properties": {
        "issuer": "斜里町",
        "card_code": null,
        "pref": "北海道",
        "round": "第17弾",
        "issued_date": "2022/08/06",
        "facility": "道の駅 うとろ・シリエトク",
        "address": "北海道斜里郡斜里町ウトロ西186-8",
        "facility_url": "https://hokkaido-michinoeki.jp/michinoeki/2884/"
      }
    },
    {
      "type": "Feature",
      "geometry": {
        "type": "Point",
        "coordinates": [
          142.838654,
          43.079666
        ]
      },
      "properties": {
        "issuer": "新得町",
        "card_code": "A001",
        "pref": "北海道",
        "round": "第25弾",
        "issued_date": "2025/04/25",
        "facility": "新得町役場施設課窓口",
        "address": "北海道上川郡新得町3条南4丁目26番地",
        "facility_url": "https://www.shintoku-town.jp/"
      }
    },
    {
      "type": "Feature",
      "geometry": {
        "type": "Point",
        "coordinates": [
          142.83342,
          43.080814
        ]
      },
      "properties": {
        "issuer": "新得町",
        "card_code": "B001",
        "pref": "北海道",
        "round": "第28弾",
        "issued_date": "2026/04/24",
        "facility": "新得駅前地域交流センターとくとく 1F 総合案内所",
        "address": "北海道上川郡新得町本通南1丁目21番地22",
        "facility_url": "https://www.shintoku-tuktuk.com/facility/"
      }
    },
    {
      "type": "Feature",
      "geometry": {
        "type": "Point",
        "coordinates": [
          142.29689,
          43.783279
        ]
      },
      "properties": {
        "issuer": "旭川市",
        "card_code": "A001",
        "pref": "北海道",
        "round": "第04弾",
        "issued_date": "2017/04/03",
        "facility": "【5～10月】旭川市下水処理センターバナナ館",
        "address": "北海道旭川市神居町忠和287（旭川市下水処理センター2階）",
        "facility_url": "http://www.city.asahikawa.hokkaido.jp/kurashi/440/441/44281/p008338.html"
      }
    },
    {
      "type": "Feature",
      "geometry": {
        "type": "Point",
        "coordinates": [
          142.358047,
          43.763683
        ]
      },
      "properties": {
        "issuer": "旭川市",
        "card_code": "B001",
        "pref": "北海道",
        "round": "第23弾",
        "issued_date": "2024/07/26",
        "facility": "旭川観光物産情報センター",
        "address": "北海道旭川市宮下通8丁目3番1号（JR旭川駅東コンコース）",
        "facility_url": "https://www.city.asahikawa.hokkaido.jp/kankou/2400/d053770.html"
      }
    },
    {
      "type": "Feature",
      "geometry": {
        "type": "Point",
        "coordinates": [
          140.434586,
          41.677334
        ]
      },
      "properties": {
        "issuer": "木古内町",
        "card_code": null,
        "pref": "北海道",
        "round": "第02弾",
        "issued_date": "2016/08/01",
        "facility": "道の駅みそぎの郷 きこない 観光案内所",
        "address": "北海道上磯郡木古内町字本町338-14",
        "facility_url": "http://kikonai.jp/"
      }
    },
    {
      "type": "Feature",
      "geometry": {
        "type": "Point",
        "coordinates": [
          141.34256,
          43.115871
        ]
      },
      "properties": {
        "issuer": "札幌市",
        "card_code": "A001",
        "pref": "北海道",
        "round": "第01弾",
        "issued_date": "2016/04/01",
        "facility": "札幌市下水道科学館",
        "address": "北海道札幌市北区麻生町8",
        "facility_url": "http://www.sapporo-src.com/kagakukan/index.html"
      }
    },
    {
      "type": "Feature",
      "geometry": {
        "type": "Point",
        "coordinates": [
          141.350281,
          43.070877
        ]
      },
      "properties": {
        "issuer": "札幌市",
        "card_code": "B001",
        "pref": "北海道",
        "round": "第09弾",
        "issued_date": "2018/12/14",
        "facility": "札幌市環境プラザ",
        "address": "北海道札幌市北区北8条西3丁目札幌エルプラザ2階",
        "facility_url": "https://www.kankyo.sl-plaza.jp/"
      }
    },
    {
      "type": "Feature",
      "geometry": {
        "type": "Point",
        "coordinates": [
          141.352753,
          43.06086
        ]
      },
      "properties": {
        "issuer": "札幌市",
        "card_code": "C001",
        "pref": "北海道",
        "round": "第20弾",
        "issued_date": "2023/07/28",
        "facility": "【5月～10月】大通公園観光案内所",
        "address": "北海道札幌市中央区大通西3丁目",
        "facility_url": "https://odori-park.jp/access/"
      }
    },
    {
      "type": "Feature",
      "geometry": {
        "type": "Point",
        "coordinates": [
          142.451279,
          43.696487
        ]
      },
      "properties": {
        "issuer": "東神楽町",
        "card_code": null,
        "pref": "北海道",
        "round": "第11弾",
        "issued_date": "2019/12/14",
        "facility": "【平日】東神楽町役場建設水道課",
        "address": "北海道上川郡東神楽町南１条西１丁目３番２号",
        "facility_url": "https://www.town.higashikagura.lg.jp/"
      }
    },
    {
      "type": "Feature",
      "geometry": {
        "type": "Point",
        "coordinates": [
          145.121368,
          43.658058
        ]
      },
      "properties": {
        "issuer": "標津町",
        "card_code": "A001",
        "pref": "北海道",
        "round": "第29弾",
        "issued_date": "2026/07/31",
        "facility": "生涯学習センターあすぱる",
        "address": "北海道標津郡標津町南1条西5丁目5-3",
        "facility_url": "https://www.shibetsutown.jp/culture/?category=37"
      }
    },
    {
      "type": "Feature",
      "geometry": {
        "type": "Point",
        "coordinates": [
          141.533524,
          43.094803
        ]
      },
      "properties": {
        "issuer": "江別市",
        "card_code": "A001",
        "pref": "北海道",
        "round": "第05弾",
        "issued_date": "2017/08/01",
        "facility": "EBRI内 江別アンテナショップGET'S",
        "address": "北海道江別市東野幌町3-3",
        "facility_url": "https://www.city.ebetsu.hokkaido.jp/soshiki/kanko/99486.html"
      }
    },
    {
      "type": "Feature",
      "geometry": {
        "type": "Point",
        "coordinates": [
          141.529663,
          43.091351
        ]
      },
      "properties": {
        "issuer": "江別市",
        "card_code": "B001",
        "pref": "北海道",
        "round": "第28弾",
        "issued_date": "2026/04/24",
        "facility": "江別市民活動センター・あい",
        "address": "北海道江別市東野幌本町6-43",
        "facility_url": "https://plat-ebetsu.info/"
      }
    },
    {
      "type": "Feature",
      "geometry": {
        "type": "Point",
        "coordinates": [
          142.769302,
          42.168373
        ]
      },
      "properties": {
        "issuer": "浦河町",
        "card_code": null,
        "pref": "北海道",
        "round": "第10弾",
        "issued_date": "2019/08/07",
        "facility": "【平日】浦河町役場 上下水道課",
        "address": "北海道浦河郡浦河町築地1丁目3番1号",
        "facility_url": "https://www.town.urakawa.hokkaido.jp/gyosei/organization/detail.html?id=48"
      }
    },
    {
      "type": "Feature",
      "geometry": {
        "type": "Point",
        "coordinates": [
          142.070953,
          43.701065
        ]
      },
      "properties": {
        "issuer": "深川市",
        "card_code": null,
        "pref": "北海道",
        "round": "第16弾",
        "issued_date": "2022/01/15",
        "facility": "道の駅ライスランドふかがわ １階総合案内所",
        "address": "北海道深川市音江町字広里59番7",
        "facility_url": "https://mypage.fukanavi.com/riceland/"
      }
    },
    {
      "type": "Feature",
      "geometry": {
        "type": "Point",
        "coordinates": [
          143.084366,
          44.196751
        ]
      },
      "properties": {
        "issuer": "滝上町",
        "card_code": null,
        "pref": "北海道",
        "round": "第22弾",
        "issued_date": "2024/04/26",
        "facility": "道の駅香りの里たきのうえ",
        "address": "北海道紋別郡滝上町旭町",
        "facility_url": "https://town.takinoue.hokkaido.jp/shokai/shisetsu/kankou/michinoeki.html"
      }
    },
    {
      "type": "Feature",
      "geometry": {
        "type": "Point",
        "coordinates": [
          141.902222,
          43.556351
        ]
      },
      "properties": {
        "issuer": "滝川市",
        "card_code": null,
        "pref": "北海道",
        "round": "第11弾",
        "issued_date": "2019/12/14",
        "facility": "たきかわ観光国際スクエア",
        "address": "北海道滝川市栄町4丁目9−1",
        "facility_url": "http://www.city.takikawa.hokkaido.jp/"
      }
    },
    {
      "type": "Feature",
      "geometry": {
        "type": "Point",
        "coordinates": [
          141.106491,
          42.412941
        ]
      },
      "properties": {
        "issuer": "登別市",
        "card_code": null,
        "pref": "北海道",
        "round": "第08弾",
        "issued_date": "2018/08/11",
        "facility": "登別市役所都市整備部 下水道グループ",
        "address": "北海道登別市中央町6丁目11番地",
        "facility_url": "http://www.city.noboribetsu.lg.jp/"
      }
    },
    {
      "type": "Feature",
      "geometry": {
        "type": "Point",
        "coordinates": [
          141.48114,
          43.478767
        ]
      },
      "properties": {
        "issuer": "石狩市",
        "card_code": "A001",
        "pref": "北海道",
        "round": "第06弾",
        "issued_date": "2017/12/09",
        "facility": "道の駅石狩 あいろーど厚田",
        "address": "北海道石狩市厚田区厚田98-2",
        "facility_url": null
      }
    },
    {
      "type": "Feature",
      "geometry": {
        "type": "Point",
        "coordinates": [
          141.341064,
          43.235241
        ]
      },
      "properties": {
        "issuer": "石狩市",
        "card_code": "B001",
        "pref": "北海道",
        "round": "第25弾",
        "issued_date": "2025/04/25",
        "facility": "石狩市観光センター「ゆめぽーと」",
        "address": "北海道石狩市親船町107番地",
        "facility_url": "http://www.ishikari-kankou.net/"
      }
    },
    {
      "type": "Feature",
      "geometry": {
        "type": "Point",
        "coordinates": [
          141.907425,
          43.493008
        ]
      },
      "properties": {
        "issuer": "砂川市",
        "card_code": null,
        "pref": "北海道",
        "round": "第08弾",
        "issued_date": "2018/08/11",
        "facility": "砂川市まちなか交流施設「すないる」",
        "address": "北海道砂川市西1条北2丁目1番20号",
        "facility_url": "https://sunairu.jp/"
      }
    },
    {
      "type": "Feature",
      "geometry": {
        "type": "Point",
        "coordinates": [
          141.673294,
          45.417183
        ]
      },
      "properties": {
        "issuer": "稚内市",
        "card_code": "A001",
        "pref": "北海道",
        "round": "第04弾",
        "issued_date": "2017/04/03",
        "facility": "【平日】稚内市役所建設産業部水道企業室水道施設課",
        "address": "北海道稚内市中央3丁目2番1号",
        "facility_url": "http://www.city.wakkanai.hokkaido.jp/"
      }
    },
    {
      "type": "Feature",
      "geometry": {
        "type": "Point",
        "coordinates": [
          141.675797,
          45.408436
        ]
      },
      "properties": {
        "issuer": "稚内市",
        "card_code": "B001",
        "pref": "北海道",
        "round": "第17弾",
        "issued_date": "2022/08/06",
        "facility": "稚内副港市場 1階",
        "address": "北海道稚内市港1丁目6-28",
        "facility_url": null
      }
    },
    {
      "type": "Feature",
      "geometry": {
        "type": "Point",
        "coordinates": [
          143.354828,
          44.355999
        ]
      },
      "properties": {
        "issuer": "紋別市",
        "card_code": null,
        "pref": "北海道",
        "round": "第03弾",
        "issued_date": "2016/12/01",
        "facility": "(平日)紋別市役所 水道部事業課 下水道施設係",
        "address": "北海道紋別市幸町2-1-18",
        "facility_url": "https://mombetsu.jp/life/?category=8"
      }
    },
    {
      "type": "Feature",
      "geometry": {
        "type": "Point",
        "coordinates": [
          141.854156,
          43.332844
        ]
      },
      "properties": {
        "issuer": "美唄市",
        "card_code": "A001",
        "pref": "北海道",
        "round": "第29弾",
        "issued_date": "2026/07/31",
        "facility": "美唄市役所",
        "address": "北海道美唄市西3条南1丁目1番1号",
        "facility_url": "https://www.city.bibai.hokkaido.jp/site/suidou/29785.html"
      }
    },
    {
      "type": "Feature",
      "geometry": {
        "type": "Point",
        "coordinates": [
          142.188354,
          43.525181
        ]
      },
      "properties": {
        "issuer": "芦別市",
        "card_code": null,
        "pref": "北海道",
        "round": "第05弾",
        "issued_date": "2017/08/01",
        "facility": "芦別市観光物産センター（道の駅スタープラザ芦別内）",
        "address": "北海道芦別市北4条東1-1",
        "facility_url": "https://go-to-ashibetsu.com/"
      }
    },
    {
      "type": "Feature",
      "geometry": {
        "type": "Point",
        "coordinates": [
          141.604599,
          42.634579
        ]
      },
      "properties": {
        "issuer": "苫小牧市",
        "card_code": null,
        "pref": "北海道",
        "round": "第04弾",
        "issued_date": "2017/04/03",
        "facility": "【平日】苫小牧市役所上下水道部下水道課",
        "address": "北海道苫小牧市旭町4-5-6",
        "facility_url": "http://www.city.tomakomai.hokkaido.jp/kurashi/jogesuido/sokatsu/card1.html"
      }
    },
    {
      "type": "Feature",
      "geometry": {
        "type": "Point",
        "coordinates": [
          141.777313,
          45.102745
        ]
      },
      "properties": {
        "issuer": "豊富町",
        "card_code": "A001",
        "pref": "北海道",
        "round": "第08弾",
        "issued_date": "2018/08/11",
        "facility": "豊富町役場 建設課 上下水道係窓口",
        "address": "北海道天塩郡豊富町字豊富大通6丁目",
        "facility_url": "http://ｗｗｗ.town.toyotomi.hokkaido.jp/"
      }
    },
    {
      "type": "Feature",
      "geometry": {
        "type": "Point",
        "coordinates": [
          141.825745,
          45.079037
        ]
      },
      "properties": {
        "issuer": "豊富町",
        "card_code": "B001",
        "pref": "北海道",
        "round": "第12弾",
        "issued_date": "2020/04/25",
        "facility": "湯の杜ぽっけ",
        "address": "北海道天塩郡豊富町字温泉",
        "facility_url": null
      }
    },
    {
      "type": "Feature",
      "geometry": {
        "type": "Point",
        "coordinates": [
          141.778702,
          45.102924
        ]
      },
      "properties": {
        "issuer": "豊富町",
        "card_code": "C001",
        "pref": "北海道",
        "round": "第14弾",
        "issued_date": "2021/04/25",
        "facility": "豊富町定住支援センター（ふらっと★きた）",
        "address": "北海道天塩郡豊富町字豊富東1条6丁目",
        "facility_url": null
      }
    },
    {
      "type": "Feature",
      "geometry": {
        "type": "Point",
        "coordinates": [
          141.772842,
          45.10487
        ]
      },
      "properties": {
        "issuer": "豊富町",
        "card_code": "D001",
        "pref": "北海道",
        "round": "第17弾",
        "issued_date": "2022/08/06",
        "facility": "豊富町観光情報センター",
        "address": "北海道天塩郡豊富町字豊富駅前通（JR豊富駅となり）",
        "facility_url": "http://toyotomi-kanko.net/"
      }
    },
    {
      "type": "Feature",
      "geometry": {
        "type": "Point",
        "coordinates": [
          142.035248,
          43.578049
        ]
      },
      "properties": {
        "issuer": "赤平市",
        "card_code": null,
        "pref": "北海道",
        "round": "第10弾",
        "issued_date": "2019/08/07",
        "facility": "情報発信基地 AKABIRAベース",
        "address": "北海道赤平市幌岡町54",
        "facility_url": "https://akabirabase.com/"
      }
    },
    {
      "type": "Feature",
      "geometry": {
        "type": "Point",
        "coordinates": [
          143.580002,
          43.223492
        ]
      },
      "properties": {
        "issuer": "足寄町",
        "card_code": "A001",
        "pref": "北海道",
        "round": "第10弾",
        "issued_date": "2019/08/07",
        "facility": "【平日】　足寄下水終末処理場",
        "address": "北海道足寄郡足寄町共栄町120-5",
        "facility_url": null
      }
    },
    {
      "type": "Feature",
      "geometry": {
        "type": "Point",
        "coordinates": [
          143.554703,
          43.24472
        ]
      },
      "properties": {
        "issuer": "足寄町",
        "card_code": "B001",
        "pref": "北海道",
        "round": "第18弾",
        "issued_date": "2023/01/28",
        "facility": "【平日】足寄町役場２階建設課上下水道室",
        "address": "北海道足寄郡足寄町北1条4丁目48番地1",
        "facility_url": "https://www.town.ashoro.hokkaido.jp/"
      }
    },
    {
      "type": "Feature",
      "geometry": {
        "type": "Point",
        "coordinates": [
          143.520737,
          44.059521
        ]
      },
      "properties": {
        "issuer": "遠軽町",
        "card_code": null,
        "pref": "北海道",
        "round": "第23弾",
        "issued_date": "2024/07/26",
        "facility": "遠軽町芸術文化交流プラザ-メトロプラザ",
        "address": "北海道紋別郡遠軽町岩見通南１丁目１－２",
        "facility_url": "https://engaru-metroplaza.jp"
      }
    },
    {
      "type": "Feature",
      "geometry": {
        "type": "Point",
        "coordinates": [
          144.383286,
          42.978561
        ]
      },
      "properties": {
        "issuer": "釧路市",
        "card_code": "A001",
        "pref": "北海道",
        "round": "第07弾",
        "issued_date": "2018/04/28",
        "facility": "【平日】釧路市上下水道部 南大通庁舎経営企画課",
        "address": "北海道釧路市南大通2-1-121",
        "facility_url": null
      }
    },
    {
      "type": "Feature",
      "geometry": {
        "type": "Point",
        "coordinates": [
          144.095993,
          43.432213
        ]
      },
      "properties": {
        "issuer": "釧路市",
        "card_code": "B001",
        "pref": "北海道",
        "round": "第11弾",
        "issued_date": "2019/12/14",
        "facility": "阿寒湖まりむ館　観光インフォメーションセンター",
        "address": "北海道釧路市阿寒町阿寒湖温泉2丁目6-20",
        "facility_url": "https://ja.kushiro-lakeakan.com/overview/378/"
      }
    },
    {
      "type": "Feature",
      "geometry": {
        "type": "Point",
        "coordinates": [
          143.933243,
          42.889885
        ]
      },
      "properties": {
        "issuer": "釧路市",
        "card_code": "C001",
        "pref": "北海道",
        "round": "第22弾",
        "issued_date": "2024/04/26",
        "facility": "ルート38 音別館 おんぽーと",
        "address": "北海道釧路市音別町本町1-51",
        "facility_url": "https://www.city.kushiro.lg.jp/shisei/shisetsu/1007655/1008369/1007879.html"
      }
    },
    {
      "type": "Feature",
      "geometry": {
        "type": "Point",
        "coordinates": [
          143.747269,
          43.469189
        ]
      },
      "properties": {
        "issuer": "陸別町",
        "card_code": null,
        "pref": "北海道",
        "round": "第07弾",
        "issued_date": "2018/04/28",
        "facility": "【平日】陸別町役場 建設課",
        "address": "北海道足寄郡陸別町字陸別東1条3-1",
        "facility_url": "https://www.rikubetsu.jp/"
      }
    },
    {
      "type": "Feature",
      "geometry": {
        "type": "Point",
        "coordinates": [
          143.197113,
          42.994274
        ]
      },
      "properties": {
        "issuer": "音更町",
        "card_code": null,
        "pref": "北海道",
        "round": "第11弾",
        "issued_date": "2019/12/14",
        "facility": "ガーデンスパ十勝川温泉",
        "address": "北海道河東郡音更町元町2番地",
        "facility_url": "https://www.tokachigawa.jp/"
      }
    },
    {
      "type": "Feature",
      "geometry": {
        "type": "Point",
        "coordinates": [
          142.989044,
          43.099342
        ]
      },
      "properties": {
        "issuer": "鹿追町",
        "card_code": "A001",
        "pref": "北海道",
        "round": "第29弾",
        "issued_date": "2026/07/31",
        "facility": "鹿追町観光インフォメーションデスク",
        "address": "北海道河東郡鹿追町東町1丁目9",
        "facility_url": "https://www.town.shikaoi.lg.jp/sightseeing/"
      }
    },
    {
      "type": "Feature",
      "geometry": {
        "type": "Point",
        "coordinates": [
          140.229843,
          35.719151
        ]
      },
      "properties": {
        "issuer": "佐倉市",
        "card_code": "A001",
        "pref": "千葉県",
        "round": "第16弾",
        "issued_date": "2022/01/15",
        "facility": "佐倉市立美術館",
        "address": "千葉県佐倉市新町210",
        "facility_url": "http://www.city.sakura.lg.jp/sakura/museum/"
      }
    },
    {
      "type": "Feature",
      "geometry": {
        "type": "Point",
        "coordinates": [
          140.202072,
          35.74054
        ]
      },
      "properties": {
        "issuer": "佐倉市",
        "card_code": "B001",
        "pref": "千葉県",
        "round": "第22弾",
        "issued_date": "2024/04/26",
        "facility": "佐倉ふるさと広場管理棟「佐蘭花（さらんか）（売店内）」",
        "address": "千葉県佐倉市臼井田2714",
        "facility_url": "https://www.city.sakura.lg.jp/soshiki/koenryokuchika/3/5/15384.html"
      }
    },
    {
      "type": "Feature",
      "geometry": {
        "type": "Point",
        "coordinates": [
          140.09935,
          35.722275
        ]
      },
      "properties": {
        "issuer": "八千代市",
        "card_code": null,
        "pref": "千葉県",
        "round": "第07弾",
        "issued_date": "2018/04/28",
        "facility": "【土日祝】株式会社八千代市水道サービス",
        "address": "千葉県八千代市大和田新田312-5",
        "facility_url": "http://www.yss24.co.jp/company/"
      }
    },
    {
      "type": "Feature",
      "geometry": {
        "type": "Point",
        "coordinates": [
          140.309814,
          35.665779
        ]
      },
      "properties": {
        "issuer": "八街市",
        "card_code": null,
        "pref": "千葉県",
        "round": "第26弾",
        "issued_date": "2025/07/25",
        "facility": "【平日】八街市役所建設部下水道課（第三庁舎二階）",
        "address": "千葉県八街市八街ほ35番地29",
        "facility_url": "https://www.city.yachimata.lg.jp/soshiki/26/54793.html"
      }
    },
    {
      "type": "Feature",
      "geometry": {
        "type": "Point",
        "coordinates": [
          140.114136,
          35.612953
        ]
      },
      "properties": {
        "issuer": "千葉市",
        "card_code": "A001",
        "pref": "千葉県",
        "round": "第06弾",
        "issued_date": "2017/12/09",
        "facility": "千葉市観光情報センター",
        "address": "千葉県千葉市中央区新千葉1-1-1",
        "facility_url": "http://www.chibacity-ta.or.jp/spots/ctic"
      }
    },
    {
      "type": "Feature",
      "geometry": {
        "type": "Point",
        "coordinates": [
          140.04126,
          35.645523
        ]
      },
      "properties": {
        "issuer": "千葉市",
        "card_code": "B001",
        "pref": "千葉県",
        "round": "第14弾",
        "issued_date": "2021/04/25",
        "facility": "千葉市幕張観光情報センター",
        "address": "千葉県千葉市美浜区ひび野2-110",
        "facility_url": null
      }
    },
    {
      "type": "Feature",
      "geometry": {
        "type": "Point",
        "coordinates": [
          140.059479,
          35.62006
        ]
      },
      "properties": {
        "issuer": "千葉市",
        "card_code": "C001",
        "pref": "千葉県",
        "round": "第29弾",
        "issued_date": "2026/07/31",
        "facility": "BOTANICA MUSEUM",
        "address": "千葉県千葉市美浜区高浜7-2-4（稲毛海浜公園内）",
        "facility_url": "https://sunsetbeachpark.jp/activity/botanicamuseum/"
      }
    },
    {
      "type": "Feature",
      "geometry": {
        "type": "Point",
        "coordinates": [
          140.317688,
          35.523426
        ]
      },
      "properties": {
        "issuer": "大網白里市",
        "card_code": null,
        "pref": "千葉県",
        "round": "第20弾",
        "issued_date": "2023/07/28",
        "facility": "大網白里市中央公民館",
        "address": "千葉県大網白里市大網121番地2",
        "facility_url": "https://www.city.oamishirasato.lg.jp/0000005447.html"
      }
    },
    {
      "type": "Feature",
      "geometry": {
        "type": "Point",
        "coordinates": [
          140.098679,
          35.510803
        ]
      },
      "properties": {
        "issuer": "市原市",
        "card_code": null,
        "pref": "千葉県",
        "round": "第11弾",
        "issued_date": "2019/12/14",
        "facility": "上総更級公園　公園センター",
        "address": "千葉県市原市更級5丁目1番地1",
        "facility_url": "http://www.kazusa-sarashina.com/"
      }
    },
    {
      "type": "Feature",
      "geometry": {
        "type": "Point",
        "coordinates": [
          139.927917,
          35.7225
        ]
      },
      "properties": {
        "issuer": "市川市",
        "card_code": "A001",
        "pref": "千葉県",
        "round": "第04弾",
        "issued_date": "2017/04/03",
        "facility": "いちかわ観光物産インフォメーション",
        "address": "千葉県市川市八幡２－４－８",
        "facility_url": "https://www.city.ichikawa.lg.jp/cul02/1111000017.html"
      }
    },
    {
      "type": "Feature",
      "geometry": {
        "type": "Point",
        "coordinates": [
          139.971664,
          35.769077
        ]
      },
      "properties": {
        "issuer": "市川市",
        "card_code": "B001",
        "pref": "千葉県",
        "round": "第18弾",
        "issued_date": "2023/01/28",
        "facility": "市川市観賞植物園",
        "address": "千葉県市川市大町213番11外",
        "facility_url": "https://www.city.ichikawa.lg.jp/zoo/shokubutuen.html"
      }
    },
    {
      "type": "Feature",
      "geometry": {
        "type": "Point",
        "coordinates": [
          139.916336,
          35.685493
        ]
      },
      "properties": {
        "issuer": "市川市",
        "card_code": "C001",
        "pref": "千葉県",
        "round": "第20弾",
        "issued_date": "2023/07/28",
        "facility": "市川市行徳図書館２階",
        "address": "千葉県市川市末広1丁目1番31号",
        "facility_url": "https://www.city.ichikawa.lg.jp/library/guide/1002.html"
      }
    },
    {
      "type": "Feature",
      "geometry": {
        "type": "Point",
        "coordinates": [
          139.932663,
          35.715031
        ]
      },
      "properties": {
        "issuer": "市川市",
        "card_code": "D001",
        "pref": "千葉県",
        "round": "第23弾",
        "issued_date": "2024/07/26",
        "facility": "市川市中央図書館",
        "address": "千葉県市川市鬼高１丁目１番４号　生涯学習センター内",
        "facility_url": "https://www.city.ichikawa.lg.jp/library/guide/1014.html"
      }
    },
    {
      "type": "Feature",
      "geometry": {
        "type": "Point",
        "coordinates": [
          140.121368,
          35.854321
        ]
      },
      "properties": {
        "issuer": "我孫子市",
        "card_code": "A001",
        "pref": "千葉県",
        "round": "第13弾",
        "issued_date": "2020/12/17",
        "facility": "旧井上家住宅",
        "address": "千葉県我孫子市相島新田1番地",
        "facility_url": "https://www.city.abiko.chiba.jp/event/shiseki_bunkazai/inoueke/index.html"
      }
    },
    {
      "type": "Feature",
      "geometry": {
        "type": "Point",
        "coordinates": [
          140.012161,
          35.872215
        ]
      },
      "properties": {
        "issuer": "我孫子市",
        "card_code": "B001",
        "pref": "千葉県",
        "round": "第26弾",
        "issued_date": "2025/07/25",
        "facility": "我孫子インフォメーションセンター 『アビシルベ』",
        "address": "千葉県我孫子市本町2丁目1番10号",
        "facility_url": "https://www.abikoinfo.jp/"
      }
    },
    {
      "type": "Feature",
      "geometry": {
        "type": "Point",
        "coordinates": [
          139.924957,
          35.381168
        ]
      },
      "properties": {
        "issuer": "木更津市",
        "card_code": null,
        "pref": "千葉県",
        "round": "第10弾",
        "issued_date": "2019/08/07",
        "facility": "木更津市観光案内所",
        "address": "千葉県木更津市富士見1丁目2番1号",
        "facility_url": "http://www.kisarazu.gr.jp/"
      }
    },
    {
      "type": "Feature",
      "geometry": {
        "type": "Point",
        "coordinates": [
          140.384918,
          35.576927
        ]
      },
      "properties": {
        "issuer": "東金市",
        "card_code": null,
        "pref": "千葉県",
        "round": "第24弾",
        "issued_date": "2024/12/20",
        "facility": "道の駅みのりの郷東金",
        "address": "千葉県東金市田間1300-3",
        "facility_url": "https://minorinosato-togane.com/"
      }
    },
    {
      "type": "Feature",
      "geometry": {
        "type": "Point",
        "coordinates": [
          139.898209,
          35.784664
        ]
      },
      "properties": {
        "issuer": "松戸市",
        "card_code": "A001",
        "pref": "千葉県",
        "round": "第10弾",
        "issued_date": "2019/08/07",
        "facility": "松戸観光案内所",
        "address": "千葉県松戸市本町7-3",
        "facility_url": "https://www.matsudo-kankou.jp/"
      }
    },
    {
      "type": "Feature",
      "geometry": {
        "type": "Point",
        "coordinates": [
          139.898926,
          35.782314
        ]
      },
      "properties": {
        "issuer": "松戸市",
        "card_code": "B001",
        "pref": "千葉県",
        "round": "第17弾",
        "issued_date": "2022/08/06",
        "facility": "松戸市文化ホール",
        "address": "千葉県松戸市松戸1307番地の1松戸ビルヂング4階",
        "facility_url": "https://www.city.matsudo.chiba.jp/shisetsu-guide/kaikan_hole/bunka-hole/index.html"
      }
    },
    {
      "type": "Feature",
      "geometry": {
        "type": "Point",
        "coordinates": [
          139.970871,
          35.861233
        ]
      },
      "properties": {
        "issuer": "柏市",
        "card_code": "A001",
        "pref": "千葉県",
        "round": "第02弾",
        "issued_date": "2016/08/01",
        "facility": "柏市上下水道局３階総務課",
        "address": "千葉県柏市柏1-1-11ファミリかしわ3階",
        "facility_url": "https://www.city.kashiwa.lg.jp/somu/living_environment/gesui/1561/manholecard.html"
      }
    },
    {
      "type": "Feature",
      "geometry": {
        "type": "Point",
        "coordinates": [
          139.970871,
          35.861233
        ]
      },
      "properties": {
        "issuer": "柏市",
        "card_code": "B001",
        "pref": "千葉県",
        "round": "第25弾",
        "issued_date": "2025/04/25",
        "facility": "柏市観光案内所 まるっと柏",
        "address": "千葉県柏市柏1-1-11 ファミリかしわ3階",
        "facility_url": "https://www.city.kashiwa.lg.jp/shoko/shiseijoho/about_kashiwa/tourism/annaijo/annaijo.html"
      }
    },
    {
      "type": "Feature",
      "geometry": {
        "type": "Point",
        "coordinates": [
          139.932663,
          35.715031
        ]
      },
      "properties": {
        "issuer": "流域下水道",
        "card_code": null,
        "pref": "千葉県",
        "round": "第21弾",
        "issued_date": "2023/12/15",
        "facility": "千葉県立現代産業科学館",
        "address": "千葉県市川市鬼高1-1-3",
        "facility_url": "http://www2.chiba-muse.or.jp/www/SCIENCE/index.html"
      }
    },
    {
      "type": "Feature",
      "geometry": {
        "type": "Point",
        "coordinates": [
          139.924988,
          35.872948
        ]
      },
      "properties": {
        "issuer": "流山市",
        "card_code": null,
        "pref": "千葉県",
        "round": "第09弾",
        "issued_date": "2018/12/14",
        "facility": "流山おおたかの森駅前観光情報センター（スターツおおたかの森ホール2階）",
        "address": "千葉県流山市おおたかの森北1-2-1",
        "facility_url": null
      }
    },
    {
      "type": "Feature",
      "geometry": {
        "type": "Point",
        "coordinates": [
          139.901718,
          35.654316
        ]
      },
      "properties": {
        "issuer": "浦安市",
        "card_code": "B001",
        "pref": "千葉県",
        "round": "第26弾",
        "issued_date": "2025/07/25",
        "facility": "浦安市郷土博物館",
        "address": "千葉県浦安市猫実一丁目2番7号",
        "facility_url": "https://www.city.urayasu.lg.jp/kanko/kyodo/index.html"
      }
    },
    {
      "type": "Feature",
      "geometry": {
        "type": "Point",
        "coordinates": [
          140.055893,
          35.791481
        ]
      },
      "properties": {
        "issuer": "白井市",
        "card_code": null,
        "pref": "千葉県",
        "round": "第08弾",
        "issued_date": "2018/08/11",
        "facility": "【平日】白井市役所 都市建設部 上下水道課業務係",
        "address": "千葉県白井市復1123番地",
        "facility_url": "http://www.city.shiroi.chiba.jp/"
      }
    },
    {
      "type": "Feature",
      "geometry": {
        "type": "Point",
        "coordinates": [
          140.030869,
          35.687157
        ]
      },
      "properties": {
        "issuer": "習志野市",
        "card_code": "A001",
        "pref": "千葉県",
        "round": "第03弾",
        "issued_date": "2016/12/01",
        "facility": "習志野市企業局工務部下水道課",
        "address": "千葉県習志野市藤崎1-1-13（企業局新館3階）",
        "facility_url": "https://www.city.narashino.lg.jp/kigyoukyoku/about/gesuido/manholecard/narashino_city_manholecard.html"
      }
    },
    {
      "type": "Feature",
      "geometry": {
        "type": "Point",
        "coordinates": [
          140.005692,
          35.675331
        ]
      },
      "properties": {
        "issuer": "習志野市",
        "card_code": "B001",
        "pref": "千葉県",
        "round": "第24弾",
        "issued_date": "2024/12/20",
        "facility": "習志野市谷津干潟自然観察センター",
        "address": "千葉県習志野市秋津5丁目1番1号",
        "facility_url": "https://www.city.narashino.lg.jp/soshiki/kankyoseisaku/gyomu/shisetu/koenshiseki/yatuhigatakoen.html"
      }
    },
    {
      "type": "Feature",
      "geometry": {
        "type": "Point",
        "coordinates": [
          139.982101,
          35.694916
        ]
      },
      "properties": {
        "issuer": "船橋市",
        "card_code": null,
        "pref": "千葉県",
        "round": "第02弾",
        "issued_date": "2016/08/01",
        "facility": "【平日】船橋市建設局 下水道部下水道河川計画課（本庁舎5階)",
        "address": "千葉県船橋市湊町2-10-25",
        "facility_url": "http://www.city.funabashi.lg.jp/soshiki/110000/110400/110409/"
      }
    },
    {
      "type": "Feature",
      "geometry": {
        "type": "Point",
        "coordinates": [
          140.41452,
          35.693459
        ]
      },
      "properties": {
        "issuer": "芝山町",
        "card_code": null,
        "pref": "千葉県",
        "round": "第27弾",
        "issued_date": "2025/12/19",
        "facility": "芝山町役場まちづくり課環境下水道係",
        "address": "千葉県山武郡芝山町小池992",
        "facility_url": "https://www.town.shibayama.lg.jp"
      }
    },
    {
      "type": "Feature",
      "geometry": {
        "type": "Point",
        "coordinates": [
          139.980682,
          35.454819
        ]
      },
      "properties": {
        "issuer": "袖ケ浦市",
        "card_code": null,
        "pref": "千葉県",
        "round": "第06弾",
        "issued_date": "2017/12/09",
        "facility": "【平日】袖ケ浦市役所 下水対策課",
        "address": "千葉県袖ケ浦市中袖４番地",
        "facility_url": "http://www.city.sodegaura.lg.jp/"
      }
    },
    {
      "type": "Feature",
      "geometry": {
        "type": "Point",
        "coordinates": [
          139.874084,
          35.955769
        ]
      },
      "properties": {
        "issuer": "野田市",
        "card_code": "A001",
        "pref": "千葉県",
        "round": "第09弾",
        "issued_date": "2018/12/14",
        "facility": "【平日】野田市役所土木部下水道課",
        "address": "千葉県野田市鶴奉7番地の1",
        "facility_url": "http://www.city.noda.chiba.jp/kurashi/kankyo/gesui/index.html"
      }
    },
    {
      "type": "Feature",
      "geometry": {
        "type": "Point",
        "coordinates": [
          139.784134,
          36.100399
        ]
      },
      "properties": {
        "issuer": "野田市",
        "card_code": "B001",
        "pref": "千葉県",
        "round": "第18弾",
        "issued_date": "2023/01/28",
        "facility": "千葉県立関宿城博物館",
        "address": "千葉県野田市関宿三軒家１４３－４",
        "facility_url": "http://www2.chiba-muse.or.jp/SEKIYADO/"
      }
    },
    {
      "type": "Feature",
      "geometry": {
        "type": "Point",
        "coordinates": [
          139.820465,
          36.026241
        ]
      },
      "properties": {
        "issuer": "野田市",
        "card_code": "C001",
        "pref": "千葉県",
        "round": "第21弾",
        "issued_date": "2023/12/15",
        "facility": "いちいのホール",
        "address": "千葉県野田市東宝珠花237番地1",
        "facility_url": "https://www.city.noda.chiba.jp/shisetsu/shiyakusho/1001045.html"
      }
    },
    {
      "type": "Feature",
      "geometry": {
        "type": "Point",
        "coordinates": [
          140.827927,
          35.729553
        ]
      },
      "properties": {
        "issuer": "銚子市",
        "card_code": null,
        "pref": "千葉県",
        "round": "第07弾",
        "issued_date": "2018/04/28",
        "facility": "銚子観光案内所",
        "address": "千葉県銚子市西芝町1438（JR銚子駅構内）",
        "facility_url": "http://www.choshikanko.com/"
      }
    },
    {
      "type": "Feature",
      "geometry": {
        "type": "Point",
        "coordinates": [
          140.00061,
          35.776745
        ]
      },
      "properties": {
        "issuer": "鎌ケ谷市",
        "card_code": null,
        "pref": "千葉県",
        "round": "第02弾",
        "issued_date": "2016/08/01",
        "facility": "鎌ケ谷市役所 都市建設部 下水道課",
        "address": "千葉県鎌ケ谷市新鎌ケ谷2-6-1（鎌ケ谷市役所4階）",
        "facility_url": "http://www.city.kamagaya.chiba.jp/"
      }
    },
    {
      "type": "Feature",
      "geometry": {
        "type": "Point",
        "coordinates": [
          140.350388,
          35.415359
        ]
      },
      "properties": {
        "issuer": "長生村",
        "card_code": "A001",
        "pref": "千葉県",
        "round": "第21弾",
        "issued_date": "2023/12/15",
        "facility": "【平日】長生村役場下水環境課",
        "address": "千葉県長生郡長生村本郷1番地77",
        "facility_url": "https://www.vill.chosei.chiba.jp/soshiki/6-0-0-0-0_1.html"
      }
    },
    {
      "type": "Feature",
      "geometry": {
        "type": "Point",
        "coordinates": [
          140.350388,
          35.415359
        ]
      },
      "properties": {
        "issuer": "長生村",
        "card_code": "B001",
        "pref": "千葉県",
        "round": "第26弾",
        "issued_date": "2025/07/25",
        "facility": "【平日】長生村保健センター",
        "address": "千葉県長生郡長生村本郷1番地77",
        "facility_url": "https://www.vill.chosei.chiba.jp/soshiki/16-7-0-0-0_1.html"
      }
    },
    {
      "type": "Feature",
      "geometry": {
        "type": "Point",
        "coordinates": [
          140.350388,
          35.415359
        ]
      },
      "properties": {
        "issuer": "長生村",
        "card_code": "C001",
        "pref": "千葉県",
        "round": "第29弾",
        "issued_date": "2026/07/31",
        "facility": "長生村役場産業課",
        "address": "千葉県長生郡長生村本郷1番地77",
        "facility_url": "https://www.vill.chosei.chiba.jp/soshiki/16-7-0-0-0_1.html"
      }
    },
    {
      "type": "Feature",
      "geometry": {
        "type": "Point",
        "coordinates": [
          139.862259,
          34.996269
        ]
      },
      "properties": {
        "issuer": "館山市",
        "card_code": "A001",
        "pref": "千葉県",
        "round": "第11弾",
        "issued_date": "2019/12/14",
        "facility": "館山駅東口観光案内所",
        "address": "千葉県館山市北条1879-2",
        "facility_url": null
      }
    },
    {
      "type": "Feature",
      "geometry": {
        "type": "Point",
        "coordinates": [
          139.853256,
          34.988209
        ]
      },
      "properties": {
        "issuer": "館山市",
        "card_code": "B001",
        "pref": "千葉県",
        "round": "第16弾",
        "issued_date": "2022/01/15",
        "facility": "“渚の駅”たてやま",
        "address": "千葉県館山市館山1564-1",
        "facility_url": "https://www.city.tateyama.chiba.jp/minato/page100034.html"
      }
    },
    {
      "type": "Feature",
      "geometry": {
        "type": "Point",
        "coordinates": [
          139.862259,
          34.996269
        ]
      },
      "properties": {
        "issuer": "館山市",
        "card_code": "C001",
        "pref": "千葉県",
        "round": "第29弾",
        "issued_date": "2026/07/31",
        "facility": "館山駅西口観光案内所",
        "address": "千葉県館山市北条1879-2",
        "facility_url": "https://tateyamacity.com/"
      }
    },
    {
      "type": "Feature",
      "geometry": {
        "type": "Point",
        "coordinates": [
          135.172195,
          34.227455
        ]
      },
      "properties": {
        "issuer": "和歌山市",
        "card_code": null,
        "pref": "和歌山県",
        "round": "第02弾",
        "issued_date": "2016/08/01",
        "facility": "わかやま歴史館",
        "address": "和歌山県和歌山市1-3（和歌山城）",
        "facility_url": "http://wakayamajo.jp/tenji/index.html"
      }
    },
    {
      "type": "Feature",
      "geometry": {
        "type": "Point",
        "coordinates": [
          135.319138,
          34.255917
        ]
      },
      "properties": {
        "issuer": "岩出市",
        "card_code": "A001",
        "pref": "和歌山県",
        "round": "第28弾",
        "issued_date": "2026/04/24",
        "facility": "岩出市観光案内所",
        "address": "和歌山県岩出市清水386番地の11",
        "facility_url": "https://www.city.iwade.lg.jp/soshiki/16/10835.html"
      }
    },
    {
      "type": "Feature",
      "geometry": {
        "type": "Point",
        "coordinates": [
          135.153061,
          33.891148
        ]
      },
      "properties": {
        "issuer": "御坊市",
        "card_code": null,
        "pref": "和歌山県",
        "round": "第10弾",
        "issued_date": "2019/08/07",
        "facility": "【平日】御坊市役所1階 みやこ姫ロビー",
        "address": "和歌山県御坊市薗350番地2",
        "facility_url": null
      }
    },
    {
      "type": "Feature",
      "geometry": {
        "type": "Point",
        "coordinates": [
          135.196838,
          34.059078
        ]
      },
      "properties": {
        "issuer": "有田川町",
        "card_code": null,
        "pref": "和歌山県",
        "round": "第2弾",
        "issued_date": "2016/08/01",
        "facility": "有田川町観光案内所",
        "address": "和歌山県有田郡有田川町明王寺37-1",
        "facility_url": "https://www.town.aridagawa.lg.jp/top/kakuka/kanaya/9/2/syukuhaku/8556.html"
      }
    },
    {
      "type": "Feature",
      "geometry": {
        "type": "Point",
        "coordinates": [
          135.614578,
          34.317665
        ]
      },
      "properties": {
        "issuer": "橋本市",
        "card_code": null,
        "pref": "和歌山県",
        "round": "第06弾",
        "issued_date": "2017/12/09",
        "facility": "はしもと広域観光案内所",
        "address": "和歌山県橋本市古佐田1-5-9",
        "facility_url": "https://www.city.hashimoto.lg.jp/hashimototaikan/asobu/hashimoto_kouiki_kankouannaisho.html"
      }
    },
    {
      "type": "Feature",
      "geometry": {
        "type": "Point",
        "coordinates": [
          139.657028,
          35.858215
        ]
      },
      "properties": {
        "issuer": "さいたま市",
        "card_code": "A001",
        "pref": "埼玉県",
        "round": "第01弾",
        "issued_date": "2016/04/01",
        "facility": "浦和観光案内所",
        "address": "埼玉県さいたま市浦和区高砂1-16-12 アトレ浦和South Area",
        "facility_url": null
      }
    },
    {
      "type": "Feature",
      "geometry": {
        "type": "Point",
        "coordinates": [
          139.62735,
          35.890427
        ]
      },
      "properties": {
        "issuer": "さいたま市",
        "card_code": "B001",
        "pref": "埼玉県",
        "round": "第22弾",
        "issued_date": "2024/04/26",
        "facility": "さいたま新都心観光案内所",
        "address": "埼玉県さいたま市中央区上落合2（JRさいたま新都心駅東西自由通路内）",
        "facility_url": "https://visitsaitamacity.jp/spots/185"
      }
    },
    {
      "type": "Feature",
      "geometry": {
        "type": "Point",
        "coordinates": [
          139.519592,
          35.879875
        ]
      },
      "properties": {
        "issuer": "ふじみ野市",
        "card_code": null,
        "pref": "埼玉県",
        "round": "第06弾",
        "issued_date": "2017/12/09",
        "facility": "【土日祝】ふじみ野ステラ・ウェスト",
        "address": "埼玉県ふじみ野市福岡1-1-1（第二庁舎）",
        "facility_url": "https://f-bunka.jp/stella-west/accessmap/"
      }
    },
    {
      "type": "Feature",
      "geometry": {
        "type": "Point",
        "coordinates": [
          139.519562,
          35.878754
        ]
      },
      "properties": {
        "issuer": "ふじみ野市",
        "card_code": "B001",
        "pref": "埼玉県",
        "round": "第29弾",
        "issued_date": "2026/07/31",
        "facility": "ふじみ野　ステラ・イースト",
        "address": "埼玉県ふじみ野市福岡一丁目1番8号",
        "facility_url": "https://www.f-bunka.jp/stella-east/accessmap/"
      }
    },
    {
      "type": "Feature",
      "geometry": {
        "type": "Point",
        "coordinates": [
          139.864319,
          35.861301
        ]
      },
      "properties": {
        "issuer": "三郷市",
        "card_code": null,
        "pref": "埼玉県",
        "round": "第09弾",
        "issued_date": "2018/12/14",
        "facility": "ららほっとみさと",
        "address": "埼玉県三郷市新三郷ららシティ3丁目1-1 ららぽーと新三郷館内（南モール1F）",
        "facility_url": "https://mitsui-shopping-park.com/lalaport/shinmisato/shopguide/701505.html?msockid=19c2c2c4db1e65243f39d6abdaf46457"
      }
    },
    {
      "type": "Feature",
      "geometry": {
        "type": "Point",
        "coordinates": [
          139.596436,
          35.982491
        ]
      },
      "properties": {
        "issuer": "上尾市",
        "card_code": "A001",
        "pref": "埼玉県",
        "round": "第05弾",
        "issued_date": "2017/08/01",
        "facility": "上尾市役所上下水道部 下水道施設課",
        "address": "埼玉県上尾市大字上尾村1157番地(上下水道部庁舎2階)",
        "facility_url": "https://www.city.ageo.lg.jp/site/suido/list218-1040.html"
      }
    },
    {
      "type": "Feature",
      "geometry": {
        "type": "Point",
        "coordinates": [
          139.589462,
          35.974155
        ]
      },
      "properties": {
        "issuer": "上尾市",
        "card_code": "B001",
        "pref": "埼玉県",
        "round": "第12弾",
        "issued_date": "2020/04/25",
        "facility": "あげお お土産・観光センター",
        "address": "埼玉県上尾市宮本町3-2-207（A-geoタウン2階）",
        "facility_url": "https://www.ageo-kankou.com/"
      }
    },
    {
      "type": "Feature",
      "geometry": {
        "type": "Point",
        "coordinates": [
          139.667374,
          36.100578
        ]
      },
      "properties": {
        "issuer": "久喜市",
        "card_code": "A001",
        "pref": "埼玉県",
        "round": "第13弾",
        "issued_date": "2020/12/17",
        "facility": "【平日】久喜市鷲宮行政センター下水道施設課",
        "address": "埼玉県久喜市鷲宮6丁目１-１",
        "facility_url": "https://www.city.kuki.lg.jp/shisei/shisetsu/shiyakusho/1006530.html"
      }
    },
    {
      "type": "Feature",
      "geometry": {
        "type": "Point",
        "coordinates": [
          139.696579,
          36.126198
        ]
      },
      "properties": {
        "issuer": "久喜市",
        "card_code": "B001",
        "pref": "埼玉県",
        "round": "第16弾",
        "issued_date": "2022/01/15",
        "facility": "【平日】久喜市栗橋行政センター 1階 総務・人権係",
        "address": "埼玉県久喜市間鎌251番地1",
        "facility_url": "https://www.city.kuki.lg.jp/shisei/shisetsu/shiyakusho/1006529.html"
      }
    },
    {
      "type": "Feature",
      "geometry": {
        "type": "Point",
        "coordinates": [
          139.619858,
          35.998936
        ]
      },
      "properties": {
        "issuer": "伊奈町",
        "card_code": null,
        "pref": "埼玉県",
        "round": "第10弾",
        "issued_date": "2019/08/07",
        "facility": "伊奈町総合センター",
        "address": "埼玉県北足立郡伊奈町中央五丁目179番地",
        "facility_url": "http://inamachi.info/"
      }
    },
    {
      "type": "Feature",
      "geometry": {
        "type": "Point",
        "coordinates": [
          139.392166,
          35.836426
        ]
      },
      "properties": {
        "issuer": "入間市",
        "card_code": "A001",
        "pref": "埼玉県",
        "round": "第18弾",
        "issued_date": "2023/01/28",
        "facility": "【平日】入間市役所上下水道部上下水道経営課",
        "address": "埼玉県入間市豊岡1-16-1",
        "facility_url": "https://www.city.iruma.saitama.jp/soshiki/jogesuidokeeka/index.html"
      }
    },
    {
      "type": "Feature",
      "geometry": {
        "type": "Point",
        "coordinates": [
          139.366623,
          35.801502
        ]
      },
      "properties": {
        "issuer": "入間市",
        "card_code": "B001",
        "pref": "埼玉県",
        "round": "第19弾",
        "issued_date": "2023/04/28",
        "facility": "入間市博物館ALIT（アリット）",
        "address": "埼玉県入間市二本木100",
        "facility_url": "https://www.alit.city.iruma.saitama.jp/"
      }
    },
    {
      "type": "Feature",
      "geometry": {
        "type": "Point",
        "coordinates": [
          139.601791,
          36.1315
        ]
      },
      "properties": {
        "issuer": "加須市",
        "card_code": "A001",
        "pref": "埼玉県",
        "round": "第23弾",
        "issued_date": "2024/07/26",
        "facility": "【月曜日～金曜日】加須市物産観光協会（加須市役所本庁舎２階 観光振興課内）",
        "address": "埼玉県加須市三俣2-1-1",
        "facility_url": null
      }
    },
    {
      "type": "Feature",
      "geometry": {
        "type": "Point",
        "coordinates": [
          139.574921,
          36.102135
        ]
      },
      "properties": {
        "issuer": "加須市",
        "card_code": "B001",
        "pref": "埼玉県",
        "round": "第26弾",
        "issued_date": "2025/07/25",
        "facility": "【月曜日～金曜日】騎西総合支所地域振興課",
        "address": "埼玉県加須市騎西36番地１",
        "facility_url": "http://www.city.kazo.lg.jp/soshiki/gesui/oshirase/37040.html"
      }
    },
    {
      "type": "Feature",
      "geometry": {
        "type": "Point",
        "coordinates": [
          139.662308,
          36.141293
        ]
      },
      "properties": {
        "issuer": "加須市",
        "card_code": "C001",
        "pref": "埼玉県",
        "round": "第29弾",
        "issued_date": "2026/07/31",
        "facility": "大利根総合支所地域振興課",
        "address": "埼玉県加須市北下新井1679番地1",
        "facility_url": "https://www.city.kazo.lg.jp/soshiki/gesui/oshirase/37040.html"
      }
    },
    {
      "type": "Feature",
      "geometry": {
        "type": "Point",
        "coordinates": [
          139.53035,
          36.027164
        ]
      },
      "properties": {
        "issuer": "北本市",
        "card_code": null,
        "pref": "埼玉県",
        "round": "第09弾",
        "issued_date": "2018/12/14",
        "facility": "北本市役所建設課",
        "address": "埼玉県北本市本町１－１１１",
        "facility_url": "https://www.city.kitamoto.lg.jp/soshiki/toshiseibi/kensetsu/gyomu/g2/mhc/14043.html"
      }
    },
    {
      "type": "Feature",
      "geometry": {
        "type": "Point",
        "coordinates": [
          139.84436,
          35.876945
        ]
      },
      "properties": {
        "issuer": "吉川市",
        "card_code": null,
        "pref": "埼玉県",
        "round": "第05弾",
        "issued_date": "2017/08/01",
        "facility": "ラッピーランド(平日、休日とも)",
        "address": "埼玉県吉川市木売1－7－17",
        "facility_url": null
      }
    },
    {
      "type": "Feature",
      "geometry": {
        "type": "Point",
        "coordinates": [
          139.422134,
          36.039448
        ]
      },
      "properties": {
        "issuer": "吉見町",
        "card_code": null,
        "pref": "埼玉県",
        "round": "第03弾",
        "issued_date": "2016/12/01",
        "facility": "吉見百穴",
        "address": "埼玉県比企郡吉見町大字北吉見324",
        "facility_url": "https://www.town.yoshimi.saitama.jp/soshiki/shogaigakushuk/7/909.html"
      }
    },
    {
      "type": "Feature",
      "geometry": {
        "type": "Point",
        "coordinates": [
          139.414764,
          35.972416
        ]
      },
      "properties": {
        "issuer": "坂戸市",
        "card_code": null,
        "pref": "埼玉県",
        "round": "第08弾",
        "issued_date": "2018/08/11",
        "facility": "石井水処理センター",
        "address": "埼玉県坂戸市大字石井1336-1",
        "facility_url": "https://www.stgesui.or.jp/kumiai/jouhou/shisetsu/"
      }
    },
    {
      "type": "Feature",
      "geometry": {
        "type": "Point",
        "coordinates": [
          139.63913,
          35.816082
        ]
      },
      "properties": {
        "issuer": "埼玉県",
        "card_code": "流域下水道・A001",
        "pref": "埼玉県",
        "round": "第04弾",
        "issued_date": "2017/04/03",
        "facility": "公益財団法人埼玉県下水道公社 荒川左岸南部支社",
        "address": "埼玉県戸田市笹目5-37-14",
        "facility_url": "http://www.saitama-swg.or.jp/nanbu_hp_20120423/index.html"
      }
    },
    {
      "type": "Feature",
      "geometry": {
        "type": "Point",
        "coordinates": [
          139.589523,
          36.025761
        ]
      },
      "properties": {
        "issuer": "埼玉県",
        "card_code": "流域下水道・B001",
        "pref": "埼玉県",
        "round": "第04弾",
        "issued_date": "2017/04/03",
        "facility": "公益財団法人埼玉県下水道公社 荒川左岸北部支社",
        "address": "埼玉県桶川市大字小針領家939",
        "facility_url": "http://www.saitama-swg.or.jp/hokubu%20hp/index.html"
      }
    },
    {
      "type": "Feature",
      "geometry": {
        "type": "Point",
        "coordinates": [
          139.619186,
          35.806015
        ]
      },
      "properties": {
        "issuer": "埼玉県",
        "card_code": "流域下水道・C001",
        "pref": "埼玉県",
        "round": "第04弾",
        "issued_date": "2017/04/03",
        "facility": "公益財団法人埼玉県下水道公社 荒川右岸支社",
        "address": "埼玉県和光市新倉6-1-1",
        "facility_url": "http://www.saitama-swg.or.jp/ugan%20hp/index.html"
      }
    },
    {
      "type": "Feature",
      "geometry": {
        "type": "Point",
        "coordinates": [
          139.866226,
          35.836742
        ]
      },
      "properties": {
        "issuer": "埼玉県",
        "card_code": "流域下水道・D001",
        "pref": "埼玉県",
        "round": "第04弾",
        "issued_date": "2017/04/03",
        "facility": "公益財団法人埼玉県下水道公社 中川支社",
        "address": "埼玉県三郷市番匠免3-2-2",
        "facility_url": "http://www.saitama-swg.or.jp/nakagawa%20hp/index.html"
      }
    },
    {
      "type": "Feature",
      "geometry": {
        "type": "Point",
        "coordinates": [
          139.685501,
          36.066406
        ]
      },
      "properties": {
        "issuer": "埼玉県",
        "card_code": "流域下水道・E001",
        "pref": "埼玉県",
        "round": "第04弾",
        "issued_date": "2017/04/03",
        "facility": "公益財団法人埼玉県下水道公社 古利根川支社",
        "address": "埼玉県久喜市吉羽772-1",
        "facility_url": "http://www.saitama-swg.or.jp/furutone_hp/index.html"
      }
    },
    {
      "type": "Feature",
      "geometry": {
        "type": "Point",
        "coordinates": [
          139.292648,
          36.13678
        ]
      },
      "properties": {
        "issuer": "埼玉県",
        "card_code": "流域下水道・F001",
        "pref": "埼玉県",
        "round": "第04弾",
        "issued_date": "2017/04/03",
        "facility": "埼玉県荒川上流水循環センター",
        "address": "埼玉県深谷市菅沼984",
        "facility_url": null
      }
    },
    {
      "type": "Feature",
      "geometry": {
        "type": "Point",
        "coordinates": [
          139.358231,
          36.045589
        ]
      },
      "properties": {
        "issuer": "埼玉県",
        "card_code": "流域下水道・G001",
        "pref": "埼玉県",
        "round": "第04弾",
        "issued_date": "2017/04/03",
        "facility": "埼玉県市野川水循環センター",
        "address": "埼玉県比企郡滑川町大字月輪521-6",
        "facility_url": null
      }
    },
    {
      "type": "Feature",
      "geometry": {
        "type": "Point",
        "coordinates": [
          139.217697,
          36.22858
        ]
      },
      "properties": {
        "issuer": "埼玉県",
        "card_code": "流域下水道・H001",
        "pref": "埼玉県",
        "round": "第04弾",
        "issued_date": "2017/04/03",
        "facility": "埼玉県小山川水循環センター",
        "address": "埼玉県本庄市東五十子382-1",
        "facility_url": null
      }
    },
    {
      "type": "Feature",
      "geometry": {
        "type": "Point",
        "coordinates": [
          139.65303,
          35.826706
        ]
      },
      "properties": {
        "issuer": "埼玉県",
        "card_code": "流域下水道・I001",
        "pref": "埼玉県",
        "round": "第17弾",
        "issued_date": "2023/01/28",
        "facility": "イオンスタイル北戸田（1階サービスカウンター）",
        "address": "埼玉県戸田市美女木東1-3-1",
        "facility_url": "https://www.aeon.jp/sc/kitatoda/"
      }
    },
    {
      "type": "Feature",
      "geometry": {
        "type": "Point",
        "coordinates": [
          139.63913,
          35.816082
        ]
      },
      "properties": {
        "issuer": "埼玉県下水道公社",
        "card_code": null,
        "pref": "埼玉県",
        "round": "第17弾",
        "issued_date": "2023/01/28",
        "facility": "荒川水循環センター（守衛室）",
        "address": "埼玉県戸田市笹目5-37-14",
        "facility_url": "http://www.saitama-swg.or.jp/nanbu_hp_20120423/index.html"
      }
    },
    {
      "type": "Feature",
      "geometry": {
        "type": "Point",
        "coordinates": [
          139.719955,
          36.017666
        ]
      },
      "properties": {
        "issuer": "宮代町",
        "card_code": "A001",
        "pref": "埼玉県",
        "round": "第12弾",
        "issued_date": "2020/04/25",
        "facility": "新しい村",
        "address": "埼玉県南埼玉郡宮代町字山崎777-1",
        "facility_url": "http://www.atarasiimura.com"
      }
    },
    {
      "type": "Feature",
      "geometry": {
        "type": "Point",
        "coordinates": [
          139.725586,
          36.024742
        ]
      },
      "properties": {
        "issuer": "宮代町(B001)",
        "card_code": null,
        "pref": "埼玉県",
        "round": "第27弾",
        "issued_date": "2025/12/19",
        "facility": "無印良品　東武動物公園駅前",
        "address": "埼玉県南埼玉郡宮代町中央1丁目2‐1",
        "facility_url": "https://www.muji.com/jp/ja/shop/detail/046636"
      }
    },
    {
      "type": "Feature",
      "geometry": {
        "type": "Point",
        "coordinates": [
          139.194366,
          36.116577
        ]
      },
      "properties": {
        "issuer": "寄居町",
        "card_code": null,
        "pref": "埼玉県",
        "round": "第07弾",
        "issued_date": "2018/04/28",
        "facility": "寄居駅南口駅前拠点施設Yotteco",
        "address": "埼玉県大里郡寄居町大字寄居１２３１番地１１",
        "facility_url": null
      }
    },
    {
      "type": "Feature",
      "geometry": {
        "type": "Point",
        "coordinates": [
          139.549149,
          35.856644
        ]
      },
      "properties": {
        "issuer": "富士見市",
        "card_code": null,
        "pref": "埼玉県",
        "round": "第12弾",
        "issued_date": "2020/04/25",
        "facility": "富士見市役所下水道課",
        "address": "埼玉県富士見市大字鶴馬1800番地の1（分館3階）",
        "facility_url": "https://www.city.fujimi.saitama.jp/"
      }
    },
    {
      "type": "Feature",
      "geometry": {
        "type": "Point",
        "coordinates": [
          139.260406,
          36.058643
        ]
      },
      "properties": {
        "issuer": "小川町",
        "card_code": null,
        "pref": "埼玉県",
        "round": "第22弾",
        "issued_date": "2024/04/26",
        "facility": "小川町観光案内所「むすびめ」",
        "address": "埼玉県比企郡小川町大字大塚1176-5",
        "facility_url": "http://www.kankou-ogawa.com/untitled182.html"
      }
    },
    {
      "type": "Feature",
      "geometry": {
        "type": "Point",
        "coordinates": [
          139.718155,
          35.801834
        ]
      },
      "properties": {
        "issuer": "川口市",
        "card_code": null,
        "pref": "埼玉県",
        "round": "第06弾",
        "issued_date": "2017/12/09",
        "facility": "キュポ・ラ総合受付",
        "address": "埼玉県川口市川口1-1-1（2階）",
        "facility_url": "http://kawakan2.jp/"
      }
    },
    {
      "type": "Feature",
      "geometry": {
        "type": "Point",
        "coordinates": [
          139.484558,
          35.991493
        ]
      },
      "properties": {
        "issuer": "川島町",
        "card_code": null,
        "pref": "埼玉県",
        "round": "第11弾",
        "issued_date": "2019/12/14",
        "facility": "【平日】一般社団法人さまちか事務所",
        "address": "埼玉県比企郡川島町大字下八ツ林923",
        "facility_url": "https://samachika.jp/"
      }
    },
    {
      "type": "Feature",
      "geometry": {
        "type": "Point",
        "coordinates": [
          139.481705,
          35.914635
        ]
      },
      "properties": {
        "issuer": "川越市",
        "card_code": "A001",
        "pref": "埼玉県",
        "round": "第04弾",
        "issued_date": "2017/04/03",
        "facility": "本川越駅観光案内所",
        "address": "埼玉県川越市新富町1丁目22",
        "facility_url": null
      }
    },
    {
      "type": "Feature",
      "geometry": {
        "type": "Point",
        "coordinates": [
          139.483643,
          35.906883
        ]
      },
      "properties": {
        "issuer": "川越市",
        "card_code": "B001",
        "pref": "埼玉県",
        "round": "第17弾",
        "issued_date": "2022/08/06",
        "facility": "川越駅観光案内所",
        "address": "埼玉県川越市脇田町24-9",
        "facility_url": null
      }
    },
    {
      "type": "Feature",
      "geometry": {
        "type": "Point",
        "coordinates": [
          139.574921,
          35.823555
        ]
      },
      "properties": {
        "issuer": "志木市",
        "card_code": null,
        "pref": "埼玉県",
        "round": "第18弾",
        "issued_date": "2023/01/28",
        "facility": "マルイファミリー志木8階　受付",
        "address": "埼玉県志木市本町5丁目26番1号",
        "facility_url": null
      }
    },
    {
      "type": "Feature",
      "geometry": {
        "type": "Point",
        "coordinates": [
          139.670731,
          35.807007
        ]
      },
      "properties": {
        "issuer": "戸田市",
        "card_code": "A001",
        "pref": "埼玉県",
        "round": "第04弾",
        "issued_date": "2017/04/03",
        "facility": "【平日】戸田市役所 新曽南庁舎 4階",
        "address": "埼玉県戸田市新曽南3-1-5",
        "facility_url": null
      }
    },
    {
      "type": "Feature",
      "geometry": {
        "type": "Point",
        "coordinates": [
          139.677399,
          35.808041
        ]
      },
      "properties": {
        "issuer": "戸田市",
        "card_code": "B001",
        "pref": "埼玉県",
        "round": "第23弾",
        "issued_date": "2024/07/26",
        "facility": "戸田市観光情報館トビック",
        "address": "埼玉県戸田市本町４丁目１５番１１号",
        "facility_url": "https://www.city.toda.saitama.jp/soshiki/214/keizai-tbic-top.html"
      }
    },
    {
      "type": "Feature",
      "geometry": {
        "type": "Point",
        "coordinates": [
          139.460052,
          35.797726
        ]
      },
      "properties": {
        "issuer": "所沢市",
        "card_code": "A001",
        "pref": "埼玉県",
        "round": "第01弾",
        "issued_date": "2016/04/01",
        "facility": "所沢市上下水道局1階　お客様センター",
        "address": "埼玉県所沢市宮本町2-21-4",
        "facility_url": "http://www.city.tokorozawa.saitama.jp/"
      }
    },
    {
      "type": "Feature",
      "geometry": {
        "type": "Point",
        "coordinates": [
          139.467957,
          35.799072
        ]
      },
      "properties": {
        "issuer": "所沢市",
        "card_code": "B001",
        "pref": "埼玉県",
        "round": "第08弾",
        "issued_date": "2018/08/11",
        "facility": "【平日】所沢市役所別館　商業観光課",
        "address": "埼玉県所沢市並木1-1",
        "facility_url": null
      }
    },
    {
      "type": "Feature",
      "geometry": {
        "type": "Point",
        "coordinates": [
          139.465134,
          35.791485
        ]
      },
      "properties": {
        "issuer": "所沢市",
        "card_code": "C001",
        "pref": "埼玉県",
        "round": "第16弾",
        "issued_date": "2022/01/15",
        "facility": "野老澤町造商店",
        "address": "埼玉県所沢市元町21-18",
        "facility_url": "http://www.machizou.jp/"
      }
    },
    {
      "type": "Feature",
      "geometry": {
        "type": "Point",
        "coordinates": [
          139.50473,
          35.798004
        ]
      },
      "properties": {
        "issuer": "所沢市",
        "card_code": "D001",
        "pref": "埼玉県",
        "round": "第16弾",
        "issued_date": "2022/01/15",
        "facility": "所沢市観光情報・物産館YOT－TOKO",
        "address": "埼玉県所沢市松郷143-3",
        "facility_url": "https://yot-toko.jp/"
      }
    },
    {
      "type": "Feature",
      "geometry": {
        "type": "Point",
        "coordinates": [
          139.658905,
          35.827251
        ]
      },
      "properties": {
        "issuer": "日本下水道事業団",
        "card_code": null,
        "pref": "埼玉県",
        "round": "第17弾",
        "issued_date": "2022/08/06",
        "facility": "日本下水道事業団研修センター管理課",
        "address": "埼玉県戸田市下笹目5141",
        "facility_url": "https://www.jswa.go.jp/"
      }
    },
    {
      "type": "Feature",
      "geometry": {
        "type": "Point",
        "coordinates": [
          139.388535,
          35.903378
        ]
      },
      "properties": {
        "issuer": "日高市",
        "card_code": "A001",
        "pref": "埼玉県",
        "round": "第08弾",
        "issued_date": "2018/08/11",
        "facility": "【平日】日高市浄化センター",
        "address": "埼玉県日高市大字高萩1385番地1",
        "facility_url": null
      }
    },
    {
      "type": "Feature",
      "geometry": {
        "type": "Point",
        "coordinates": [
          139.189713,
          36.242867
        ]
      },
      "properties": {
        "issuer": "本庄市",
        "card_code": "A001",
        "pref": "埼玉県",
        "round": "第10弾",
        "issued_date": "2019/08/07",
        "facility": "【平日】本庄市役所１階市民ホール総合案内",
        "address": "埼玉県本庄市本庄3-5-3",
        "facility_url": null
      }
    },
    {
      "type": "Feature",
      "geometry": {
        "type": "Point",
        "coordinates": [
          139.173965,
          36.217541
        ]
      },
      "properties": {
        "issuer": "本庄市",
        "card_code": "B001",
        "pref": "埼玉県",
        "round": "第13弾",
        "issued_date": "2020/12/17",
        "facility": "【通常】本庄早稲田の杜ミュージアム",
        "address": "埼玉県本庄市西富田1011",
        "facility_url": "https://www.hwmm.jp"
      }
    },
    {
      "type": "Feature",
      "geometry": {
        "type": "Point",
        "coordinates": [
          139.564392,
          36.002064
        ]
      },
      "properties": {
        "issuer": "桶川市",
        "card_code": "A001",
        "pref": "埼玉県",
        "round": "第12弾",
        "issued_date": "2020/04/25",
        "facility": "桶川市観光協会",
        "address": "埼玉県桶川市寿1-11-19",
        "facility_url": "http://www.okekan.com/"
      }
    },
    {
      "type": "Feature",
      "geometry": {
        "type": "Point",
        "coordinates": [
          139.564392,
          36.002064
        ]
      },
      "properties": {
        "issuer": "桶川市",
        "card_code": "B001",
        "pref": "埼玉県",
        "round": "第18弾",
        "issued_date": "2023/01/28",
        "facility": "中山道宿場館",
        "address": "埼玉県桶川市寿1-11-19",
        "facility_url": "http://www.okekan.com/"
      }
    },
    {
      "type": "Feature",
      "geometry": {
        "type": "Point",
        "coordinates": [
          139.248154,
          36.133286
        ]
      },
      "properties": {
        "issuer": "深谷市",
        "card_code": "A001",
        "pref": "埼玉県",
        "round": "第19弾",
        "issued_date": "2023/04/28",
        "facility": "深谷テラスパーク管理棟事務所",
        "address": "埼玉県深谷市花園114",
        "facility_url": null
      }
    },
    {
      "type": "Feature",
      "geometry": {
        "type": "Point",
        "coordinates": [
          139.246475,
          36.194954
        ]
      },
      "properties": {
        "issuer": "深谷市",
        "card_code": "B001",
        "pref": "埼玉県",
        "round": "第23弾",
        "issued_date": "2024/07/26",
        "facility": "道の駅おかべ　ふるさと物産センター",
        "address": "埼玉県深谷市岡部688-1",
        "facility_url": null
      }
    },
    {
      "type": "Feature",
      "geometry": {
        "type": "Point",
        "coordinates": [
          139.243576,
          36.18111
        ]
      },
      "properties": {
        "issuer": "深谷市",
        "card_code": "C001",
        "pref": "埼玉県",
        "round": "第26弾",
        "issued_date": "2025/07/25",
        "facility": "【平日】深谷市役所水道庁舎2F 下水道工務課",
        "address": "埼玉県深谷市岡部1086",
        "facility_url": "https://www.city.fukaya.saitama.jp/soshiki/kankyosuido/gesuido/tanto/00218/18676.html"
      }
    },
    {
      "type": "Feature",
      "geometry": {
        "type": "Point",
        "coordinates": [
          139.360092,
          36.065868
        ]
      },
      "properties": {
        "issuer": "滑川町",
        "card_code": null,
        "pref": "埼玉県",
        "round": "第24弾",
        "issued_date": "2024/12/20",
        "facility": "【平日】滑川町役場上下水道課",
        "address": "埼玉県比企郡滑川町大字福田750番地1",
        "facility_url": "https://www.town.namegawa.saitama.jp"
      }
    },
    {
      "type": "Feature",
      "geometry": {
        "type": "Point",
        "coordinates": [
          139.38858,
          36.147129
        ]
      },
      "properties": {
        "issuer": "熊谷市",
        "card_code": "A001",
        "pref": "埼玉県",
        "round": "第03弾",
        "issued_date": "2016/12/01",
        "facility": "熊谷市役所 上下水道部 下水道課",
        "address": "埼玉県熊谷市宮町2-47-1",
        "facility_url": "https://www.city.kumagaya.lg.jp/about/soshiki/jogesuido/gesuidou/oshirase/index.html"
      }
    },
    {
      "type": "Feature",
      "geometry": {
        "type": "Point",
        "coordinates": [
          139.390518,
          36.139484
        ]
      },
      "properties": {
        "issuer": "熊谷市",
        "card_code": "B001",
        "pref": "埼玉県",
        "round": "第10弾",
        "issued_date": "2019/08/07",
        "facility": "熊谷駅観光案内所内",
        "address": "埼玉県熊谷市筑波2-115-1",
        "facility_url": null
      }
    },
    {
      "type": "Feature",
      "geometry": {
        "type": "Point",
        "coordinates": [
          139.412247,
          35.858047
        ]
      },
      "properties": {
        "issuer": "狭山市",
        "card_code": null,
        "pref": "埼玉県",
        "round": "第07弾",
        "issued_date": "2018/04/28",
        "facility": "狭山市市民交流センター2F 総合案内",
        "address": "埼玉県狭山市入間川1丁目3-1",
        "facility_url": "https://www.city.sayama.saitama.jp/shisei/shisetsu/bunkashisetsu/siminkouryuusenta/index.html"
      }
    },
    {
      "type": "Feature",
      "geometry": {
        "type": "Point",
        "coordinates": [
          139.677429,
          36.017834
        ]
      },
      "properties": {
        "issuer": "白岡市",
        "card_code": null,
        "pref": "埼玉県",
        "round": "第07弾",
        "issued_date": "2018/04/28",
        "facility": "【月曜以外】しらおか味彩センター",
        "address": "埼玉県白岡市千駄野398",
        "facility_url": "https://www.shiraoka-ajisai.center/"
      }
    },
    {
      "type": "Feature",
      "geometry": {
        "type": "Point",
        "coordinates": [
          139.604309,
          36.172932
        ]
      },
      "properties": {
        "issuer": "羽生市",
        "card_code": null,
        "pref": "埼玉県",
        "round": "第06弾",
        "issued_date": "2017/12/09",
        "facility": "羽生市三田ヶ谷農林公園　キヤッセ羽生「ムジナモ市場」",
        "address": "埼玉県羽生市大字三田ヶ谷1725",
        "facility_url": "http://kiyasse.jp/"
      }
    },
    {
      "type": "Feature",
      "geometry": {
        "type": "Point",
        "coordinates": [
          139.808334,
          35.835384
        ]
      },
      "properties": {
        "issuer": "草加市",
        "card_code": "A001",
        "pref": "埼玉県",
        "round": "第08弾",
        "issued_date": "2018/08/11",
        "facility": "草加宿芭蕉庵",
        "address": "埼玉県草加市神明二丁目145番地1",
        "facility_url": "https://www.city.soka.saitama.jp/cont/s1410/map/PAGE000000000000055984.html"
      }
    },
    {
      "type": "Feature",
      "geometry": {
        "type": "Point",
        "coordinates": [
          139.805038,
          35.844585
        ]
      },
      "properties": {
        "issuer": "草加市",
        "card_code": "B001",
        "pref": "埼玉県",
        "round": "第09弾",
        "issued_date": "2018/12/14",
        "facility": "伝統産業展示室『ぱりっせ』",
        "address": "埼玉県草加市松江一丁目1番5号",
        "facility_url": "https://soka-bunka.jp/smarts/index/60/"
      }
    },
    {
      "type": "Feature",
      "geometry": {
        "type": "Point",
        "coordinates": [
          139.652985,
          35.982216
        ]
      },
      "properties": {
        "issuer": "蓮田市",
        "card_code": null,
        "pref": "埼玉県",
        "round": "第22弾",
        "issued_date": "2024/04/26",
        "facility": "蓮田駅西口行政センター",
        "address": "埼玉県蓮田市本町6番1号プレックス蓮田2階",
        "facility_url": "https://www.city.hasuda.saitama.jp/kurashi/gyouseicenter/index.html"
      }
    },
    {
      "type": "Feature",
      "geometry": {
        "type": "Point",
        "coordinates": [
          139.45314,
          36.137718
        ]
      },
      "properties": {
        "issuer": "行田市",
        "card_code": null,
        "pref": "埼玉県",
        "round": "第03弾",
        "issued_date": "2016/12/01",
        "facility": "行田市郷土博物館",
        "address": "埼玉県行田市本丸17-23",
        "facility_url": "https://www.city.gyoda.lg.jp/soshiki/shougaigakusyubu/kyodohakubutsukan/riyou/manholecard.html"
      }
    },
    {
      "type": "Feature",
      "geometry": {
        "type": "Point",
        "coordinates": [
          139.786575,
          35.888966
        ]
      },
      "properties": {
        "issuer": "越谷市",
        "card_code": "A001",
        "pref": "埼玉県",
        "round": "第03弾",
        "issued_date": "2016/12/01",
        "facility": "市民活動支援センター",
        "address": "埼玉県越谷市弥生町16番1号 越谷ツインシティBシティ5階",
        "facility_url": null
      }
    },
    {
      "type": "Feature",
      "geometry": {
        "type": "Point",
        "coordinates": [
          139.786575,
          35.888966
        ]
      },
      "properties": {
        "issuer": "越谷市",
        "card_code": "B001",
        "pref": "埼玉県",
        "round": "第04弾",
        "issued_date": "2017/04/03",
        "facility": "観光物産拠点施設「ガーヤちゃんの蔵屋敷」",
        "address": "埼玉県越谷市弥生町505-2（東武スカイツリーライン越谷駅東口高架下）",
        "facility_url": "https://www.koshigaya-sightseeing.jp/ga-yachan_kurayashiki/"
      }
    },
    {
      "type": "Feature",
      "geometry": {
        "type": "Point",
        "coordinates": [
          139.825058,
          35.880703
        ]
      },
      "properties": {
        "issuer": "越谷市",
        "card_code": "C001",
        "pref": "埼玉県",
        "round": "第18弾",
        "issued_date": "2023/01/28",
        "facility": "越谷市観光協会",
        "address": "埼玉県越谷市レイクタウン4-1-4（越谷レイクタウン水辺のまちづくり館内）",
        "facility_url": "https://www.koshigaya-sightseeing.jp/"
      }
    },
    {
      "type": "Feature",
      "geometry": {
        "type": "Point",
        "coordinates": [
          139.786575,
          35.888966
        ]
      },
      "properties": {
        "issuer": "越谷市",
        "card_code": "D001",
        "pref": "埼玉県",
        "round": "第29弾",
        "issued_date": "2026/07/31",
        "facility": "ガーヤちゃんの蔵屋敷",
        "address": "埼玉県越谷市弥生町505-2",
        "facility_url": "https://www.koshigaya-sightseeing.jp/information/uncategorized/%e3%82%ac%e3%83%bc%e3%83%a4%e3%81%a1%e3%82%83%e3%82%93%e3%81%ae%e8%94%b5%e5%b1%8b%e6%95%b7/"
      }
    },
    {
      "type": "Feature",
      "geometry": {
        "type": "Point",
        "coordinates": [
          139.316055,
          35.854401
        ]
      },
      "properties": {
        "issuer": "飯能市",
        "card_code": null,
        "pref": "埼玉県",
        "round": "第20弾",
        "issued_date": "2023/07/28",
        "facility": "一般社団法人奥むさし飯能観光協会事務局",
        "address": "埼玉県飯能市本町1番7号",
        "facility_url": "https://hanno-tourism.jp/"
      }
    },
    {
      "type": "Feature",
      "geometry": {
        "type": "Point",
        "coordinates": [
          139.518524,
          36.053074
        ]
      },
      "properties": {
        "issuer": "鴻巣市",
        "card_code": "A001",
        "pref": "埼玉県",
        "round": "第11弾",
        "issued_date": "2019/12/14",
        "facility": "【水曜日以外】鴻巣市産業観光館「ひなの里」",
        "address": "埼玉県鴻巣市人形1-4-20",
        "facility_url": "http://www.konosu-kanko.jp/hinanosato/"
      }
    },
    {
      "type": "Feature",
      "geometry": {
        "type": "Point",
        "coordinates": [
          139.452499,
          36.086197
        ]
      },
      "properties": {
        "issuer": "鴻巣市",
        "card_code": "B001",
        "pref": "埼玉県",
        "round": "第20弾",
        "issued_date": "2023/07/28",
        "facility": "【火曜日以外】コウノトリ野生復帰センター「天空の里」",
        "address": "埼玉県鴻巣市明用632",
        "facility_url": "http://www.city.kounosu.saitama.jp/site/konotori/"
      }
    },
    {
      "type": "Feature",
      "geometry": {
        "type": "Point",
        "coordinates": [
          131.188339,
          33.598331
        ]
      },
      "properties": {
        "issuer": "中津市",
        "card_code": null,
        "pref": "大分県",
        "round": "第17弾",
        "issued_date": "2022/08/06",
        "facility": "福澤諭吉旧居・福澤記念館",
        "address": "大分県中津市留守居町586",
        "facility_url": "https://fukuzawakyukyo.com"
      }
    },
    {
      "type": "Feature",
      "geometry": {
        "type": "Point",
        "coordinates": [
          131.893723,
          32.960808
        ]
      },
      "properties": {
        "issuer": "佐伯市",
        "card_code": null,
        "pref": "大分県",
        "round": "第05弾",
        "issued_date": "2017/08/01",
        "facility": "佐伯市城下町観光交流館",
        "address": "大分県佐伯市城下東町8-19",
        "facility_url": "https://www.visit-saiki.jp/spots/detail/f868f841-e816-4f0d-8dc8-ba22e082036d"
      }
    },
    {
      "type": "Feature",
      "geometry": {
        "type": "Point",
        "coordinates": [
          131.500992,
          33.279415
        ]
      },
      "properties": {
        "issuer": "別府市",
        "card_code": null,
        "pref": "大分県",
        "round": "第25弾",
        "issued_date": "2025/04/25",
        "facility": "WANDER COMPASS BEPPU(ワンダーコンパス別府)",
        "address": "大分県別府市駅前町12番13号えきマチ1丁目 別府BIS南館内",
        "facility_url": "https://beppu-tourism.com/spot/wander-compass-beppu/"
      }
    },
    {
      "type": "Feature",
      "geometry": {
        "type": "Point",
        "coordinates": [
          131.605545,
          33.232632
        ]
      },
      "properties": {
        "issuer": "大分市",
        "card_code": "A001",
        "pref": "大分県",
        "round": "第08弾",
        "issued_date": "2018/08/11",
        "facility": "大分市観光案内所",
        "address": "大分県大分市要町1-1（JR大分駅構内）",
        "facility_url": "https://www.oishiimati-oita.jp/"
      }
    },
    {
      "type": "Feature",
      "geometry": {
        "type": "Point",
        "coordinates": [
          131.605545,
          33.232632
        ]
      },
      "properties": {
        "issuer": "大分市",
        "card_code": "B001",
        "pref": "大分県",
        "round": "第20弾",
        "issued_date": "2023/07/28",
        "facility": "①大分市竹町通商店街振興組合",
        "address": "大分県大分市要町1-1（JR大分駅構内）",
        "facility_url": "http://www.takemachi.jp/index.html"
      }
    },
    {
      "type": "Feature",
      "geometry": {
        "type": "Point",
        "coordinates": [
          131.601974,
          33.23914
        ]
      },
      "properties": {
        "issuer": "大分市",
        "card_code": "C001",
        "pref": "大分県",
        "round": "第21弾",
        "issued_date": "2023/12/15",
        "facility": "大分県立美術館ミュージアムショップ「PortoPorta（ポルトポルタ）」",
        "address": "大分県大分市寿町2番1号 大分県立美術館内1階",
        "facility_url": "https://www.opam.jp/page/shop.html"
      }
    },
    {
      "type": "Feature",
      "geometry": {
        "type": "Point",
        "coordinates": [
          131.602798,
          33.224087
        ]
      },
      "properties": {
        "issuer": "大分市",
        "card_code": "D001",
        "pref": "大分県",
        "round": "第26弾",
        "issued_date": "2025/07/25",
        "facility": "大分市美術館",
        "address": "大分県大分市大字上野865番地",
        "facility_url": "https://www.city.oita.oita.jp/bunkasports/bunka/bijutsukan/"
      }
    },
    {
      "type": "Feature",
      "geometry": {
        "type": "Point",
        "coordinates": [
          131.53093,
          33.368652
        ]
      },
      "properties": {
        "issuer": "日出町",
        "card_code": null,
        "pref": "大分県",
        "round": "第10弾",
        "issued_date": "2019/08/07",
        "facility": "二の丸館（にのまるやかた）・日出町観光案内所",
        "address": "大分県速見郡日出町2612番地1",
        "facility_url": "https://hijinavi.com/spots/detail/55"
      }
    },
    {
      "type": "Feature",
      "geometry": {
        "type": "Point",
        "coordinates": [
          131.623337,
          33.420071
        ]
      },
      "properties": {
        "issuer": "杵築市",
        "card_code": null,
        "pref": "大分県",
        "round": "第12弾",
        "issued_date": "2020/04/25",
        "facility": "杵築ふるさと産業館",
        "address": "大分県杵築市大字杵築北浜665-172",
        "facility_url": null
      }
    },
    {
      "type": "Feature",
      "geometry": {
        "type": "Point",
        "coordinates": [
          131.439713,
          33.559223
        ]
      },
      "properties": {
        "issuer": "豊後高田市",
        "card_code": "A001",
        "pref": "大分県",
        "round": "第28弾",
        "issued_date": "2026/04/24",
        "facility": "「豊後高田昭和の町」観光案内所",
        "address": "大分県豊後高田市新町989－1",
        "facility_url": "https://www.city.bungotakada.oita.jp/site/showanomachi/15034.html"
      }
    },
    {
      "type": "Feature",
      "geometry": {
        "type": "Point",
        "coordinates": [
          135.496002,
          34.812054
        ]
      },
      "properties": {
        "issuer": "UR都市機構",
        "card_code": null,
        "pref": "大阪府",
        "round": "第18弾",
        "issued_date": "2023/01/28",
        "facility": "UR千里営業センター",
        "address": "大阪府豊中市新千里東町1丁目4番2号（千里ライフサイエンスセンタービル2階）",
        "facility_url": "https://www.ur-net.go.jp/chintai/kansai/osaka/counter/senri/"
      }
    },
    {
      "type": "Feature",
      "geometry": {
        "type": "Point",
        "coordinates": [
          135.682922,
          34.773811
        ]
      },
      "properties": {
        "issuer": "交野市",
        "card_code": "A001",
        "pref": "大阪府",
        "round": "第09弾",
        "issued_date": "2018/12/14",
        "facility": "交野市上下水道部（旧水道局）1階",
        "address": "大阪府交野市私市2丁目24-1",
        "facility_url": null
      }
    },
    {
      "type": "Feature",
      "geometry": {
        "type": "Point",
        "coordinates": [
          135.682922,
          34.773811
        ]
      },
      "properties": {
        "issuer": "交野市",
        "card_code": "B001",
        "pref": "大阪府",
        "round": "第16弾",
        "issued_date": "2022/01/15",
        "facility": "交野市上下水道部（旧水道局）1階",
        "address": "大阪府交野市私市2丁目24-1",
        "facility_url": null
      }
    },
    {
      "type": "Feature",
      "geometry": {
        "type": "Point",
        "coordinates": [
          135.600403,
          34.626896
        ]
      },
      "properties": {
        "issuer": "八尾市",
        "card_code": null,
        "pref": "大阪府",
        "round": "第06弾",
        "issued_date": "2017/12/09",
        "facility": "【平日】八尾市下水道部　下水道経営企画課",
        "address": "大阪府八尾市本町1-1-1",
        "facility_url": "https://www.city.yao.osaka.jp/"
      }
    },
    {
      "type": "Feature",
      "geometry": {
        "type": "Point",
        "coordinates": [
          135.622025,
          34.463913
        ]
      },
      "properties": {
        "issuer": "千早赤阪村",
        "card_code": null,
        "pref": "大阪府",
        "round": "第18弾",
        "issued_date": "2023/01/28",
        "facility": "【平日】千早赤阪村役場都市整備課",
        "address": "大阪府南河内郡千早赤阪村大字水分180番地",
        "facility_url": "https://www.vill.chihayaakasaka.osaka.jp/index.html"
      }
    },
    {
      "type": "Feature",
      "geometry": {
        "type": "Point",
        "coordinates": [
          135.508316,
          34.794083
        ]
      },
      "properties": {
        "issuer": "吹田市",
        "card_code": null,
        "pref": "大阪府",
        "round": "第07弾",
        "issued_date": "2018/04/28",
        "facility": "千里ニュータウン情報館",
        "address": "大阪府吹田市津雲台１丁目２番１号　千里ニュータウンプラザ２階",
        "facility_url": "https://www.city.suita.osaka.jp/shisei/shisetsu/1019117/1020468.html"
      }
    },
    {
      "type": "Feature",
      "geometry": {
        "type": "Point",
        "coordinates": [
          135.424225,
          34.487354
        ]
      },
      "properties": {
        "issuer": "和泉市",
        "card_code": "A001",
        "pref": "大阪府",
        "round": "第03弾",
        "issued_date": "2016/12/01",
        "facility": "和泉市いずみの国 観光おもてなし処",
        "address": "大阪府和泉市府中町1-19-9（JR和泉府中駅前）",
        "facility_url": "https://satomachi-izumi.com/omotenashi/index.html"
      }
    },
    {
      "type": "Feature",
      "geometry": {
        "type": "Point",
        "coordinates": [
          135.481079,
          34.42004
        ]
      },
      "properties": {
        "issuer": "和泉市",
        "card_code": "B001",
        "pref": "大阪府",
        "round": "第14弾",
        "issued_date": "2021/04/25",
        "facility": "道の駅　いずみ山愛の里",
        "address": "大阪府和泉市仏並町398-1",
        "facility_url": "https://www.yamaainosato.com/"
      }
    },
    {
      "type": "Feature",
      "geometry": {
        "type": "Point",
        "coordinates": [
          135.63945,
          34.740002
        ]
      },
      "properties": {
        "issuer": "四條畷市",
        "card_code": null,
        "pref": "大阪府",
        "round": "第05弾",
        "issued_date": "2017/08/01",
        "facility": "【平日】四條畷市役所 都市整備部 下水道課",
        "address": "大阪府四條綴市中野本町1-1",
        "facility_url": "http://www.city.shijonawate.lg.jp/soshiki/20/index.html"
      }
    },
    {
      "type": "Feature",
      "geometry": {
        "type": "Point",
        "coordinates": [
          135.470764,
          34.576229
        ]
      },
      "properties": {
        "issuer": "堺市",
        "card_code": "A001",
        "pref": "大阪府",
        "round": "第01弾",
        "issued_date": "2016/04/01",
        "facility": "さかい利晶の杜 受付",
        "address": "大阪府堺市堺区宿院町西2-1-1（さかい利晶の杜1階）",
        "facility_url": "http://www.sakai-rishonomori.com/"
      }
    },
    {
      "type": "Feature",
      "geometry": {
        "type": "Point",
        "coordinates": [
          135.484711,
          34.576015
        ]
      },
      "properties": {
        "issuer": "堺市",
        "card_code": "B001",
        "pref": "大阪府",
        "round": "第16弾",
        "issued_date": "2022/01/15",
        "facility": "堺東観光案内所",
        "address": "大阪府堺市堺区三国ヶ丘御幸通39-1",
        "facility_url": "https://www.sakai-tcb.or.jp/spot/detail/1164"
      }
    },
    {
      "type": "Feature",
      "geometry": {
        "type": "Point",
        "coordinates": [
          135.614304,
          34.702827
        ]
      },
      "properties": {
        "issuer": "大東市",
        "card_code": "A001",
        "pref": "大阪府",
        "round": "第04弾",
        "issued_date": "2017/04/03",
        "facility": "大東市上下水道局 総務課",
        "address": "大阪府大東市灰塚4-1-1",
        "facility_url": "https://www.city.daito.lg.jp/soshiki/39/"
      }
    },
    {
      "type": "Feature",
      "geometry": {
        "type": "Point",
        "coordinates": [
          135.614304,
          34.702827
        ]
      },
      "properties": {
        "issuer": "大東市",
        "card_code": "B001",
        "pref": "大阪府",
        "round": "第29弾",
        "issued_date": "2026/07/31",
        "facility": "大東市上下水道局総務課",
        "address": "大阪府大東市灰塚4-1-1",
        "facility_url": "https://www.city.daito.lg.jp/soshiki/39/"
      }
    },
    {
      "type": "Feature",
      "geometry": {
        "type": "Point",
        "coordinates": [
          135.412613,
          34.638329
        ]
      },
      "properties": {
        "issuer": "大阪市",
        "card_code": "A001",
        "pref": "大阪府",
        "round": "第01弾",
        "issued_date": "2016/04/01",
        "facility": "おおさかATCグリーンエコプラザ",
        "address": "大阪府大阪市住之江区南港北2-1-10（ATCビルITM棟11階西側）",
        "facility_url": "https://www.ecoplaza.gr.jp/"
      }
    },
    {
      "type": "Feature",
      "geometry": {
        "type": "Point",
        "coordinates": [
          135.507065,
          34.683426
        ]
      },
      "properties": {
        "issuer": "大阪市",
        "card_code": "B001",
        "pref": "大阪府",
        "round": "第05弾",
        "issued_date": "2017/08/01",
        "facility": "クリアウォーターOSAKA（株）本社 総務課",
        "address": "大阪府大阪市中央区本町1-7-7（WAKITA堺筋本町ビル12階）",
        "facility_url": "https://www.clearwater-osaka.jp/"
      }
    },
    {
      "type": "Feature",
      "geometry": {
        "type": "Point",
        "coordinates": [
          135.462341,
          34.693546
        ]
      },
      "properties": {
        "issuer": "大阪市",
        "card_code": "C001",
        "pref": "大阪府",
        "round": "第15弾",
        "issued_date": "2021/08/17",
        "facility": "大阪市下水道科学館",
        "address": "大阪府大阪市此花区高見1-2-53",
        "facility_url": "https://www.osaka-ssm.jp/information"
      }
    },
    {
      "type": "Feature",
      "geometry": {
        "type": "Point",
        "coordinates": [
          135.496338,
          34.701881
        ]
      },
      "properties": {
        "issuer": "大阪市",
        "card_code": "D001",
        "pref": "大阪府",
        "round": "第26弾",
        "issued_date": "2025/07/25",
        "facility": "大阪観光案内所",
        "address": "大阪府大阪市北区梅田3-1-1 JR大阪駅 1F中央コンコース",
        "facility_url": "https://osaka-info.jp/spot/tourist-information-osaka/"
      }
    },
    {
      "type": "Feature",
      "geometry": {
        "type": "Point",
        "coordinates": [
          135.592896,
          34.702637
        ]
      },
      "properties": {
        "issuer": "大阪府",
        "card_code": "流域下水道",
        "pref": "大阪府",
        "round": "第02弾",
        "issued_date": "2016/08/01",
        "facility": "【平日】寝屋川流域下水道 鴻池水みらいセンター",
        "address": "大阪府東大阪市北鴻池町1-18（管理棟）",
        "facility_url": "http://www.pref.osaka.lg.jp/gesui_jigyo/dezain/"
      }
    },
    {
      "type": "Feature",
      "geometry": {
        "type": "Point",
        "coordinates": [
          135.555695,
          34.503662
        ]
      },
      "properties": {
        "issuer": "大阪狭山市",
        "card_code": "A001",
        "pref": "大阪府",
        "round": "第02弾",
        "issued_date": "2016/08/01",
        "facility": "大阪府立狭山池博物館",
        "address": "大阪府大阪狭市池尻中二丁目",
        "facility_url": null
      }
    },
    {
      "type": "Feature",
      "geometry": {
        "type": "Point",
        "coordinates": [
          135.555862,
          34.503681
        ]
      },
      "properties": {
        "issuer": "大阪狭山市",
        "card_code": "B001",
        "pref": "大阪府",
        "round": "第20弾",
        "issued_date": "2023/07/28",
        "facility": "【平日】大阪狭山市役所庁舎2階　水政策部下水道・水路グループ",
        "address": "大阪府大阪狭山市狭山1-2384-１",
        "facility_url": "https://www.city.osakasayama.osaka.jp/tetsuzuki/jogesuido/1/1/3315.html"
      }
    },
    {
      "type": "Feature",
      "geometry": {
        "type": "Point",
        "coordinates": [
          135.658066,
          34.516472
        ]
      },
      "properties": {
        "issuer": "太子町",
        "card_code": null,
        "pref": "大阪府",
        "round": "第07弾",
        "issued_date": "2018/04/28",
        "facility": "道の駅「近つ飛鳥の里・太子」",
        "address": "大阪府南河内郡太子町山田2254-3",
        "facility_url": "https://taishi-kankou.jp/michinoeki/"
      }
    },
    {
      "type": "Feature",
      "geometry": {
        "type": "Point",
        "coordinates": [
          135.561172,
          34.735928
        ]
      },
      "properties": {
        "issuer": "守口市",
        "card_code": null,
        "pref": "大阪府",
        "round": "第06弾",
        "issued_date": "2017/12/09",
        "facility": "【平日】守口市役所 環境下水道部 下水道課",
        "address": "大阪府守口市京阪本通2-5-5（5階南エリア）",
        "facility_url": "http://www.city.moriguchi.osaka.jp/"
      }
    },
    {
      "type": "Feature",
      "geometry": {
        "type": "Point",
        "coordinates": [
          135.601074,
          34.503986
        ]
      },
      "properties": {
        "issuer": "富田林市",
        "card_code": null,
        "pref": "大阪府",
        "round": "第04弾",
        "issued_date": "2017/04/03",
        "facility": "観光交流施設きらめきファクトリー",
        "address": "大阪府富田林市本町19-8",
        "facility_url": null
      }
    },
    {
      "type": "Feature",
      "geometry": {
        "type": "Point",
        "coordinates": [
          135.627518,
          34.765434
        ]
      },
      "properties": {
        "issuer": "寝屋川市",
        "card_code": null,
        "pref": "大阪府",
        "round": "第08弾",
        "issued_date": "2018/08/11",
        "facility": "寝屋川市上下水道局 下水道事業室",
        "address": "大阪府寝屋川市本町15-1",
        "facility_url": "http://www.city.neyagawa.osaka.jp/organization_list/joge_suido/gesuido/index.html"
      }
    },
    {
      "type": "Feature",
      "geometry": {
        "type": "Point",
        "coordinates": [
          135.42627,
          34.422775
        ]
      },
      "properties": {
        "issuer": "岸和田市",
        "card_code": "B001",
        "pref": "大阪府",
        "round": "第16弾",
        "issued_date": "2022/01/15",
        "facility": "道の駅「愛彩ランド」",
        "address": "大阪府岸和田市岸の丘町3-6-18",
        "facility_url": "https://www.ja-izumino.or.jp/farmstand/"
      }
    },
    {
      "type": "Feature",
      "geometry": {
        "type": "Point",
        "coordinates": [
          135.368423,
          34.459957
        ]
      },
      "properties": {
        "issuer": "岸和田市",
        "card_code": "C001",
        "pref": "大阪府",
        "round": "第20弾",
        "issued_date": "2023/07/28",
        "facility": "まちづくりの館",
        "address": "大阪府岸和田市本町8番8号",
        "facility_url": null
      }
    },
    {
      "type": "Feature",
      "geometry": {
        "type": "Point",
        "coordinates": [
          135.672775,
          34.883644
        ]
      },
      "properties": {
        "issuer": "島本町",
        "card_code": "A001",
        "pref": "大阪府",
        "round": "第04弾",
        "issued_date": "2017/04/03",
        "facility": "【平日】島本町上下水道庁舎",
        "address": "大阪府三島郡島本町広瀬3-11-24",
        "facility_url": "https://www.town.shimamoto.lg.jp/site/suidou/1969.html"
      }
    },
    {
      "type": "Feature",
      "geometry": {
        "type": "Point",
        "coordinates": [
          135.664215,
          34.881458
        ]
      },
      "properties": {
        "issuer": "島本町",
        "card_code": "B001",
        "pref": "大阪府",
        "round": "第13弾",
        "issued_date": "2020/12/17",
        "facility": "島本町立歴史文化資料館",
        "address": "大阪府三島郡島本町桜井一丁目3番1号",
        "facility_url": "https://www.town.shimamoto.lg.jp/site/rekishi-bunka/2413.html"
      }
    },
    {
      "type": "Feature",
      "geometry": {
        "type": "Point",
        "coordinates": [
          135.561218,
          34.777702
        ]
      },
      "properties": {
        "issuer": "摂津市",
        "card_code": null,
        "pref": "大阪府",
        "round": "第19弾",
        "issued_date": "2023/04/28",
        "facility": "摂津市上下水道部庁舎",
        "address": "大阪府摂津市三島一丁目1番10号",
        "facility_url": "https://www.city.settsu.osaka.jp/suidou/index.html"
      }
    },
    {
      "type": "Feature",
      "geometry": {
        "type": "Point",
        "coordinates": [
          135.601318,
          34.678951
        ]
      },
      "properties": {
        "issuer": "東大阪市",
        "card_code": null,
        "pref": "大阪府",
        "round": "第01弾",
        "issued_date": "2016/04/01",
        "facility": "東大阪市 下水道計画総務室",
        "address": "大阪府東大阪市荒本北1-1-1（東大阪市役所13階）",
        "facility_url": "http://www.city.higashiosaka.lg.jp/"
      }
    },
    {
      "type": "Feature",
      "geometry": {
        "type": "Point",
        "coordinates": [
          135.555893,
          34.577377
        ]
      },
      "properties": {
        "issuer": "松原市",
        "card_code": null,
        "pref": "大阪府",
        "round": "第14弾",
        "issued_date": "2021/04/25",
        "facility": "【平日】松原市観光協会",
        "address": "大阪府松原市阿保4－1－4",
        "facility_url": null
      }
    },
    {
      "type": "Feature",
      "geometry": {
        "type": "Point",
        "coordinates": [
          135.646179,
          34.814617
        ]
      },
      "properties": {
        "issuer": "枚方市",
        "card_code": null,
        "pref": "大阪府",
        "round": "第11弾",
        "issued_date": "2019/12/14",
        "facility": "枚方市観光案内所Syuku56",
        "address": "大阪府枚方市岡東町19-1枚方モール１階",
        "facility_url": null
      }
    },
    {
      "type": "Feature",
      "geometry": {
        "type": "Point",
        "coordinates": [
          135.628326,
          34.579174
        ]
      },
      "properties": {
        "issuer": "柏原市",
        "card_code": "A001",
        "pref": "大阪府",
        "round": "第07弾",
        "issued_date": "2018/04/28",
        "facility": "【平日】柏原市市役所別館1階　下水工務課",
        "address": "大阪府柏原市安堂町1-55",
        "facility_url": "http://www.city.kashiwara.osaka.jp/"
      }
    },
    {
      "type": "Feature",
      "geometry": {
        "type": "Point",
        "coordinates": [
          135.640182,
          34.573044
        ]
      },
      "properties": {
        "issuer": "柏原市",
        "card_code": "B001",
        "pref": "大阪府",
        "round": "第19弾",
        "issued_date": "2023/04/28",
        "facility": "柏原市立歴史資料館",
        "address": "大阪府柏原市高井田1598-1",
        "facility_url": "https://www.city.kashiwara.lg.jp/docs/2014081900065/"
      }
    },
    {
      "type": "Feature",
      "geometry": {
        "type": "Point",
        "coordinates": [
          135.628769,
          34.588982
        ]
      },
      "properties": {
        "issuer": "柏原市",
        "card_code": "C001",
        "pref": "大阪府",
        "round": "第23弾",
        "issued_date": "2024/07/26",
        "facility": "公民館堅下分館（堅下合同会館）",
        "address": "大阪府柏原市大県3丁目9-19",
        "facility_url": null
      }
    },
    {
      "type": "Feature",
      "geometry": {
        "type": "Point",
        "coordinates": [
          135.42688,
          34.820587
        ]
      },
      "properties": {
        "issuer": "池田市(A001)",
        "card_code": null,
        "pref": "大阪府",
        "round": "第06弾",
        "issued_date": "2017/12/09",
        "facility": "①池田市観光案内所",
        "address": "大阪府池田市満寿美町2-7",
        "facility_url": "https://www.ikedashi-kanko.jp/shop/ikeda_city_tourist_information_center"
      }
    },
    {
      "type": "Feature",
      "geometry": {
        "type": "Point",
        "coordinates": [
          135.425629,
          34.821823
        ]
      },
      "properties": {
        "issuer": "池田市(B001)",
        "card_code": null,
        "pref": "大阪府",
        "round": "第11弾",
        "issued_date": "2019/12/14",
        "facility": "①大阪池田ゲストインフォメーション",
        "address": "大阪府池田市栄町1-1",
        "facility_url": "https://www.ikedashi-kanko.jp/pickup/9014"
      }
    },
    {
      "type": "Feature",
      "geometry": {
        "type": "Point",
        "coordinates": [
          135.425629,
          34.821823
        ]
      },
      "properties": {
        "issuer": "池田市(C001)",
        "card_code": null,
        "pref": "大阪府",
        "round": "第11弾",
        "issued_date": "2019/12/14",
        "facility": "①大阪池田ゲストインフォメーション",
        "address": "大阪府池田市栄町1-1",
        "facility_url": "https://www.ikedashi-kanko.jp/pickup/9014"
      }
    },
    {
      "type": "Feature",
      "geometry": {
        "type": "Point",
        "coordinates": [
          135.425629,
          34.821823
        ]
      },
      "properties": {
        "issuer": "池田市(D001)",
        "card_code": null,
        "pref": "大阪府",
        "round": "第11弾",
        "issued_date": "2019/12/14",
        "facility": "①大阪池田ゲストインフォメーション",
        "address": "大阪府池田市栄町1-1",
        "facility_url": "https://www.ikedashi-kanko.jp/pickup/9014"
      }
    },
    {
      "type": "Feature",
      "geometry": {
        "type": "Point",
        "coordinates": [
          135.425629,
          34.821823
        ]
      },
      "properties": {
        "issuer": "池田市(E001)",
        "card_code": null,
        "pref": "大阪府",
        "round": "第11弾",
        "issued_date": "2019/12/14",
        "facility": "①大阪池田ゲストインフォメーション",
        "address": "大阪府池田市栄町1-1",
        "facility_url": "https://www.ikedashi-kanko.jp/pickup/9014"
      }
    },
    {
      "type": "Feature",
      "geometry": {
        "type": "Point",
        "coordinates": [
          135.550674,
          34.435936
        ]
      },
      "properties": {
        "issuer": "河内長野市",
        "card_code": null,
        "pref": "大阪府",
        "round": "第06弾",
        "issued_date": "2017/12/09",
        "facility": "道の駅 奥河内くろまろの郷",
        "address": "大阪府河内長野市高向1218-1",
        "facility_url": "http://kuromaro.com/"
      }
    },
    {
      "type": "Feature",
      "geometry": {
        "type": "Point",
        "coordinates": [
          135.629684,
          34.492767
        ]
      },
      "properties": {
        "issuer": "河南町",
        "card_code": null,
        "pref": "大阪府",
        "round": "第08弾",
        "issued_date": "2018/08/11",
        "facility": "【平日】河南町まち創造部都市環境課",
        "address": "大阪府南河内郡河南町大字白木1359-6",
        "facility_url": "https://www.town.kanan.osaka.jp/soshiki/machisozobu/toshikankyoka/gyomuannai/5/1/294.html"
      }
    },
    {
      "type": "Feature",
      "geometry": {
        "type": "Point",
        "coordinates": [
          135.295395,
          34.41449
        ]
      },
      "properties": {
        "issuer": "泉佐野市",
        "card_code": "A001",
        "pref": "大阪府",
        "round": "第06弾",
        "issued_date": "2017/12/09",
        "facility": "観光交流プラザ りんくうまち処",
        "address": "大阪府泉佐野市りんくう往来北1（りんくうタウン駅改札前）",
        "facility_url": "http://www.city.izumisano.lg.jp/kakuka/seikatsu/shoko/menu/matidokoro.html"
      }
    },
    {
      "type": "Feature",
      "geometry": {
        "type": "Point",
        "coordinates": [
          135.317368,
          34.409904
        ]
      },
      "properties": {
        "issuer": "泉佐野市",
        "card_code": "B001",
        "pref": "大阪府",
        "round": "第14弾",
        "issued_date": "2021/04/25",
        "facility": "観光おもてなしプラザ　泉佐野まち処",
        "address": "大阪府泉佐野市上町3丁目8-12",
        "facility_url": "http://www.city.izumisano.lg.jp/kakuka/seikatsu/shoko/menu/izumisanomachidokoro.html"
      }
    },
    {
      "type": "Feature",
      "geometry": {
        "type": "Point",
        "coordinates": [
          135.267197,
          34.382992
        ]
      },
      "properties": {
        "issuer": "泉南市",
        "card_code": null,
        "pref": "大阪府",
        "round": "第05弾",
        "issued_date": "2017/08/01",
        "facility": "【火・水以外】泉南市観光協会観光案内所",
        "address": "大阪府泉南市りんくう南浜4-201",
        "facility_url": "http://welcome-sennan.com/access"
      }
    },
    {
      "type": "Feature",
      "geometry": {
        "type": "Point",
        "coordinates": [
          135.355728,
          34.400955
        ]
      },
      "properties": {
        "issuer": "熊取町",
        "card_code": null,
        "pref": "大阪府",
        "round": "第08弾",
        "issued_date": "2018/08/11",
        "facility": "【平日】熊取町役場 都市整備部 下水道河川課",
        "address": "大阪府泉南郡熊取町野田1-1-1",
        "facility_url": "http://www.town.kumatori.lg.jp/"
      }
    },
    {
      "type": "Feature",
      "geometry": {
        "type": "Point",
        "coordinates": [
          135.291656,
          34.394119
        ]
      },
      "properties": {
        "issuer": "田尻町",
        "card_code": null,
        "pref": "大阪府",
        "round": "第12弾",
        "issued_date": "2020/04/25",
        "facility": "【平日】田尻町役場別館",
        "address": "大阪府泉南郡田尻町嘉祥寺375番地１",
        "facility_url": "http://www.town.tajiri.osaka.jp"
      }
    },
    {
      "type": "Feature",
      "geometry": {
        "type": "Point",
        "coordinates": [
          135.468475,
          34.834953
        ]
      },
      "properties": {
        "issuer": "箕面市",
        "card_code": null,
        "pref": "大阪府",
        "round": "第06弾",
        "issued_date": "2017/12/09",
        "facility": "箕面交通・観光案内所",
        "address": "大阪府箕面市箕面1丁目1番1号　阪急箕面駅横",
        "facility_url": "https://www.city.minoh.lg.jp/shisetsu/syoukou/kankou.html"
      }
    },
    {
      "type": "Feature",
      "geometry": {
        "type": "Point",
        "coordinates": [
          135.606705,
          34.558258
        ]
      },
      "properties": {
        "issuer": "羽曳野市",
        "card_code": null,
        "pref": "大阪府",
        "round": "第13弾",
        "issued_date": "2020/12/17",
        "facility": "【平日】羽曳野市下水道総務課",
        "address": "大阪府羽曳野市誉田4丁目1-1羽曳野市役所別館4F",
        "facility_url": "https://www.city.habikino.lg.jp/"
      }
    },
    {
      "type": "Feature",
      "geometry": {
        "type": "Point",
        "coordinates": [
          135.408539,
          34.943798
        ]
      },
      "properties": {
        "issuer": "能勢町",
        "card_code": null,
        "pref": "大阪府",
        "round": "第03弾",
        "issued_date": "2016/12/01",
        "facility": "能勢浄化センター ささゆりの丘",
        "address": "大阪府豊能郡能勢町下田119-1",
        "facility_url": null
      }
    },
    {
      "type": "Feature",
      "geometry": {
        "type": "Point",
        "coordinates": [
          135.568985,
          34.816139
        ]
      },
      "properties": {
        "issuer": "茨木市",
        "card_code": "A001",
        "pref": "大阪府",
        "round": "第12弾",
        "issued_date": "2020/04/25",
        "facility": "茨木市文化・子育て複合施設 おにクル",
        "address": "大阪府茨木市駅前三丁目9番45号",
        "facility_url": "https://www.onikuru.jp/"
      }
    },
    {
      "type": "Feature",
      "geometry": {
        "type": "Point",
        "coordinates": [
          135.561874,
          34.873924
        ]
      },
      "properties": {
        "issuer": "茨木市",
        "card_code": "B001",
        "pref": "大阪府",
        "round": "第25弾",
        "issued_date": "2025/06/19",
        "facility": "ダムパークいばきた　パークセンター",
        "address": "大阪府茨木市大字生保53-1",
        "facility_url": "https://dampark-ibakita.com/guide"
      }
    },
    {
      "type": "Feature",
      "geometry": {
        "type": "Point",
        "coordinates": [
          135.597244,
          34.574944
        ]
      },
      "properties": {
        "issuer": "藤井寺市",
        "card_code": "A001",
        "pref": "大阪府",
        "round": "第05弾",
        "issued_date": "2017/08/01",
        "facility": "藤井寺市 都市整備部 下水道課",
        "address": "大阪府藤井寺市岡1-1-1",
        "facility_url": "https://www.city.fujiidera.lg.jp/"
      }
    },
    {
      "type": "Feature",
      "geometry": {
        "type": "Point",
        "coordinates": [
          135.596603,
          34.575703
        ]
      },
      "properties": {
        "issuer": "藤井寺市",
        "card_code": "B001",
        "pref": "大阪府",
        "round": "第12弾",
        "issued_date": "2020/04/25",
        "facility": "パープルホール（藤井寺市立市民総合会館）1階地域サービス公社管理事務所",
        "address": "大阪府藤井寺市北岡1丁目2番3号",
        "facility_url": "https://www.city-fujiidera-kosha.or.jp/"
      }
    },
    {
      "type": "Feature",
      "geometry": {
        "type": "Point",
        "coordinates": [
          135.597,
          34.565823
        ]
      },
      "properties": {
        "issuer": "藤井寺市",
        "card_code": "C001",
        "pref": "大阪府",
        "round": "第28弾",
        "issued_date": "2026/04/24",
        "facility": "藤井寺市立にぎわい・まなび交流館1階　ウエルカムラウンジ",
        "address": "大阪府藤井寺市藤井寺3丁目1番20号",
        "facility_url": "https://www.city.fujiidera.lg.jp/soshiki/shiminseikatsu/kankou/fujiiderasi-nigiwai-manabikouryukan/index.html"
      }
    },
    {
      "type": "Feature",
      "geometry": {
        "type": "Point",
        "coordinates": [
          135.470245,
          34.787926
        ]
      },
      "properties": {
        "issuer": "豊中市",
        "card_code": null,
        "pref": "大阪府",
        "round": "第03弾",
        "issued_date": "2016/12/01",
        "facility": "【平日】豊中市上下水道局 経営部 経営企画課(3F)",
        "address": "大阪府豊中市北桜塚4-11-18",
        "facility_url": "https://www.city.toyonaka.osaka.jp/jogesuido/index.html"
      }
    },
    {
      "type": "Feature",
      "geometry": {
        "type": "Point",
        "coordinates": [
          135.494659,
          34.918785
        ]
      },
      "properties": {
        "issuer": "豊能町",
        "card_code": null,
        "pref": "大阪府",
        "round": "第08弾",
        "issued_date": "2018/08/11",
        "facility": "豊能町役場3階 都市計画課",
        "address": "大阪府豊能郡豊能町余野414-1",
        "facility_url": null
      }
    },
    {
      "type": "Feature",
      "geometry": {
        "type": "Point",
        "coordinates": [
          135.36969,
          34.441048
        ]
      },
      "properties": {
        "issuer": "貝塚市",
        "card_code": "A001",
        "pref": "大阪府",
        "round": "第09弾",
        "issued_date": "2018/12/14",
        "facility": "貝塚市歴史展示館",
        "address": "大阪府貝塚市半田138－1",
        "facility_url": "https://www.city.kaizuka.lg.jp/bunkazai/bunkazaidata/bunkazai/kuni_sitei/tourokubunkazai/rekisitenjikan.html"
      }
    },
    {
      "type": "Feature",
      "geometry": {
        "type": "Point",
        "coordinates": [
          135.358124,
          34.437408
        ]
      },
      "properties": {
        "issuer": "貝塚市",
        "card_code": "B001",
        "pref": "大阪府",
        "round": "第21弾",
        "issued_date": "2023/12/15",
        "facility": "まちの駅かいづか",
        "address": "大阪府貝塚市海塚一丁目１番１号",
        "facility_url": "https://www.city.kaizuka.lg.jp/kanko/topics_kanko/machinoekikaizuka.html"
      }
    },
    {
      "type": "Feature",
      "geometry": {
        "type": "Point",
        "coordinates": [
          135.582245,
          34.742413
        ]
      },
      "properties": {
        "issuer": "門真市",
        "card_code": "A001",
        "pref": "大阪府",
        "round": "第07弾",
        "issued_date": "2018/04/28",
        "facility": "【平日】門真市環境水道部 お客さまセンター",
        "address": "大阪府門真市泉町7-23",
        "facility_url": "http://www.city.kadoma.osaka.jp/index.html"
      }
    },
    {
      "type": "Feature",
      "geometry": {
        "type": "Point",
        "coordinates": [
          135.587341,
          34.738827
        ]
      },
      "properties": {
        "issuer": "門真市",
        "card_code": "B001",
        "pref": "大阪府",
        "round": "第21弾",
        "issued_date": "2023/12/15",
        "facility": "門真市役所",
        "address": "大阪府門真市中町１-１",
        "facility_url": "https://www.city.kadoma.osaka.jp/index.html"
      }
    },
    {
      "type": "Feature",
      "geometry": {
        "type": "Point",
        "coordinates": [
          135.239685,
          34.359592
        ]
      },
      "properties": {
        "issuer": "阪南市",
        "card_code": null,
        "pref": "大阪府",
        "round": "第17弾",
        "issued_date": "2022/08/06",
        "facility": "【平日】",
        "address": "阪南市都市整備部下水道課（阪南市分室２階）",
        "facility_url": "http://www.city.hannan.lg.jp/"
      }
    },
    {
      "type": "Feature",
      "geometry": {
        "type": "Point",
        "coordinates": [
          135.617798,
          34.846451
        ]
      },
      "properties": {
        "issuer": "高槻市",
        "card_code": "A001",
        "pref": "大阪府",
        "round": "第03弾",
        "issued_date": "2016/12/01",
        "facility": "【平日】",
        "address": "大阪府高槻市桃園町２番１号（本館７階）",
        "facility_url": null
      }
    },
    {
      "type": "Feature",
      "geometry": {
        "type": "Point",
        "coordinates": [
          135.629242,
          34.854542
        ]
      },
      "properties": {
        "issuer": "高槻市",
        "card_code": "B001",
        "pref": "大阪府",
        "round": "第08弾",
        "issued_date": "2018/08/11",
        "facility": "安満遺跡公園ボーネルンドパークセンター",
        "address": "大阪府高槻市八丁畷町12番3号",
        "facility_url": "https://www.seibu-la.co.jp/park/ama-sitepark/facility/bornelund/"
      }
    },
    {
      "type": "Feature",
      "geometry": {
        "type": "Point",
        "coordinates": [
          135.619568,
          34.844139
        ]
      },
      "properties": {
        "issuer": "高槻市",
        "card_code": "C001",
        "pref": "大阪府",
        "round": "第19弾",
        "issued_date": "2023/04/28",
        "facility": "高槻城公園芸術文化劇場 南館",
        "address": "大阪府高槻市野見町６番",
        "facility_url": "http://www.takatsuki-bsj.jp/tat/"
      }
    },
    {
      "type": "Feature",
      "geometry": {
        "type": "Point",
        "coordinates": [
          135.429001,
          34.528629
        ]
      },
      "properties": {
        "issuer": "高石市",
        "card_code": null,
        "pref": "大阪府",
        "round": "第04弾",
        "issued_date": "2017/04/03",
        "facility": "大阪府臨海スポーツセンター管理事務所",
        "address": "大阪府高石市高師浜丁6-1",
        "facility_url": "https://rin-spo.com"
      }
    },
    {
      "type": "Feature",
      "geometry": {
        "type": "Point",
        "coordinates": [
          135.681107,
          34.58567
        ]
      },
      "properties": {
        "issuer": "三郷町",
        "card_code": null,
        "pref": "奈良県",
        "round": "第12弾",
        "issued_date": "2020/04/25",
        "facility": "日本遺産龍田古道ビジターセンター インフォメーションカウンター",
        "address": "奈良県生駒郡三郷町立野南3-11-35",
        "facility_url": null
      }
    },
    {
      "type": "Feature",
      "geometry": {
        "type": "Point",
        "coordinates": [
          135.85939,
          34.359539
        ]
      },
      "properties": {
        "issuer": "吉野町",
        "card_code": null,
        "pref": "奈良県",
        "round": "第12弾",
        "issued_date": "2020/04/25",
        "facility": "吉野町観光案内所（近鉄吉野駅前）",
        "address": "奈良県吉野郡吉野町吉野山41-3",
        "facility_url": "https://www.yoshino-kankou.jp/useful/office/"
      }
    },
    {
      "type": "Feature",
      "geometry": {
        "type": "Point",
        "coordinates": [
          135.780853,
          34.654297
        ]
      },
      "properties": {
        "issuer": "大和郡山市",
        "card_code": null,
        "pref": "奈良県",
        "round": "第02弾",
        "issued_date": "2016/08/01",
        "facility": "【平日】大和郡山市上下水道部 下水道推進課",
        "address": "奈良県大和郡山市植槻町6-10（上下水道部庁舎2階）",
        "facility_url": "https://www.city.yamatokoriyama.lg.jp/index.html"
      }
    },
    {
      "type": "Feature",
      "geometry": {
        "type": "Point",
        "coordinates": [
          135.735886,
          34.60947
        ]
      },
      "properties": {
        "issuer": "斑鳩町",
        "card_code": null,
        "pref": "奈良県",
        "round": "第03弾",
        "issued_date": "2016/12/01",
        "facility": "法隆寺iセンター",
        "address": "奈良県生駒郡斑鳩町法隆寺1-8-25",
        "facility_url": "https://ikaruga-kanko.com/"
      }
    },
    {
      "type": "Feature",
      "geometry": {
        "type": "Point",
        "coordinates": [
          135.78949,
          34.505112
        ]
      },
      "properties": {
        "issuer": "橿原市",
        "card_code": "A001",
        "pref": "奈良県",
        "round": "第08弾",
        "issued_date": "2018/08/11",
        "facility": "今井まちなみ交流センター「華甍」",
        "address": "奈良県橿原市今井町2-3-5",
        "facility_url": "https://www.city.kashihara.nara.jp/soshiki/1021/gyomu/1/332.html"
      }
    },
    {
      "type": "Feature",
      "geometry": {
        "type": "Point",
        "coordinates": [
          135.804001,
          34.502209
        ]
      },
      "properties": {
        "issuer": "橿原市",
        "card_code": "B001",
        "pref": "奈良県",
        "round": "第23弾",
        "issued_date": "2024/07/26",
        "facility": "橿原市藤原京資料室",
        "address": "奈良県橿原市縄手町178-1",
        "facility_url": null
      }
    },
    {
      "type": "Feature",
      "geometry": {
        "type": "Point",
        "coordinates": [
          135.793091,
          34.512669
        ]
      },
      "properties": {
        "issuer": "橿原市",
        "card_code": "C001",
        "pref": "奈良県",
        "round": "第28弾",
        "issued_date": "2026/04/24",
        "facility": "橿原市観光交流センター「かしはらナビプラザ」1階",
        "address": "奈良県橿原市内膳町1-6-8",
        "facility_url": null
      }
    },
    {
      "type": "Feature",
      "geometry": {
        "type": "Point",
        "coordinates": [
          135.697128,
          34.694305
        ]
      },
      "properties": {
        "issuer": "生駒市",
        "card_code": null,
        "pref": "奈良県",
        "round": "第08弾",
        "issued_date": "2018/08/11",
        "facility": "観光案内所（IKOBA）",
        "address": "奈良県生駒市北新町10-36",
        "facility_url": "https://www.base-ikoba.com"
      }
    },
    {
      "type": "Feature",
      "geometry": {
        "type": "Point",
        "coordinates": [
          135.79808,
          34.574497
        ]
      },
      "properties": {
        "issuer": "田原本町",
        "card_code": null,
        "pref": "奈良県",
        "round": "第07弾",
        "issued_date": "2018/04/28",
        "facility": "道の駅レスティ唐古・鍵",
        "address": "奈良県磯城郡田原本町大字唐古70-1",
        "facility_url": "https://www.narakotsu.co.jp/kanren/karako-kagi/index.html"
      }
    },
    {
      "type": "Feature",
      "geometry": {
        "type": "Point",
        "coordinates": [
          141.068497,
          38.300156
        ]
      },
      "properties": {
        "issuer": "七ヶ浜町",
        "card_code": "A001",
        "pref": "宮城県",
        "round": "第09弾",
        "issued_date": "2018/12/14",
        "facility": "七ヶ浜国際村",
        "address": "宮城県宮城郡七ヶ浜町花渕浜字大山1-1",
        "facility_url": null
      }
    },
    {
      "type": "Feature",
      "geometry": {
        "type": "Point",
        "coordinates": [
          141.068497,
          38.300156
        ]
      },
      "properties": {
        "issuer": "七ヶ浜町",
        "card_code": "B001",
        "pref": "宮城県",
        "round": "第27弾",
        "issued_date": "2025/12/19",
        "facility": "七ヶ浜国際村",
        "address": "宮城県宮城郡七ヶ浜町花渕浜字大山1-1",
        "facility_url": "https://www.shichigahama.com/"
      }
    },
    {
      "type": "Feature",
      "geometry": {
        "type": "Point",
        "coordinates": [
          140.86879,
          38.044228
        ]
      },
      "properties": {
        "issuer": "亘理町",
        "card_code": null,
        "pref": "宮城県",
        "round": "第16弾",
        "issued_date": "2022/01/15",
        "facility": "【平日】亘理町上下水道課",
        "address": "宮城県亘理郡亘理町字悠里1",
        "facility_url": "http://www.town.watari.miyagi.jp/"
      }
    },
    {
      "type": "Feature",
      "geometry": {
        "type": "Point",
        "coordinates": [
          140.865921,
          38.265327
        ]
      },
      "properties": {
        "issuer": "仙台市",
        "card_code": null,
        "pref": "宮城県",
        "round": "第08弾",
        "issued_date": "2018/08/11",
        "facility": "せんだいメディアテーク",
        "address": "宮城県仙台市青葉区春日町2-1",
        "facility_url": "http://www.smt.jp/"
      }
    },
    {
      "type": "Feature",
      "geometry": {
        "type": "Point",
        "coordinates": [
          140.975601,
          38.330269
        ]
      },
      "properties": {
        "issuer": "利府町",
        "card_code": "A001",
        "pref": "宮城県",
        "round": "第14弾",
        "issued_date": "2021/04/25",
        "facility": "宮城県宮城郡利府町利府字新並松４番地",
        "address": "利府町役場町民交流館「ペア・パル利府」",
        "facility_url": null
      }
    },
    {
      "type": "Feature",
      "geometry": {
        "type": "Point",
        "coordinates": [
          140.975922,
          38.330311
        ]
      },
      "properties": {
        "issuer": "利府町",
        "card_code": "B001",
        "pref": "宮城県",
        "round": "第28弾",
        "issued_date": "2026/04/24",
        "facility": "利府町上下水道部上下水道課",
        "address": "宮城県宮城郡利府町利府字新並松4番地",
        "facility_url": "https://www.town.rifu.miyagi.jp/index.html"
      }
    },
    {
      "type": "Feature",
      "geometry": {
        "type": "Point",
        "coordinates": [
          140.880539,
          38.173935
        ]
      },
      "properties": {
        "issuer": "名取市",
        "card_code": "A001",
        "pref": "宮城県",
        "round": "第08弾",
        "issued_date": "2018/08/11",
        "facility": "ウイングプラザ（名取駅コミュニティプラザ）",
        "address": "宮城県名取市手倉田字八幡287-15",
        "facility_url": "http://www.natori-machidukuri.com/oshirase/plaza.html"
      }
    },
    {
      "type": "Feature",
      "geometry": {
        "type": "Point",
        "coordinates": [
          140.895782,
          38.163731
        ]
      },
      "properties": {
        "issuer": "名取市",
        "card_code": "B001",
        "pref": "宮城県",
        "round": "第23弾",
        "issued_date": "2024/07/26",
        "facility": "名取市観光物産協会　ナトリサン",
        "address": "宮城県名取市杜せきのした５丁目３−１（イオンモール名取１Ｆ）",
        "facility_url": "https://www.kankou.natori.miyagi.jp/tokusan/11870"
      }
    },
    {
      "type": "Feature",
      "geometry": {
        "type": "Point",
        "coordinates": [
          140.919373,
          38.144398
        ]
      },
      "properties": {
        "issuer": "名取市",
        "card_code": "C001",
        "pref": "宮城県",
        "round": "第26弾",
        "issued_date": "2025/07/25",
        "facility": "名取市観光物産協会陣中仙台国際空港店２階",
        "address": "宮城県名取市下増田字南原無番地",
        "facility_url": "https://www.kankou.natori.miyagi.jp/gourmet/9619"
      }
    },
    {
      "type": "Feature",
      "geometry": {
        "type": "Point",
        "coordinates": [
          141.005066,
          38.295341
        ]
      },
      "properties": {
        "issuer": "多賀城市",
        "card_code": "A001",
        "pref": "宮城県",
        "round": "第07弾",
        "issued_date": "2018/04/28",
        "facility": "多賀城市埋蔵文化財調査センター展示室（多賀城市文化センター内）",
        "address": "宮城県多賀城市中央2-27-1",
        "facility_url": null
      }
    },
    {
      "type": "Feature",
      "geometry": {
        "type": "Point",
        "coordinates": [
          141.004608,
          38.293758
        ]
      },
      "properties": {
        "issuer": "多賀城市",
        "card_code": "B001",
        "pref": "宮城県",
        "round": "第08弾",
        "issued_date": "2018/08/11",
        "facility": "史都多賀城観光案内所（JR仙石線多賀城駅）",
        "address": "宮城県多賀城市中央2-1-7",
        "facility_url": "http://www.tagakan.jp/"
      }
    },
    {
      "type": "Feature",
      "geometry": {
        "type": "Point",
        "coordinates": [
          140.989624,
          38.302197
        ]
      },
      "properties": {
        "issuer": "多賀城市",
        "card_code": "C001",
        "pref": "宮城県",
        "round": "第22弾",
        "issued_date": "2024/04/26",
        "facility": "多賀城跡ガイダンス施設（中央公園内）",
        "address": "宮城県多賀城市市川立石3",
        "facility_url": null
      }
    },
    {
      "type": "Feature",
      "geometry": {
        "type": "Point",
        "coordinates": [
          140.88092,
          38.442787
        ]
      },
      "properties": {
        "issuer": "大和町",
        "card_code": null,
        "pref": "宮城県",
        "round": "第13弾",
        "issued_date": "2020/12/17",
        "facility": "大和町ふれあい文化創造センター",
        "address": "宮城県黒川郡大和町吉岡南二丁目4－14",
        "facility_url": null
      }
    },
    {
      "type": "Feature",
      "geometry": {
        "type": "Point",
        "coordinates": [
          140.730759,
          38.049198
        ]
      },
      "properties": {
        "issuer": "大河原町",
        "card_code": null,
        "pref": "宮城県",
        "round": "第07弾",
        "issued_date": "2018/04/28",
        "facility": "【平日】大河原町役場 上下水道課",
        "address": "宮城県柴田郡大河原町字新南19",
        "facility_url": "http://www.town.ogawara.miyagi.jp/"
      }
    },
    {
      "type": "Feature",
      "geometry": {
        "type": "Point",
        "coordinates": [
          140.879944,
          38.467205
        ]
      },
      "properties": {
        "issuer": "大衡村",
        "card_code": "A001",
        "pref": "宮城県",
        "round": "第05弾",
        "issued_date": "2017/08/01",
        "facility": "【開庁日】大衡村役場1階都市建設課",
        "address": "宮城県黒川郡大衡村大衡字平林62番地",
        "facility_url": "https://www.village.ohira.miyagi.jp/soshiki/14/1161.html"
      }
    },
    {
      "type": "Feature",
      "geometry": {
        "type": "Point",
        "coordinates": [
          140.890594,
          38.471535
        ]
      },
      "properties": {
        "issuer": "大衡村",
        "card_code": "B001",
        "pref": "宮城県",
        "round": "第24弾",
        "issued_date": "2024/12/20",
        "facility": "万葉・おおひら館",
        "address": "宮城県黒川郡大衡村大衡字鐙沢12番地2",
        "facility_url": "http://ohirakan.com/"
      }
    },
    {
      "type": "Feature",
      "geometry": {
        "type": "Point",
        "coordinates": [
          140.992783,
          38.423916
        ]
      },
      "properties": {
        "issuer": "大郷町",
        "card_code": null,
        "pref": "宮城県",
        "round": "第25弾",
        "issued_date": "2025/04/25",
        "facility": "道の駅　おおさと",
        "address": "宮城県黒川郡大郷町中村字北浦51番地6",
        "facility_url": "https://oosato-rs.co.jp/"
      }
    },
    {
      "type": "Feature",
      "geometry": {
        "type": "Point",
        "coordinates": [
          141.439194,
          38.451088
        ]
      },
      "properties": {
        "issuer": "女川町",
        "card_code": null,
        "pref": "宮城県",
        "round": "第09弾",
        "issued_date": "2018/12/14",
        "facility": "女川町たびの情報館ぷらっと",
        "address": "宮城県牡鹿郡女川町女川浜字大原479番地の20 SG-7街区1画地",
        "facility_url": "http://www.onagawa.org"
      }
    },
    {
      "type": "Feature",
      "geometry": {
        "type": "Point",
        "coordinates": [
          141.286224,
          38.462696
        ]
      },
      "properties": {
        "issuer": "宮城県",
        "card_code": "流域下水道",
        "pref": "宮城県",
        "round": "第10弾",
        "issued_date": "2019/08/07",
        "facility": "【平日】石巻浄化センター（（株）アイ・ケー・エス）",
        "address": "宮城県石巻市蛇田字新〆切5-2",
        "facility_url": null
      }
    },
    {
      "type": "Feature",
      "geometry": {
        "type": "Point",
        "coordinates": [
          141.07222,
          38.727787
        ]
      },
      "properties": {
        "issuer": "宮城県",
        "card_code": "流域下水道",
        "pref": "宮城県",
        "round": "第18弾",
        "issued_date": "2023/01/28",
        "facility": "宮城県伊豆沼・内沼サンクチュアリセンター",
        "address": "宮城県栗原市若柳字上畑岡敷味17-2",
        "facility_url": "http://izunuma.org/"
      }
    },
    {
      "type": "Feature",
      "geometry": {
        "type": "Point",
        "coordinates": [
          141.03302,
          38.290199
        ]
      },
      "properties": {
        "issuer": "宮城県",
        "card_code": "流域下水道",
        "pref": "宮城県",
        "round": "第26弾",
        "issued_date": "2025/07/25",
        "facility": "仙台港多賀城地区緩衝緑地　管理事務所",
        "address": "宮城県多賀城市大代1丁目16-1",
        "facility_url": "https://tohokudaiken-management.com/sendaikou-tagajo/"
      }
    },
    {
      "type": "Feature",
      "geometry": {
        "type": "Point",
        "coordinates": [
          140.869446,
          38.371807
        ]
      },
      "properties": {
        "issuer": "富谷市",
        "card_code": null,
        "pref": "宮城県",
        "round": "第22弾",
        "issued_date": "2024/04/26",
        "facility": "富谷宿観光交流ステーションとみやど",
        "address": "宮城県富谷市富谷新町111-１",
        "facility_url": "https://tomiyado.com/"
      }
    },
    {
      "type": "Feature",
      "geometry": {
        "type": "Point",
        "coordinates": [
          141.158676,
          38.374954
        ]
      },
      "properties": {
        "issuer": "東松島市",
        "card_code": "A001",
        "pref": "宮城県",
        "round": "第04弾",
        "issued_date": "2017/04/03",
        "facility": "東松島市震災復興伝承館",
        "address": "宮城県東松島市野蒜北余景56-36",
        "facility_url": "https://www.city.higashimatsushima.miyagi.jp/shisei/shinsaifukko/fukkokinenkoen/fukkodensyokan.html"
      }
    },
    {
      "type": "Feature",
      "geometry": {
        "type": "Point",
        "coordinates": [
          141.165543,
          38.376858
        ]
      },
      "properties": {
        "issuer": "東松島市",
        "card_code": "B001",
        "pref": "宮城県",
        "round": "第09弾",
        "issued_date": "2018/12/14",
        "facility": "東松島商工会",
        "address": "宮城県東松島市野蒜北景56-36",
        "facility_url": null
      }
    },
    {
      "type": "Feature",
      "geometry": {
        "type": "Point",
        "coordinates": [
          141.164749,
          38.399994
        ]
      },
      "properties": {
        "issuer": "東松島市",
        "card_code": "C001",
        "pref": "宮城県",
        "round": "第21弾",
        "issued_date": "2023/12/15",
        "facility": "東松島市役所 鳴瀬庁舎2階 都市整備課窓口",
        "address": "宮城県東松島市小野字 新宮前5番地",
        "facility_url": null
      }
    },
    {
      "type": "Feature",
      "geometry": {
        "type": "Point",
        "coordinates": [
          141.139587,
          38.551563
        ]
      },
      "properties": {
        "issuer": "涌谷町",
        "card_code": null,
        "pref": "宮城県",
        "round": "第03弾",
        "issued_date": "2016/12/01",
        "facility": "わくや万葉の里 天平ろまん館",
        "address": "宮城県遠田郡涌谷町涌谷字黄金山1-3",
        "facility_url": "http://www.tenpyou.jp/index.html"
      }
    },
    {
      "type": "Feature",
      "geometry": {
        "type": "Point",
        "coordinates": [
          140.618622,
          38.002533
        ]
      },
      "properties": {
        "issuer": "白石市",
        "card_code": null,
        "pref": "宮城県",
        "round": "第06弾",
        "issued_date": "2017/12/09",
        "facility": "白石城歴史探訪ミュージアム",
        "address": "宮城県白石市益岡町1-16",
        "facility_url": "http://shiro-f.jp/shiroishijo/"
      }
    },
    {
      "type": "Feature",
      "geometry": {
        "type": "Point",
        "coordinates": [
          141.309875,
          38.430599
        ]
      },
      "properties": {
        "issuer": "石巻市",
        "card_code": "A001",
        "pref": "宮城県",
        "round": "第10弾",
        "issued_date": "2019/08/07",
        "facility": "石巻市かわまち交流センター",
        "address": "宮城県石巻市中央二丁目11番17",
        "facility_url": "http://www.city.ishinomaki.lg.jp/cont/10505200/1212/20180919113612.html"
      }
    },
    {
      "type": "Feature",
      "geometry": {
        "type": "Point",
        "coordinates": [
          141.310959,
          38.429367
        ]
      },
      "properties": {
        "issuer": "石巻市",
        "card_code": "B001",
        "pref": "宮城県",
        "round": "第28弾",
        "issued_date": "2026/04/24",
        "facility": "石ノ森萬画館",
        "address": "宮城県石巻市中瀬2番7号",
        "facility_url": "https://www.mangattan.jp/manga/"
      }
    },
    {
      "type": "Feature",
      "geometry": {
        "type": "Point",
        "coordinates": [
          131.406921,
          31.914991
        ]
      },
      "properties": {
        "issuer": "宮崎市",
        "card_code": "A001",
        "pref": "宮崎県",
        "round": "第03弾",
        "issued_date": "2016/12/01",
        "facility": "【平日昼間】宮崎市上下水道局３階 下水道整備課",
        "address": "宮崎県宮崎市鶴島3-252",
        "facility_url": "http://www.suidou-miyazaki.jp/"
      }
    },
    {
      "type": "Feature",
      "geometry": {
        "type": "Point",
        "coordinates": [
          131.451813,
          31.898895
        ]
      },
      "properties": {
        "issuer": "宮崎市",
        "card_code": "B001",
        "pref": "宮崎県",
        "round": "第24弾",
        "issued_date": "2024/12/20",
        "facility": "宮崎市下水道施設課（宮崎処理場内）",
        "address": "宮崎県宮崎市高洲町10番地",
        "facility_url": "https://www.city.miyazaki.miyazaki.jp/suidou/summary/sewer/393623.html"
      }
    },
    {
      "type": "Feature",
      "geometry": {
        "type": "Point",
        "coordinates": [
          130.973038,
          31.996765
        ]
      },
      "properties": {
        "issuer": "小林市",
        "card_code": null,
        "pref": "宮崎県",
        "round": "第25弾",
        "issued_date": "2025/04/25",
        "facility": "【平日】",
        "address": "宮崎県小林市役所上下水道課",
        "facility_url": "https://www.city.kobayashi.lg.jp/index.html"
      }
    },
    {
      "type": "Feature",
      "geometry": {
        "type": "Point",
        "coordinates": [
          131.624207,
          32.423183
        ]
      },
      "properties": {
        "issuer": "日向市",
        "card_code": null,
        "pref": "宮崎県",
        "round": "第18弾",
        "issued_date": "2023/01/28",
        "facility": "【平日】日向市役所上下水道局下水道課(別館 健康管理センター1階)",
        "address": "宮崎県日向市本町10-5",
        "facility_url": "http://www.hyugacity.jp/display.php?slist=0024"
      }
    },
    {
      "type": "Feature",
      "geometry": {
        "type": "Point",
        "coordinates": [
          137.213165,
          36.695351
        ]
      },
      "properties": {
        "issuer": "富山市",
        "card_code": "A001",
        "pref": "富山県",
        "round": "第02弾",
        "issued_date": "2016/08/01",
        "facility": "富山市役所",
        "address": "富山県富山市新桜町7-38",
        "facility_url": "https://www.city.toyama.lg.jp"
      }
    },
    {
      "type": "Feature",
      "geometry": {
        "type": "Point",
        "coordinates": [
          137.212585,
          36.693409
        ]
      },
      "properties": {
        "issuer": "富山市",
        "card_code": "B001",
        "pref": "富山県",
        "round": "第09弾",
        "issued_date": "2018/12/14",
        "facility": "富山市まちなか観光案内所",
        "address": "富山県富山市本丸1-45",
        "facility_url": "http://www.toyamashi-kankoukyoukai.jp"
      }
    },
    {
      "type": "Feature",
      "geometry": {
        "type": "Point",
        "coordinates": [
          137.211365,
          36.690559
        ]
      },
      "properties": {
        "issuer": "富山市",
        "card_code": "D001",
        "pref": "富山県",
        "round": "第13弾",
        "issued_date": "2020/12/17",
        "facility": "富山市民プラザ",
        "address": "富山県富山市大手町６番１４号",
        "facility_url": "https://www.siminplaza.co.jp/"
      }
    },
    {
      "type": "Feature",
      "geometry": {
        "type": "Point",
        "coordinates": [
          137.130173,
          36.57637
        ]
      },
      "properties": {
        "issuer": "富山市",
        "card_code": "G001",
        "pref": "富山県",
        "round": "第17弾",
        "issued_date": "2022/08/06",
        "facility": "越中八尾観光会館",
        "address": "富山県富山市八尾町上新町2898-1",
        "facility_url": "https://www.yatsuo.net"
      }
    },
    {
      "type": "Feature",
      "geometry": {
        "type": "Point",
        "coordinates": [
          137.211761,
          36.702045
        ]
      },
      "properties": {
        "issuer": "富山市",
        "card_code": "H001",
        "pref": "富山県",
        "round": "第24弾",
        "issued_date": "2024/12/20",
        "facility": "路面電車等公共交通案内所",
        "address": "富山県富山市明輪町73番5号（富山駅停留場（市内電車）8番ホーム側）",
        "facility_url": null
      }
    },
    {
      "type": "Feature",
      "geometry": {
        "type": "Point",
        "coordinates": [
          137.213165,
          36.695351
        ]
      },
      "properties": {
        "issuer": "富山市",
        "card_code": "I001",
        "pref": "富山県",
        "round": "第28弾",
        "issued_date": "2026/04/24",
        "facility": "富山市役所 西館 2階 上下水道局お客さまサービスステーション",
        "address": "富山県富山市新桜町7-38",
        "facility_url": "https://www.city.toyama.lg.jp/kurashi/suido/1018440/1018454/1011634.html"
      }
    },
    {
      "type": "Feature",
      "geometry": {
        "type": "Point",
        "coordinates": [
          137.209549,
          36.710133
        ]
      },
      "properties": {
        "issuer": "富山市(C001)",
        "card_code": null,
        "pref": "富山県",
        "round": "第11弾",
        "issued_date": "2019/12/14",
        "facility": "富山市民芸術創造センター",
        "address": "富山県富山市牛島本町二丁目1番20号",
        "facility_url": "https://www.geisou-toyama.jp/"
      }
    },
    {
      "type": "Feature",
      "geometry": {
        "type": "Point",
        "coordinates": [
          137.084427,
          36.752098
        ]
      },
      "properties": {
        "issuer": "射水市",
        "card_code": null,
        "pref": "富山県",
        "round": "第05弾",
        "issued_date": "2017/08/01",
        "facility": "道の駅 まるごと射水　物産館事務所",
        "address": "富山県射水市鏡宮296",
        "facility_url": "https://shinminato.co.jp"
      }
    },
    {
      "type": "Feature",
      "geometry": {
        "type": "Point",
        "coordinates": [
          136.876556,
          36.689358
        ]
      },
      "properties": {
        "issuer": "小矢部市",
        "card_code": "A001",
        "pref": "富山県",
        "round": "第10弾",
        "issued_date": "2019/08/07",
        "facility": "道の駅メルヘンおやべ",
        "address": "富山県小矢部市桜町1535-1",
        "facility_url": "https://michinoeki-oyabe.com/"
      }
    },
    {
      "type": "Feature",
      "geometry": {
        "type": "Point",
        "coordinates": [
          136.865311,
          36.67289
        ]
      },
      "properties": {
        "issuer": "小矢部市",
        "card_code": "B001",
        "pref": "富山県",
        "round": "第17弾",
        "issued_date": "2022/08/06",
        "facility": "石動駅観光案内所",
        "address": "富山県小矢部市石動町11-10（石動駅構内）",
        "facility_url": "http://www.oyabe.info/"
      }
    },
    {
      "type": "Feature",
      "geometry": {
        "type": "Point",
        "coordinates": [
          136.987396,
          36.861485
        ]
      },
      "properties": {
        "issuer": "氷見市",
        "card_code": null,
        "pref": "富山県",
        "round": "第06弾",
        "issued_date": "2017/12/09",
        "facility": "氷見市漁業文化交流センター",
        "address": "富山県氷見市中央町７番１号",
        "facility_url": "https://himigyogyou.com/"
      }
    },
    {
      "type": "Feature",
      "geometry": {
        "type": "Point",
        "coordinates": [
          137.344299,
          36.767574
        ]
      },
      "properties": {
        "issuer": "滑川市",
        "card_code": null,
        "pref": "富山県",
        "round": "第23弾",
        "issued_date": "2024/07/26",
        "facility": "滑川市民交流プラザ1階 管理事務室",
        "address": "富山県滑川市吾妻町426番地",
        "facility_url": "https://plaza.bunspo-namerikawa.jp/"
      }
    },
    {
      "type": "Feature",
      "geometry": {
        "type": "Point",
        "coordinates": [
          136.959732,
          36.641731
        ]
      },
      "properties": {
        "issuer": "砺波市",
        "card_code": null,
        "pref": "富山県",
        "round": "第14弾",
        "issued_date": "2021/04/25",
        "facility": "一般社団法人　砺波市観光協会",
        "address": "富山県砺波市宮沢町３番９号",
        "facility_url": "http://www.tonami-kankou.org/"
      }
    },
    {
      "type": "Feature",
      "geometry": {
        "type": "Point",
        "coordinates": [
          137.30217,
          36.710182
        ]
      },
      "properties": {
        "issuer": "舟橋村",
        "card_code": null,
        "pref": "富山県",
        "round": "第09弾",
        "issued_date": "2018/12/14",
        "facility": "【平日】中新川広域行政事務組合　下水道課",
        "address": "富山県中新川郡舟橋村国重242",
        "facility_url": "http://www.union.nakaniikawa.toyama.jp/"
      }
    },
    {
      "type": "Feature",
      "geometry": {
        "type": "Point",
        "coordinates": [
          137.03363,
          36.815006
        ]
      },
      "properties": {
        "issuer": "高岡市",
        "card_code": "A001",
        "pref": "富山県",
        "round": "第09弾",
        "issued_date": "2018/12/14",
        "facility": "道の駅「雨晴（あまはらし）」",
        "address": "富山県高岡市太田24番地74",
        "facility_url": "https://michinoeki-amaharashi.jp/"
      }
    },
    {
      "type": "Feature",
      "geometry": {
        "type": "Point",
        "coordinates": [
          137.052811,
          36.79287
        ]
      },
      "properties": {
        "issuer": "高岡市",
        "card_code": "B001",
        "pref": "富山県",
        "round": "第14弾",
        "issued_date": "2021/04/25",
        "facility": "雲龍山勝興寺",
        "address": "富山県高岡市伏木古国府17-1",
        "facility_url": "https://www.shoukouji.jp/"
      }
    },
    {
      "type": "Feature",
      "geometry": {
        "type": "Point",
        "coordinates": [
          131.897705,
          34.012997
        ]
      },
      "properties": {
        "issuer": "下松市",
        "card_code": "C001",
        "pref": "山口県",
        "round": "第28弾",
        "issued_date": "2026/04/24",
        "facility": "下松スポーツ公園体育館管理事務所",
        "address": "山口県下松市大字河内字恋路10140",
        "facility_url": "http://k-kanrikousha-orjp.check-xserver.jp/sportspark/supokou.html"
      }
    },
    {
      "type": "Feature",
      "geometry": {
        "type": "Point",
        "coordinates": [
          131.869873,
          34.014641
        ]
      },
      "properties": {
        "issuer": "下松市(A001)",
        "card_code": null,
        "pref": "山口県",
        "round": "第03弾",
        "issued_date": "2016/12/01",
        "facility": "下松市上下水道局 窓口",
        "address": "山口県下松市大手町3-3-2（上下水道局２階）",
        "facility_url": "http://www.city.kudamatsu.lg.jp/sui-gesui/kurashi/jougesuidou/gesuidou/manhole-card.html"
      }
    },
    {
      "type": "Feature",
      "geometry": {
        "type": "Point",
        "coordinates": [
          131.873764,
          34.014011
        ]
      },
      "properties": {
        "issuer": "下松市(B001)",
        "card_code": null,
        "pref": "山口県",
        "round": "第11弾",
        "issued_date": "2019/12/14",
        "facility": "【月・木以外】下松市観光案内所",
        "address": "山口県下松市西豊井1247(下松駅南口)",
        "facility_url": null
      }
    },
    {
      "type": "Feature",
      "geometry": {
        "type": "Point",
        "coordinates": [
          130.990234,
          33.996159
        ]
      },
      "properties": {
        "issuer": "下関市",
        "card_code": "A001",
        "pref": "山口県",
        "round": "第08弾",
        "issued_date": "2018/08/11",
        "facility": "長府観光会館",
        "address": "下関市長府侍町二丁目1-15",
        "facility_url": "https://shimonoseki-kgb.jp/spot/%e9%95%b7%e5%ba%9c%e8%a6%b3%e5%85%89%e4%bc%9a%e9%a4%a8/"
      }
    },
    {
      "type": "Feature",
      "geometry": {
        "type": "Point",
        "coordinates": [
          130.989944,
          33.989994
        ]
      },
      "properties": {
        "issuer": "下関市",
        "card_code": "B001",
        "pref": "山口県",
        "round": "第13弾",
        "issued_date": "2020/12/17",
        "facility": "長府庭園",
        "address": "山口県下関市長府黒門東町8番11号",
        "facility_url": "http://s-kanrikousha.com"
      }
    },
    {
      "type": "Feature",
      "geometry": {
        "type": "Point",
        "coordinates": [
          131.803482,
          34.050697
        ]
      },
      "properties": {
        "issuer": "周南市",
        "card_code": null,
        "pref": "山口県",
        "round": "第26弾",
        "issued_date": "2025/07/25",
        "facility": "周南市観光案内所まちのポート",
        "address": "山口県周南市みなみ銀座1-26 TOKUYAMA DECK　D1　1階",
        "facility_url": "https://kanko-shunan.com/"
      }
    },
    {
      "type": "Feature",
      "geometry": {
        "type": "Point",
        "coordinates": [
          132.215622,
          34.191975
        ]
      },
      "properties": {
        "issuer": "和木町",
        "card_code": "A001",
        "pref": "山口県",
        "round": "第07弾",
        "issued_date": "2018/04/28",
        "facility": "和木町蜂ヶ峯総合公園 管理棟",
        "address": "山口県玖珂郡和木町大字瀬田紺屋作260-1",
        "facility_url": "https://www.hachigamine-grand-park.com/"
      }
    },
    {
      "type": "Feature",
      "geometry": {
        "type": "Point",
        "coordinates": [
          132.215622,
          34.191975
        ]
      },
      "properties": {
        "issuer": "和木町",
        "card_code": "B001",
        "pref": "山口県",
        "round": "第20弾",
        "issued_date": "2023/07/28",
        "facility": "和木町蜂ヶ峯総合公園　Ｂｅｅ＋交流棟",
        "address": "山口県玖珂郡和木町瀬田173番地４",
        "facility_url": "https://www.wakiiine.net/"
      }
    },
    {
      "type": "Feature",
      "geometry": {
        "type": "Point",
        "coordinates": [
          131.28804,
          33.948143
        ]
      },
      "properties": {
        "issuer": "宇部市",
        "card_code": "A001",
        "pref": "山口県",
        "round": "第10弾",
        "issued_date": "2019/08/07",
        "facility": "ときわ湖水ホール",
        "address": "山口県宇部市大字沖宇部254",
        "facility_url": null
      }
    },
    {
      "type": "Feature",
      "geometry": {
        "type": "Point",
        "coordinates": [
          131.245132,
          33.957844
        ]
      },
      "properties": {
        "issuer": "宇部市",
        "card_code": "B001",
        "pref": "山口県",
        "round": "第16弾",
        "issued_date": "2022/01/15",
        "facility": "宇部市新川ふれあいセンター",
        "address": "山口県宇部市朝日町8-20",
        "facility_url": null
      }
    },
    {
      "type": "Feature",
      "geometry": {
        "type": "Point",
        "coordinates": [
          131.480927,
          34.172951
        ]
      },
      "properties": {
        "issuer": "山口市",
        "card_code": "A001",
        "pref": "山口県",
        "round": "第03弾",
        "issued_date": "2016/12/01",
        "facility": "山口観光案内所",
        "address": "山口県山口市惣太夫町2-1（山口駅1階）",
        "facility_url": "http://yamaguchi-city.jp/convenience/information.html"
      }
    },
    {
      "type": "Feature",
      "geometry": {
        "type": "Point",
        "coordinates": [
          131.39827,
          34.094578
        ]
      },
      "properties": {
        "issuer": "山口市",
        "card_code": "B001",
        "pref": "山口県",
        "round": "第04弾",
        "issued_date": "2017/04/03",
        "facility": "新山口駅観光交流センター",
        "address": "山口県山口市小郡令和1-2-6",
        "facility_url": "https://yamaguchi-city.jp/k-center/"
      }
    },
    {
      "type": "Feature",
      "geometry": {
        "type": "Point",
        "coordinates": [
          131.456726,
          34.164364
        ]
      },
      "properties": {
        "issuer": "山口市",
        "card_code": "C001",
        "pref": "山口県",
        "round": "第06弾",
        "issued_date": "2017/12/09",
        "facility": "湯田温泉観光案内所",
        "address": "山口県山口市湯田温泉2-1-23",
        "facility_url": "http://yamaguchi-city.jp/convenience/information.html"
      }
    },
    {
      "type": "Feature",
      "geometry": {
        "type": "Point",
        "coordinates": [
          131.343506,
          34.016357
        ]
      },
      "properties": {
        "issuer": "山口市",
        "card_code": "D001",
        "pref": "山口県",
        "round": "第22弾",
        "issued_date": "2024/04/26",
        "facility": "阿知須いぐらの館",
        "address": "山口県山口市阿知須3425",
        "facility_url": "https://www.city.yamaguchi.lg.jp/map/7299.html"
      }
    },
    {
      "type": "Feature",
      "geometry": {
        "type": "Point",
        "coordinates": [
          131.457123,
          34.028282
        ]
      },
      "properties": {
        "issuer": "山口市",
        "card_code": "E001",
        "pref": "山口県",
        "round": "第28弾",
        "issued_date": "2026/04/24",
        "facility": "道の駅あいお",
        "address": "山口県山口市秋穂東1520番地4",
        "facility_url": "https://michinoeki-aio.com"
      }
    },
    {
      "type": "Feature",
      "geometry": {
        "type": "Point",
        "coordinates": [
          131.176041,
          33.990372
        ]
      },
      "properties": {
        "issuer": "山陽小野田市",
        "card_code": "A001",
        "pref": "山口県",
        "round": "第12弾",
        "issued_date": "2020/04/25",
        "facility": "歴史民俗資料館",
        "address": "山口県山陽小野田市栄町9-21",
        "facility_url": "https://www.city.sanyo-onoda.lg.jp/site/rekimin/shisetu-annai.html"
      }
    },
    {
      "type": "Feature",
      "geometry": {
        "type": "Point",
        "coordinates": [
          131.172302,
          33.957695
        ]
      },
      "properties": {
        "issuer": "山陽小野田市",
        "card_code": "B001",
        "pref": "山口県",
        "round": "第25弾",
        "issued_date": "2025/04/25",
        "facility": "おのサンサッカーパーク（山陽小野田市立サッカー交流公園）",
        "address": "山口県山陽小野田市大字小野田7525-17",
        "facility_url": "https://soc-park.com"
      }
    },
    {
      "type": "Feature",
      "geometry": {
        "type": "Point",
        "coordinates": [
          132.179245,
          34.166218
        ]
      },
      "properties": {
        "issuer": "岩国市",
        "card_code": "A001",
        "pref": "山口県",
        "round": "第10弾",
        "issued_date": "2019/08/07",
        "facility": "岩国市観光交流所本家 松がね",
        "address": "山口県岩国市岩国1丁目7-3",
        "facility_url": "http://honke-matsugane.jp/"
      }
    },
    {
      "type": "Feature",
      "geometry": {
        "type": "Point",
        "coordinates": [
          132.226639,
          34.170189
        ]
      },
      "properties": {
        "issuer": "岩国市",
        "card_code": "B001",
        "pref": "山口県",
        "round": "第23弾",
        "issued_date": "2024/07/26",
        "facility": "岩国市英語交流センター「PLAT　ABC」",
        "address": "山口県岩国市元町⼀丁⽬1番1号 レジデンス岩国駅東1階",
        "facility_url": "https://plat-abc.jp/"
      }
    },
    {
      "type": "Feature",
      "geometry": {
        "type": "Point",
        "coordinates": [
          132.176926,
          34.035919
        ]
      },
      "properties": {
        "issuer": "岩国市",
        "card_code": "C001",
        "pref": "山口県",
        "round": "第28弾",
        "issued_date": "2026/04/24",
        "facility": "潮風公園みなとオアシスゆう",
        "address": "山口県岩国市由宇町8500-6",
        "facility_url": "https://www.carpbeach.org/"
      }
    },
    {
      "type": "Feature",
      "geometry": {
        "type": "Point",
        "coordinates": [
          132.105743,
          33.971172
        ]
      },
      "properties": {
        "issuer": "柳井市",
        "card_code": null,
        "pref": "山口県",
        "round": "第23弾",
        "issued_date": "2024/07/26",
        "facility": "柳井市観光協会",
        "address": "山口県柳井市柳井3714-1",
        "facility_url": "http://www.kanko-yanai.com/"
      }
    },
    {
      "type": "Feature",
      "geometry": {
        "type": "Point",
        "coordinates": [
          131.297791,
          34.232285
        ]
      },
      "properties": {
        "issuer": "美祢市",
        "card_code": null,
        "pref": "山口県",
        "round": "第25弾",
        "issued_date": "2025/04/25",
        "facility": "秋芳洞案内所",
        "address": "山口県美祢市秋芳町秋吉3449番地1",
        "facility_url": "https://karusuto.com"
      }
    },
    {
      "type": "Feature",
      "geometry": {
        "type": "Point",
        "coordinates": [
          131.399139,
          34.410034
        ]
      },
      "properties": {
        "issuer": "萩市",
        "card_code": null,
        "pref": "山口県",
        "round": "第11弾",
        "issued_date": "2019/12/14",
        "facility": "萩・明倫学舎",
        "address": "山口県萩市大字江向６０２番地",
        "facility_url": "http://www.city.hagi.lg.jp/site/meiringakusha/index.html"
      }
    },
    {
      "type": "Feature",
      "geometry": {
        "type": "Point",
        "coordinates": [
          131.201813,
          34.390816
        ]
      },
      "properties": {
        "issuer": "長門市",
        "card_code": "A001",
        "pref": "山口県",
        "round": "第29弾",
        "issued_date": "2026/07/31",
        "facility": "長門市観光案内所　YUKUTE",
        "address": "山口県長門市仙崎4297-6",
        "facility_url": "https://nanavi.jp/"
      }
    },
    {
      "type": "Feature",
      "geometry": {
        "type": "Point",
        "coordinates": [
          131.569901,
          34.054028
        ]
      },
      "properties": {
        "issuer": "防府市",
        "card_code": null,
        "pref": "山口県",
        "round": "第06弾",
        "issued_date": "2017/12/09",
        "facility": "防府市地域交流センター（アスピラート） １階事務室",
        "address": "山口県防府市戎町１－１－２８",
        "facility_url": "http://aspirante-hofu.com/"
      }
    },
    {
      "type": "Feature",
      "geometry": {
        "type": "Point",
        "coordinates": [
          140.278198,
          38.152458
        ]
      },
      "properties": {
        "issuer": "上山市",
        "card_code": null,
        "pref": "山形県",
        "round": "第04弾",
        "issued_date": "2017/04/03",
        "facility": "かみのやま温泉観光案内所（ＪＲかみのやま温泉駅前）",
        "address": "山形県上山市矢来1-2-1",
        "facility_url": "https://kaminoyama-spa.com/news/sightseeing/2633.html"
      }
    },
    {
      "type": "Feature",
      "geometry": {
        "type": "Point",
        "coordinates": [
          140.14888,
          38.054379
        ]
      },
      "properties": {
        "issuer": "南陽市",
        "card_code": null,
        "pref": "山形県",
        "round": "第04弾",
        "issued_date": "2017/04/03",
        "facility": "南陽市上下水道課 水道庁舎",
        "address": "山形県南陽市三間通466-15",
        "facility_url": "http://www.city.nanyo.yamagata.jp/zyougesuido/index.html"
      }
    },
    {
      "type": "Feature",
      "geometry": {
        "type": "Point",
        "coordinates": [
          140.378326,
          38.363113
        ]
      },
      "properties": {
        "issuer": "天童市",
        "card_code": null,
        "pref": "山形県",
        "round": "第03弾",
        "issued_date": "2016/12/01",
        "facility": "天童市上下水道事業所",
        "address": "山形県天童市老野森1-3-25",
        "facility_url": "http://www.city.tendo.yamagata.jp/livinfo/machidukuri/tennyu_tensyutu.html"
      }
    },
    {
      "type": "Feature",
      "geometry": {
        "type": "Point",
        "coordinates": [
          140.369781,
          38.360241
        ]
      },
      "properties": {
        "issuer": "天童市",
        "card_code": "B001",
        "pref": "山形県",
        "round": "第29弾",
        "issued_date": "2026/07/31",
        "facility": "天童市将棋資料館",
        "address": "山形県天童市本町一丁目1番1号",
        "facility_url": "http://bussan-tendo.gr.jp"
      }
    },
    {
      "type": "Feature",
      "geometry": {
        "type": "Point",
        "coordinates": [
          140.269684,
          38.398815
        ]
      },
      "properties": {
        "issuer": "寒河江市",
        "card_code": null,
        "pref": "山形県",
        "round": "第05弾",
        "issued_date": "2017/08/01",
        "facility": "道の駅寒河江チェリーランド（総合観光案内所内）",
        "address": "山形県寒河江市大字八鍬字川原919-6",
        "facility_url": "https://www.cherryland.co.jp/"
      }
    },
    {
      "type": "Feature",
      "geometry": {
        "type": "Point",
        "coordinates": [
          140.312744,
          38.18924
        ]
      },
      "properties": {
        "issuer": "山形市",
        "card_code": "A001",
        "pref": "山形県",
        "round": "第22弾",
        "issued_date": "2024/04/26",
        "facility": "道の駅やまがた蔵王",
        "address": "山形県山形市表蔵王79番地1",
        "facility_url": "https://www.m-yzao.com/"
      }
    },
    {
      "type": "Feature",
      "geometry": {
        "type": "Point",
        "coordinates": [
          140.332993,
          38.255363
        ]
      },
      "properties": {
        "issuer": "山形市",
        "card_code": "B001",
        "pref": "山形県",
        "round": "第25弾",
        "issued_date": "2025/04/25",
        "facility": "最上義光歴史館",
        "address": "山形県山形市大手町1-53",
        "facility_url": "https://mogamiyoshiaki.jp/"
      }
    },
    {
      "type": "Feature",
      "geometry": {
        "type": "Point",
        "coordinates": [
          140.34668,
          38.393562
        ]
      },
      "properties": {
        "issuer": "山形県",
        "card_code": "流域下水道",
        "pref": "山形県",
        "round": "第06弾",
        "issued_date": "2017/12/09",
        "facility": "【平日】山形浄化センター",
        "address": "山形県天童市大字大町字西原1915（（公財）山形県建設技術センター 下水道事業所）",
        "facility_url": "http://www.y-ctc.jp/outline/outline/index.html"
      }
    },
    {
      "type": "Feature",
      "geometry": {
        "type": "Point",
        "coordinates": [
          140.296143,
          38.766922
        ]
      },
      "properties": {
        "issuer": "新庄市",
        "card_code": null,
        "pref": "山形県",
        "round": "第11弾",
        "issued_date": "2019/12/14",
        "facility": "新庄ふるさと歴史センター",
        "address": "山形県新庄市堀端町4番74号",
        "facility_url": "http://www.city.shinjo.yamagata.jp"
      }
    },
    {
      "type": "Feature",
      "geometry": {
        "type": "Point",
        "coordinates": [
          140.381378,
          38.42765
        ]
      },
      "properties": {
        "issuer": "東根市",
        "card_code": null,
        "pref": "山形県",
        "round": "第08弾",
        "issued_date": "2018/08/11",
        "facility": "東根市観光物産協会",
        "address": "山形県東根市さくらんぼ駅前1-1-1（さくらんぼ東根駅1階）",
        "facility_url": "http://www.higashine.com/"
      }
    },
    {
      "type": "Feature",
      "geometry": {
        "type": "Point",
        "coordinates": [
          140.299973,
          38.438984
        ]
      },
      "properties": {
        "issuer": "河北町",
        "card_code": null,
        "pref": "山形県",
        "round": "第09弾",
        "issued_date": "2018/12/14",
        "facility": "紅花資料館　物産館",
        "address": "山形県西村山郡河北町谷地戊1143",
        "facility_url": "https://www.town.kahoku.yamagata.jp/soshiki/shoko/kankousinkou/3343/742.html"
      }
    },
    {
      "type": "Feature",
      "geometry": {
        "type": "Point",
        "coordinates": [
          140.138596,
          37.925102
        ]
      },
      "properties": {
        "issuer": "米沢市",
        "card_code": null,
        "pref": "山形県",
        "round": "第27弾",
        "issued_date": "2025/12/19",
        "facility": "道の駅米沢",
        "address": "山形県米沢市川井1039-1",
        "facility_url": "https://michinoeki-yonezawa.jp/"
      }
    },
    {
      "type": "Feature",
      "geometry": {
        "type": "Point",
        "coordinates": [
          140.321243,
          38.695293
        ]
      },
      "properties": {
        "issuer": "舟形町",
        "card_code": null,
        "pref": "山形県",
        "round": "第08弾",
        "issued_date": "2018/08/11",
        "facility": "舟形町観光物産センターめがみ",
        "address": "山形県最上郡舟形町舟形391-2（舟形駅構内）",
        "facility_url": "http://www.town.funagata.yamagata.jp/"
      }
    },
    {
      "type": "Feature",
      "geometry": {
        "type": "Point",
        "coordinates": [
          139.844711,
          38.920998
        ]
      },
      "properties": {
        "issuer": "酒田市",
        "card_code": null,
        "pref": "山形県",
        "round": "第17弾",
        "issued_date": "2022/08/06",
        "facility": "酒田駅前観光案内所(酒田駅前交流拠点施設ミライニ内)",
        "address": "山形県酒田市幸町一丁目10番1号",
        "facility_url": "https://miraini-sakata.jp/"
      }
    },
    {
      "type": "Feature",
      "geometry": {
        "type": "Point",
        "coordinates": [
          139.836121,
          38.715908
        ]
      },
      "properties": {
        "issuer": "鶴岡市",
        "card_code": "A001",
        "pref": "山形県",
        "round": "第01弾",
        "issued_date": "2016/04/01",
        "facility": "鶴岡市下水道部",
        "address": "山形県鶴岡市のぞみ町2-10",
        "facility_url": "https://www.city.tsuruoka.lg.jp/kurashi/suido/gesuido/index.html"
      }
    },
    {
      "type": "Feature",
      "geometry": {
        "type": "Point",
        "coordinates": [
          139.836075,
          38.739204
        ]
      },
      "properties": {
        "issuer": "鶴岡市",
        "card_code": "B001",
        "pref": "山形県",
        "round": "第10弾",
        "issued_date": "2019/08/07",
        "facility": "鶴岡市観光案内所",
        "address": "山形県鶴岡市末広町3-1　マリカ東館1F（FOODEVER内）",
        "facility_url": "https://www.tsuruokakanko.com"
      }
    },
    {
      "type": "Feature",
      "geometry": {
        "type": "Point",
        "coordinates": [
          139.108566,
          35.629982
        ]
      },
      "properties": {
        "issuer": "上野原市",
        "card_code": null,
        "pref": "山梨県",
        "round": "第03弾",
        "issued_date": "2016/12/01",
        "facility": "上野原市役所 生活環境課 下水道担当",
        "address": "山梨県上野原市上野原3832",
        "facility_url": "https://www.city.uenohara.yamanashi.jp/"
      }
    },
    {
      "type": "Feature",
      "geometry": {
        "type": "Point",
        "coordinates": [
          138.517197,
          35.599976
        ]
      },
      "properties": {
        "issuer": "中央市",
        "card_code": null,
        "pref": "山梨県",
        "round": "第02弾",
        "issued_date": "2016/08/01",
        "facility": "中央市役所 上下水道課",
        "address": "山梨県中央市臼井阿原301-1（南館）",
        "facility_url": "https://www.city.chuo.yamanashi.jp/benriservice/facilitymap/bunya/koukyousisetsu/684.html"
      }
    },
    {
      "type": "Feature",
      "geometry": {
        "type": "Point",
        "coordinates": [
          138.470657,
          35.637886
        ]
      },
      "properties": {
        "issuer": "南アルプス市",
        "card_code": "A001",
        "pref": "山梨県",
        "round": "第13弾",
        "issued_date": "2020/12/17",
        "facility": "道の駅しらね（情報館）",
        "address": "山梨県南アルプス市在家塚595-1",
        "facility_url": "https://www.city.minami-alps.yamanashi.jp/sisetsu/shisetsu/michinoeki-shirane/"
      }
    },
    {
      "type": "Feature",
      "geometry": {
        "type": "Point",
        "coordinates": [
          138.480011,
          35.612911
        ]
      },
      "properties": {
        "issuer": "南アルプス市",
        "card_code": "B001",
        "pref": "山梨県",
        "round": "第26弾",
        "issued_date": "2025/07/25",
        "facility": "fumotto南アルプス「まちの案内所」",
        "address": "山梨県南アルプス市十日市場1571-1（fumotto南アルプス臨時駐車場内）",
        "facility_url": "https://minami-alpskankou.jp/?p=20273"
      }
    },
    {
      "type": "Feature",
      "geometry": {
        "type": "Point",
        "coordinates": [
          138.932495,
          35.6068
        ]
      },
      "properties": {
        "issuer": "大月市",
        "card_code": null,
        "pref": "山梨県",
        "round": "第21弾",
        "issued_date": "2023/12/15",
        "facility": "【平日】大月市役所花咲庁舎地域整備課",
        "address": "山梨県大月市大月町花咲1608-19",
        "facility_url": "https://www.city.otsuki.yamanashi.jp/"
      }
    },
    {
      "type": "Feature",
      "geometry": {
        "type": "Point",
        "coordinates": [
          138.754791,
          35.497009
        ]
      },
      "properties": {
        "issuer": "富士河口湖町",
        "card_code": "A001",
        "pref": "山梨県",
        "round": "第16弾",
        "issued_date": "2022/01/15",
        "facility": "【平日】富士河口湖町役場水道課",
        "address": "山梨県南都留郡富士河口湖町船津1700",
        "facility_url": "https://www.town.fujikawaguchiko.lg.jp/"
      }
    },
    {
      "type": "Feature",
      "geometry": {
        "type": "Point",
        "coordinates": [
          138.734467,
          35.504158
        ]
      },
      "properties": {
        "issuer": "富士河口湖町",
        "card_code": "B001",
        "pref": "山梨県",
        "round": "第19弾",
        "issued_date": "2023/04/28",
        "facility": "道の駅かつやま",
        "address": "山梨県南都留郡富士河口湖町勝山3758-1",
        "facility_url": "https://www.town.fujikawaguchiko.lg.jp/"
      }
    },
    {
      "type": "Feature",
      "geometry": {
        "type": "Point",
        "coordinates": [
          138.668045,
          35.494381
        ]
      },
      "properties": {
        "issuer": "富士河口湖町",
        "card_code": "C001",
        "pref": "山梨県",
        "round": "第24弾",
        "issued_date": "2024/12/20",
        "facility": "西湖ネイチャーセンター",
        "address": "山梨県南都留郡富士河口湖町西湖2068",
        "facility_url": "https://www.town.fujikawaguchiko.lg.jp/"
      }
    },
    {
      "type": "Feature",
      "geometry": {
        "type": "Point",
        "coordinates": [
          138.576904,
          35.685463
        ]
      },
      "properties": {
        "issuer": "甲府市",
        "card_code": "A001",
        "pref": "山梨県",
        "round": "第08弾",
        "issued_date": "2018/08/11",
        "facility": "武田氏館跡歴史館（信玄ミュージアム）",
        "address": "山梨県甲府市大手３丁目１－１４",
        "facility_url": "https://kofu.geocloud.jp/webgis/?z=18&ll=35.685429%2C138.577008&t=roadmap&mp=12&ly=0&im=055-269-5030&vlf=-1&pin=1"
      }
    },
    {
      "type": "Feature",
      "geometry": {
        "type": "Point",
        "coordinates": [
          138.580963,
          35.65963
        ]
      },
      "properties": {
        "issuer": "甲府市",
        "card_code": "B001",
        "pref": "山梨県",
        "round": "第12弾",
        "issued_date": "2020/04/25",
        "facility": "甲府市立図書館",
        "address": "山梨県甲府市城東１丁目１２－３３",
        "facility_url": "https://libnet.city.kofu.yamanashi.jp/lib/accessmap/"
      }
    },
    {
      "type": "Feature",
      "geometry": {
        "type": "Point",
        "coordinates": [
          138.571152,
          35.663483
        ]
      },
      "properties": {
        "issuer": "甲府市(C001)",
        "card_code": null,
        "pref": "山梨県",
        "round": "第27弾",
        "issued_date": "2025/12/19",
        "facility": "甲府市歴史文化交流施設 こうふ亀屋座",
        "address": "山梨県甲府市丸の内1丁目11-5",
        "facility_url": "https://kofu-kameyaza.com/"
      }
    },
    {
      "type": "Feature",
      "geometry": {
        "type": "Point",
        "coordinates": [
          139.877808,
          36.124226
        ]
      },
      "properties": {
        "issuer": "甲斐市",
        "card_code": "A001",
        "pref": "山梨県",
        "round": "第02弾",
        "issued_date": "2016/08/01",
        "facility": "甲斐市役所　上下水道工務課窓口",
        "address": "山山梨県甲斐市篠原2534番地1（水道事務所2階）",
        "facility_url": "https://www.city.kai.yamanashi.jp/"
      }
    },
    {
      "type": "Feature",
      "geometry": {
        "type": "Point",
        "coordinates": [
          138.486969,
          35.686142
        ]
      },
      "properties": {
        "issuer": "甲斐市",
        "card_code": "B001",
        "pref": "山梨県",
        "round": "第09弾",
        "issued_date": "2018/12/14",
        "facility": "甲斐市立双葉図書館",
        "address": "山梨県甲斐市下今井230",
        "facility_url": "https://kai.library2.city.kai.yamanashi.jp/lib_futaba.html"
      }
    },
    {
      "type": "Feature",
      "geometry": {
        "type": "Point",
        "coordinates": [
          138.905533,
          35.551628
        ]
      },
      "properties": {
        "issuer": "都留市",
        "card_code": "B001",
        "pref": "山梨県",
        "round": "第27弾",
        "issued_date": "2025/12/19",
        "facility": "【平日】",
        "address": "山梨県都留市役所上下水道課下水道担当",
        "facility_url": "https://www.city.tsuru.yamanashi.jp/"
      }
    },
    {
      "type": "Feature",
      "geometry": {
        "type": "Point",
        "coordinates": [
          137.503937,
          35.501163
        ]
      },
      "properties": {
        "issuer": "中津川市",
        "card_code": null,
        "pref": "岐阜県",
        "round": "第05弾",
        "issued_date": "2017/08/01",
        "facility": "中津川市観光センター・にぎわい特産館",
        "address": "岐阜県中津川市栄町1-1",
        "facility_url": "https://nakatsugawa.town/tokusankan/"
      }
    },
    {
      "type": "Feature",
      "geometry": {
        "type": "Point",
        "coordinates": [
          137.505371,
          35.497948
        ]
      },
      "properties": {
        "issuer": "中津川市",
        "card_code": "B001",
        "pref": "岐阜県",
        "round": "第29弾",
        "issued_date": "2026/07/31",
        "facility": "中津川市ひと・まちテラス",
        "address": "岐阜県中津川市新町2-34",
        "facility_url": "https://www.city.nakatsugawa.lg.jp/tcs/hitomachi/index.html"
      }
    },
    {
      "type": "Feature",
      "geometry": {
        "type": "Point",
        "coordinates": [
          137.167938,
          35.472698
        ]
      },
      "properties": {
        "issuer": "八百津町",
        "card_code": "A001",
        "pref": "岐阜県",
        "round": "第29弾",
        "issued_date": "2026/07/31",
        "facility": "八百津町情報発信施設 ハヤブサ・ミュージアム",
        "address": "岐阜県加茂郡八百津町八百津1088番地2",
        "facility_url": "https://hayabusamuseum.town.yaotsu.lg.jp/"
      }
    },
    {
      "type": "Feature",
      "geometry": {
        "type": "Point",
        "coordinates": [
          136.860275,
          35.387337
        ]
      },
      "properties": {
        "issuer": "各務原市",
        "card_code": null,
        "pref": "岐阜県",
        "round": "第19弾",
        "issued_date": "2023/04/28",
        "facility": "岐阜かかみがはら航空宇宙博物館",
        "address": "岐阜県各務原市下切町5丁目1",
        "facility_url": "http://www.sorahaku.net/"
      }
    },
    {
      "type": "Feature",
      "geometry": {
        "type": "Point",
        "coordinates": [
          136.537292,
          35.367073
        ]
      },
      "properties": {
        "issuer": "垂井町",
        "card_code": null,
        "pref": "岐阜県",
        "round": "第11弾",
        "issued_date": "2019/12/14",
        "facility": "【平日】垂井町役場上下水道課",
        "address": "岐阜県不破郡垂井町宮代2957-11",
        "facility_url": "http://www.town.tarui.lg.jp/"
      }
    },
    {
      "type": "Feature",
      "geometry": {
        "type": "Point",
        "coordinates": [
          137.130646,
          35.334801
        ]
      },
      "properties": {
        "issuer": "多治見市",
        "card_code": "A001",
        "pref": "岐阜県",
        "round": "第28弾",
        "issued_date": "2026/04/24",
        "facility": "多治見市PRセンター（陶都創造館1階）",
        "address": "岐阜県多治見市本町5丁目9-1",
        "facility_url": "https://www.toutokan.jp/"
      }
    },
    {
      "type": "Feature",
      "geometry": {
        "type": "Point",
        "coordinates": [
          136.612061,
          35.356113
        ]
      },
      "properties": {
        "issuer": "大垣市",
        "card_code": null,
        "pref": "岐阜県",
        "round": "第08弾",
        "issued_date": "2018/08/11",
        "facility": "奥の細道むすびの地記念館",
        "address": "岐阜県大垣市船町2-26-1",
        "facility_url": "http://www.basho-ogaki.jp/"
      }
    },
    {
      "type": "Feature",
      "geometry": {
        "type": "Point",
        "coordinates": [
          137.409058,
          35.456429
        ]
      },
      "properties": {
        "issuer": "恵那市",
        "card_code": "A001",
        "pref": "岐阜県",
        "round": "第21弾",
        "issued_date": "2023/12/15",
        "facility": "恵那市観光物産館　観光案内所",
        "address": "岐阜県恵那市大井町286番地25",
        "facility_url": "https://www.kankou-ena.jp/"
      }
    },
    {
      "type": "Feature",
      "geometry": {
        "type": "Point",
        "coordinates": [
          137.439255,
          35.36018
        ]
      },
      "properties": {
        "issuer": "恵那市",
        "card_code": "B001",
        "pref": "岐阜県",
        "round": "第24弾",
        "issued_date": "2024/12/20",
        "facility": "いわむら街並みふれあいの館（岩村町観光協会）",
        "address": "岐阜県恵那市岩村町263番地2",
        "facility_url": "https://iwamura.jp/"
      }
    },
    {
      "type": "Feature",
      "geometry": {
        "type": "Point",
        "coordinates": [
          136.573776,
          35.442013
        ]
      },
      "properties": {
        "issuer": "池田町",
        "card_code": "A001",
        "pref": "岐阜県",
        "round": "第01弾",
        "issued_date": "2016/04/01",
        "facility": "池田町役場 水道部 水道課",
        "address": "岐阜県揖斐郡池田町六之井1468-1",
        "facility_url": "http://www.town.gifu-ikeda.lg.jp/"
      }
    },
    {
      "type": "Feature",
      "geometry": {
        "type": "Point",
        "coordinates": [
          136.573776,
          35.442013
        ]
      },
      "properties": {
        "issuer": "池田町",
        "card_code": "B001",
        "pref": "岐阜県",
        "round": "第02弾",
        "issued_date": "2016/08/01",
        "facility": "池田町役場 水道部 水道課",
        "address": "岐阜県揖斐郡池田町六之井1468-1",
        "facility_url": "http://www.town.gifu-ikeda.lg.jp/"
      }
    },
    {
      "type": "Feature",
      "geometry": {
        "type": "Point",
        "coordinates": [
          136.636948,
          35.219833
        ]
      },
      "properties": {
        "issuer": "海津市",
        "card_code": null,
        "pref": "岐阜県",
        "round": "第21弾",
        "issued_date": "2023/12/15",
        "facility": "【平日】海津市役所上下水道課",
        "address": "岐阜県海津市海津町高須５１５番地",
        "facility_url": "https://www.city.kaizu.lg.jp"
      }
    },
    {
      "type": "Feature",
      "geometry": {
        "type": "Point",
        "coordinates": [
          136.645142,
          35.40501
        ]
      },
      "properties": {
        "issuer": "瑞穂市",
        "card_code": null,
        "pref": "岐阜県",
        "round": "第02弾",
        "issued_date": "2016/08/01",
        "facility": "瑞穂市役所 巣南庁舎 下水道課",
        "address": "岐阜県瑞穂市宮田300-2",
        "facility_url": "https://www.city.mizuho.lg.jp/12757.htm"
      }
    },
    {
      "type": "Feature",
      "geometry": {
        "type": "Point",
        "coordinates": [
          136.967148,
          35.471985
        ]
      },
      "properties": {
        "issuer": "美濃加茂市",
        "card_code": null,
        "pref": "岐阜県",
        "round": "第08弾",
        "issued_date": "2018/08/11",
        "facility": "【平日】美濃加茂市あじさいパーク 蜂屋川クリーンセンター",
        "address": "岐阜県美濃加茂市加茂野町鷹之巣2158-2",
        "facility_url": "https://www.city.minokamo.lg.jp/soshiki/17/1968.html"
      }
    },
    {
      "type": "Feature",
      "geometry": {
        "type": "Point",
        "coordinates": [
          136.949158,
          35.74332
        ]
      },
      "properties": {
        "issuer": "郡上市",
        "card_code": "A001",
        "pref": "岐阜県",
        "round": "第05弾",
        "issued_date": "2017/08/01",
        "facility": "郡上八幡駅 観光案内所",
        "address": "岐阜県郡上市八幡町城南188-54",
        "facility_url": "https://ekisya-cafe.com/"
      }
    },
    {
      "type": "Feature",
      "geometry": {
        "type": "Point",
        "coordinates": [
          136.891769,
          35.831352
        ]
      },
      "properties": {
        "issuer": "郡上市",
        "card_code": "B001",
        "pref": "岐阜県",
        "round": "第10弾",
        "issued_date": "2019/08/07",
        "facility": "道の駅古今伝授の里やまと",
        "address": "岐阜県郡上市大和町剣１６４番地",
        "facility_url": "http://www.gujo-tv.ne.jp/~kuturogi/"
      }
    },
    {
      "type": "Feature",
      "geometry": {
        "type": "Point",
        "coordinates": [
          136.96022,
          35.750134
        ]
      },
      "properties": {
        "issuer": "郡上市",
        "card_code": "C001",
        "pref": "岐阜県",
        "round": "第13弾",
        "issued_date": "2020/12/17",
        "facility": "郡上八幡旧庁舎記念館",
        "address": "岐阜県郡上市八幡町島谷520-1",
        "facility_url": "http://kinenkan.gujohachiman.com/"
      }
    },
    {
      "type": "Feature",
      "geometry": {
        "type": "Point",
        "coordinates": [
          136.917892,
          35.495411
        ]
      },
      "properties": {
        "issuer": "関市",
        "card_code": null,
        "pref": "岐阜県",
        "round": "第08弾",
        "issued_date": "2018/08/11",
        "facility": "【平日】関市役所基盤整備部 下水道課",
        "address": "岐阜県関市若草通3-1",
        "facility_url": "http://www.city.seki.lg.jp/"
      }
    },
    {
      "type": "Feature",
      "geometry": {
        "type": "Point",
        "coordinates": [
          137.186462,
          36.23505
        ]
      },
      "properties": {
        "issuer": "飛騨市",
        "card_code": "A001",
        "pref": "岐阜県",
        "round": "第09弾",
        "issued_date": "2018/12/14",
        "facility": "飛騨古川まちなか観光案内所",
        "address": "岐阜県飛騨市古川町壱之町8-3",
        "facility_url": null
      }
    },
    {
      "type": "Feature",
      "geometry": {
        "type": "Point",
        "coordinates": [
          137.307083,
          36.3288
        ]
      },
      "properties": {
        "issuer": "飛騨市",
        "card_code": "B001",
        "pref": "岐阜県",
        "round": "第10弾",
        "issued_date": "2019/08/07",
        "facility": "道の駅スカイドーム神岡",
        "address": "岐阜県飛騨市神岡町夕陽ヶ丘6",
        "facility_url": "https://www.skydome.jp/"
      }
    },
    {
      "type": "Feature",
      "geometry": {
        "type": "Point",
        "coordinates": [
          137.214981,
          36.211231
        ]
      },
      "properties": {
        "issuer": "高山市",
        "card_code": "C001",
        "pref": "岐阜県",
        "round": "第13弾",
        "issued_date": "2020/12/17",
        "facility": "高山市国府支所",
        "address": "岐阜県高山市国府町広瀬町880番地1",
        "facility_url": "https://www.city.takayama.lg.jp/shisetsu/1004139/1000027/1001413.html"
      }
    },
    {
      "type": "Feature",
      "geometry": {
        "type": "Point",
        "coordinates": [
          136.963242,
          36.032101
        ]
      },
      "properties": {
        "issuer": "高山市",
        "card_code": "D001",
        "pref": "岐阜県",
        "round": "第14弾",
        "issued_date": "2021/04/25",
        "facility": "高山市荘川支所",
        "address": "岐阜県高山市荘川町新渕430番地1",
        "facility_url": "https://www.city.takayama.lg.jp/shisetsu/1004139/1000027/1001408.html"
      }
    },
    {
      "type": "Feature",
      "geometry": {
        "type": "Point",
        "coordinates": [
          137.201263,
          36.052399
        ]
      },
      "properties": {
        "issuer": "高山市",
        "card_code": "E001",
        "pref": "岐阜県",
        "round": "第15弾",
        "issued_date": "2021/08/17",
        "facility": "高山市一之宮支所",
        "address": "岐阜県高山市一之宮町3100番地",
        "facility_url": "https://www.city.takayama.lg.jp/shisetsu/1004139/1000027/1001409.html"
      }
    },
    {
      "type": "Feature",
      "geometry": {
        "type": "Point",
        "coordinates": [
          137.251221,
          36.044243
        ]
      },
      "properties": {
        "issuer": "高山市",
        "card_code": "F001",
        "pref": "岐阜県",
        "round": "第17弾",
        "issued_date": "2022/08/06",
        "facility": "高山市役所久々野支所基盤産業課窓口",
        "address": "岐阜県高山市久々野町無数河580番地1",
        "facility_url": "https://www.city.takayama.lg.jp/shisetsu/1004139/1000027/1001410.html"
      }
    },
    {
      "type": "Feature",
      "geometry": {
        "type": "Point",
        "coordinates": [
          137.310059,
          36.170456
        ]
      },
      "properties": {
        "issuer": "高山市",
        "card_code": "H001",
        "pref": "岐阜県",
        "round": "第20弾",
        "issued_date": "2023/07/28",
        "facility": "高山市丹生川支所",
        "address": "岐阜県高山市丹生川町坊方2000番地",
        "facility_url": "https://www.city.takayama.lg.jp/shisetsu/1004139/1000027/1001406.html"
      }
    },
    {
      "type": "Feature",
      "geometry": {
        "type": "Point",
        "coordinates": [
          137.19101,
          36.122337
        ]
      },
      "properties": {
        "issuer": "高山市",
        "card_code": "I001",
        "pref": "岐阜県",
        "round": "第22弾",
        "issued_date": "2024/04/26",
        "facility": "高山市清見支所基盤産業課窓口",
        "address": "岐阜県高山市清見町三日町305番地",
        "facility_url": "https://www.city.takayama.lg.jp/shisetsu/1004139/1000027/1001407.html"
      }
    },
    {
      "type": "Feature",
      "geometry": {
        "type": "Point",
        "coordinates": [
          137.251968,
          36.146042
        ]
      },
      "properties": {
        "issuer": "高山市(A001)",
        "card_code": null,
        "pref": "岐阜県",
        "round": "第09弾",
        "issued_date": "2018/12/14",
        "facility": "【平日】高山市役所　水道部下水道課（2階）",
        "address": "岐阜県高山市花岡町2丁目18番地",
        "facility_url": "http://www.city.takayama.lg.jp"
      }
    },
    {
      "type": "Feature",
      "geometry": {
        "type": "Point",
        "coordinates": [
          137.60228,
          36.304192
        ]
      },
      "properties": {
        "issuer": "高山市(B001)",
        "card_code": null,
        "pref": "岐阜県",
        "round": "第11弾",
        "issued_date": "2019/12/14",
        "facility": "奥飛騨温泉郷観光案内所（新穂高センター内）",
        "address": "岐阜県高山市奥飛騨温泉郷神坂710番地9",
        "facility_url": "http://www.city.takayama.lg.jp"
      }
    },
    {
      "type": "Feature",
      "geometry": {
        "type": "Point",
        "coordinates": [
          133.950943,
          34.917721
        ]
      },
      "properties": {
        "issuer": "久米南町",
        "card_code": null,
        "pref": "岡山県",
        "round": "第09弾",
        "issued_date": "2018/12/14",
        "facility": "道の駅くめなん",
        "address": "岡山県久米郡久米南町下ニケ1367-1",
        "facility_url": "https://www.town.kumenan.lg.jp/shisetsu/michinoeki.html"
      }
    },
    {
      "type": "Feature",
      "geometry": {
        "type": "Point",
        "coordinates": [
          133.552078,
          34.671993
        ]
      },
      "properties": {
        "issuer": "井原市",
        "card_code": null,
        "pref": "岡山県",
        "round": "第23弾",
        "issued_date": "2024/07/26",
        "facility": "美星天文台",
        "address": "岡山県井原市美星町大倉1723番地70",
        "facility_url": "https://www.bao.city.ibara.okayama.jp/"
      }
    },
    {
      "type": "Feature",
      "geometry": {
        "type": "Point",
        "coordinates": [
          133.767563,
          34.602024
        ]
      },
      "properties": {
        "issuer": "倉敷市",
        "card_code": "A001",
        "pref": "岡山県",
        "round": "第01弾",
        "issued_date": "2016/04/01",
        "facility": "倉敷駅前観光案内所",
        "address": "岡山県倉敷市阿知1-7-2　西ビル2階",
        "facility_url": "https://kankou-kurashiki.jp/info/%e5%80%89%e6%95%b7%e9%a7%85%e5%89%8d%e8%a6%b3%e5%85%89%e6%a1%88%e5%86%85%e6%89%80/"
      }
    },
    {
      "type": "Feature",
      "geometry": {
        "type": "Point",
        "coordinates": [
          133.805328,
          34.464207
        ]
      },
      "properties": {
        "issuer": "倉敷市",
        "card_code": "B001",
        "pref": "岡山県",
        "round": "第02弾",
        "issued_date": "2016/08/01",
        "facility": "児島商工会議所",
        "address": "岡山県倉敷市児島駅前1-107",
        "facility_url": "http://www.kojima-cci.or.jp/"
      }
    },
    {
      "type": "Feature",
      "geometry": {
        "type": "Point",
        "coordinates": [
          133.671585,
          34.541592
        ]
      },
      "properties": {
        "issuer": "倉敷市",
        "card_code": "C001",
        "pref": "岡山県",
        "round": "第06弾",
        "issued_date": "2017/12/09",
        "facility": "旧柚木家住宅（西爽亭）",
        "address": "岡山県倉敷市玉島3丁目8-25",
        "facility_url": null
      }
    },
    {
      "type": "Feature",
      "geometry": {
        "type": "Point",
        "coordinates": [
          133.74054,
          34.529297
        ]
      },
      "properties": {
        "issuer": "倉敷市",
        "card_code": "D001",
        "pref": "岡山県",
        "round": "第12弾",
        "issued_date": "2020/04/25",
        "facility": "水島臨海鉄道株式会社本店",
        "address": "岡山県倉敷市水島東千鳥町　10-1",
        "facility_url": "http://www.mizurin.co.jp "
      }
    },
    {
      "type": "Feature",
      "geometry": {
        "type": "Point",
        "coordinates": [
          133.767273,
          34.599957
        ]
      },
      "properties": {
        "issuer": "倉敷市",
        "card_code": "E001",
        "pref": "岡山県",
        "round": "第16弾",
        "issued_date": "2022/01/15",
        "facility": "ホテル　グラン・ココエ倉敷　３階フロント",
        "address": "岡山県倉敷市阿知3丁目９番1号",
        "facility_url": "https://www.grand-cocoe.com/"
      }
    },
    {
      "type": "Feature",
      "geometry": {
        "type": "Point",
        "coordinates": [
          134.115738,
          35.041786
        ]
      },
      "properties": {
        "issuer": "勝央町",
        "card_code": "A001",
        "pref": "岡山県",
        "round": "第24弾",
        "issued_date": "2024/12/20",
        "facility": "【平日】勝央町役場総務部窓口",
        "address": "岡山県勝田郡勝央町勝間田201",
        "facility_url": "http://www.town.shoo.lg.jp/"
      }
    },
    {
      "type": "Feature",
      "geometry": {
        "type": "Point",
        "coordinates": [
          134.131592,
          35.041534
        ]
      },
      "properties": {
        "issuer": "勝央町",
        "card_code": "B001",
        "pref": "岡山県",
        "round": "第25弾",
        "issued_date": "2025/04/25",
        "facility": "おかやまファーマーズ・マーケット ノースヴィレッジ",
        "address": "岡山県勝田郡勝央町岡1100",
        "facility_url": "http://www.alis-nv.com/"
      }
    },
    {
      "type": "Feature",
      "geometry": {
        "type": "Point",
        "coordinates": [
          133.757782,
          34.832336
        ]
      },
      "properties": {
        "issuer": "吉備中央町",
        "card_code": null,
        "pref": "岡山県",
        "round": "第13弾",
        "issued_date": "2020/12/17",
        "facility": "【平日】吉備中央町吉川支所（きびプラザ内）",
        "address": "岡山県加賀郡吉備中央町吉川4860-6",
        "facility_url": null
      }
    },
    {
      "type": "Feature",
      "geometry": {
        "type": "Point",
        "coordinates": [
          134.174881,
          35.124622
        ]
      },
      "properties": {
        "issuer": "奈義町",
        "card_code": null,
        "pref": "岡山県",
        "round": "第16弾",
        "issued_date": "2022/01/15",
        "facility": "多世代交流広場ナギテラス",
        "address": "岡山県勝田郡奈義町豊沢314番地",
        "facility_url": "https://www.town.nagi.okayama.jp/gyousei/koukyou_shisetsu/nagiterrace.html"
      }
    },
    {
      "type": "Feature",
      "geometry": {
        "type": "Point",
        "coordinates": [
          133.918015,
          34.665607
        ]
      },
      "properties": {
        "issuer": "岡山市",
        "card_code": null,
        "pref": "岡山県",
        "round": "第01弾",
        "issued_date": "2016/04/01",
        "facility": "岡山市ももたろう観光センター",
        "address": "岡山県岡山市北区駅元町1-1　岡山駅構内",
        "facility_url": "https://okayama-kanko.net/sightseeing/information.php"
      }
    },
    {
      "type": "Feature",
      "geometry": {
        "type": "Point",
        "coordinates": [
          133.567749,
          35.179691
        ]
      },
      "properties": {
        "issuer": "新庄村",
        "card_code": null,
        "pref": "岡山県",
        "round": "第08弾",
        "issued_date": "2018/08/11",
        "facility": "咲蔵家.（さくらや）",
        "address": "岡山県真庭郡新庄村1143-4",
        "facility_url": null
      }
    },
    {
      "type": "Feature",
      "geometry": {
        "type": "Point",
        "coordinates": [
          133.456604,
          34.987091
        ]
      },
      "properties": {
        "issuer": "新見市",
        "card_code": null,
        "pref": "岡山県",
        "round": "第14弾",
        "issued_date": "2021/04/25",
        "facility": "一般社団法人　新見市観光協会",
        "address": "岡山県新見市西方472-10",
        "facility_url": "http://www.niimi.gr.jp/"
      }
    },
    {
      "type": "Feature",
      "geometry": {
        "type": "Point",
        "coordinates": [
          133.828003,
          34.601704
        ]
      },
      "properties": {
        "issuer": "早島町",
        "card_code": null,
        "pref": "岡山県",
        "round": "第10弾",
        "issued_date": "2019/08/07",
        "facility": "早島町町民総合会館「ゆるびの舎」",
        "address": "岡山県都窪郡早島町前潟370-1番地",
        "facility_url": "http://www.town.hayashima.lg.jp/yurubinoya/"
      }
    },
    {
      "type": "Feature",
      "geometry": {
        "type": "Point",
        "coordinates": [
          134.005646,
          35.060989
        ]
      },
      "properties": {
        "issuer": "津山市",
        "card_code": null,
        "pref": "岡山県",
        "round": "第11弾",
        "issued_date": "2019/12/14",
        "facility": "津山観光センター（津山市観光協会）",
        "address": "岡山県津山市山下97-1",
        "facility_url": "http://www.tsuyamakan.jp"
      }
    },
    {
      "type": "Feature",
      "geometry": {
        "type": "Point",
        "coordinates": [
          133.935028,
          34.661739
        ]
      },
      "properties": {
        "issuer": "浅口市",
        "card_code": "A001",
        "pref": "岡山県",
        "round": "第29弾",
        "issued_date": "2026/07/31",
        "facility": "浅口市役所上下水道部下水道課（金光総合支所2階）",
        "address": "岡山県金光町占見新田751番地",
        "facility_url": "https://www.city.asakuchi.lg.jp/soshiki/19/"
      }
    },
    {
      "type": "Feature",
      "geometry": {
        "type": "Point",
        "coordinates": [
          134.159119,
          34.628304
        ]
      },
      "properties": {
        "issuer": "瀬戸内市",
        "card_code": "A001",
        "pref": "岡山県",
        "round": "第05弾",
        "issued_date": "2017/08/01",
        "facility": "【開館日】瀬戸内市立美術館",
        "address": "岡山県瀬戸内市牛窓町牛窓4911",
        "facility_url": "http://www.city.setouchi.lg.jp/museum/"
      }
    },
    {
      "type": "Feature",
      "geometry": {
        "type": "Point",
        "coordinates": [
          134.10434,
          34.72086
        ]
      },
      "properties": {
        "issuer": "瀬戸内市",
        "card_code": "B001",
        "pref": "岡山県",
        "round": "第08弾",
        "issued_date": "2018/08/11",
        "facility": "【開館日】備前おさふね刀剣の里",
        "address": "岡山県瀬戸内市長船町長船966",
        "facility_url": "http://www.city.setouchi.lg.jp/token/index.html"
      }
    },
    {
      "type": "Feature",
      "geometry": {
        "type": "Point",
        "coordinates": [
          133.626846,
          35.309883
        ]
      },
      "properties": {
        "issuer": "真庭市",
        "card_code": null,
        "pref": "岡山県",
        "round": "第15弾",
        "issued_date": "2021/08/17",
        "facility": "GREENable　HIRUZEN（グリーナブル　ヒルゼン）",
        "address": "岡山県真庭市蒜山上福田1205番地220",
        "facility_url": "https://greenable-hiruzen.co.jp/"
      }
    },
    {
      "type": "Feature",
      "geometry": {
        "type": "Point",
        "coordinates": [
          133.597794,
          34.631676
        ]
      },
      "properties": {
        "issuer": "矢掛町",
        "card_code": "A001",
        "pref": "岡山県",
        "round": "第05弾",
        "issued_date": "2017/08/01",
        "facility": "やかげ町家交流館",
        "address": "岡山県小田郡矢掛町矢掛2639",
        "facility_url": "http://yakagemachiya.information.jp/"
      }
    },
    {
      "type": "Feature",
      "geometry": {
        "type": "Point",
        "coordinates": [
          133.59201,
          34.624489
        ]
      },
      "properties": {
        "issuer": "矢掛町",
        "card_code": "B001",
        "pref": "岡山県",
        "round": "第14弾",
        "issued_date": "2021/04/25",
        "facility": "矢掛ビジターセンター問屋（といや）",
        "address": "岡山県小田郡矢掛町矢掛1989",
        "facility_url": "https://japan-yakage.jp/"
      }
    },
    {
      "type": "Feature",
      "geometry": {
        "type": "Point",
        "coordinates": [
          133.521545,
          34.478863
        ]
      },
      "properties": {
        "issuer": "笠岡市",
        "card_code": null,
        "pref": "岡山県",
        "round": "第06弾",
        "issued_date": "2017/12/09",
        "facility": "笠岡市カブトガニ博物館",
        "address": "岡山県笠岡市横島1946-2",
        "facility_url": "https://www.city.kasaoka.okayama.jp/site/kabutogani/"
      }
    },
    {
      "type": "Feature",
      "geometry": {
        "type": "Point",
        "coordinates": [
          134.136154,
          34.993347
        ]
      },
      "properties": {
        "issuer": "美作市",
        "card_code": "A001",
        "pref": "岡山県",
        "round": "第17弾",
        "issued_date": "2022/08/06",
        "facility": "湯郷温泉旅館協同組合",
        "address": "岡山県美作市湯郷323-2",
        "facility_url": "https://spa-yunogo.or.jp/"
      }
    },
    {
      "type": "Feature",
      "geometry": {
        "type": "Point",
        "coordinates": [
          134.132645,
          34.999512
        ]
      },
      "properties": {
        "issuer": "美作市",
        "card_code": "B001",
        "pref": "岡山県",
        "round": "第24弾",
        "issued_date": "2024/12/20",
        "facility": "みまさかアリーナ",
        "address": "岡山県美作市中山1200",
        "facility_url": "https://www.city.mimasaka.lg.jp/soshiki/kyouiku/sports/shisetsu/1456962900358.html"
      }
    },
    {
      "type": "Feature",
      "geometry": {
        "type": "Point",
        "coordinates": [
          133.561417,
          34.523399
        ]
      },
      "properties": {
        "issuer": "里庄町",
        "card_code": null,
        "pref": "岡山県",
        "round": "第18弾",
        "issued_date": "2023/01/28",
        "facility": "里庄つばきの丘運動公園 管理棟",
        "address": "岡山県浅口郡里庄町大字里見2392番地",
        "facility_url": null
      }
    },
    {
      "type": "Feature",
      "geometry": {
        "type": "Point",
        "coordinates": [
          133.942688,
          35.099792
        ]
      },
      "properties": {
        "issuer": "鏡野町",
        "card_code": null,
        "pref": "岡山県",
        "round": "第10弾",
        "issued_date": "2019/08/07",
        "facility": "鏡野町物産館　夢広場",
        "address": "岡山県苫田郡鏡野町円宗寺233",
        "facility_url": "http://www.yumehiroba.or.jp/"
      }
    },
    {
      "type": "Feature",
      "geometry": {
        "type": "Point",
        "coordinates": [
          133.618423,
          34.799171
        ]
      },
      "properties": {
        "issuer": "高梁市",
        "card_code": null,
        "pref": "岡山県",
        "round": "第19弾",
        "issued_date": "2023/04/28",
        "facility": "武家屋敷　旧折井家",
        "address": "岡山県高梁市石火矢町23-2",
        "facility_url": "http://takahasikanko.or.jp/"
      }
    },
    {
      "type": "Feature",
      "geometry": {
        "type": "Point",
        "coordinates": [
          141.770676,
          40.190578
        ]
      },
      "properties": {
        "issuer": "久慈市",
        "card_code": null,
        "pref": "岩手県",
        "round": "第08弾",
        "issued_date": "2018/08/11",
        "facility": "駅前観光交流センターYOMUNOSU",
        "address": "岩手県久慈市中央3丁目58",
        "facility_url": "https://yomunosu-kuji.jp/"
      }
    },
    {
      "type": "Feature",
      "geometry": {
        "type": "Point",
        "coordinates": [
          141.441772,
          40.257065
        ]
      },
      "properties": {
        "issuer": "九戸村",
        "card_code": null,
        "pref": "岩手県",
        "round": "第06弾",
        "issued_date": "2017/12/09",
        "facility": "道の駅おりつめ 産直施設オドデ館",
        "address": "岩手県九戸郡九戸村大字山屋2-28-1",
        "facility_url": "https://vill.kunohe.iwate.jp/docs/206.html"
      }
    },
    {
      "type": "Feature",
      "geometry": {
        "type": "Point",
        "coordinates": [
          141.286438,
          40.261681
        ]
      },
      "properties": {
        "issuer": "二戸市",
        "card_code": null,
        "pref": "岩手県",
        "round": "第17弾",
        "issued_date": "2022/08/06",
        "facility": "なにゃーと物産センター",
        "address": "岩手県二戸市石切所字森合68番地",
        "facility_url": "https://www.nanyato-bussan.jp/"
      }
    },
    {
      "type": "Feature",
      "geometry": {
        "type": "Point",
        "coordinates": [
          141.512894,
          39.151772
        ]
      },
      "properties": {
        "issuer": "住田町",
        "card_code": "A001",
        "pref": "岩手県",
        "round": "第29弾",
        "issued_date": "2026/07/31",
        "facility": "道の駅種山ケ原ぽらん",
        "address": "岩手県気仙郡住田町世田米字子飼沢30-39",
        "facility_url": "https://jpn01.safelinks.protection.outlook.com/?url=https%3A%2F%2Fporan.sumita-gayagaya.jp%2F&data=05%7C02%7Ckensetu%40sumitatown.onmicrosoft.com%7C82c2dfd729ff4313427508dee34eff72%7Ceefd5d4bf71d481bbe428abeab76e98a%7C0%7C0%7C639198125598914080%7CUnknown%7CTWFpbGZsb3d8eyJFbXB0eU1hcGkiOnRydWUsIlYiOiIwLjAuMDAwMCIsIlAiOiJXaW4zMiIsIkFOIjoiTWFpbCIsIldUIjoyfQ%3D%3D%7C0%7C%7C%7C&sdata=PciM6gxrRmFRQsMrawwdTJAN7S2tF6fmGPG8jWKj3BQ%3D&reserved=0<https://poran.sumita-gayagaya.jp/"
      }
    },
    {
      "type": "Feature",
      "geometry": {
        "type": "Point",
        "coordinates": [
          141.127701,
          39.279919
        ]
      },
      "properties": {
        "issuer": "北上市",
        "card_code": null,
        "pref": "岩手県",
        "round": "第22弾",
        "issued_date": "2024/04/26",
        "facility": "展勝地レストハウス",
        "address": "岩手県北上市立花14地割21-1",
        "facility_url": "http://www.tenshouchi.com/"
      }
    },
    {
      "type": "Feature",
      "geometry": {
        "type": "Point",
        "coordinates": [
          141.96994,
          39.639397
        ]
      },
      "properties": {
        "issuer": "宮古市",
        "card_code": "A001",
        "pref": "岩手県",
        "round": "第13弾",
        "issued_date": "2020/12/17",
        "facility": "道の駅・みなとオアシスみやこ",
        "address": "岩手県宮古市臨港通1-20",
        "facility_url": "http://oasis385.jp"
      }
    },
    {
      "type": "Feature",
      "geometry": {
        "type": "Point",
        "coordinates": [
          141.971375,
          39.735825
        ]
      },
      "properties": {
        "issuer": "宮古市",
        "card_code": "B001",
        "pref": "岩手県",
        "round": "第15弾",
        "issued_date": "2021/08/17",
        "facility": "道の駅たろう　たろう潮里ステーション",
        "address": "岩手県宮古市田老二丁目5－1",
        "facility_url": "https://www.city.miyako.iwate.jp/gyosei/soshiki/tarosogojimusho/3/2/2081.html"
      }
    },
    {
      "type": "Feature",
      "geometry": {
        "type": "Point",
        "coordinates": [
          141.822266,
          39.649307
        ]
      },
      "properties": {
        "issuer": "宮古市",
        "card_code": "C001",
        "pref": "岩手県",
        "round": "第27弾",
        "issued_date": "2025/12/19",
        "facility": "ひきめの里直売所",
        "address": "岩手県宮古市蟇目13-3-1",
        "facility_url": null
      }
    },
    {
      "type": "Feature",
      "geometry": {
        "type": "Point",
        "coordinates": [
          141.953308,
          39.478176
        ]
      },
      "properties": {
        "issuer": "山田町",
        "card_code": null,
        "pref": "岩手県",
        "round": "第22弾",
        "issued_date": "2024/04/26",
        "facility": "道の駅やまだ「おいすた」",
        "address": "岩手県下閉伊郡山田町山田第５地割66番地1",
        "facility_url": "https://yamada-oisuta.jp/"
      }
    },
    {
      "type": "Feature",
      "geometry": {
        "type": "Point",
        "coordinates": [
          141.138824,
          39.696434
        ]
      },
      "properties": {
        "issuer": "岩手県",
        "card_code": "流域下水道",
        "pref": "岩手県",
        "round": "第10弾",
        "issued_date": "2019/08/07",
        "facility": "いわて・盛岡広域観光センター",
        "address": "岩手県盛岡市盛岡駅前通1-48　盛岡駅舎２階",
        "facility_url": null
      }
    },
    {
      "type": "Feature",
      "geometry": {
        "type": "Point",
        "coordinates": [
          141.076721,
          39.732948
        ]
      },
      "properties": {
        "issuer": "滝沢市",
        "card_code": "A001",
        "pref": "岩手県",
        "round": "第17弾",
        "issued_date": "2022/08/06",
        "facility": "ビッグルーフ滝沢",
        "address": "岩手県滝沢市下鵜飼1－15",
        "facility_url": "https://bigroof.jp/"
      }
    },
    {
      "type": "Feature",
      "geometry": {
        "type": "Point",
        "coordinates": [
          141.153412,
          39.701046
        ]
      },
      "properties": {
        "issuer": "盛岡市",
        "card_code": "A001",
        "pref": "岩手県",
        "round": "第12弾",
        "issued_date": "2020/04/25",
        "facility": "もりおか歴史文化館",
        "address": "岩手県盛岡市内丸1-50",
        "facility_url": "https://www.morireki.jp/"
      }
    },
    {
      "type": "Feature",
      "geometry": {
        "type": "Point",
        "coordinates": [
          141.146988,
          39.700752
        ]
      },
      "properties": {
        "issuer": "盛岡市",
        "card_code": "B001",
        "pref": "岩手県",
        "round": "第23弾",
        "issued_date": "2024/07/26",
        "facility": "パルクアベニュー・カワトク",
        "address": "岩手県盛岡市菜園一丁目10-1",
        "facility_url": "https://www.kawatoku.com/"
      }
    },
    {
      "type": "Feature",
      "geometry": {
        "type": "Point",
        "coordinates": [
          141.153412,
          39.701046
        ]
      },
      "properties": {
        "issuer": "盛岡市",
        "card_code": "C001",
        "pref": "岩手県",
        "round": "第28弾",
        "issued_date": "2026/04/24",
        "facility": "もりおか歴史文化館",
        "address": "岩手県盛岡市内丸1-50",
        "facility_url": "https://www.morireki.jp/"
      }
    },
    {
      "type": "Feature",
      "geometry": {
        "type": "Point",
        "coordinates": [
          141.116745,
          39.388165
        ]
      },
      "properties": {
        "issuer": "花巻市",
        "card_code": "A001",
        "pref": "岩手県",
        "round": "第03弾",
        "issued_date": "2016/12/01",
        "facility": "【平日】花巻市役所 建設部 下水道課",
        "address": "岩手県花巻市花城町9-30（市役所新館2階）",
        "facility_url": null
      }
    },
    {
      "type": "Feature",
      "geometry": {
        "type": "Point",
        "coordinates": [
          141.150543,
          39.472279
        ]
      },
      "properties": {
        "issuer": "花巻市",
        "card_code": "B001",
        "pref": "岩手県",
        "round": "第08弾",
        "issued_date": "2018/08/11",
        "facility": "花巻市役所石鳥谷総合支所",
        "address": "岩手県花巻市石鳥谷町八幡4-161",
        "facility_url": null
      }
    },
    {
      "type": "Feature",
      "geometry": {
        "type": "Point",
        "coordinates": [
          141.285965,
          39.472183
        ]
      },
      "properties": {
        "issuer": "花巻市",
        "card_code": "C001",
        "pref": "岩手県",
        "round": "第09弾",
        "issued_date": "2018/12/14",
        "facility": "花巻市役所大迫総合支所",
        "address": "岩手県花巻市大迫町大迫2-51-4",
        "facility_url": null
      }
    },
    {
      "type": "Feature",
      "geometry": {
        "type": "Point",
        "coordinates": [
          141.228348,
          39.387032
        ]
      },
      "properties": {
        "issuer": "花巻市(D001)",
        "card_code": null,
        "pref": "岩手県",
        "round": "第11弾",
        "issued_date": "2019/12/14",
        "facility": "【平日】花巻市東和総合支所 地域振興課",
        "address": "岩手県花巻市東和町土沢8区60番地",
        "facility_url": null
      }
    },
    {
      "type": "Feature",
      "geometry": {
        "type": "Point",
        "coordinates": [
          141.359421,
          39.35638
        ]
      },
      "properties": {
        "issuer": "遠野市",
        "card_code": null,
        "pref": "岩手県",
        "round": "第14弾",
        "issued_date": "2021/04/25",
        "facility": "道の駅みやもり内　めがねばし直売所",
        "address": "岩手県遠野市宮守町下宮守30地割37番地1",
        "facility_url": null
      }
    },
    {
      "type": "Feature",
      "geometry": {
        "type": "Point",
        "coordinates": [
          141.872009,
          39.273453
        ]
      },
      "properties": {
        "issuer": "釜石市",
        "card_code": "A001",
        "pref": "岩手県",
        "round": "第06弾",
        "issued_date": "2017/12/09",
        "facility": "釜石観光案内所",
        "address": "岩手県釜石市鈴子町22-1　シープラザ釜石1階",
        "facility_url": "https://kamaishi-kankou.jp/kyoukai/"
      }
    },
    {
      "type": "Feature",
      "geometry": {
        "type": "Point",
        "coordinates": [
          141.891388,
          39.274319
        ]
      },
      "properties": {
        "issuer": "釜石市",
        "card_code": "B001",
        "pref": "岩手県",
        "round": "第10弾",
        "issued_date": "2019/08/07",
        "facility": "釜石魚河岸にぎわい館「魚河岸テラス」",
        "address": "岩手県釜石市魚河岸3番3",
        "facility_url": "https://uogashi-terrace.jp/"
      }
    },
    {
      "type": "Feature",
      "geometry": {
        "type": "Point",
        "coordinates": [
          141.887772,
          39.327778
        ]
      },
      "properties": {
        "issuer": "釜石市(C001)",
        "card_code": null,
        "pref": "岩手県",
        "round": "第12弾",
        "issued_date": "2020/04/25",
        "facility": "いのちをつなぐ未来館",
        "address": "岩手県釜石市鵜住居町4丁目901",
        "facility_url": "https://unosumai-tomosu.jp/tsunami-memorial-hall/"
      }
    },
    {
      "type": "Feature",
      "geometry": {
        "type": "Point",
        "coordinates": [
          141.596268,
          38.998348
        ]
      },
      "properties": {
        "issuer": "陸前高田市",
        "card_code": "A001",
        "pref": "岩手県",
        "round": "第24弾",
        "issued_date": "2024/12/20",
        "facility": "岩手県指定有形文化財旧吉田家住宅主屋",
        "address": "岩手県陸前高田市気仙町字町裏200番8",
        "facility_url": "https://www.city.rikuzentakata.iwate.jp/soshiki/kyouikusoumuka/bunkazaigakari/1/1/3/4/8681.html"
      }
    },
    {
      "type": "Feature",
      "geometry": {
        "type": "Point",
        "coordinates": [
          141.636246,
          39.019421
        ]
      },
      "properties": {
        "issuer": "陸前高田市",
        "card_code": "B001",
        "pref": "岩手県",
        "round": "第27弾",
        "issued_date": "2025/12/19",
        "facility": "陸前高田市総合交流センター（夢アリーナたかた）",
        "address": "岩手県陸前高田市高田町字太田5番地",
        "facility_url": "https://www.city.rikuzentakata.iwate.jp/soshiki/kouryusuishinka/sportskoryugakari/supoutsushisetsunitsuite/3029.html"
      }
    },
    {
      "type": "Feature",
      "geometry": {
        "type": "Point",
        "coordinates": [
          132.655853,
          35.425091
        ]
      },
      "properties": {
        "issuer": "出雲市",
        "card_code": null,
        "pref": "島根県",
        "round": "第11弾",
        "issued_date": "2019/12/14",
        "facility": "日御碕ビジターセンター",
        "address": "島根県出雲市大社町日御碕1089-37",
        "facility_url": "https://www.izumo-kankou.gr.jp/5280"
      }
    },
    {
      "type": "Feature",
      "geometry": {
        "type": "Point",
        "coordinates": [
          131.944946,
          34.353554
        ]
      },
      "properties": {
        "issuer": "吉賀町",
        "card_code": null,
        "pref": "島根県",
        "round": "第11弾",
        "issued_date": "2019/12/14",
        "facility": "道の駅むいかいち温泉ゆらら",
        "address": "島根県鹿足郡吉賀町有飯225-2",
        "facility_url": null
      }
    },
    {
      "type": "Feature",
      "geometry": {
        "type": "Point",
        "coordinates": [
          132.42215,
          35.119926
        ]
      },
      "properties": {
        "issuer": "大田市",
        "card_code": null,
        "pref": "島根県",
        "round": "第10弾",
        "issued_date": "2019/08/07",
        "facility": "（一社）大田市観光協会",
        "address": "島根県大田市仁摩町大国42-1（道の駅「ごいせ仁摩」内　観光案内所）",
        "facility_url": null
      }
    },
    {
      "type": "Feature",
      "geometry": {
        "type": "Point",
        "coordinates": [
          133.259186,
          35.427193
        ]
      },
      "properties": {
        "issuer": "安来市",
        "card_code": null,
        "pref": "島根県",
        "round": "第04弾",
        "issued_date": "2017/04/03",
        "facility": "（一社）安来市観光協会",
        "address": "島根県安来市安来町2093-3（観光交流プラザ内）",
        "facility_url": "http://www.yasugi-kankou.com/"
      }
    },
    {
      "type": "Feature",
      "geometry": {
        "type": "Point",
        "coordinates": [
          132.756561,
          35.36105
        ]
      },
      "properties": {
        "issuer": "島根県",
        "card_code": "流域下水道",
        "pref": "島根県",
        "round": "第13弾",
        "issued_date": "2020/12/17",
        "facility": "出雲観光案内所",
        "address": "島根県出雲市駅北町11",
        "facility_url": "https://izumo-kankou.gr.jp/5279"
      }
    },
    {
      "type": "Feature",
      "geometry": {
        "type": "Point",
        "coordinates": [
          133.047119,
          35.478424
        ]
      },
      "properties": {
        "issuer": "松江市",
        "card_code": null,
        "pref": "島根県",
        "round": "第20弾",
        "issued_date": "2023/07/28",
        "facility": "松江堀川ふれあい広場　乗船場",
        "address": "島根県松江市黒田町507-1",
        "facility_url": "https://www.matsue-horikawameguri.jp/course"
      }
    },
    {
      "type": "Feature",
      "geometry": {
        "type": "Point",
        "coordinates": [
          132.221542,
          35.011372
        ]
      },
      "properties": {
        "issuer": "江津市",
        "card_code": null,
        "pref": "島根県",
        "round": "第12弾",
        "issued_date": "2020/04/25",
        "facility": "江津市観光協会",
        "address": "島根県江津市江津町1518-1",
        "facility_url": "https://gotsu-kanko.jp/"
      }
    },
    {
      "type": "Feature",
      "geometry": {
        "type": "Point",
        "coordinates": [
          131.774063,
          34.473564
        ]
      },
      "properties": {
        "issuer": "津和野町",
        "card_code": null,
        "pref": "島根県",
        "round": "第10弾",
        "issued_date": "2019/08/07",
        "facility": "（一社）津和野町観光協会",
        "address": "島根県鹿足郡津和野町後田イ71-2",
        "facility_url": "http://tsuwano-kanko.net/"
      }
    },
    {
      "type": "Feature",
      "geometry": {
        "type": "Point",
        "coordinates": [
          132.087799,
          34.903252
        ]
      },
      "properties": {
        "issuer": "浜田市",
        "card_code": "A001",
        "pref": "島根県",
        "round": "第08弾",
        "issued_date": "2018/08/11",
        "facility": "一般社団法人浜田市観光協会",
        "address": "島根県浜田市浅井町777-35（JR浜田駅2階）",
        "facility_url": "https://www.kankou-hamada.org/tourisminfo"
      }
    },
    {
      "type": "Feature",
      "geometry": {
        "type": "Point",
        "coordinates": [
          132.271927,
          34.888111
        ]
      },
      "properties": {
        "issuer": "浜田市",
        "card_code": "B001",
        "pref": "島根県",
        "round": "第19弾",
        "issued_date": "2023/04/28",
        "facility": "旭温泉　あさひ荘",
        "address": "島根県浜田市旭町木田954-3",
        "facility_url": "https://www.asahionsen.net/"
      }
    },
    {
      "type": "Feature",
      "geometry": {
        "type": "Point",
        "coordinates": [
          131.839691,
          34.677334
        ]
      },
      "properties": {
        "issuer": "益田市",
        "card_code": null,
        "pref": "島根県",
        "round": "第10弾",
        "issued_date": "2019/08/07",
        "facility": "一般社団法人益田市観光協会",
        "address": "島根県益田市駅前町17-2",
        "facility_url": "https://masudashi.com/"
      }
    },
    {
      "type": "Feature",
      "geometry": {
        "type": "Point",
        "coordinates": [
          133.029358,
          36.098858
        ]
      },
      "properties": {
        "issuer": "西ノ島町",
        "card_code": null,
        "pref": "島根県",
        "round": "第25弾",
        "issued_date": "2025/04/25",
        "facility": "西ノ島町役場　環境整備課",
        "address": "島根県隠岐郡西ノ島町大字美田600番地4",
        "facility_url": "https://www.town.nishinoshima.shimane.jp/"
      }
    },
    {
      "type": "Feature",
      "geometry": {
        "type": "Point",
        "coordinates": [
          133.083344,
          34.400368
        ]
      },
      "properties": {
        "issuer": "三原市",
        "card_code": "A001",
        "pref": "広島県",
        "round": "第04弾",
        "issued_date": "2017/04/03",
        "facility": "うきしろロビー",
        "address": "広島県三原市城町1-1-1（ＪＲ三原駅構内 観光案内所）",
        "facility_url": "http://www.mihara-kankou.com/fp-about-society/"
      }
    },
    {
      "type": "Feature",
      "geometry": {
        "type": "Point",
        "coordinates": [
          133.104279,
          34.397007
        ]
      },
      "properties": {
        "issuer": "三原市",
        "card_code": "B001",
        "pref": "広島県",
        "round": "第06弾",
        "issued_date": "2017/12/09",
        "facility": "道の駅 みはら神明の里",
        "address": "広島県三原市糸崎4-21-1（道の駅1階 物産品販売コーナーレジ）",
        "facility_url": "https://www.shinmeinosato.jp/"
      }
    },
    {
      "type": "Feature",
      "geometry": {
        "type": "Point",
        "coordinates": [
          132.564316,
          34.239433
        ]
      },
      "properties": {
        "issuer": "呉市",
        "card_code": "A001",
        "pref": "広島県",
        "round": "第05弾",
        "issued_date": "2017/08/01",
        "facility": "呉市入船山記念館",
        "address": "広島県呉市幸町4-6",
        "facility_url": "http://irifuneyama.com/"
      }
    },
    {
      "type": "Feature",
      "geometry": {
        "type": "Point",
        "coordinates": [
          132.565491,
          34.245995
        ]
      },
      "properties": {
        "issuer": "呉市",
        "card_code": "B001",
        "pref": "広島県",
        "round": "第05弾",
        "issued_date": "2017/08/01",
        "facility": "街かど市民ギャラリー90（くれ）",
        "address": "広島県呉市中通3-3-17",
        "facility_url": null
      }
    },
    {
      "type": "Feature",
      "geometry": {
        "type": "Point",
        "coordinates": [
          132.513947,
          34.340836
        ]
      },
      "properties": {
        "issuer": "坂町",
        "card_code": null,
        "pref": "広島県",
        "round": "第07弾",
        "issued_date": "2018/04/28",
        "facility": "坂町町民センター",
        "address": "広島県安芸郡坂町平成ヶ浜1-1-1",
        "facility_url": "https://www.town.saka.lg.jp/2017/07/01/index-13/"
      }
    },
    {
      "type": "Feature",
      "geometry": {
        "type": "Point",
        "coordinates": [
          132.270004,
          34.575344
        ]
      },
      "properties": {
        "issuer": "安芸太田町",
        "card_code": "A001",
        "pref": "広島県",
        "round": "第28弾",
        "issued_date": "2026/04/24",
        "facility": "道の駅来夢とごうち",
        "address": "広島県山県郡安芸太田町大字上殿632-2",
        "facility_url": "https://cs-akiota.or.jp/"
      }
    },
    {
      "type": "Feature",
      "geometry": {
        "type": "Point",
        "coordinates": [
          132.669373,
          34.655483
        ]
      },
      "properties": {
        "issuer": "安芸高田市",
        "card_code": "A001",
        "pref": "広島県",
        "round": "第12弾",
        "issued_date": "2020/04/25",
        "facility": "道の駅三矢の里あきたかた",
        "address": "広島県安芸高田市吉田町山手1059-1",
        "facility_url": "https://akitakata-kankou.jp/main/mitsuyanosato/"
      }
    },
    {
      "type": "Feature",
      "geometry": {
        "type": "Point",
        "coordinates": [
          132.661362,
          34.721344
        ]
      },
      "properties": {
        "issuer": "安芸高田市",
        "card_code": "B001",
        "pref": "広島県",
        "round": "第13弾",
        "issued_date": "2020/12/17",
        "facility": "道の駅北の関宿安芸高田",
        "address": "広島県安芸高田市美土里町横田331-1",
        "facility_url": "https://www.akitakata.jp/ja/shisei/section/syoukou/y100/"
      }
    },
    {
      "type": "Feature",
      "geometry": {
        "type": "Point",
        "coordinates": [
          132.612549,
          34.715157
        ]
      },
      "properties": {
        "issuer": "安芸高田市",
        "card_code": "C001",
        "pref": "広島県",
        "round": "第14弾",
        "issued_date": "2021/04/25",
        "facility": "神楽門前湯治村 「千両萬両」",
        "address": "広島県安芸高田市美土里町本郷14627",
        "facility_url": "https://toujimura.com/"
      }
    },
    {
      "type": "Feature",
      "geometry": {
        "type": "Point",
        "coordinates": [
          132.484375,
          34.391872
        ]
      },
      "properties": {
        "issuer": "広島市",
        "card_code": "A001",
        "pref": "広島県",
        "round": "第01弾",
        "issued_date": "2016/04/01",
        "facility": "大州雨水貯留池",
        "address": "広島県広島市南区南蟹屋2-3",
        "facility_url": null
      }
    },
    {
      "type": "Feature",
      "geometry": {
        "type": "Point",
        "coordinates": [
          132.474991,
          34.397057
        ]
      },
      "properties": {
        "issuer": "広島市",
        "card_code": "B001",
        "pref": "広島県",
        "round": "第18弾",
        "issued_date": "2023/01/28",
        "facility": "広島駅総合案内所",
        "address": "広島県広島市南区松原町2-37",
        "facility_url": "https://dive-hiroshima.com/explore/3636/"
      }
    },
    {
      "type": "Feature",
      "geometry": {
        "type": "Point",
        "coordinates": [
          132.453537,
          34.39307
        ]
      },
      "properties": {
        "issuer": "広島市",
        "card_code": "C001",
        "pref": "広島県",
        "round": "第19弾",
        "issued_date": "2023/04/28",
        "facility": "広島市平和記念公園レストハウス",
        "address": "広島県広島市中区中島町1番1号",
        "facility_url": "https://hiroshima-resthouse.jp/"
      }
    },
    {
      "type": "Feature",
      "geometry": {
        "type": "Point",
        "coordinates": [
          132.455124,
          34.352631
        ]
      },
      "properties": {
        "issuer": "広島市",
        "card_code": "D001",
        "pref": "広島県",
        "round": "第20弾",
        "issued_date": "2023/07/28",
        "facility": "広島港総合案内所",
        "address": "広島県広島市南区宇品海岸一丁目13-26 広島港宇品旅客ターミナル１階",
        "facility_url": "https://www.city.hiroshima.lg.jp/site/ujinaterminal/144462.html"
      }
    },
    {
      "type": "Feature",
      "geometry": {
        "type": "Point",
        "coordinates": [
          132.473862,
          34.39642
        ]
      },
      "properties": {
        "issuer": "広島市",
        "card_code": "E001",
        "pref": "広島県",
        "round": "第22弾",
        "issued_date": "2024/04/26",
        "facility": "広島駅南口地下広場案内所",
        "address": "広島県広島市南区松原町9番地先（広島駅南口地下広場）",
        "facility_url": "https://hiro-chika.com/"
      }
    },
    {
      "type": "Feature",
      "geometry": {
        "type": "Point",
        "coordinates": [
          133.424271,
          34.433903
        ]
      },
      "properties": {
        "issuer": "広島県",
        "card_code": "流域下水道",
        "pref": "広島県",
        "round": "第02弾",
        "issued_date": "2016/08/01",
        "facility": "広島県芦田川流域下水道浄化センター",
        "address": "広島県福山市箕沖町106",
        "facility_url": "http://www.kengesui-hiroshima.or.jp/"
      }
    },
    {
      "type": "Feature",
      "geometry": {
        "type": "Point",
        "coordinates": [
          132.338013,
          34.355415
        ]
      },
      "properties": {
        "issuer": "廿日市市",
        "card_code": null,
        "pref": "広島県",
        "round": "第07弾",
        "issued_date": "2018/04/28",
        "facility": "廿日市市中央市民センター",
        "address": "広島県廿日市市天神11-29",
        "facility_url": "https://www.city.hatsukaichi.hiroshima.jp/site/chuosc/"
      }
    },
    {
      "type": "Feature",
      "geometry": {
        "type": "Point",
        "coordinates": [
          132.743271,
          34.430489
        ]
      },
      "properties": {
        "issuer": "東広島市",
        "card_code": "A001",
        "pref": "広島県",
        "round": "第03弾",
        "issued_date": "2016/12/01",
        "facility": "東広島市観光案内所",
        "address": "広島県東広島市西条本町12-3（JR西日本西条駅2階）",
        "facility_url": "https://higashihiroshima-kanko.jp/spot/hh-tourist-info/"
      }
    },
    {
      "type": "Feature",
      "geometry": {
        "type": "Point",
        "coordinates": [
          132.826874,
          34.564861
        ]
      },
      "properties": {
        "issuer": "東広島市",
        "card_code": "B001",
        "pref": "広島県",
        "round": "第09弾",
        "issued_date": "2018/12/14",
        "facility": "【平日】豊栄支所地域振興課",
        "address": "広島県東広島市豊栄町鍛冶屋963-2",
        "facility_url": null
      }
    },
    {
      "type": "Feature",
      "geometry": {
        "type": "Point",
        "coordinates": [
          132.746811,
          34.429699
        ]
      },
      "properties": {
        "issuer": "東広島市",
        "card_code": "C001",
        "pref": "広島県",
        "round": "第29弾",
        "issued_date": "2026/07/31",
        "facility": "西条酒蔵通り観光案内所",
        "address": "広島県東広島市西条本町17-1",
        "facility_url": "https://jpn01.safelinks.protection.outlook.com/?url=https%3A%2F%2Fhigashihiroshima-kanko.jp%2Fspot%2Fsakaguradori-tourist-info%2F&data=05%7C02%7Chgh200957%40city.higashihiroshima.lg.jp%7C6679458235f74fdab46b08ded9d35646%7C7a6f116510b74e51b43fbdb60acb8c70%7C1%7C0%7C639187698872164881%7CUnknown%7CTWFpbGZsb3d8eyJFbXB0eU1hcGkiOnRydWUsIlYiOiIwLjAuMDAwMCIsIlAiOiJXaW4zMiIsIkFOIjoiTWFpbCIsIldUIjoyfQ%3D%3D%7C0%7C%7C%7C&sdata=8QHj0cc8kym6zSO94%2F4MSxUu1tGS1%2FMuofKGjdzEfqM%3D&reserved=0"
      }
    },
    {
      "type": "Feature",
      "geometry": {
        "type": "Point",
        "coordinates": [
          132.566071,
          34.332726
        ]
      },
      "properties": {
        "issuer": "熊野町",
        "card_code": null,
        "pref": "広島県",
        "round": "第24弾",
        "issued_date": "2024/12/20",
        "facility": "熊野町観光案内所 筆の駅",
        "address": "広島県安芸郡熊野町出来庭十丁目６番２４号",
        "facility_url": "https://houkodou.jp/wp_2020spring/cat11"
      }
    },
    {
      "type": "Feature",
      "geometry": {
        "type": "Point",
        "coordinates": [
          133.362137,
          34.48941
        ]
      },
      "properties": {
        "issuer": "福山市",
        "card_code": null,
        "pref": "広島県",
        "round": "第17弾",
        "issued_date": "2022/08/06",
        "facility": "福山観光案内所",
        "address": "広島県福山市三之丸町30-１ JR福山駅構内",
        "facility_url": "https://www.fukuyama-kanko.com"
      }
    },
    {
      "type": "Feature",
      "geometry": {
        "type": "Point",
        "coordinates": [
          132.912018,
          34.343628
        ]
      },
      "properties": {
        "issuer": "竹原市",
        "card_code": "B001",
        "pref": "広島県",
        "round": "第10弾",
        "issued_date": "2019/08/07",
        "facility": "道の駅たけはら　２階　観光情報コーナー",
        "address": "広島県竹原市本町１丁目１番１号",
        "facility_url": "https://www.iine-takehara.com/michinoekitakehara"
      }
    },
    {
      "type": "Feature",
      "geometry": {
        "type": "Point",
        "coordinates": [
          134.547012,
          34.125668
        ]
      },
      "properties": {
        "issuer": "北島町",
        "card_code": "A001",
        "pref": "徳島県",
        "round": "第28弾",
        "issued_date": "2026/04/24",
        "facility": "北島町役場上下水道課",
        "address": "徳島県板野郡北島町中村字上地23番地1",
        "facility_url": "https://www.town.kitajima.lg.jp/"
      }
    },
    {
      "type": "Feature",
      "geometry": {
        "type": "Point",
        "coordinates": [
          134.358627,
          34.066124
        ]
      },
      "properties": {
        "issuer": "吉野川市",
        "card_code": null,
        "pref": "徳島県",
        "round": "第24弾",
        "issued_date": "2024/12/20",
        "facility": "【平日】吉野川市役所　商工観光課",
        "address": "徳島県吉野川市鴨島町鴨島115-1",
        "facility_url": " https://www.city.yoshinogawa.lg.jp/top.html"
      }
    },
    {
      "type": "Feature",
      "geometry": {
        "type": "Point",
        "coordinates": [
          134.544937,
          34.069897
        ]
      },
      "properties": {
        "issuer": "徳島市",
        "card_code": null,
        "pref": "徳島県",
        "round": "第26弾",
        "issued_date": "2025/07/25",
        "facility": "①阿波おどり会館",
        "address": "徳島県徳島市新町橋2丁目20番地 阿波おどり会館1階",
        "facility_url": "https://www.awaodori-kaikan.jp/"
      }
    },
    {
      "type": "Feature",
      "geometry": {
        "type": "Point",
        "coordinates": [
          134.580002,
          34.133663
        ]
      },
      "properties": {
        "issuer": "松茂町",
        "card_code": "A001",
        "pref": "徳島県",
        "round": "第07弾",
        "issued_date": "2018/04/28",
        "facility": "【平日】松茂町役場 上下水道課",
        "address": "徳島県板野郡松茂町広島字東裏30",
        "facility_url": "http://www.town.matsushige.tokushima.jp/"
      }
    },
    {
      "type": "Feature",
      "geometry": {
        "type": "Point",
        "coordinates": [
          134.580002,
          34.133663
        ]
      },
      "properties": {
        "issuer": "松茂町",
        "card_code": "B001",
        "pref": "徳島県",
        "round": "第13弾",
        "issued_date": "2020/12/17",
        "facility": "【平日】松茂町総合会館",
        "address": "徳島県板野郡松茂町広島字東裏３０番地",
        "facility_url": null
      }
    },
    {
      "type": "Feature",
      "geometry": {
        "type": "Point",
        "coordinates": [
          134.300507,
          33.57378
        ]
      },
      "properties": {
        "issuer": "海陽町",
        "card_code": null,
        "pref": "徳島県",
        "round": "第23弾",
        "issued_date": "2024/07/26",
        "facility": "海陽町観光協会",
        "address": "徳島県海部郡海陽町久保字板取 219-6",
        "facility_url": "https://www.kaiyo-kankou.jp/"
      }
    },
    {
      "type": "Feature",
      "geometry": {
        "type": "Point",
        "coordinates": [
          134.611313,
          34.183296
        ]
      },
      "properties": {
        "issuer": "鳴門市",
        "card_code": "A001",
        "pref": "徳島県",
        "round": "第04弾",
        "issued_date": "2017/04/03",
        "facility": "鳴門市観光情報センター",
        "address": "徳島県鳴門市撫養町大桑島濘岩浜75-1",
        "facility_url": "https://www.naruto-kankou.jp/charm/charm-2791/"
      }
    },
    {
      "type": "Feature",
      "geometry": {
        "type": "Point",
        "coordinates": [
          134.609009,
          34.173168
        ]
      },
      "properties": {
        "issuer": "鳴門市",
        "card_code": "B001",
        "pref": "徳島県",
        "round": "第23弾",
        "issued_date": "2024/07/26",
        "facility": "鳴門市うずしお観光協会",
        "address": "徳島県鳴門市撫養町南浜字東浜165番10（うずしお会館１F）",
        "facility_url": "https://www.naruto-kankou.jp"
      }
    },
    {
      "type": "Feature",
      "geometry": {
        "type": "Point",
        "coordinates": [
          133.03952,
          34.128021
        ]
      },
      "properties": {
        "issuer": "今治市",
        "card_code": "A001",
        "pref": "愛媛県",
        "round": "第10弾",
        "issued_date": "2019/08/07",
        "facility": "道の駅よしうみいきいき館",
        "address": "愛媛県今治市吉海町名4520-2",
        "facility_url": "https://imabari-shimanami.jp/ikiiki/"
      }
    },
    {
      "type": "Feature",
      "geometry": {
        "type": "Point",
        "coordinates": [
          132.994125,
          34.065407
        ]
      },
      "properties": {
        "issuer": "今治市",
        "card_code": "B001",
        "pref": "愛媛県",
        "round": "第24弾",
        "issued_date": "2024/12/20",
        "facility": "今治駅前観光インフォメーションセンター",
        "address": "愛媛県今治市北宝来町2丁目甲773番地8(今治駅前サイクリングターミナル交流スペース内)",
        "facility_url": "https://www.city.imabari.ehime.jp/kanko/spot/?a=1102"
      }
    },
    {
      "type": "Feature",
      "geometry": {
        "type": "Point",
        "coordinates": [
          132.962463,
          34.044254
        ]
      },
      "properties": {
        "issuer": "今治市",
        "card_code": "C001",
        "pref": "愛媛県",
        "round": "第26弾",
        "issued_date": "2025/07/25",
        "facility": "イオンモール今治新都市1F　インフォメーションカウンター",
        "address": "愛媛県今治市にぎわい広場1番地1",
        "facility_url": "https://imabarishintoshi-aeonmall.com/"
      }
    },
    {
      "type": "Feature",
      "geometry": {
        "type": "Point",
        "coordinates": [
          132.717407,
          33.769302
        ]
      },
      "properties": {
        "issuer": "伊予市",
        "card_code": null,
        "pref": "愛媛県",
        "round": "第17弾",
        "issued_date": "2022/08/06",
        "facility": "ウェルピア伊予",
        "address": "愛媛県伊予市下三谷1761番地1",
        "facility_url": "https://welpiaiyo.jp/"
      }
    },
    {
      "type": "Feature",
      "geometry": {
        "type": "Point",
        "coordinates": [
          132.251465,
          33.443172
        ]
      },
      "properties": {
        "issuer": "伊方町",
        "card_code": null,
        "pref": "愛媛県",
        "round": "第23弾",
        "issued_date": "2024/07/26",
        "facility": "道の駅「佐田岬半島ミュージアム」",
        "address": "愛媛県西宇和郡伊方町塩成乙293番地",
        "facility_url": "https://sadamisakihanto-museum.jp/"
      }
    },
    {
      "type": "Feature",
      "geometry": {
        "type": "Point",
        "coordinates": [
          132.418716,
          33.459232
        ]
      },
      "properties": {
        "issuer": "八幡浜市",
        "card_code": "A001",
        "pref": "愛媛県",
        "round": "第03弾",
        "issued_date": "2016/12/01",
        "facility": "道の駅 みなとオアシス八幡浜みなっと みなと交流館",
        "address": "愛媛県八幡浜市沖新田1581-23",
        "facility_url": "http://www.minatto.net/"
      }
    },
    {
      "type": "Feature",
      "geometry": {
        "type": "Point",
        "coordinates": [
          132.423309,
          33.46283
        ]
      },
      "properties": {
        "issuer": "八幡浜市",
        "card_code": "B001",
        "pref": "愛媛県",
        "round": "第13弾",
        "issued_date": "2020/12/17",
        "facility": "【平日】八幡浜市役所農林課",
        "address": "愛媛県八幡浜市北浜一丁目１番１号",
        "facility_url": null
      }
    },
    {
      "type": "Feature",
      "geometry": {
        "type": "Point",
        "coordinates": [
          133.573563,
          34.008045
        ]
      },
      "properties": {
        "issuer": "四国中央市",
        "card_code": "A001",
        "pref": "愛媛県",
        "round": "第14弾",
        "issued_date": "2021/04/25",
        "facility": "紙のまち資料館",
        "address": "愛媛県四国中央市川之江町4069-1",
        "facility_url": "http://www.shikochu-kankou.jp/?page_id=97"
      }
    },
    {
      "type": "Feature",
      "geometry": {
        "type": "Point",
        "coordinates": [
          133.574738,
          34.013699
        ]
      },
      "properties": {
        "issuer": "四国中央市",
        "card_code": "B001",
        "pref": "愛媛県",
        "round": "第23弾",
        "issued_date": "2024/07/26",
        "facility": "みんなの広場『四国中央ドットコム』",
        "address": "愛媛県四国中央市川之江町1814-5",
        "facility_url": "https://sakaemachi.jimdoweb.com/%E7%B5%84%E5%90%88%E3%83%88%E3%83%94%E3%83%83%E3%82%AF/%E5%9B%9B%E5%9B%BD%E4%B8%AD%E5%A4%AE%E3%83%89%E3%83%83%E3%83%88%E3%82%B3%E3%83%A0/"
      }
    },
    {
      "type": "Feature",
      "geometry": {
        "type": "Point",
        "coordinates": [
          132.546936,
          33.506542
        ]
      },
      "properties": {
        "issuer": "大洲市",
        "card_code": null,
        "pref": "愛媛県",
        "round": "第06弾",
        "issued_date": "2017/12/09",
        "facility": "大洲まちの駅 あさもや",
        "address": "愛媛県大洲市大洲649-1",
        "facility_url": "http://www.oozukankou.jp/buy-1.html"
      }
    },
    {
      "type": "Feature",
      "geometry": {
        "type": "Point",
        "coordinates": [
          132.565308,
          33.221077
        ]
      },
      "properties": {
        "issuer": "宇和島市",
        "card_code": null,
        "pref": "愛媛県",
        "round": "第04弾",
        "issued_date": "2017/04/03",
        "facility": "宇和島市観光情報センター「シロシタ」",
        "address": "愛媛県宇和島市丸之内5-1-4",
        "facility_url": null
      }
    },
    {
      "type": "Feature",
      "geometry": {
        "type": "Point",
        "coordinates": [
          133.294296,
          33.949554
        ]
      },
      "properties": {
        "issuer": "新居浜市",
        "card_code": "A001",
        "pref": "愛媛県",
        "round": "第03弾",
        "issued_date": "2016/12/01",
        "facility": "あかがねミュージアム",
        "address": "愛媛県新居浜市坂井町2-8-1",
        "facility_url": "http://www.akaganemuseum.jp/"
      }
    },
    {
      "type": "Feature",
      "geometry": {
        "type": "Point",
        "coordinates": [
          133.310379,
          33.901642
        ]
      },
      "properties": {
        "issuer": "新居浜市",
        "card_code": "B001",
        "pref": "愛媛県",
        "round": "第26弾",
        "issued_date": "2025/07/25",
        "facility": "マイントピア別子　チケット売り場",
        "address": "愛媛県新居浜市立川町707-3",
        "facility_url": "https://besshi.com/"
      }
    },
    {
      "type": "Feature",
      "geometry": {
        "type": "Point",
        "coordinates": [
          132.912598,
          33.804062
        ]
      },
      "properties": {
        "issuer": "東温市(A001)",
        "card_code": null,
        "pref": "愛媛県",
        "round": "第08弾",
        "issued_date": "2018/08/11",
        "facility": "東温市さくらの湯 観光物産センター",
        "address": "愛媛県東温市北方甲2098",
        "facility_url": null
      }
    },
    {
      "type": "Feature",
      "geometry": {
        "type": "Point",
        "coordinates": [
          132.880249,
          33.790951
        ]
      },
      "properties": {
        "issuer": "東温市(B001)",
        "card_code": null,
        "pref": "愛媛県",
        "round": "第11弾",
        "issued_date": "2019/12/14",
        "facility": "東温アートヴィレッジセンター",
        "address": "愛媛県東温市見奈良1125番地 レスパスシティ内クールスモール2階",
        "facility_url": "https://art-village-toon.jp/"
      }
    },
    {
      "type": "Feature",
      "geometry": {
        "type": "Point",
        "coordinates": [
          132.768723,
          33.841927
        ]
      },
      "properties": {
        "issuer": "松山市",
        "card_code": "A001",
        "pref": "愛媛県",
        "round": "第03弾",
        "issued_date": "2016/12/01",
        "facility": "坂の上の雲ミュージアム",
        "address": "愛媛県松山市一番町3-20",
        "facility_url": "https://www.sakanouenokumomuseum.jp/"
      }
    },
    {
      "type": "Feature",
      "geometry": {
        "type": "Point",
        "coordinates": [
          132.785202,
          33.852177
        ]
      },
      "properties": {
        "issuer": "松山市",
        "card_code": "B001",
        "pref": "愛媛県",
        "round": "第13弾",
        "issued_date": "2020/12/17",
        "facility": "道後温泉別館飛鳥乃湯泉",
        "address": "愛媛県松山市道後湯之町19番22号",
        "facility_url": "https://dogo.jp/onsen/asuka"
      }
    },
    {
      "type": "Feature",
      "geometry": {
        "type": "Point",
        "coordinates": [
          132.78952,
          33.727814
        ]
      },
      "properties": {
        "issuer": "砥部町",
        "card_code": null,
        "pref": "愛媛県",
        "round": "第16弾",
        "issued_date": "2022/01/15",
        "facility": "【通常】砥部焼伝統産業会館",
        "address": "愛媛県伊予郡砥部町大南335番地",
        "facility_url": "https://www.town.tobe.ehime.jp/soshikikarasagasu/shoukoukannkouka/kankou/9/552.html"
      }
    },
    {
      "type": "Feature",
      "geometry": {
        "type": "Point",
        "coordinates": [
          132.514389,
          33.36298
        ]
      },
      "properties": {
        "issuer": "西予市",
        "card_code": "A001",
        "pref": "愛媛県",
        "round": "第16弾",
        "issued_date": "2022/01/15",
        "facility": "宇和文化の里休憩所",
        "address": "愛媛県西予市宇和町卯之町三丁目223番地",
        "facility_url": "https://seiyojikan.jp/spot/%E5%AE%87%E5%92%8C%E6%96%87%E5%8C%96%E3%81%AE%E9%87%8C%E4%BC%91%E6%86%A9%E6%89%80/"
      }
    },
    {
      "type": "Feature",
      "geometry": {
        "type": "Point",
        "coordinates": [
          132.64064,
          33.378555
        ]
      },
      "properties": {
        "issuer": "西予市",
        "card_code": "B001",
        "pref": "愛媛県",
        "round": "第28弾",
        "issued_date": "2026/04/24",
        "facility": "乙亥会館",
        "address": "愛媛県西予市野村町野村12号10番地",
        "facility_url": "https://seiyojikan.jp/spot/otoikaikan/"
      }
    },
    {
      "type": "Feature",
      "geometry": {
        "type": "Point",
        "coordinates": [
          133.189255,
          33.911625
        ]
      },
      "properties": {
        "issuer": "西条市",
        "card_code": null,
        "pref": "愛媛県",
        "round": "第13弾",
        "issued_date": "2020/12/17",
        "facility": "西条市観光交流センター",
        "address": "愛媛県西条市大町798番地1",
        "facility_url": "https://saijo-imadoki.jp/center/"
      }
    },
    {
      "type": "Feature",
      "geometry": {
        "type": "Point",
        "coordinates": [
          137.074722,
          35.089397
        ]
      },
      "properties": {
        "issuer": "みよし市",
        "card_code": "A001",
        "pref": "愛知県",
        "round": "第14弾",
        "issued_date": "2021/04/25",
        "facility": "【平日】みよし市役所下水道課",
        "address": "愛知県みよし市三好町小坂50番地",
        "facility_url": "https://www.city.aichi-miyoshi.lg.jp/index.html"
      }
    },
    {
      "type": "Feature",
      "geometry": {
        "type": "Point",
        "coordinates": [
          137.110519,
          35.125839
        ]
      },
      "properties": {
        "issuer": "みよし市",
        "card_code": "B001",
        "pref": "愛知県",
        "round": "第19弾",
        "issued_date": "2023/04/28",
        "facility": "みよし市ビジターセンター",
        "address": "愛知県みよし市三好丘二丁目2番1 カリヨンハウス1階",
        "facility_url": "https://www.city.aichi-miyoshi.lg.jp/soshiki/shiminkeizai/sangyo/syoukou/575.html"
      }
    },
    {
      "type": "Feature",
      "geometry": {
        "type": "Point",
        "coordinates": [
          137.089142,
          35.069542
        ]
      },
      "properties": {
        "issuer": "みよし市",
        "card_code": "C001",
        "pref": "愛知県",
        "round": "第28弾",
        "issued_date": "2026/04/24",
        "facility": "みなよし交流センター",
        "address": "愛知県みよし市明知町下細口1-8",
        "facility_url": "https://www.city.aichi-miyoshi.lg.jp/soshiki/somu/kyodo/15/index.html"
      }
    },
    {
      "type": "Feature",
      "geometry": {
        "type": "Point",
        "coordinates": [
          136.797531,
          35.302643
        ]
      },
      "properties": {
        "issuer": "一宮市",
        "card_code": null,
        "pref": "愛知県",
        "round": "第04弾",
        "issued_date": "2017/04/03",
        "facility": "一宮市立中央図書館（尾張一宮駅前ビル（i-ビル）6階）",
        "address": "愛知県一宮市栄3-1-2",
        "facility_url": "https://www.ip.licsre-saas.jp/ichinomiya/division/chuo/index.html"
      }
    },
    {
      "type": "Feature",
      "geometry": {
        "type": "Point",
        "coordinates": [
          137.010529,
          34.991173
        ]
      },
      "properties": {
        "issuer": "刈谷市",
        "card_code": null,
        "pref": "愛知県",
        "round": "第14弾",
        "issued_date": "2021/04/25",
        "facility": "刈谷駅前観光案内所(刈谷市産業振興センター１階)",
        "address": "愛知県刈谷市相生町1-1-6",
        "facility_url": "https://www.kariya-infobox.jp/"
      }
    },
    {
      "type": "Feature",
      "geometry": {
        "type": "Point",
        "coordinates": [
          136.866196,
          35.245754
        ]
      },
      "properties": {
        "issuer": "北名古屋市",
        "card_code": null,
        "pref": "愛知県",
        "round": "第08弾",
        "issued_date": "2018/08/11",
        "facility": "【平日】北名古屋市 下水道課窓口",
        "address": "愛知県北名古屋市西之保清水田15",
        "facility_url": "http://www.city.kitanagoya.lg.jp/"
      }
    },
    {
      "type": "Feature",
      "geometry": {
        "type": "Point",
        "coordinates": [
          136.926987,
          34.893944
        ]
      },
      "properties": {
        "issuer": "半田市",
        "card_code": "C001",
        "pref": "愛知県",
        "round": "第16弾",
        "issued_date": "2022/01/15",
        "facility": "クラシティ(1階)",
        "address": "愛知県半田市広小路町155番地の3",
        "facility_url": "https://www.clacity.jp/"
      }
    },
    {
      "type": "Feature",
      "geometry": {
        "type": "Point",
        "coordinates": [
          136.937881,
          34.892094
        ]
      },
      "properties": {
        "issuer": "半田市(A001)",
        "card_code": null,
        "pref": "愛知県",
        "round": "第09弾",
        "issued_date": "2018/12/14",
        "facility": "【平日】半田市役所水道部下水道課",
        "address": "愛知県半田市東洋町二丁目1番地",
        "facility_url": "https://www.city.handa.lg.jp/machi/gesuido/index.html"
      }
    },
    {
      "type": "Feature",
      "geometry": {
        "type": "Point",
        "coordinates": [
          136.928513,
          34.901707
        ]
      },
      "properties": {
        "issuer": "半田市(B001)",
        "card_code": null,
        "pref": "愛知県",
        "round": "第11弾",
        "issued_date": "2019/12/14",
        "facility": "半田赤レンガ建物",
        "address": "愛知県半田市榎下町8番地",
        "facility_url": "https://handa-akarenga.com/"
      }
    },
    {
      "type": "Feature",
      "geometry": {
        "type": "Point",
        "coordinates": [
          136.95636,
          35.175877
        ]
      },
      "properties": {
        "issuer": "名古屋市",
        "card_code": "B001",
        "pref": "愛知県",
        "round": "第02弾",
        "issued_date": "2016/08/01",
        "facility": "水の歴史資料館",
        "address": "愛知県名古屋市千種区月が丘1-1-44",
        "facility_url": "http://www.water.city.nagoya.jp/shiryokan/"
      }
    },
    {
      "type": "Feature",
      "geometry": {
        "type": "Point",
        "coordinates": [
          136.908142,
          35.332577
        ]
      },
      "properties": {
        "issuer": "大口町",
        "card_code": null,
        "pref": "愛知県",
        "round": "第26弾",
        "issued_date": "2025/07/25",
        "facility": "【平日】大口町役場１階　建設課",
        "address": "愛知県丹羽郡大口町下小口七丁目155番地",
        "facility_url": "https://www.town.oguchi.lg.jp/item/16101.htm#itemid16101"
      }
    },
    {
      "type": "Feature",
      "geometry": {
        "type": "Point",
        "coordinates": [
          136.962402,
          35.009396
        ]
      },
      "properties": {
        "issuer": "大府市",
        "card_code": null,
        "pref": "愛知県",
        "round": "第10弾",
        "issued_date": "2019/08/07",
        "facility": "大府市健康にぎわいステーション　KURUTOおおぶ",
        "address": "愛知県大府市中央町三丁目278番地（JR大府駅構内）",
        "facility_url": "https://www.kuruto.jp/"
      }
    },
    {
      "type": "Feature",
      "geometry": {
        "type": "Point",
        "coordinates": [
          136.820068,
          35.174797
        ]
      },
      "properties": {
        "issuer": "大治町",
        "card_code": null,
        "pref": "愛知県",
        "round": "第15弾",
        "issued_date": "2021/08/17",
        "facility": "【平日】大治町役場建設部下水道課窓口",
        "address": "愛知県海部郡大治町大字馬島字大門西1-1",
        "facility_url": "https://www.town.oharu.aichi.jp/seikatsu/gesuido13.html"
      }
    },
    {
      "type": "Feature",
      "geometry": {
        "type": "Point",
        "coordinates": [
          137.084869,
          34.959217
        ]
      },
      "properties": {
        "issuer": "安城市",
        "card_code": "A001",
        "pref": "愛知県",
        "round": "第03弾",
        "issued_date": "2016/12/01",
        "facility": "安城市図書情報館",
        "address": "愛知県安城市御幸本町504番地1（アンフォーレ内）",
        "facility_url": "http://www.library.city.anjo.aichi.jp/"
      }
    },
    {
      "type": "Feature",
      "geometry": {
        "type": "Point",
        "coordinates": [
          137.098267,
          34.945572
        ]
      },
      "properties": {
        "issuer": "安城市",
        "card_code": "B001",
        "pref": "愛知県",
        "round": "第19弾",
        "issued_date": "2023/04/28",
        "facility": "安城市歴史博物館",
        "address": "愛知県安城市安城町城堀30番地",
        "facility_url": "https://www.ansyobunka.jp/"
      }
    },
    {
      "type": "Feature",
      "geometry": {
        "type": "Point",
        "coordinates": [
          136.927994,
          35.289227
        ]
      },
      "properties": {
        "issuer": "小牧市",
        "card_code": null,
        "pref": "愛知県",
        "round": "第13弾",
        "issued_date": "2020/12/17",
        "facility": "小牧駅前観光案内所",
        "address": "愛知県小牧市中央一丁目260番地",
        "facility_url": "http://www.komaki-kanko.jp/"
      }
    },
    {
      "type": "Feature",
      "geometry": {
        "type": "Point",
        "coordinates": [
          137.037643,
          35.216682
        ]
      },
      "properties": {
        "issuer": "尾張旭市",
        "card_code": null,
        "pref": "愛知県",
        "round": "第05弾",
        "issued_date": "2017/08/01",
        "facility": "尾張旭まち案内",
        "address": "愛知県尾張旭市東大道原田34-1（グリーンシティビル1階）",
        "facility_url": "https://www.city.owariasahi.lg.jp/page/2168.html"
      }
    },
    {
      "type": "Feature",
      "geometry": {
        "type": "Point",
        "coordinates": [
          137.217194,
          34.914394
        ]
      },
      "properties": {
        "issuer": "岡崎市",
        "card_code": "C001",
        "pref": "愛知県",
        "round": "第13弾",
        "issued_date": "2020/12/17",
        "facility": "道の駅藤川宿",
        "address": "愛知県岡崎市藤川町字東沖田44番地",
        "facility_url": "https://okazaki-kanko.jp/feature/manhole/rune"
      }
    },
    {
      "type": "Feature",
      "geometry": {
        "type": "Point",
        "coordinates": [
          137.150879,
          34.957993
        ]
      },
      "properties": {
        "issuer": "岡崎市",
        "card_code": "D001",
        "pref": "愛知県",
        "round": "第14弾",
        "issued_date": "2021/04/25",
        "facility": "カクキュー八丁味噌の郷",
        "address": "愛知県岡崎市八帖町字往還通69",
        "facility_url": "https://okazaki-kanko.jp/okazaki-park/eat/33"
      }
    },
    {
      "type": "Feature",
      "geometry": {
        "type": "Point",
        "coordinates": [
          137.150879,
          34.957993
        ]
      },
      "properties": {
        "issuer": "岡崎市",
        "card_code": "F001",
        "pref": "愛知県",
        "round": "第17弾",
        "issued_date": "2022/08/06",
        "facility": "まるや八丁味噌",
        "address": "愛知県岡崎市八帖町字往還通52",
        "facility_url": "https://www.8miso.co.jp/"
      }
    },
    {
      "type": "Feature",
      "geometry": {
        "type": "Point",
        "coordinates": [
          137.159195,
          34.959457
        ]
      },
      "properties": {
        "issuer": "岡崎市",
        "card_code": "G001",
        "pref": "愛知県",
        "round": "第21弾",
        "issued_date": "2023/12/15",
        "facility": "りぶら市民活動センター",
        "address": "愛知県岡崎市康生通西4丁目71番地",
        "facility_url": "https://station.okazaki-lita.com/center/libra"
      }
    },
    {
      "type": "Feature",
      "geometry": {
        "type": "Point",
        "coordinates": [
          137.159256,
          34.956139
        ]
      },
      "properties": {
        "issuer": "岡崎市(A001)",
        "card_code": null,
        "pref": "愛知県",
        "round": "第02弾",
        "issued_date": "2016/08/01",
        "facility": "三河武士のやかた家康館",
        "address": "愛知県岡崎市康生町561",
        "facility_url": null
      }
    },
    {
      "type": "Feature",
      "geometry": {
        "type": "Point",
        "coordinates": [
          137.16568,
          34.958401
        ]
      },
      "properties": {
        "issuer": "岡崎市(B001)",
        "card_code": null,
        "pref": "愛知県",
        "round": "第11弾",
        "issued_date": "2019/12/14",
        "facility": "岡崎市観光協会（籠田案内所）",
        "address": "愛知県岡崎市康生通東2丁目47番地",
        "facility_url": "https://okazaki-kanko.jp/feature/rune/top"
      }
    },
    {
      "type": "Feature",
      "geometry": {
        "type": "Point",
        "coordinates": [
          136.83989,
          34.885742
        ]
      },
      "properties": {
        "issuer": "常滑市",
        "card_code": "A001",
        "pref": "愛知県",
        "round": "第23弾",
        "issued_date": "2024/07/26",
        "facility": "登窯広場展示工房館",
        "address": "愛知県常滑市栄町６丁目145番地",
        "facility_url": "https://www.instagram.com/kobokan.tokoname?igsh=dzQwMXhrYnhncnRj"
      }
    },
    {
      "type": "Feature",
      "geometry": {
        "type": "Point",
        "coordinates": [
          136.839645,
          34.890221
        ]
      },
      "properties": {
        "issuer": "常滑市(B001)",
        "card_code": null,
        "pref": "愛知県",
        "round": "第27弾",
        "issued_date": "2025/12/19",
        "facility": "とこなめ観光案内所",
        "address": "愛知県常滑市栄町3丁目8番地",
        "facility_url": "https://www.tokoname-kankou.net/info/tourist/"
      }
    },
    {
      "type": "Feature",
      "geometry": {
        "type": "Point",
        "coordinates": [
          137.165588,
          34.86491
        ]
      },
      "properties": {
        "issuer": "幸田町",
        "card_code": null,
        "pref": "愛知県",
        "round": "第25弾",
        "issued_date": "2025/04/25",
        "facility": "幸田町役場2階　下水道課",
        "address": "愛知県額田郡幸田町大字菱池字元林1番地1",
        "facility_url": "http://www.town.kota.lg.jp"
      }
    },
    {
      "type": "Feature",
      "geometry": {
        "type": "Point",
        "coordinates": [
          136.724457,
          35.109329
        ]
      },
      "properties": {
        "issuer": "弥富市",
        "card_code": null,
        "pref": "愛知県",
        "round": "第18弾",
        "issued_date": "2023/01/28",
        "facility": "歴史民俗資料館",
        "address": "愛知県弥富市前ケ須町南本田347",
        "facility_url": "https://www.city.yatomi.lg.jp/shisetsu/1000983/1000988/1000992.html"
      }
    },
    {
      "type": "Feature",
      "geometry": {
        "type": "Point",
        "coordinates": [
          136.753647,
          35.232452
        ]
      },
      "properties": {
        "issuer": "愛知県",
        "card_code": "流域下水道",
        "pref": "愛知県",
        "round": "第09弾",
        "issued_date": "2018/12/14",
        "facility": "愛知県下水道科学館",
        "address": "愛知県稲沢市平和町須ケ谷長田295-3",
        "facility_url": "https://www.eppy.jp/"
      }
    },
    {
      "type": "Feature",
      "geometry": {
        "type": "Point",
        "coordinates": [
          136.693954,
          35.144375
        ]
      },
      "properties": {
        "issuer": "愛西市",
        "card_code": null,
        "pref": "愛知県",
        "round": "第21弾",
        "issued_date": "2023/12/15",
        "facility": "愛西市観光協会",
        "address": "愛知県愛西市森川町井桁西25番地1",
        "facility_url": null
      }
    },
    {
      "type": "Feature",
      "geometry": {
        "type": "Point",
        "coordinates": [
          136.913208,
          35.359329
        ]
      },
      "properties": {
        "issuer": "扶桑町",
        "card_code": null,
        "pref": "愛知県",
        "round": "第11弾",
        "issued_date": "2019/12/14",
        "facility": "扶桑町役場下水道課",
        "address": "愛知県丹羽郡扶桑町大字高雄字天道330",
        "facility_url": "https://www.town.fuso.lg.jp/"
      }
    },
    {
      "type": "Feature",
      "geometry": {
        "type": "Point",
        "coordinates": [
          137.043808,
          35.13773
        ]
      },
      "properties": {
        "issuer": "日進市",
        "card_code": "A001",
        "pref": "愛知県",
        "round": "第28弾",
        "issued_date": "2026/06/24",
        "facility": "にっしん観光まちづくり協会（道の駅マチテラス日進内）",
        "address": "愛知県日進市本郷町前田33番地　道の駅マチテラス日進内",
        "facility_url": "https://glglnisshin.jp/"
      }
    },
    {
      "type": "Feature",
      "geometry": {
        "type": "Point",
        "coordinates": [
          136.965012,
          34.976669
        ]
      },
      "properties": {
        "issuer": "東浦町",
        "card_code": null,
        "pref": "愛知県",
        "round": "第09弾",
        "issued_date": "2018/12/14",
        "facility": "【平日】東浦町役場　水道サービス課",
        "address": "愛知県知多郡東浦町大字緒川字政所20番地",
        "facility_url": "http://www.town.aichi-higashiura.lg.jp/"
      }
    },
    {
      "type": "Feature",
      "geometry": {
        "type": "Point",
        "coordinates": [
          136.923615,
          34.843472
        ]
      },
      "properties": {
        "issuer": "武豊町",
        "card_code": null,
        "pref": "愛知県",
        "round": "第13弾",
        "issued_date": "2020/12/17",
        "facility": "【通常】まちの駅『味の蔵たけとよ』",
        "address": "愛知県知多郡武豊町忠白田11-1",
        "facility_url": "http://taketoyo-kouryu.jp/ajinokura/"
      }
    },
    {
      "type": "Feature",
      "geometry": {
        "type": "Point",
        "coordinates": [
          136.885986,
          35.365574
        ]
      },
      "properties": {
        "issuer": "江南市",
        "card_code": null,
        "pref": "愛知県",
        "round": "第12弾",
        "issued_date": "2020/04/25",
        "facility": "【平日】江南市下般若配水場２階下水道課",
        "address": "愛知県江南市般若町中山146番地",
        "facility_url": "https://www.city.konan.lg.jp/"
      }
    },
    {
      "type": "Feature",
      "geometry": {
        "type": "Point",
        "coordinates": [
          136.741364,
          35.177059
        ]
      },
      "properties": {
        "issuer": "津島市",
        "card_code": null,
        "pref": "愛知県",
        "round": "第17弾",
        "issued_date": "2022/08/06",
        "facility": "【平日】津島市水道お客さまセンター",
        "address": "愛知県津島市立込町2丁目21番地",
        "facility_url": null
      }
    },
    {
      "type": "Feature",
      "geometry": {
        "type": "Point",
        "coordinates": [
          137.09787,
          35.225304
        ]
      },
      "properties": {
        "issuer": "瀬戸市",
        "card_code": "A001",
        "pref": "愛知県",
        "round": "第03弾",
        "issued_date": "2016/12/01",
        "facility": "瀬戸観光案内所",
        "address": "愛知県瀬戸市栄町45（パルティせと1階）",
        "facility_url": "http://www.setomachi.com/setotourist/"
      }
    },
    {
      "type": "Feature",
      "geometry": {
        "type": "Point",
        "coordinates": [
          137.101837,
          35.224648
        ]
      },
      "properties": {
        "issuer": "瀬戸市",
        "card_code": "B001",
        "pref": "愛知県",
        "round": "第19弾",
        "issued_date": "2023/04/28",
        "facility": "新世紀工芸館",
        "address": "愛知県瀬戸市南仲之切町81-2",
        "facility_url": "http://www.seto-cul.jp/new-century/access.html"
      }
    },
    {
      "type": "Feature",
      "geometry": {
        "type": "Point",
        "coordinates": [
          136.888458,
          34.967548
        ]
      },
      "properties": {
        "issuer": "知多市",
        "card_code": null,
        "pref": "愛知県",
        "round": "第13弾",
        "issued_date": "2020/12/17",
        "facility": "梅の館（佐布里緑と花のふれあい公園内）",
        "address": "愛知県知多市佐布里台3丁目101",
        "facility_url": "https://www.sourifureai.com/"
      }
    },
    {
      "type": "Feature",
      "geometry": {
        "type": "Point",
        "coordinates": [
          137.05072,
          35.001492
        ]
      },
      "properties": {
        "issuer": "知立市",
        "card_code": null,
        "pref": "愛知県",
        "round": "第20弾",
        "issued_date": "2023/07/28",
        "facility": "【平日】知立市役所上下水道部下水道課",
        "address": "愛知県知立市広見三丁目1番地",
        "facility_url": "https://www.city.chiryu.aichi.jp/soshiki/jogesuido/gesuido/index.html"
      }
    },
    {
      "type": "Feature",
      "geometry": {
        "type": "Point",
        "coordinates": [
          136.993484,
          34.884842
        ]
      },
      "properties": {
        "issuer": "碧南市",
        "card_code": null,
        "pref": "愛知県",
        "round": "第09弾",
        "issued_date": "2018/12/14",
        "facility": "【平日】碧南市役所下水道課",
        "address": "愛知県碧南市松本町２８番地",
        "facility_url": "http://www.city.hekinan.aichi.jp/GESUIKA/index.htm"
      }
    },
    {
      "type": "Feature",
      "geometry": {
        "type": "Point",
        "coordinates": [
          137.234604,
          34.815155
        ]
      },
      "properties": {
        "issuer": "蒲郡市",
        "card_code": null,
        "pref": "愛知県",
        "round": "第21弾",
        "issued_date": "2023/12/15",
        "facility": "海辺の文学記念館",
        "address": "愛知県蒲郡市竹島町15番62号",
        "facility_url": "https://ubkinenkan.com"
      }
    },
    {
      "type": "Feature",
      "geometry": {
        "type": "Point",
        "coordinates": [
          136.786942,
          35.132221
        ]
      },
      "properties": {
        "issuer": "蟹江町",
        "card_code": null,
        "pref": "愛知県",
        "round": "第10弾",
        "issued_date": "2019/08/07",
        "facility": "【平日】",
        "address": "蟹江町水道事務所（蟹江町上下水道部下水道課）",
        "facility_url": "http://www.town.kanie.aichi.jp/"
      }
    },
    {
      "type": "Feature",
      "geometry": {
        "type": "Point",
        "coordinates": [
          137.063263,
          34.86179
        ]
      },
      "properties": {
        "issuer": "西尾市",
        "card_code": null,
        "pref": "愛知県",
        "round": "第20弾",
        "issued_date": "2023/07/28",
        "facility": "【平日】西尾市水道庁舎（３階）上下水道経営課",
        "address": "愛知県西尾市丁田町五助１８番地",
        "facility_url": "https://www.city.nishio.aichi.jp/"
      }
    },
    {
      "type": "Feature",
      "geometry": {
        "type": "Point",
        "coordinates": [
          137.572281,
          35.099102
        ]
      },
      "properties": {
        "issuer": "設楽町",
        "card_code": null,
        "pref": "愛知県",
        "round": "第15弾",
        "issued_date": "2021/08/17",
        "facility": "【平日】設楽町役場　生活課",
        "address": "愛知県北設楽郡設楽町田口字辻前14番地",
        "facility_url": "https://www.town.shitara.lg.jp/"
      }
    },
    {
      "type": "Feature",
      "geometry": {
        "type": "Point",
        "coordinates": [
          136.911987,
          35.250572
        ]
      },
      "properties": {
        "issuer": "豊山町",
        "card_code": null,
        "pref": "愛知県",
        "round": "第06弾",
        "issued_date": "2017/12/09",
        "facility": "豊山町役場 建設課窓口",
        "address": "愛知県西春日井郡豊山町大字豊場字新栄260",
        "facility_url": "http://www.town.toyoyama.lg.jp/"
      }
    },
    {
      "type": "Feature",
      "geometry": {
        "type": "Point",
        "coordinates": [
          137.394562,
          34.824036
        ]
      },
      "properties": {
        "issuer": "豊川市",
        "card_code": null,
        "pref": "愛知県",
        "round": "第01弾",
        "issued_date": "2016/04/01",
        "facility": "豊川市観光案内所",
        "address": "愛知県豊川市旭町8",
        "facility_url": "http://www.toyokawa-map.net/"
      }
    },
    {
      "type": "Feature",
      "geometry": {
        "type": "Point",
        "coordinates": [
          137.013016,
          35.053833
        ]
      },
      "properties": {
        "issuer": "豊明市",
        "card_code": null,
        "pref": "愛知県",
        "round": "第05弾",
        "issued_date": "2017/08/01",
        "facility": "【平日】豊明市役所 下水道課",
        "address": "愛知県豊明市新田町子持松1-1",
        "facility_url": "https://www.city.toyoake.lg.jp/"
      }
    },
    {
      "type": "Feature",
      "geometry": {
        "type": "Point",
        "coordinates": [
          137.3815,
          34.763454
        ]
      },
      "properties": {
        "issuer": "豊橋市",
        "card_code": "A001",
        "pref": "愛知県",
        "round": "第02弾",
        "issued_date": "2016/08/01",
        "facility": "豊橋観光案内所",
        "address": "愛知県豊橋市花田町西宿無番地（豊橋駅構内）",
        "facility_url": "http://www.city.toyohashi.lg.jp/23688.htm"
      }
    },
    {
      "type": "Feature",
      "geometry": {
        "type": "Point",
        "coordinates": [
          137.392181,
          34.769783
        ]
      },
      "properties": {
        "issuer": "豊橋市",
        "card_code": "B001",
        "pref": "愛知県",
        "round": "第02弾",
        "issued_date": "2016/08/01",
        "facility": "豊橋市役所 じょうほうひろば",
        "address": "愛知県豊橋市今橋町1（東館1階）",
        "facility_url": "http://www.city.toyohashi.lg.jp/6455.htm"
      }
    },
    {
      "type": "Feature",
      "geometry": {
        "type": "Point",
        "coordinates": [
          137.383804,
          34.76844
        ]
      },
      "properties": {
        "issuer": "豊橋市",
        "card_code": "C001",
        "pref": "愛知県",
        "round": "第02弾",
        "issued_date": "2016/08/01",
        "facility": "こども未来館　ここにこ",
        "address": "愛知県豊橋市松葉町三丁目1番地",
        "facility_url": null
      }
    },
    {
      "type": "Feature",
      "geometry": {
        "type": "Point",
        "coordinates": [
          137.318207,
          35.135353
        ]
      },
      "properties": {
        "issuer": "豊田市",
        "card_code": "A001",
        "pref": "愛知県",
        "round": "第02弾",
        "issued_date": "2016/08/01",
        "facility": "三州足助屋敷",
        "address": "愛知県豊田市足助町飯盛36",
        "facility_url": "http://asukeyashiki.jp/"
      }
    },
    {
      "type": "Feature",
      "geometry": {
        "type": "Point",
        "coordinates": [
          137.156235,
          35.08374
        ]
      },
      "properties": {
        "issuer": "豊田市",
        "card_code": "B001",
        "pref": "愛知県",
        "round": "第10弾",
        "issued_date": "2019/08/07",
        "facility": "【平日】豊田市役所西庁舎2階 下水道建設課",
        "address": "愛知県豊田市西町3丁目60番地",
        "facility_url": null
      }
    },
    {
      "type": "Feature",
      "geometry": {
        "type": "Point",
        "coordinates": [
          137.157471,
          35.087315
        ]
      },
      "properties": {
        "issuer": "豊田市",
        "card_code": "C001",
        "pref": "愛知県",
        "round": "第23弾",
        "issued_date": "2024/07/26",
        "facility": "KiTARA グリーン棟2F 夢現屋",
        "address": "愛知県豊田市喜多町2丁目170番地　KiTARA グリーン棟2F 夢現屋",
        "facility_url": "https://kitara-toyota.com/"
      }
    },
    {
      "type": "Feature",
      "geometry": {
        "type": "Point",
        "coordinates": [
          137.037903,
          35.182858
        ]
      },
      "properties": {
        "issuer": "長久手市",
        "card_code": null,
        "pref": "愛知県",
        "round": "第05弾",
        "issued_date": "2017/08/01",
        "facility": "長久手市文化の家　窓口",
        "address": "愛知県長久手市野田農201",
        "facility_url": "https://bunkanoie.jp"
      }
    },
    {
      "type": "Feature",
      "geometry": {
        "type": "Point",
        "coordinates": [
          136.914902,
          34.932781
        ]
      },
      "properties": {
        "issuer": "阿久比町",
        "card_code": null,
        "pref": "愛知県",
        "round": "第08弾",
        "issued_date": "2018/08/11",
        "facility": "【平日】阿久比町役場建設経済部 上下水道課",
        "address": "愛知県知多郡阿久比町大字卯坂字殿越50",
        "facility_url": "http://www.town.agui.lg.jp/soshiki_view.php?so_cd1=3&so_cd2=3&so_cd3=1&so_cd4=0&so_cd5=0"
      }
    },
    {
      "type": "Feature",
      "geometry": {
        "type": "Point",
        "coordinates": [
          136.987473,
          34.927612
        ]
      },
      "properties": {
        "issuer": "高浜市",
        "card_code": "A001",
        "pref": "愛知県",
        "round": "第04弾",
        "issued_date": "2017/04/03",
        "facility": "【平日】高浜市役所2階上下水道グループ",
        "address": "愛知県高浜市青木町4-1-2",
        "facility_url": null
      }
    },
    {
      "type": "Feature",
      "geometry": {
        "type": "Point",
        "coordinates": [
          136.981857,
          34.923149
        ]
      },
      "properties": {
        "issuer": "高浜市",
        "card_code": "B001",
        "pref": "愛知県",
        "round": "第15弾",
        "issued_date": "2021/08/17",
        "facility": "高浜市やきものの里かわら美術館内ミュージアムショップ",
        "address": "愛知県高浜市青木町九丁目6番地18",
        "facility_url": "http://www.takahama-kawara-museum.com/index.html"
      }
    },
    {
      "type": "Feature",
      "geometry": {
        "type": "Point",
        "coordinates": [
          138.953857,
          37.633041
        ]
      },
      "properties": {
        "issuer": "三条市",
        "card_code": null,
        "pref": "新潟県",
        "round": "第05弾",
        "issued_date": "2017/08/01",
        "facility": "三条鍛冶道場",
        "address": "新潟県三条市元町11-53",
        "facility_url": "http://kajidojo.com/"
      }
    },
    {
      "type": "Feature",
      "geometry": {
        "type": "Point",
        "coordinates": [
          138.240601,
          38.029785
        ]
      },
      "properties": {
        "issuer": "佐渡市",
        "card_code": "A001",
        "pref": "新潟県",
        "round": "第21弾",
        "issued_date": "2023/12/15",
        "facility": "佐渡金銀山ガイダンス施設「きらりうむ佐渡」",
        "address": "新潟県佐渡市相川三町目浜町１８番地",
        "facility_url": "https://www.city.sado.niigata.jp/soshiki/2021/53417.html"
      }
    },
    {
      "type": "Feature",
      "geometry": {
        "type": "Point",
        "coordinates": [
          138.368988,
          38.017376
        ]
      },
      "properties": {
        "issuer": "佐渡市",
        "card_code": "B001",
        "pref": "新潟県",
        "round": "第22弾",
        "issued_date": "2024/04/26",
        "facility": "佐渡市役所本庁舎１F 総合案内窓口",
        "address": "新潟県佐渡市千種232番地",
        "facility_url": "https://www.city.sado.niigata.jp/soshiki/2021/60185.html"
      }
    },
    {
      "type": "Feature",
      "geometry": {
        "type": "Point",
        "coordinates": [
          138.269623,
          37.819813
        ]
      },
      "properties": {
        "issuer": "佐渡市",
        "card_code": "C001",
        "pref": "新潟県",
        "round": "第23弾",
        "issued_date": "2024/07/26",
        "facility": "南佐渡観光案内所",
        "address": "新潟県佐渡市小木町１９３５番地２６",
        "facility_url": "https://www.city.sado.niigata.jp/soshiki/2021/53417.html"
      }
    },
    {
      "type": "Feature",
      "geometry": {
        "type": "Point",
        "coordinates": [
          138.398575,
          37.98877
        ]
      },
      "properties": {
        "issuer": "佐渡市",
        "card_code": "D001",
        "pref": "新潟県",
        "round": "第24弾",
        "issued_date": "2024/12/20",
        "facility": "佐渡市畑野市民センター",
        "address": "新潟県佐渡市畑野甲533番地",
        "facility_url": "https://www.city.sado.niigata.jp/soshiki/2021/53417.html"
      }
    },
    {
      "type": "Feature",
      "geometry": {
        "type": "Point",
        "coordinates": [
          138.390518,
          37.878563
        ]
      },
      "properties": {
        "issuer": "佐渡市",
        "card_code": "E001",
        "pref": "新潟県",
        "round": "第25弾",
        "issued_date": "2025/04/25",
        "facility": "佐渡市赤泊市民センター",
        "address": "新潟県佐渡市赤泊2458番地",
        "facility_url": "https://www.city.sado.niigata.jp/soshiki/2021/53417.html"
      }
    },
    {
      "type": "Feature",
      "geometry": {
        "type": "Point",
        "coordinates": [
          138.44545,
          38.013241
        ]
      },
      "properties": {
        "issuer": "佐渡市",
        "card_code": "F001",
        "pref": "新潟県",
        "round": "第26弾",
        "issued_date": "2025/07/25",
        "facility": "佐渡市新穂市民センター",
        "address": "新潟県佐渡市新穂瓜生屋501番地",
        "facility_url": "https://www.city.sado.niigata.jp/soshiki/2021/53417.html"
      }
    },
    {
      "type": "Feature",
      "geometry": {
        "type": "Point",
        "coordinates": [
          138.322357,
          37.998203
        ]
      },
      "properties": {
        "issuer": "佐渡市",
        "card_code": "G001",
        "pref": "新潟県",
        "round": "第27弾",
        "issued_date": "2025/12/19",
        "facility": "佐渡中央会館",
        "address": "新潟県佐渡市河原田本町394番地",
        "facility_url": null
      }
    },
    {
      "type": "Feature",
      "geometry": {
        "type": "Point",
        "coordinates": [
          138.436478,
          38.078835
        ]
      },
      "properties": {
        "issuer": "佐渡市",
        "card_code": "H001",
        "pref": "新潟県",
        "round": "第28弾",
        "issued_date": "2026/04/24",
        "facility": "両津市民センター",
        "address": "新潟県佐渡市両津湊198番地",
        "facility_url": "https://www.city.sado.niigata.jp/soshiki/2021/53417.html"
      }
    },
    {
      "type": "Feature",
      "geometry": {
        "type": "Point",
        "coordinates": [
          138.322357,
          37.998203
        ]
      },
      "properties": {
        "issuer": "佐渡市",
        "card_code": "I001",
        "pref": "新潟県",
        "round": "第29弾",
        "issued_date": "2026/07/31",
        "facility": "佐和田市民センター",
        "address": "新潟県佐渡市河原田本町394番地",
        "facility_url": "https://www.city.sado.niigata.jp/soshiki/2021/53417.html"
      }
    },
    {
      "type": "Feature",
      "geometry": {
        "type": "Point",
        "coordinates": [
          138.679626,
          37.536972
        ]
      },
      "properties": {
        "issuer": "出雲崎町",
        "card_code": null,
        "pref": "新潟県",
        "round": "第16弾",
        "issued_date": "2022/01/15",
        "facility": "【通常】道の駅　越後出雲崎天領の里",
        "address": "新潟県三島郡出雲崎町大字尼瀬6番地57",
        "facility_url": "https://tenryonosato.jp/"
      }
    },
    {
      "type": "Feature",
      "geometry": {
        "type": "Point",
        "coordinates": [
          139.165619,
          37.583412
        ]
      },
      "properties": {
        "issuer": "加茂市",
        "card_code": null,
        "pref": "新潟県",
        "round": "第18弾",
        "issued_date": "2023/01/28",
        "facility": "加茂七谷温泉　美人の湯",
        "address": "新潟県加茂市大字宮寄上13-1",
        "facility_url": "https://www.bijinnoyu.jp/"
      }
    },
    {
      "type": "Feature",
      "geometry": {
        "type": "Point",
        "coordinates": [
          138.607941,
          37.133778
        ]
      },
      "properties": {
        "issuer": "十日町市",
        "card_code": "A001",
        "pref": "新潟県",
        "round": "第07弾",
        "issued_date": "2018/04/28",
        "facility": "松代・松之山温泉観光案内所",
        "address": "新潟県十日町市松代3816-1（道の駅まつだいふるさと会館内）",
        "facility_url": "http://www.tokamachishikankou.jp/matudai/cgi-bin/kaikan/index.cgi"
      }
    },
    {
      "type": "Feature",
      "geometry": {
        "type": "Point",
        "coordinates": [
          138.690979,
          37.069275
        ]
      },
      "properties": {
        "issuer": "十日町市",
        "card_code": "B001",
        "pref": "新潟県",
        "round": "第08弾",
        "issued_date": "2018/08/11",
        "facility": "【10～3月】十日町温泉総合保養施設 宮中島温泉ミオンなかさと",
        "address": "新潟県十日町市宮中己4197",
        "facility_url": "http://nakasato-mion.com/"
      }
    },
    {
      "type": "Feature",
      "geometry": {
        "type": "Point",
        "coordinates": [
          138.75589,
          37.140957
        ]
      },
      "properties": {
        "issuer": "十日町市",
        "card_code": "C001",
        "pref": "新潟県",
        "round": "第13弾",
        "issued_date": "2020/12/17",
        "facility": "十日町市博物館",
        "address": "新潟県十日町市西本町一丁目448番地9",
        "facility_url": "https://www.tokamachi-museum.jp/"
      }
    },
    {
      "type": "Feature",
      "geometry": {
        "type": "Point",
        "coordinates": [
          138.796448,
          37.311386
        ]
      },
      "properties": {
        "issuer": "小千谷市",
        "card_code": "A001",
        "pref": "新潟県",
        "round": "第03弾",
        "issued_date": "2016/12/01",
        "facility": "小千谷市錦鯉の里",
        "address": "新潟県小千谷市城内1-8-22",
        "facility_url": "https://www.nishikigoinosato.jp/"
      }
    },
    {
      "type": "Feature",
      "geometry": {
        "type": "Point",
        "coordinates": [
          138.796692,
          37.310959
        ]
      },
      "properties": {
        "issuer": "小千谷市",
        "card_code": "B001",
        "pref": "新潟県",
        "round": "第16弾",
        "issued_date": "2022/01/15",
        "facility": "小千谷市総合産業会館「サンプラザ」",
        "address": "新潟県小千谷市城内1丁目8番25号",
        "facility_url": "https://www.ojiyasunplaza.jp/"
      }
    },
    {
      "type": "Feature",
      "geometry": {
        "type": "Point",
        "coordinates": [
          139.045135,
          37.922382
        ]
      },
      "properties": {
        "issuer": "新潟市",
        "card_code": "A001",
        "pref": "新潟県",
        "round": "第01弾",
        "issued_date": "2016/04/01",
        "facility": "新潟古町まちみなと情報館",
        "address": "新潟県新潟市中央区古町通七番町995-7",
        "facility_url": null
      }
    },
    {
      "type": "Feature",
      "geometry": {
        "type": "Point",
        "coordinates": [
          139.141739,
          37.802372
        ]
      },
      "properties": {
        "issuer": "新潟市",
        "card_code": "B001",
        "pref": "新潟県",
        "round": "第06弾",
        "issued_date": "2017/12/09",
        "facility": "新津鉄道資料館",
        "address": "新潟県新潟市秋葉区新津東町2-5-6",
        "facility_url": null
      }
    },
    {
      "type": "Feature",
      "geometry": {
        "type": "Point",
        "coordinates": [
          139.123016,
          37.950588
        ]
      },
      "properties": {
        "issuer": "新潟県",
        "card_code": "流域下水道",
        "pref": "新潟県",
        "round": "第06弾",
        "issued_date": "2017/12/09",
        "facility": "新潟県下水道公社",
        "address": "新潟県新潟市東区下山3-680",
        "facility_url": "http://www.niigata-gesuikou.or.jp/"
      }
    },
    {
      "type": "Feature",
      "geometry": {
        "type": "Point",
        "coordinates": [
          139.333893,
          37.944584
        ]
      },
      "properties": {
        "issuer": "新発田市",
        "card_code": "A001",
        "pref": "新潟県",
        "round": "第08弾",
        "issued_date": "2018/08/11",
        "facility": "新発田市観光情報センター",
        "address": "新潟県新発田市諏訪町1-2-11 MINTO館内",
        "facility_url": "http://shibata-info.jp/"
      }
    },
    {
      "type": "Feature",
      "geometry": {
        "type": "Point",
        "coordinates": [
          139.329254,
          37.945766
        ]
      },
      "properties": {
        "issuer": "新発田市",
        "card_code": "B001",
        "pref": "新潟県",
        "round": "第12弾",
        "issued_date": "2020/04/25",
        "facility": "寺町たまり駅",
        "address": "新潟県新発田市諏訪町2丁目3番28号",
        "facility_url": "http://www.city.shibata.lg.jp/shisetsu/kanko/kanko/1005079.html"
      }
    },
    {
      "type": "Feature",
      "geometry": {
        "type": "Point",
        "coordinates": [
          139.308807,
          37.879471
        ]
      },
      "properties": {
        "issuer": "新発田市",
        "card_code": "C001",
        "pref": "新潟県",
        "round": "第16弾",
        "issued_date": "2022/01/15",
        "facility": "月岡温泉旅館協同組合",
        "address": "新潟県新発田市月岡温泉546番地1",
        "facility_url": "http://www.tsukiokaonsen.gr.jp"
      }
    },
    {
      "type": "Feature",
      "geometry": {
        "type": "Point",
        "coordinates": [
          139.331558,
          37.944126
        ]
      },
      "properties": {
        "issuer": "新発田市",
        "card_code": "D001",
        "pref": "新潟県",
        "round": "第28弾",
        "issued_date": "2026/04/24",
        "facility": "蔵春閣",
        "address": "新潟県新発田市諏訪町1丁目9番20号",
        "facility_url": "https://www.city.shibata.lg.jp/shisetsu/kanko/kanko/1022382.html"
      }
    },
    {
      "type": "Feature",
      "geometry": {
        "type": "Point",
        "coordinates": [
          139.480759,
          38.225628
        ]
      },
      "properties": {
        "issuer": "村上市",
        "card_code": "A001",
        "pref": "新潟県",
        "round": "第04弾",
        "issued_date": "2017/04/03",
        "facility": "村上市郷土資料館 おしゃぎり会館",
        "address": "新潟県村上市三之町7-9",
        "facility_url": "http://www.iwafune.ne.jp/~osyagiri/"
      }
    },
    {
      "type": "Feature",
      "geometry": {
        "type": "Point",
        "coordinates": [
          139.457565,
          38.372921
        ]
      },
      "properties": {
        "issuer": "村上市",
        "card_code": "B001",
        "pref": "新潟県",
        "round": "第05弾",
        "issued_date": "2017/08/01",
        "facility": "道の駅笹川流れ（夕日会館）",
        "address": "新潟県村上市桑川891番地1",
        "facility_url": "http://www.city.murakami.lg.jp/site/kanko/bussan-mitinoekisasagawa.html"
      }
    },
    {
      "type": "Feature",
      "geometry": {
        "type": "Point",
        "coordinates": [
          139.444397,
          38.125416
        ]
      },
      "properties": {
        "issuer": "村上市",
        "card_code": "C001",
        "pref": "新潟県",
        "round": "第06弾",
        "issued_date": "2017/12/09",
        "facility": "荒川地区公民館",
        "address": "新潟県村上市羽ヶ榎104-25",
        "facility_url": "http://www.city.murakami.lg.jp/soshiki/90/arakawakouminnkann.html"
      }
    },
    {
      "type": "Feature",
      "geometry": {
        "type": "Point",
        "coordinates": [
          139.523163,
          38.28257
        ]
      },
      "properties": {
        "issuer": "村上市",
        "card_code": "D001",
        "pref": "新潟県",
        "round": "第08弾",
        "issued_date": "2018/08/11",
        "facility": "道の駅朝日 朝日みどりの里物産会館",
        "address": "新潟県村上市猿沢1215",
        "facility_url": "http://www.asahimidori.com/"
      }
    },
    {
      "type": "Feature",
      "geometry": {
        "type": "Point",
        "coordinates": [
          139.460556,
          38.172798
        ]
      },
      "properties": {
        "issuer": "村上市(E001)",
        "card_code": null,
        "pref": "新潟県",
        "round": "第11弾",
        "issued_date": "2019/12/14",
        "facility": "道の駅神林（穂波の里）道路情報ターミナル",
        "address": "新潟県村上市九日市809番地",
        "facility_url": "https://www.city.murakami.lg.jp/site/kanko/bussan-mitinoeki.html"
      }
    },
    {
      "type": "Feature",
      "geometry": {
        "type": "Point",
        "coordinates": [
          138.5466,
          37.367214
        ]
      },
      "properties": {
        "issuer": "柏崎市",
        "card_code": "A001",
        "pref": "新潟県",
        "round": "第09弾",
        "issued_date": "2018/12/14",
        "facility": "かしわざき市民活動センターまちから",
        "address": "新潟県柏崎市西本町3-2-8",
        "facility_url": null
      }
    },
    {
      "type": "Feature",
      "geometry": {
        "type": "Point",
        "coordinates": [
          138.552765,
          37.372421
        ]
      },
      "properties": {
        "issuer": "柏崎市",
        "card_code": "B001",
        "pref": "新潟県",
        "round": "第13弾",
        "issued_date": "2020/12/17",
        "facility": "新潟県立柏崎アクアパーク",
        "address": "新潟県柏崎市学校町6-73",
        "facility_url": "http://aqua.ksz.or.jp"
      }
    },
    {
      "type": "Feature",
      "geometry": {
        "type": "Point",
        "coordinates": [
          138.843369,
          37.630692
        ]
      },
      "properties": {
        "issuer": "燕市",
        "card_code": "A001",
        "pref": "新潟県",
        "round": "第06弾",
        "issued_date": "2017/12/09",
        "facility": "燕市分水良寛史料館",
        "address": "新潟県燕市上諏訪9番9号",
        "facility_url": "https://www.city.tsubame.niigata.jp/soshiki/kyoiku/3/12/10278/683.html"
      }
    },
    {
      "type": "Feature",
      "geometry": {
        "type": "Point",
        "coordinates": [
          138.919724,
          37.652435
        ]
      },
      "properties": {
        "issuer": "燕市",
        "card_code": "B001",
        "pref": "新潟県",
        "round": "第10弾",
        "issued_date": "2019/08/07",
        "facility": "燕市産業史料館",
        "address": "新潟県燕市大曲4330-1",
        "facility_url": "http://tsubame-shiryoukan.jp/"
      }
    },
    {
      "type": "Feature",
      "geometry": {
        "type": "Point",
        "coordinates": [
          138.869308,
          37.651608
        ]
      },
      "properties": {
        "issuer": "燕市",
        "card_code": "C001",
        "pref": "新潟県",
        "round": "第16弾",
        "issued_date": "2022/01/15",
        "facility": "燕市長善館史料館",
        "address": "新潟県燕市粟生津97番地",
        "facility_url": "https://www.city.tsubame.niigata.jp/soshiki/kyoiku/3/12/tyouzennkann/836.html"
      }
    },
    {
      "type": "Feature",
      "geometry": {
        "type": "Point",
        "coordinates": [
          138.824677,
          37.66301
        ]
      },
      "properties": {
        "issuer": "燕市",
        "card_code": "D001",
        "pref": "新潟県",
        "round": "第17弾",
        "issued_date": "2022/08/06",
        "facility": "道の駅 国上（ふれあい交流センター）",
        "address": "新潟県燕市国上5866-1",
        "facility_url": "https://www.michinoeki-kugami.jp/"
      }
    },
    {
      "type": "Feature",
      "geometry": {
        "type": "Point",
        "coordinates": [
          138.882874,
          37.672703
        ]
      },
      "properties": {
        "issuer": "燕市",
        "card_code": "E001",
        "pref": "新潟県",
        "round": "第29弾",
        "issued_date": "2026/07/31",
        "facility": "燕市役所 2階 下水道課",
        "address": "新潟県燕市吉田西太田1934番地",
        "facility_url": "https://www.city.tsubame.niigata.jp/"
      }
    },
    {
      "type": "Feature",
      "geometry": {
        "type": "Point",
        "coordinates": [
          137.85907,
          37.04504
        ]
      },
      "properties": {
        "issuer": "糸魚川市",
        "card_code": null,
        "pref": "新潟県",
        "round": "第10弾",
        "issued_date": "2019/08/07",
        "facility": "キターレ",
        "address": "新潟県糸魚川市大町2-2-19",
        "facility_url": "https://www.kita-re.jp/"
      }
    },
    {
      "type": "Feature",
      "geometry": {
        "type": "Point",
        "coordinates": [
          139.457108,
          38.061924
        ]
      },
      "properties": {
        "issuer": "胎内市",
        "card_code": "A001",
        "pref": "新潟県",
        "round": "第10弾",
        "issued_date": "2019/08/07",
        "facility": "胎内市観光協会",
        "address": "新潟県胎内市下赤谷387-1",
        "facility_url": "http://tainai.info/"
      }
    },
    {
      "type": "Feature",
      "geometry": {
        "type": "Point",
        "coordinates": [
          139.496033,
          38.031841
        ]
      },
      "properties": {
        "issuer": "胎内市",
        "card_code": "B001",
        "pref": "新潟県",
        "round": "第21弾",
        "issued_date": "2023/12/15",
        "facility": "ロイヤル胎内パークホテル",
        "address": "新潟県胎内市夏井1191-3",
        "facility_url": "https://royal-tainai.jp/"
      }
    },
    {
      "type": "Feature",
      "geometry": {
        "type": "Point",
        "coordinates": [
          138.914658,
          37.531471
        ]
      },
      "properties": {
        "issuer": "見附市",
        "card_code": null,
        "pref": "新潟県",
        "round": "第17弾",
        "issued_date": "2022/08/06",
        "facility": "ネーブルみつけ内「みらい市場」",
        "address": "新潟県見附市学校町１丁目16番15号",
        "facility_url": "https://r.goope.jp/miraiichiba "
      }
    },
    {
      "type": "Feature",
      "geometry": {
        "type": "Point",
        "coordinates": [
          138.806824,
          37.451694
        ]
      },
      "properties": {
        "issuer": "長岡市",
        "card_code": "B001",
        "pref": "新潟県",
        "round": "第13弾",
        "issued_date": "2020/12/17",
        "facility": "道の駅ながおか花火館",
        "address": "新潟県長岡市喜多町707番地",
        "facility_url": "https://nagaoka-hanabikan.niigata.jp/"
      }
    },
    {
      "type": "Feature",
      "geometry": {
        "type": "Point",
        "coordinates": [
          138.848648,
          37.44849
        ]
      },
      "properties": {
        "issuer": "長岡市",
        "card_code": "C001",
        "pref": "新潟県",
        "round": "第14弾",
        "issued_date": "2021/04/25",
        "facility": "ながおか市民センター１階",
        "address": "新潟県長岡市大手通2丁目2番地6",
        "facility_url": "https://www.city.nagaoka.niigata.jp/kurashi/cate13/s-center/"
      }
    },
    {
      "type": "Feature",
      "geometry": {
        "type": "Point",
        "coordinates": [
          138.867172,
          37.261681
        ]
      },
      "properties": {
        "issuer": "長岡市",
        "card_code": "D001",
        "pref": "新潟県",
        "round": "第18弾",
        "issued_date": "2023/01/28",
        "facility": "道の駅越後川口",
        "address": "新潟県長岡市川口中山８４-２",
        "facility_url": "http://agrinosato.com/"
      }
    },
    {
      "type": "Feature",
      "geometry": {
        "type": "Point",
        "coordinates": [
          139.007431,
          37.459778
        ]
      },
      "properties": {
        "issuer": "長岡市",
        "card_code": "E001",
        "pref": "新潟県",
        "round": "第19弾",
        "issued_date": "2023/04/28",
        "facility": "道の駅R290とちお",
        "address": "新潟県長岡市栃尾宮沢1764",
        "facility_url": "https://r290tochio.jp/"
      }
    },
    {
      "type": "Feature",
      "geometry": {
        "type": "Point",
        "coordinates": [
          138.848648,
          37.44849
        ]
      },
      "properties": {
        "issuer": "長岡市",
        "card_code": "F001",
        "pref": "新潟県",
        "round": "第22弾",
        "issued_date": "2024/04/26",
        "facility": "米百俵プレイス ミライエ長岡",
        "address": "新潟県長岡市大手通2丁目3番地10 米百俵プレイス ミライエ長岡3階インフォメーションカウンター",
        "facility_url": "https://miraie-nagaoka.jp/"
      }
    },
    {
      "type": "Feature",
      "geometry": {
        "type": "Point",
        "coordinates": [
          138.848648,
          37.44849
        ]
      },
      "properties": {
        "issuer": "長岡市",
        "card_code": "G001",
        "pref": "新潟県",
        "round": "第29弾",
        "issued_date": "2026/07/31",
        "facility": "米百俵プレイス ミライエ長岡",
        "address": "新潟県長岡市大手通2丁目3番地10 米百俵プレイス ミライエ長岡3階インフォメーションカウンター",
        "facility_url": "https://miraie-nagaoka.jp/"
      }
    },
    {
      "type": "Feature",
      "geometry": {
        "type": "Point",
        "coordinates": [
          139.286819,
          37.802803
        ]
      },
      "properties": {
        "issuer": "阿賀野市",
        "card_code": null,
        "pref": "新潟県",
        "round": "第08弾",
        "issued_date": "2018/08/11",
        "facility": "五頭山麓うららの森情報発信館",
        "address": "新潟県阿賀野市村杉3946-163",
        "facility_url": "https://niigata-kankou.or.jp/spot/7381"
      }
    },
    {
      "type": "Feature",
      "geometry": {
        "type": "Point",
        "coordinates": [
          139.715637,
          35.776981
        ]
      },
      "properties": {
        "issuer": "UR都市機構",
        "card_code": "B001",
        "pref": "東京都",
        "round": "第27弾",
        "issued_date": "2025/12/19",
        "facility": "URまちとくらしのミュージアム",
        "address": "東京都北区赤羽台1-4-50",
        "facility_url": "https://akabanemuseum.ur-net.go.jp/"
      }
    },
    {
      "type": "Feature",
      "geometry": {
        "type": "Point",
        "coordinates": [
          139.29451,
          35.729115
        ]
      },
      "properties": {
        "issuer": "あきる野市",
        "card_code": "A001",
        "pref": "東京都",
        "round": "第15弾",
        "issued_date": "2021/11/05",
        "facility": "【平日】あきる野市都市整備部生活排水対策課",
        "address": "東京都あきる野市二宮350",
        "facility_url": null
      }
    },
    {
      "type": "Feature",
      "geometry": {
        "type": "Point",
        "coordinates": [
          139.184006,
          35.727497
        ]
      },
      "properties": {
        "issuer": "あきる野市",
        "card_code": "B001",
        "pref": "東京都",
        "round": "第16弾",
        "issued_date": "2022/01/15",
        "facility": "秋川渓谷瀬音の湯",
        "address": "東京都あきる野市乙津565番地",
        "facility_url": "http://www.seotonoyu.jp/"
      }
    },
    {
      "type": "Feature",
      "geometry": {
        "type": "Point",
        "coordinates": [
          139.22876,
          35.732224
        ]
      },
      "properties": {
        "issuer": "あきる野市",
        "card_code": "C001",
        "pref": "東京都",
        "round": "第28弾",
        "issued_date": "2026/04/24",
        "facility": "フレア五日市",
        "address": "東京都あきる野市舘谷台26番地1",
        "facility_url": null
      }
    },
    {
      "type": "Feature",
      "geometry": {
        "type": "Point",
        "coordinates": [
          139.56221,
          35.701885
        ]
      },
      "properties": {
        "issuer": "三鷹市",
        "card_code": null,
        "pref": "東京都",
        "round": "第15弾",
        "issued_date": "2021/11/05",
        "facility": "みたか観光案内所",
        "address": "東京都三鷹市下連雀3-24-3-101",
        "facility_url": "http://kanko.mitaka.ne.jp/"
      }
    },
    {
      "type": "Feature",
      "geometry": {
        "type": "Point",
        "coordinates": [
          139.56221,
          35.701885
        ]
      },
      "properties": {
        "issuer": "三鷹市",
        "card_code": "B001",
        "pref": "東京都",
        "round": "第29弾",
        "issued_date": "2026/07/31",
        "facility": "みたか観光BASE",
        "address": "東京都三鷹市下連雀3-24-3-105",
        "facility_url": "https://kanko.mitaka.ne.jp/"
      }
    },
    {
      "type": "Feature",
      "geometry": {
        "type": "Point",
        "coordinates": [
          139.336212,
          35.655796
        ]
      },
      "properties": {
        "issuer": "八王子市",
        "card_code": null,
        "pref": "東京都",
        "round": "第01弾",
        "issued_date": "2016/04/01",
        "facility": "八王子インフォメーションセンター",
        "address": "東京都八王子市旭町1-1",
        "facility_url": null
      }
    },
    {
      "type": "Feature",
      "geometry": {
        "type": "Point",
        "coordinates": [
          139.469315,
          35.697281
        ]
      },
      "properties": {
        "issuer": "国分寺市",
        "card_code": "A001",
        "pref": "東京都",
        "round": "第06弾",
        "issued_date": "2017/12/09",
        "facility": "【平日】国分寺市役所広報プロモーション室",
        "address": "東京都国分寺市泉町2-2-18",
        "facility_url": null
      }
    },
    {
      "type": "Feature",
      "geometry": {
        "type": "Point",
        "coordinates": [
          139.472992,
          35.693005
        ]
      },
      "properties": {
        "issuer": "国分寺市",
        "card_code": "B001",
        "pref": "東京都",
        "round": "第19弾",
        "issued_date": "2023/04/28",
        "facility": "史跡の駅　おたカフェ",
        "address": "東京都国分寺市西元町1-13-6",
        "facility_url": "http://ota-cafe.com"
      }
    },
    {
      "type": "Feature",
      "geometry": {
        "type": "Point",
        "coordinates": [
          139.482544,
          35.704803
        ]
      },
      "properties": {
        "issuer": "国分寺市",
        "card_code": "C001",
        "pref": "東京都",
        "round": "第24弾",
        "issued_date": "2024/12/20",
        "facility": "本多公民館",
        "address": "東京都国分寺市本多1-7-1",
        "facility_url": "https://www.city.kokubunji.tokyo.jp/shisetsu/shikanren/kouminkan/1003831.html"
      }
    },
    {
      "type": "Feature",
      "geometry": {
        "type": "Point",
        "coordinates": [
          139.444641,
          35.702618
        ]
      },
      "properties": {
        "issuer": "国分寺市",
        "card_code": "D001",
        "pref": "東京都",
        "round": "第26弾",
        "issued_date": "2025/07/25",
        "facility": "ひかりプラザ",
        "address": "東京都国分寺市光町1-46-8",
        "facility_url": "https://www.city.kokubunji.tokyo.jp/shisetsu/shikanren/shiyakusyo/1003818.html"
      }
    },
    {
      "type": "Feature",
      "geometry": {
        "type": "Point",
        "coordinates": [
          139.465302,
          35.698921
        ]
      },
      "properties": {
        "issuer": "国分寺市(E001)",
        "card_code": null,
        "pref": "東京都",
        "round": "第27弾",
        "issued_date": "2025/12/19",
        "facility": "国分寺市立いずみホール",
        "address": "東京都国分寺市泉町3-36-12",
        "facility_url": "https://www.kokubunji-izumihall.jp/"
      }
    },
    {
      "type": "Feature",
      "geometry": {
        "type": "Point",
        "coordinates": [
          139.432449,
          35.679855
        ]
      },
      "properties": {
        "issuer": "国立市",
        "card_code": "B001",
        "pref": "東京都",
        "round": "第18弾",
        "issued_date": "2023/01/28",
        "facility": "くにたち郷土文化館1階多目的ホール",
        "address": "東京都国立市谷保6231",
        "facility_url": "https://kuzaidan.or.jp/province/"
      }
    },
    {
      "type": "Feature",
      "geometry": {
        "type": "Point",
        "coordinates": [
          139.447174,
          35.637653
        ]
      },
      "properties": {
        "issuer": "多摩市",
        "card_code": "A001",
        "pref": "東京都",
        "round": "第06弾",
        "issued_date": "2017/12/09",
        "facility": "【平日】多摩市役所 下水道課",
        "address": "東京都多摩市関戸6-12-1（第二庁舎）",
        "facility_url": "https://www.city.tama.lg.jp/0000005579.html"
      }
    },
    {
      "type": "Feature",
      "geometry": {
        "type": "Point",
        "coordinates": [
          139.448685,
          35.628471
        ]
      },
      "properties": {
        "issuer": "多摩市",
        "card_code": "B001",
        "pref": "東京都",
        "round": "第06弾",
        "issued_date": "2017/12/09",
        "facility": "永山公民館",
        "address": "東京都多摩市永山1-5（ベルブ永山）",
        "facility_url": "https://www.city.tama.lg.jp/kenkofukushi/katsudo/kouminkan/annai/1003181.html"
      }
    },
    {
      "type": "Feature",
      "geometry": {
        "type": "Point",
        "coordinates": [
          139.447052,
          35.649632
        ]
      },
      "properties": {
        "issuer": "多摩市",
        "card_code": "C001",
        "pref": "東京都",
        "round": "第08弾",
        "issued_date": "2018/08/11",
        "facility": "関戸公民館",
        "address": "東京都多摩市関戸4-72 ヴィータ・コミューネ7階、8階",
        "facility_url": "https://www.city.tama.lg.jp/kenkofukushi/katsudo/kouminkan/annai/1003182.html"
      }
    },
    {
      "type": "Feature",
      "geometry": {
        "type": "Point",
        "coordinates": [
          139.425766,
          35.621365
        ]
      },
      "properties": {
        "issuer": "多摩市",
        "card_code": "D001",
        "pref": "東京都",
        "round": "第13弾",
        "issued_date": "2020/12/17",
        "facility": "多摩市立グリーンライブセンター",
        "address": "東京都多摩市落合2-35",
        "facility_url": "https://tama-glc.jp/"
      }
    },
    {
      "type": "Feature",
      "geometry": {
        "type": "Point",
        "coordinates": [
          139.500504,
          35.731274
        ]
      },
      "properties": {
        "issuer": "小平市",
        "card_code": "A001",
        "pref": "東京都",
        "round": "第02弾",
        "issued_date": "2016/08/01",
        "facility": "小平ふるさと村",
        "address": "東京都小平市天神町3-9-1",
        "facility_url": "http://kodaira-furusatomura.jp/"
      }
    },
    {
      "type": "Feature",
      "geometry": {
        "type": "Point",
        "coordinates": [
          139.464783,
          35.720364
        ]
      },
      "properties": {
        "issuer": "小平市",
        "card_code": "B001",
        "pref": "東京都",
        "round": "第12弾",
        "issued_date": "2020/03/09",
        "facility": "小平市ふれあい下水道館",
        "address": "東京都小平市上水本町1-25-31",
        "facility_url": "https://www.city.kodaira.tokyo.jp/kurashi/070/070022.html"
      }
    },
    {
      "type": "Feature",
      "geometry": {
        "type": "Point",
        "coordinates": [
          142.20961,
          27.071243
        ]
      },
      "properties": {
        "issuer": "小笠原村",
        "card_code": null,
        "pref": "東京都",
        "round": "第18弾",
        "issued_date": "2023/01/28",
        "facility": "小笠原村観光協会",
        "address": "東京都小笠原村父島字東町",
        "facility_url": "https://www.ogasawaramura.com/"
      }
    },
    {
      "type": "Feature",
      "geometry": {
        "type": "Point",
        "coordinates": [
          139.504944,
          35.69883
        ]
      },
      "properties": {
        "issuer": "小金井市",
        "card_code": "A001",
        "pref": "東京都",
        "round": "第05弾",
        "issued_date": "2017/08/01",
        "facility": "【平日】小金井市第二庁舎4階　環境部下水道課窓口",
        "address": "東京都小金井市前原町3-41-15",
        "facility_url": "http://www.city.koganei.lg.jp/"
      }
    },
    {
      "type": "Feature",
      "geometry": {
        "type": "Point",
        "coordinates": [
          139.504944,
          35.69883
        ]
      },
      "properties": {
        "issuer": "小金井市",
        "card_code": "B001",
        "pref": "東京都",
        "round": "第12弾",
        "issued_date": "2020/03/09",
        "facility": "小金井市第二庁舎4階　下水道課窓口",
        "address": "東京都小金井市前原町3-41-15",
        "facility_url": "https://www.city.koganei.lg.jp/"
      }
    },
    {
      "type": "Feature",
      "geometry": {
        "type": "Point",
        "coordinates": [
          139.469543,
          35.670719
        ]
      },
      "properties": {
        "issuer": "府中市",
        "card_code": "A001",
        "pref": "東京都",
        "round": "第13弾",
        "issued_date": "2020/12/17",
        "facility": "片町文化センター",
        "address": "東京都府中市片町2丁目17番地",
        "facility_url": "http://www.city.fuchu.tokyo.jp/shisetu/komyunite/senta/katamachi.html"
      }
    },
    {
      "type": "Feature",
      "geometry": {
        "type": "Point",
        "coordinates": [
          139.477585,
          35.669403
        ]
      },
      "properties": {
        "issuer": "府中市",
        "card_code": "B001",
        "pref": "東京都",
        "round": "第16弾",
        "issued_date": "2022/01/15",
        "facility": "東京都府中市宮町3丁目1番地",
        "address": "府中市観光情報センター",
        "facility_url": "http://www.kankou-fuchu.com/"
      }
    },
    {
      "type": "Feature",
      "geometry": {
        "type": "Point",
        "coordinates": [
          139.256607,
          35.742443
        ]
      },
      "properties": {
        "issuer": "日の出町",
        "card_code": null,
        "pref": "東京都",
        "round": "第27弾",
        "issued_date": "2025/12/19",
        "facility": "日の出町役場",
        "address": "東京都西多摩郡日の出町平井2780番地",
        "facility_url": "https://www.town.hinode.tokyo.jp/"
      }
    },
    {
      "type": "Feature",
      "geometry": {
        "type": "Point",
        "coordinates": [
          139.400192,
          35.676483
        ]
      },
      "properties": {
        "issuer": "日野市",
        "card_code": "A001",
        "pref": "東京都",
        "round": "第10弾",
        "issued_date": "2019/08/07",
        "facility": "【休日】日野市立新選組のふるさと歴史館",
        "address": "東京都日野市日野本町１－７－２－２階（日野市生活保健センターの向かいの建物）",
        "facility_url": "https://www.city.hino.lg.jp/shinsenr/"
      }
    },
    {
      "type": "Feature",
      "geometry": {
        "type": "Point",
        "coordinates": [
          139.412003,
          35.663002
        ]
      },
      "properties": {
        "issuer": "日野市",
        "card_code": "B001",
        "pref": "東京都",
        "round": "第21弾",
        "issued_date": "2023/12/15",
        "facility": "【平日・土曜日】日野市役所七生支所",
        "address": "東京都日野市高幡128-5　京王高幡SC2階",
        "facility_url": "https://www.city.hino.lg.jp/shisetsu/shiyakusho/shiyakusho/shisho/index.html"
      }
    },
    {
      "type": "Feature",
      "geometry": {
        "type": "Point",
        "coordinates": [
          139.362946,
          35.713612
        ]
      },
      "properties": {
        "issuer": "昭島市",
        "card_code": "A001",
        "pref": "東京都",
        "round": "第07弾",
        "issued_date": "2018/04/28",
        "facility": "昭島観光案内所",
        "address": "東京都昭島市代官山2-3-6（昭島駅北口、西寄りの階段下）",
        "facility_url": "http://www.akishima-kanko.org/information/"
      }
    },
    {
      "type": "Feature",
      "geometry": {
        "type": "Point",
        "coordinates": [
          139.368759,
          35.711323
        ]
      },
      "properties": {
        "issuer": "昭島市",
        "card_code": "B001",
        "pref": "東京都",
        "round": "第24弾",
        "issued_date": "2024/12/20",
        "facility": "アキシマエンシス 郷土資料室",
        "address": "東京都昭島市つつじが丘3-3-15",
        "facility_url": "https://www.akishimaensis.jp"
      }
    },
    {
      "type": "Feature",
      "geometry": {
        "type": "Point",
        "coordinates": [
          139.529709,
          35.758629
        ]
      },
      "properties": {
        "issuer": "東久留米市",
        "card_code": "A001",
        "pref": "東京都",
        "round": "第12弾",
        "issued_date": "2020/03/09",
        "facility": "東久留米市市民プラザ事務室",
        "address": "東京都東久留米市本町三丁目3番1号",
        "facility_url": "https://www.s-seiun.co.jp/shisetsu/higashikurume/shisetsu/plaza.html"
      }
    },
    {
      "type": "Feature",
      "geometry": {
        "type": "Point",
        "coordinates": [
          139.544754,
          35.76165
        ]
      },
      "properties": {
        "issuer": "東久留米市",
        "card_code": "B001",
        "pref": "東京都",
        "round": "第15弾",
        "issued_date": "2021/11/05",
        "facility": "東京ドームスポーツセンター東久留米",
        "address": "東京都東久留米市大門町2-14-37",
        "facility_url": "https://www.city.higashikurume.lg.jp/shisetsu/sports/1002049.html"
      }
    },
    {
      "type": "Feature",
      "geometry": {
        "type": "Point",
        "coordinates": [
          139.506271,
          35.74432
        ]
      },
      "properties": {
        "issuer": "東久留米市",
        "card_code": "C001",
        "pref": "東京都",
        "round": "第15弾",
        "issued_date": "2021/08/17",
        "facility": "滝山中央名店会（食祭館あまいけ２階）",
        "address": "東京都東久留米市滝山4-1-40",
        "facility_url": "http://takiyama.in.coocan.jp/takichu-top.html"
      }
    },
    {
      "type": "Feature",
      "geometry": {
        "type": "Point",
        "coordinates": [
          139.521805,
          35.754738
        ]
      },
      "properties": {
        "issuer": "東久留米市",
        "card_code": "D001",
        "pref": "東京都",
        "round": "第17弾",
        "issued_date": "2022/08/06",
        "facility": "東久留米市立生涯学習センター",
        "address": "東京都東久留米市中央町2-6-23",
        "facility_url": "https://www.higashikurume-lll.jp/"
      }
    },
    {
      "type": "Feature",
      "geometry": {
        "type": "Point",
        "coordinates": [
          139.769455,
          35.684868
        ]
      },
      "properties": {
        "issuer": "東京23区",
        "card_code": "A001",
        "pref": "東京都",
        "round": "第01弾",
        "issued_date": "2016/04/01",
        "facility": "CADAN大手町",
        "address": "東京都千代田区大手町2-6-3 TOKYO TORCH銭瓶町ビルディング１階ぜにがめプレイス",
        "facility_url": null
      }
    },
    {
      "type": "Feature",
      "geometry": {
        "type": "Point",
        "coordinates": [
          139.784256,
          35.634483
        ]
      },
      "properties": {
        "issuer": "東京23区",
        "card_code": "B001",
        "pref": "東京都",
        "round": "第04弾",
        "issued_date": "2017/04/03",
        "facility": "東京都虹の下水道館",
        "address": "東京都江東区有明2-3-5（有明水再生センター5階）",
        "facility_url": "http://www.nijinogesuidoukan.jp/"
      }
    },
    {
      "type": "Feature",
      "geometry": {
        "type": "Point",
        "coordinates": [
          139.774155,
          35.711426
        ]
      },
      "properties": {
        "issuer": "東京23区",
        "card_code": "C001",
        "pref": "東京都",
        "round": "第05弾",
        "issued_date": "2017/08/01",
        "facility": "東京観光情報センター 京成上野",
        "address": "東京都台東区上野公園1-60 京成上野駅改札口前",
        "facility_url": null
      }
    },
    {
      "type": "Feature",
      "geometry": {
        "type": "Point",
        "coordinates": [
          139.857635,
          35.717426
        ]
      },
      "properties": {
        "issuer": "東京23区",
        "card_code": "D001",
        "pref": "東京都",
        "round": "第05弾",
        "issued_date": "2017/08/01",
        "facility": "第一書林（新小岩北口店）",
        "address": "東京都葛飾区西新小岩1-2-11喜久屋ビル1F",
        "facility_url": null
      }
    },
    {
      "type": "Feature",
      "geometry": {
        "type": "Point",
        "coordinates": [
          139.731461,
          35.607731
        ]
      },
      "properties": {
        "issuer": "東京23区",
        "card_code": "E001",
        "pref": "東京都",
        "round": "第09弾",
        "issued_date": "2018/12/14",
        "facility": "しながわ観光協会",
        "address": "東京都品川区大井1-14-1　大井1丁目共同ビル1階",
        "facility_url": "https://shinagawa-kanko.or.jp/"
      }
    },
    {
      "type": "Feature",
      "geometry": {
        "type": "Point",
        "coordinates": [
          139.707352,
          35.615715
        ]
      },
      "properties": {
        "issuer": "東京23区",
        "card_code": "M001",
        "pref": "東京都",
        "round": "第12弾",
        "issued_date": "2020/04/25",
        "facility": "info & cafe SQUARE",
        "address": "東京都品川区荏原4-5-28　スクエア荏原1F",
        "facility_url": "https://infoandcafesquare.jp/"
      }
    },
    {
      "type": "Feature",
      "geometry": {
        "type": "Point",
        "coordinates": [
          139.849548,
          35.737465
        ]
      },
      "properties": {
        "issuer": "東京23区",
        "card_code": "N001",
        "pref": "東京都",
        "round": "第14弾",
        "issued_date": "2021/04/25",
        "facility": "丸吉玩具店",
        "address": "東京都葛飾区立石1-21-2",
        "facility_url": null
      }
    },
    {
      "type": "Feature",
      "geometry": {
        "type": "Point",
        "coordinates": [
          139.586899,
          35.760887
        ]
      },
      "properties": {
        "issuer": "東京23区",
        "card_code": "C101",
        "pref": "東京都",
        "round": "第16弾",
        "issued_date": "2022/01/15",
        "facility": "練馬区立大泉図書館",
        "address": "東京都練馬区大泉学園町2-21-17",
        "facility_url": null
      }
    },
    {
      "type": "Feature",
      "geometry": {
        "type": "Point",
        "coordinates": [
          139.788971,
          35.741524
        ]
      },
      "properties": {
        "issuer": "東京23区",
        "card_code": "D101",
        "pref": "東京都",
        "round": "第17弾",
        "issued_date": "2022/08/06",
        "facility": "国指定重要文化財 旧三河島汚水処分場喞筒場施設",
        "address": "東京都荒川区荒川8-25-1",
        "facility_url": "https://www.gesui.metro.tokyo.lg.jp/business/b4/guide/s-mikawa/index.html"
      }
    },
    {
      "type": "Feature",
      "geometry": {
        "type": "Point",
        "coordinates": [
          139.594254,
          35.752171
        ]
      },
      "properties": {
        "issuer": "東京23区",
        "card_code": "E101",
        "pref": "東京都",
        "round": "第19弾",
        "issued_date": "2023/04/28",
        "facility": "東映アニメーションミュージアムショップ",
        "address": "東京都練馬区東大泉2-10-5",
        "facility_url": "https://museum.toei-anim.co.jp/"
      }
    },
    {
      "type": "Feature",
      "geometry": {
        "type": "Point",
        "coordinates": [
          139.739868,
          35.749783
        ]
      },
      "properties": {
        "issuer": "東京23区",
        "card_code": "F101",
        "pref": "東京都",
        "round": "第20弾",
        "issued_date": "2023/07/28",
        "facility": "渋沢×北区 飛鳥山おみやげ館",
        "address": "東京都北区西ケ原2-16飛鳥山公園管理事務所内",
        "facility_url": "https://shibusawakitaku.tokyo/omiyage/"
      }
    },
    {
      "type": "Feature",
      "geometry": {
        "type": "Point",
        "coordinates": [
          139.744904,
          35.644859
        ]
      },
      "properties": {
        "issuer": "東京23区",
        "card_code": "G101",
        "pref": "東京都",
        "round": "第22弾",
        "issued_date": "2024/04/26",
        "facility": "港区観光インフォメーションセンター（札の辻スクエア）",
        "address": "東京都港区芝五丁目36番4号　札の辻スクエア1階",
        "facility_url": "https://visit-minato-city.tokyo/ja-jp/places/2774"
      }
    },
    {
      "type": "Feature",
      "geometry": {
        "type": "Point",
        "coordinates": [
          139.712265,
          35.751099
        ]
      },
      "properties": {
        "issuer": "東京23区",
        "card_code": "I101",
        "pref": "東京都",
        "round": "第22弾",
        "issued_date": "2024/04/26",
        "facility": "いたばし観光センター",
        "address": "東京都板橋区板橋3-14-15",
        "facility_url": "https://www.city.itabashi.tokyo.jp/bunka/kanko/1006728.html"
      }
    },
    {
      "type": "Feature",
      "geometry": {
        "type": "Point",
        "coordinates": [
          139.71022,
          35.772804
        ]
      },
      "properties": {
        "issuer": "東京23区",
        "card_code": "H101",
        "pref": "東京都",
        "round": "第22弾",
        "issued_date": "2024/04/26",
        "facility": "赤羽スポーツの森公園競技場",
        "address": "東京都北区赤羽西5-2-27",
        "facility_url": "https://akabane-sports.com/facilities/forest-park"
      }
    },
    {
      "type": "Feature",
      "geometry": {
        "type": "Point",
        "coordinates": [
          139.733917,
          35.784191
        ]
      },
      "properties": {
        "issuer": "東京23区",
        "card_code": "J101",
        "pref": "東京都",
        "round": "第24弾",
        "issued_date": "2024/12/20",
        "facility": "荒川知水資料館 amoa",
        "address": "東京都北区志茂 5-41-1",
        "facility_url": "https://www.ara-amoa.com/"
      }
    },
    {
      "type": "Feature",
      "geometry": {
        "type": "Point",
        "coordinates": [
          139.622894,
          35.699215
        ]
      },
      "properties": {
        "issuer": "東京23区",
        "card_code": "K101",
        "pref": "東京都",
        "round": "第24弾",
        "issued_date": "2025/01/16",
        "facility": "荻外荘公園受付",
        "address": "東京都杉並区荻窪2丁目43番36号",
        "facility_url": "https://www.city.suginami.tokyo.jp/shisetsu/kouen/02/ogikubo/1054100.html"
      }
    },
    {
      "type": "Feature",
      "geometry": {
        "type": "Point",
        "coordinates": [
          139.805817,
          35.710499
        ]
      },
      "properties": {
        "issuer": "東京23区",
        "card_code": "L101",
        "pref": "東京都",
        "round": "第25弾",
        "issued_date": "2025/04/25",
        "facility": "コネクトすみだ［まち処］",
        "address": "東京都墨田区向島1-23-9 E-03",
        "facility_url": "https://visit-sumida.jp/connect/"
      }
    },
    {
      "type": "Feature",
      "geometry": {
        "type": "Point",
        "coordinates": [
          139.693512,
          35.794933
        ]
      },
      "properties": {
        "issuer": "東京23区",
        "card_code": "M101",
        "pref": "東京都",
        "round": "第25弾",
        "issued_date": "2025/04/25",
        "facility": "浮間公園サービスセンター",
        "address": "東京都板橋区舟渡2-15-1",
        "facility_url": "https://www.tokyo-park.or.jp/park/ukima/index.html"
      }
    },
    {
      "type": "Feature",
      "geometry": {
        "type": "Point",
        "coordinates": [
          139.714874,
          35.774639
        ]
      },
      "properties": {
        "issuer": "東京23区",
        "card_code": "N101",
        "pref": "東京都",
        "round": "第26弾",
        "issued_date": "2025/07/25",
        "facility": "Hintmation",
        "address": "東京都北区赤羽台２丁目１-１５　ヌーヴェル赤羽台１５号棟１階",
        "facility_url": "https://www.ur-net.go.jp/east/action/akabanedai/index.html?channel=main&msockid=2d65f8d82fc266cd3f5ded012eec6723"
      }
    },
    {
      "type": "Feature",
      "geometry": {
        "type": "Point",
        "coordinates": [
          139.753052,
          35.693642
        ]
      },
      "properties": {
        "issuer": "東京23区",
        "card_code": "O101",
        "pref": "東京都",
        "round": "第28弾",
        "issued_date": "2026/04/24",
        "facility": "千代田区観光案内所",
        "address": "東京都千代田区九段南1－6－17 \t千代田会館1階",
        "facility_url": "https://visit-chiyoda.tokyo/"
      }
    },
    {
      "type": "Feature",
      "geometry": {
        "type": "Point",
        "coordinates": [
          139.691772,
          35.689629
        ]
      },
      "properties": {
        "issuer": "東京23区",
        "card_code": "P101",
        "pref": "東京都",
        "round": "第29弾",
        "issued_date": "2026/09/10",
        "facility": "全国観光PRコーナー",
        "address": "東京都新宿区西新宿2-8-1　東京都庁第一本庁舎1階",
        "facility_url": "https://www.gotokyo.org/jp/plan/japanese-prefectural-tourism-promotion-corner/index.html"
      }
    },
    {
      "type": "Feature",
      "geometry": {
        "type": "Point",
        "coordinates": [
          139.902893,
          35.705116
        ]
      },
      "properties": {
        "issuer": "東京23区",
        "card_code": "Q101",
        "pref": "東京都",
        "round": "第29弾",
        "issued_date": "2026/07/31",
        "facility": "江戸川区郷土資料室（しのざき文化プラザ内）",
        "address": "東京都江戸川区篠崎町七丁目20番19号 しのざき文化プラザ3階",
        "facility_url": "https://www.city.edogawa.tokyo.jp/e_bunkazai/bunkazai/shiryoshitsu/index.html"
      }
    },
    {
      "type": "Feature",
      "geometry": {
        "type": "Point",
        "coordinates": [
          139.664993,
          35.724205
        ]
      },
      "properties": {
        "issuer": "東京23区",
        "card_code": "R101",
        "pref": "東京都",
        "round": "第29弾",
        "issued_date": "2026/07/31",
        "facility": "山﨑記念中野区立歴史民俗資料館",
        "address": "東京都中野区江古田四丁目3番4号",
        "facility_url": "https://www.city.tokyo-nakano.lg.jp/kurashi/bunka/manabu/rekishiminzoku/index.html"
      }
    },
    {
      "type": "Feature",
      "geometry": {
        "type": "Point",
        "coordinates": [
          139.759384,
          35.737797
        ]
      },
      "properties": {
        "issuer": "東京23区",
        "card_code": "Z001",
        "pref": "東京都",
        "round": "第15弾",
        "issued_date": "2021/08/17",
        "facility": "田端文士村記念館",
        "address": "東京都北区田端6-1-2",
        "facility_url": "https://kitabunka.or.jp/tabata/"
      }
    },
    {
      "type": "Feature",
      "geometry": {
        "type": "Point",
        "coordinates": [
          139.652878,
          35.737988
        ]
      },
      "properties": {
        "issuer": "東京23区",
        "card_code": "A101",
        "pref": "東京都",
        "round": "第15弾",
        "issued_date": "2021/08/17",
        "facility": "ねりま観光案内所",
        "address": "東京都練馬区練馬1-17-1　Coconeri3階",
        "facility_url": "https://www.nerimakanko.jp/news/detail.php?notice_id=N000000021"
      }
    },
    {
      "type": "Feature",
      "geometry": {
        "type": "Point",
        "coordinates": [
          139.852051,
          35.752228
        ]
      },
      "properties": {
        "issuer": "東京23区",
        "card_code": "B101",
        "pref": "東京都",
        "round": "第15弾",
        "issued_date": "2021/08/17",
        "facility": "テクノプラザかつしか",
        "address": "東京都葛飾区青戸7-2-1",
        "facility_url": "http://techno-plaza.jp/"
      }
    },
    {
      "type": "Feature",
      "geometry": {
        "type": "Point",
        "coordinates": [
          139.772049,
          35.699703
        ]
      },
      "properties": {
        "issuer": "東京都",
        "card_code": "千代田区",
        "pref": "東京都",
        "round": "第12弾",
        "issued_date": "2020/03/09",
        "facility": "アキバインフォ(秋葉原UDX2階)",
        "address": "東京都千代田区外神田4-14-1",
        "facility_url": null
      }
    },
    {
      "type": "Feature",
      "geometry": {
        "type": "Point",
        "coordinates": [
          139.701447,
          35.689735
        ]
      },
      "properties": {
        "issuer": "東京都",
        "card_code": "新宿区",
        "pref": "東京都",
        "round": "第15弾",
        "issued_date": "2021/11/05",
        "facility": "新宿観光案内所",
        "address": "東京都新宿区新宿3-37-2",
        "facility_url": "https://www.kanko-shinjuku.jp/office/-/index.html"
      }
    },
    {
      "type": "Feature",
      "geometry": {
        "type": "Point",
        "coordinates": [
          139.789352,
          35.717503
        ]
      },
      "properties": {
        "issuer": "東京都",
        "card_code": "台東区",
        "pref": "東京都",
        "round": "第15弾",
        "issued_date": "2021/11/05",
        "facility": "台東区生涯学習センター",
        "address": "東京都台東区西浅草3-25-16",
        "facility_url": null
      }
    },
    {
      "type": "Feature",
      "geometry": {
        "type": "Point",
        "coordinates": [
          139.792007,
          35.696163
        ]
      },
      "properties": {
        "issuer": "東京都",
        "card_code": "墨田区",
        "pref": "東京都",
        "round": "第15弾",
        "issued_date": "2021/11/05",
        "facility": "両国観光案内所",
        "address": "東京都墨田区横網1-3-20 -両国-江戸NOREN(1階)",
        "facility_url": "https://visit-sumida.jp/spot/6196"
      }
    },
    {
      "type": "Feature",
      "geometry": {
        "type": "Point",
        "coordinates": [
          139.751358,
          35.62204
        ]
      },
      "properties": {
        "issuer": "東京都",
        "card_code": "品川区",
        "pref": "東京都",
        "round": "第15弾",
        "issued_date": "2021/11/05",
        "facility": "アイルしながわ",
        "address": "東京都品川区東品川2-3-2",
        "facility_url": "https://isleshinagawa.com/"
      }
    },
    {
      "type": "Feature",
      "geometry": {
        "type": "Point",
        "coordinates": [
          139.723923,
          35.558529
        ]
      },
      "properties": {
        "issuer": "東京都",
        "card_code": "大田区",
        "pref": "東京都",
        "round": "第15弾",
        "issued_date": "2021/11/05",
        "facility": "①一般社団法人 大田観光協会",
        "address": "東京都大田区南蒲田1-20-20 大田区産業プラザ2階",
        "facility_url": null
      }
    },
    {
      "type": "Feature",
      "geometry": {
        "type": "Point",
        "coordinates": [
          139.66983,
          35.643543
        ]
      },
      "properties": {
        "issuer": "東京都",
        "card_code": "世田谷区",
        "pref": "東京都",
        "round": "第12弾",
        "issued_date": "2020/03/09",
        "facility": "三軒茶屋観光案内所（SANCHA3「サンチャキューブ」）",
        "address": "東京都世田谷区太子堂4-1-1（東急世田谷線三軒茶屋駅改札前）",
        "facility_url": "https://www.kanko-setagaya.jp/?p=we-page-entry&spot=265539&nav=none"
      }
    },
    {
      "type": "Feature",
      "geometry": {
        "type": "Point",
        "coordinates": [
          139.709869,
          35.678024
        ]
      },
      "properties": {
        "issuer": "東京都",
        "card_code": "渋谷区",
        "pref": "東京都",
        "round": "第12弾",
        "issued_date": "2020/03/09",
        "facility": "渋谷区立千駄ヶ谷社会教育館",
        "address": "東京都渋谷区千駄ヶ谷1-6-5",
        "facility_url": null
      }
    },
    {
      "type": "Feature",
      "geometry": {
        "type": "Point",
        "coordinates": [
          139.635208,
          35.701904
        ]
      },
      "properties": {
        "issuer": "東京都",
        "card_code": "杉並区",
        "pref": "東京都",
        "round": "第12弾",
        "issued_date": "2020/03/09",
        "facility": "杉並区立産業商工会館",
        "address": "東京都杉並区阿佐谷南3-2-19",
        "facility_url": "https://www.city.suginami.tokyo.jp/shisetsu/sangyo/shoko/1007450.html"
      }
    },
    {
      "type": "Feature",
      "geometry": {
        "type": "Point",
        "coordinates": [
          139.607574,
          35.710491
        ]
      },
      "properties": {
        "issuer": "東京都",
        "card_code": "杉並区",
        "pref": "東京都",
        "round": "第15弾",
        "issued_date": "2021/11/05",
        "facility": "東京工芸大学 杉並アニメーションミュージアム",
        "address": "東京都杉並区上荻3-29-5 杉並会館(3階)",
        "facility_url": "https://sam.or.jp/"
      }
    },
    {
      "type": "Feature",
      "geometry": {
        "type": "Point",
        "coordinates": [
          139.715378,
          35.731491
        ]
      },
      "properties": {
        "issuer": "東京都",
        "card_code": "豊島区",
        "pref": "東京都",
        "round": "第12弾",
        "issued_date": "2020/03/09",
        "facility": "としま区民センター 池袋東口観光案内所",
        "address": "東京都豊島区東池袋1-20-10",
        "facility_url": "https://www.toshima-mirai.or.jp/center/a_kumin/"
      }
    },
    {
      "type": "Feature",
      "geometry": {
        "type": "Point",
        "coordinates": [
          139.719742,
          35.777416
        ]
      },
      "properties": {
        "issuer": "東京都",
        "card_code": "北区",
        "pref": "東京都",
        "round": "第12弾",
        "issued_date": "2020/03/09",
        "facility": "赤羽文化センター",
        "address": "東京都北区赤羽西1-6-1-301",
        "facility_url": "https://www.kita-bunka.com/si/si02-akabane/si02-1.html"
      }
    },
    {
      "type": "Feature",
      "geometry": {
        "type": "Point",
        "coordinates": [
          139.606354,
          35.743435
        ]
      },
      "properties": {
        "issuer": "東京都",
        "card_code": "練馬区",
        "pref": "東京都",
        "round": "第15弾",
        "issued_date": "2021/11/05",
        "facility": "石神井観光案内所",
        "address": "東京都練馬区石神井町3-23-8",
        "facility_url": "https://www.nerimakanko.jp/news/detail.php?notice_id=N000000021"
      }
    },
    {
      "type": "Feature",
      "geometry": {
        "type": "Point",
        "coordinates": [
          139.800491,
          35.74728
        ]
      },
      "properties": {
        "issuer": "東京都",
        "card_code": "足立区",
        "pref": "東京都",
        "round": "第12弾",
        "issued_date": "2020/03/09",
        "facility": "あだち産業センター",
        "address": "東京都足立区千住1-5-7",
        "facility_url": null
      }
    },
    {
      "type": "Feature",
      "geometry": {
        "type": "Point",
        "coordinates": [
          139.803619,
          35.751026
        ]
      },
      "properties": {
        "issuer": "東京都",
        "card_code": "足立区",
        "pref": "東京都",
        "round": "第15弾",
        "issued_date": "2021/11/05",
        "facility": "①千住街の駅",
        "address": "東京都足立区千住3-69",
        "facility_url": "https://tokyotouristinfo.com/detail/M0319"
      }
    },
    {
      "type": "Feature",
      "geometry": {
        "type": "Point",
        "coordinates": [
          139.84845,
          35.765381
        ]
      },
      "properties": {
        "issuer": "東京都",
        "card_code": "葛飾区",
        "pref": "東京都",
        "round": "第15弾",
        "issued_date": "2021/11/05",
        "facility": "亀有観光案内所（ゆうろーどサービスカウンター）",
        "address": "東京都葛飾区亀有3-21-6",
        "facility_url": "http://www.youroad.com/index.html"
      }
    },
    {
      "type": "Feature",
      "geometry": {
        "type": "Point",
        "coordinates": [
          139.869965,
          35.650875
        ]
      },
      "properties": {
        "issuer": "東京都",
        "card_code": "江戸川区",
        "pref": "東京都",
        "round": "第15弾",
        "issued_date": "2021/11/05",
        "facility": "総合レクリエーション公園サービスセンター",
        "address": "東京都江戸川区南葛西3丁目17番1号（ファミリースポーツ広場内）",
        "facility_url": "https://www.city.edogawa.tokyo.jp/e066/kuseijoho/gaiyo/shisetsuguide/bunya/koendobutsuen/c_recreation/index.html"
      }
    },
    {
      "type": "Feature",
      "geometry": {
        "type": "Point",
        "coordinates": [
          139.426498,
          35.745262
        ]
      },
      "properties": {
        "issuer": "東大和市",
        "card_code": null,
        "pref": "東京都",
        "round": "第12弾",
        "issued_date": "2020/03/09",
        "facility": "東大和市立郷土博物館",
        "address": "東京都東大和市中央3-930",
        "facility_url": "https://www.city.higashiyamato.lg.jp/index.cfm/35,0,366,html"
      }
    },
    {
      "type": "Feature",
      "geometry": {
        "type": "Point",
        "coordinates": [
          139.14888,
          35.726822
        ]
      },
      "properties": {
        "issuer": "檜原村",
        "card_code": null,
        "pref": "東京都",
        "round": "第13弾",
        "issued_date": "2020/12/17",
        "facility": "【火曜日～土曜日・祝日】檜原温泉センター数馬の湯",
        "address": "東京都西多摩郡檜原村3221番地",
        "facility_url": null
      }
    },
    {
      "type": "Feature",
      "geometry": {
        "type": "Point",
        "coordinates": [
          139.578735,
          35.7057
        ]
      },
      "properties": {
        "issuer": "武蔵野市",
        "card_code": "A001",
        "pref": "東京都",
        "round": "第22弾",
        "issued_date": "2024/04/26",
        "facility": "一般社団法人武蔵野市観光機構",
        "address": "東京都武蔵野市吉祥寺本町1-10-7（武蔵野商工会館１階）",
        "facility_url": "https://musashino-kanko.com/"
      }
    },
    {
      "type": "Feature",
      "geometry": {
        "type": "Point",
        "coordinates": [
          139.543655,
          35.700844
        ]
      },
      "properties": {
        "issuer": "武蔵野市",
        "card_code": "B001",
        "pref": "東京都",
        "round": "第24弾",
        "issued_date": "2024/12/20",
        "facility": "武蔵野市立ひと・まち・情報創造館武蔵野プレイス",
        "address": "東京都武蔵野市境南町2丁目3-18",
        "facility_url": "https://www.musashino.or.jp/place/"
      }
    },
    {
      "type": "Feature",
      "geometry": {
        "type": "Point",
        "coordinates": [
          139.579971,
          35.703964
        ]
      },
      "properties": {
        "issuer": "武蔵野市",
        "card_code": "C001",
        "pref": "東京都",
        "round": "第27弾",
        "issued_date": "2026/03/29",
        "facility": "サンロード吉祥寺まち案内所",
        "address": "東京都武蔵野市吉祥寺本町1-15-2",
        "facility_url": null
      }
    },
    {
      "type": "Feature",
      "geometry": {
        "type": "Point",
        "coordinates": [
          139.413162,
          35.697231
        ]
      },
      "properties": {
        "issuer": "流域下水道",
        "card_code": null,
        "pref": "東京都",
        "round": "第13弾",
        "issued_date": "2020/12/17",
        "facility": "東京観光情報センター 多摩",
        "address": "東京都立川市柴崎町3-1-1「エキュート立川」3階",
        "facility_url": "https://www.gotokyo.org/jp/plan/tourist-info-center/index.html"
      }
    },
    {
      "type": "Feature",
      "geometry": {
        "type": "Point",
        "coordinates": [
          139.52655,
          35.785568
        ]
      },
      "properties": {
        "issuer": "清瀬市",
        "card_code": null,
        "pref": "東京都",
        "round": "第15弾",
        "issued_date": "2021/11/05",
        "facility": "【平日】清瀬市役所建設課下水道係(3階23番窓口)",
        "address": "東京都清瀬市中里5-842",
        "facility_url": "https://www.city.kiyose.lg.jp/siseijouhou/sosikisigoto/kakukagoannai/1005112.html"
      }
    },
    {
      "type": "Feature",
      "geometry": {
        "type": "Point",
        "coordinates": [
          139.577927,
          35.634491
        ]
      },
      "properties": {
        "issuer": "狛江市",
        "card_code": "A001",
        "pref": "東京都",
        "round": "第06弾",
        "issued_date": "2017/12/09",
        "facility": "【平日】狛江市役所 下水道課窓口",
        "address": "東京都狛江市和泉本町1-1-5",
        "facility_url": "http://www.city.komae.tokyo.jp/"
      }
    },
    {
      "type": "Feature",
      "geometry": {
        "type": "Point",
        "coordinates": [
          139.577957,
          35.633244
        ]
      },
      "properties": {
        "issuer": "狛江市",
        "card_code": "B001",
        "pref": "東京都",
        "round": "第15弾",
        "issued_date": "2021/11/05",
        "facility": "① (一財)狛江市文化振興事業団事務所",
        "address": "東京都狛江市元和泉1-2-1エコルマホール５階事務室",
        "facility_url": "https://ecorma-hall.jp/"
      }
    },
    {
      "type": "Feature",
      "geometry": {
        "type": "Point",
        "coordinates": [
          139.353287,
          35.783318
        ]
      },
      "properties": {
        "issuer": "瑞穂町",
        "card_code": null,
        "pref": "東京都",
        "round": "第04弾",
        "issued_date": "2017/04/03",
        "facility": "瑞穂町郷土資料館 けやき館",
        "address": "東京都西多摩郡瑞穂町大字駒形富士山316-5",
        "facility_url": "http://www.mizuhokyodo.jp/"
      }
    },
    {
      "type": "Feature",
      "geometry": {
        "type": "Point",
        "coordinates": [
          139.438141,
          35.547039
        ]
      },
      "properties": {
        "issuer": "町田市",
        "card_code": "A001",
        "pref": "東京都",
        "round": "第10弾",
        "issued_date": "2019/08/07",
        "facility": "【平日】町田市役所下水道部下水道経営総務課",
        "address": "東京都町田市森野2-2-22",
        "facility_url": "http://www.city.machida.tokyo.jp/shisei/shiyakusyo/mainoffice/officeguide.html"
      }
    },
    {
      "type": "Feature",
      "geometry": {
        "type": "Point",
        "coordinates": [
          139.448837,
          35.542072
        ]
      },
      "properties": {
        "issuer": "町田市",
        "card_code": "B001",
        "pref": "東京都",
        "round": "第12弾",
        "issued_date": "2020/04/25",
        "facility": "まちの案内所　町田ツーリストギャラリー",
        "address": "東京都町田市原町田4-10-20　ぽっぽ町田1階",
        "facility_url": "https://machida-guide.or.jp/?p=we-page-top-2"
      }
    },
    {
      "type": "Feature",
      "geometry": {
        "type": "Point",
        "coordinates": [
          139.328583,
          35.739513
        ]
      },
      "properties": {
        "issuer": "福生市",
        "card_code": null,
        "pref": "東京都",
        "round": "第18弾",
        "issued_date": "2023/01/28",
        "facility": "【通常】福生市観光案内所「くるみる ふっさ」",
        "address": "東京都福生市本町23番地",
        "facility_url": "https://www.kurumiru-fussa-omotenashi.com"
      }
    },
    {
      "type": "Feature",
      "geometry": {
        "type": "Point",
        "coordinates": [
          139.504257,
          35.634766
        ]
      },
      "properties": {
        "issuer": "稲城市",
        "card_code": null,
        "pref": "東京都",
        "round": "第12弾",
        "issued_date": "2020/03/09",
        "facility": "いなぎ発信基地ペアテラス",
        "address": "東京都稲城市東長沼516番地2",
        "facility_url": "https://inagi-kanko.jp/"
      }
    },
    {
      "type": "Feature",
      "geometry": {
        "type": "Point",
        "coordinates": [
          139.418854,
          35.693916
        ]
      },
      "properties": {
        "issuer": "立川市",
        "card_code": "A001",
        "pref": "東京都",
        "round": "第08弾",
        "issued_date": "2018/08/11",
        "facility": "立川市子ども未来センター",
        "address": "東京都立川市錦町3丁目2番26号",
        "facility_url": "https://www.city.tachikawa.lg.jp/"
      }
    },
    {
      "type": "Feature",
      "geometry": {
        "type": "Point",
        "coordinates": [
          139.406281,
          35.715286
        ]
      },
      "properties": {
        "issuer": "立川市",
        "card_code": "B001",
        "pref": "東京都",
        "round": "第12弾",
        "issued_date": "2020/04/25",
        "facility": "【平日】立川市役所下水道管理課",
        "address": "東京都立川市泉町1156-9",
        "facility_url": "https://www.city.tachikawa.lg.jp/"
      }
    },
    {
      "type": "Feature",
      "geometry": {
        "type": "Point",
        "coordinates": [
          139.414169,
          35.701874
        ]
      },
      "properties": {
        "issuer": "立川市",
        "card_code": "C001",
        "pref": "東京都",
        "round": "第16弾",
        "issued_date": "2022/01/15",
        "facility": "立川市女性総合センター5階",
        "address": "東京都立川市曙町2-36-2　ファーレ立川センタースクエア",
        "facility_url": "https://www.city.tachikawa.lg.jp/kurashi/suido/gesuido/index.html"
      }
    },
    {
      "type": "Feature",
      "geometry": {
        "type": "Point",
        "coordinates": [
          139.303238,
          35.755199
        ]
      },
      "properties": {
        "issuer": "羽村市",
        "card_code": "A001",
        "pref": "東京都",
        "round": "第03弾",
        "issued_date": "2016/12/01",
        "facility": "羽村市郷土博物館",
        "address": "東京都羽村市羽741",
        "facility_url": null
      }
    },
    {
      "type": "Feature",
      "geometry": {
        "type": "Point",
        "coordinates": [
          139.298889,
          35.758251
        ]
      },
      "properties": {
        "issuer": "羽村市",
        "card_code": "B001",
        "pref": "東京都",
        "round": "第06弾",
        "issued_date": "2017/12/09",
        "facility": "ヒノトントンZOO（羽村市動物公園）チケット売り場",
        "address": "東京都羽村市羽村4122",
        "facility_url": "http://www.t-net.ne.jp/~hamura-z/"
      }
    },
    {
      "type": "Feature",
      "geometry": {
        "type": "Point",
        "coordinates": [
          139.539459,
          35.727524
        ]
      },
      "properties": {
        "issuer": "西東京市",
        "card_code": "A001",
        "pref": "東京都",
        "round": "第29弾",
        "issued_date": "2026/07/31",
        "facility": "まちテナ西東京",
        "address": "東京都西東京市田無町4-1-2（田無駅改札横）",
        "facility_url": "https://machitenna.com/"
      }
    },
    {
      "type": "Feature",
      "geometry": {
        "type": "Point",
        "coordinates": [
          139.540894,
          35.650593
        ]
      },
      "properties": {
        "issuer": "調布市",
        "card_code": "A001",
        "pref": "東京都",
        "round": "第10弾",
        "issued_date": "2019/08/07",
        "facility": "調布市 環境部 下水道課",
        "address": "東京都調布市小島町2-35-1調布市役所本庁舎2階",
        "facility_url": "http://www.city.chofu.tokyo.jp/www/contents/1176118954796/index.html"
      }
    },
    {
      "type": "Feature",
      "geometry": {
        "type": "Point",
        "coordinates": [
          139.527542,
          35.657593
        ]
      },
      "properties": {
        "issuer": "調布市",
        "card_code": "B001",
        "pref": "東京都",
        "round": "第25弾",
        "issued_date": "2025/04/25",
        "facility": "調布市民西調布体育館",
        "address": "東京都調布市上石原2-4-1",
        "facility_url": "https://www.city.chofu.lg.jp/040070/p026079.html"
      }
    },
    {
      "type": "Feature",
      "geometry": {
        "type": "Point",
        "coordinates": [
          139.259079,
          35.79034
        ]
      },
      "properties": {
        "issuer": "青梅市",
        "card_code": "A001",
        "pref": "東京都",
        "round": "第14弾",
        "issued_date": "2021/04/25",
        "facility": "青梅観光案内所",
        "address": "東京都青梅市本町192",
        "facility_url": "https://www.omekanko.gr.jp/"
      }
    },
    {
      "type": "Feature",
      "geometry": {
        "type": "Point",
        "coordinates": [
          139.223114,
          35.788151
        ]
      },
      "properties": {
        "issuer": "青梅市",
        "card_code": "B001",
        "pref": "東京都",
        "round": "第21弾",
        "issued_date": "2023/12/15",
        "facility": "西東京農業協同組合　グリーンセンター",
        "address": "東京都青梅市梅郷3丁目930番地の1",
        "facility_url": "https://www.ja-nishitokyo.or.jp/archives/store_post/shop_greencenter"
      }
    },
    {
      "type": "Feature",
      "geometry": {
        "type": "Point",
        "coordinates": [
          139.956802,
          36.682716
        ]
      },
      "properties": {
        "issuer": "さくら市",
        "card_code": null,
        "pref": "栃木県",
        "round": "第18弾",
        "issued_date": "2023/01/28",
        "facility": "【平日土曜日】さくら市役所　卯の里庁舎",
        "address": "栃木県さくら市氏家2190-7",
        "facility_url": "https://www.city.tochigi-sakura.lg.jp/index.html"
      }
    },
    {
      "type": "Feature",
      "geometry": {
        "type": "Point",
        "coordinates": [
          139.909027,
          36.435917
        ]
      },
      "properties": {
        "issuer": "上三川町",
        "card_code": null,
        "pref": "栃木県",
        "round": "第23弾",
        "issued_date": "2024/07/26",
        "facility": "上三川町ＯＲＩＧＡＭＩプラザ",
        "address": "栃木県河内郡上三川町大字上三川４１７３番地１",
        "facility_url": "https://www.town.kaminokawa.lg.jp/0357/info-0000003314-0.html"
      }
    },
    {
      "type": "Feature",
      "geometry": {
        "type": "Point",
        "coordinates": [
          139.855881,
          36.455303
        ]
      },
      "properties": {
        "issuer": "下野市",
        "card_code": null,
        "pref": "栃木県",
        "round": "第06弾",
        "issued_date": "2017/12/09",
        "facility": "グリムの森「グリムの館」",
        "address": "栃木県下野市下古山747",
        "facility_url": "https://www.grimm-no.net/"
      }
    },
    {
      "type": "Feature",
      "geometry": {
        "type": "Point",
        "coordinates": [
          139.874603,
          36.400635
        ]
      },
      "properties": {
        "issuer": "下野市",
        "card_code": "B001",
        "pref": "栃木県",
        "round": "第29弾",
        "issued_date": "2026/07/31",
        "facility": "下野薬師寺歴史館",
        "address": "栃木県下野市薬師寺1636",
        "facility_url": "https://www.shimotsuke-bunkazai.com/institution.php"
      }
    },
    {
      "type": "Feature",
      "geometry": {
        "type": "Point",
        "coordinates": [
          139.572525,
          36.311199
        ]
      },
      "properties": {
        "issuer": "佐野市",
        "card_code": null,
        "pref": "栃木県",
        "round": "第09弾",
        "issued_date": "2018/12/14",
        "facility": "佐野市観光物産会館",
        "address": "栃木県佐野市金井上町2519",
        "facility_url": "https://sano-kankokk.jp/?page_id=75"
      }
    },
    {
      "type": "Feature",
      "geometry": {
        "type": "Point",
        "coordinates": [
          139.591599,
          36.356735
        ]
      },
      "properties": {
        "issuer": "佐野市",
        "card_code": "B001",
        "pref": "栃木県",
        "round": "第29弾",
        "issued_date": "2026/07/31",
        "facility": "佐野市国際クリケット場Tearoom at the SICG",
        "address": "栃木県佐野市栃本町300番地1",
        "facility_url": "https://www.cricket.or.jp/"
      }
    },
    {
      "type": "Feature",
      "geometry": {
        "type": "Point",
        "coordinates": [
          139.814514,
          36.441368
        ]
      },
      "properties": {
        "issuer": "壬生町",
        "card_code": "A001",
        "pref": "栃木県",
        "round": "第14弾",
        "issued_date": "2021/04/25",
        "facility": "【平日】壬生町役場下水道課",
        "address": "栃木県下都賀郡壬生町大字壬生甲３８４１番地１",
        "facility_url": "https://www.town.mibu.tochigi.jp/"
      }
    },
    {
      "type": "Feature",
      "geometry": {
        "type": "Point",
        "coordinates": [
          139.80838,
          36.461922
        ]
      },
      "properties": {
        "issuer": "壬生町",
        "card_code": "B001",
        "pref": "栃木県",
        "round": "第18弾",
        "issued_date": "2023/01/28",
        "facility": "壬生町おもちゃ博物館",
        "address": "栃木県下都賀郡壬生町国谷2300番地",
        "facility_url": "https://omohaku.michinoeki-mibu.jp/"
      }
    },
    {
      "type": "Feature",
      "geometry": {
        "type": "Point",
        "coordinates": [
          140.086716,
          36.862846
        ]
      },
      "properties": {
        "issuer": "大田原市",
        "card_code": "A001",
        "pref": "栃木県",
        "round": "第03弾",
        "issued_date": "2016/12/01",
        "facility": "道の駅　那須与一の郷　物産館",
        "address": "栃木県大田原市南金丸1584-6",
        "facility_url": null
      }
    },
    {
      "type": "Feature",
      "geometry": {
        "type": "Point",
        "coordinates": [
          140.12439,
          36.860615
        ]
      },
      "properties": {
        "issuer": "大田原市",
        "card_code": "B001",
        "pref": "栃木県",
        "round": "第28弾",
        "issued_date": "2026/04/24",
        "facility": "大田原市観光交流センター",
        "address": "栃木県大田原市黒羽田町848",
        "facility_url": "https://www.ohtawara.info/"
      }
    },
    {
      "type": "Feature",
      "geometry": {
        "type": "Point",
        "coordinates": [
          139.859787,
          36.652321
        ]
      },
      "properties": {
        "issuer": "宇都宮市",
        "card_code": "A001",
        "pref": "栃木県",
        "round": "第03弾",
        "issued_date": "2016/12/01",
        "facility": "【平日】2階 経営企画課",
        "address": "宇都宮市上下水道局",
        "facility_url": "http://www.city.utsunomiya.tochigi.jp/josuido/index.html"
      }
    },
    {
      "type": "Feature",
      "geometry": {
        "type": "Point",
        "coordinates": [
          139.882599,
          36.555115
        ]
      },
      "properties": {
        "issuer": "宇都宮市",
        "card_code": "B001",
        "pref": "栃木県",
        "round": "第10弾",
        "issued_date": "2019/08/07",
        "facility": "栃木県宇都宮市川向町1-23",
        "address": "宇都宮市観光案内所",
        "facility_url": "http://www.utsunomiya-cvb.org/9168.html "
      }
    },
    {
      "type": "Feature",
      "geometry": {
        "type": "Point",
        "coordinates": [
          139.897095,
          36.55999
        ]
      },
      "properties": {
        "issuer": "宇都宮市",
        "card_code": "C001",
        "pref": "栃木県",
        "round": "第23弾",
        "issued_date": "2024/07/26",
        "facility": "交通未来都市うつのみやオープンスクエア",
        "address": "栃木県宇都宮市駅前通り1丁目4-6 トナリエ宇都宮 3階",
        "facility_url": "https://u-movenext.net/open-square/"
      }
    },
    {
      "type": "Feature",
      "geometry": {
        "type": "Point",
        "coordinates": [
          139.801071,
          36.314209
        ]
      },
      "properties": {
        "issuer": "小山市",
        "card_code": "A001",
        "pref": "栃木県",
        "round": "第15弾",
        "issued_date": "2021/08/17",
        "facility": "小山市役所",
        "address": "栃木県小山市中央町１－１－１",
        "facility_url": "https://www.city.oyama.tochigi.jp/"
      }
    },
    {
      "type": "Feature",
      "geometry": {
        "type": "Point",
        "coordinates": [
          139.804016,
          36.313725
        ]
      },
      "properties": {
        "issuer": "小山市",
        "card_code": "B001",
        "pref": "栃木県",
        "round": "第28弾",
        "issued_date": "2026/04/24",
        "facility": "小山市まちの駅思季彩館",
        "address": "栃木県小山市中央町3-5-3",
        "facility_url": "https://www.city.oyama.tochigi.jp/shisei/shisetsu/etc/page006531.html"
      }
    },
    {
      "type": "Feature",
      "geometry": {
        "type": "Point",
        "coordinates": [
          139.687973,
          36.724724
        ]
      },
      "properties": {
        "issuer": "日光市",
        "card_code": "A001",
        "pref": "栃木県",
        "round": "第08弾",
        "issued_date": "2018/08/11",
        "facility": "日光市観光協会　今市支部",
        "address": "栃木県日光市今市717-1",
        "facility_url": "http://www.nikko-kankou.org"
      }
    },
    {
      "type": "Feature",
      "geometry": {
        "type": "Point",
        "coordinates": [
          139.501587,
          36.739769
        ]
      },
      "properties": {
        "issuer": "日光市",
        "card_code": "B001",
        "pref": "栃木県",
        "round": "第09弾",
        "issued_date": "2018/12/14",
        "facility": "栃木県立日光自然博物館（奥日光インフォメーションセンター）",
        "address": "栃木県日光市中宮祠2480-1",
        "facility_url": "https://www.nikko-nsm.co.jp/"
      }
    },
    {
      "type": "Feature",
      "geometry": {
        "type": "Point",
        "coordinates": [
          139.733826,
          36.379971
        ]
      },
      "properties": {
        "issuer": "栃木市",
        "card_code": null,
        "pref": "栃木県",
        "round": "第09弾",
        "issued_date": "2018/12/14",
        "facility": "一般社団法人栃木市観光協会",
        "address": "栃木県栃木市倭町14-1",
        "facility_url": "https://www.tochigi-kankou.or.jp/"
      }
    },
    {
      "type": "Feature",
      "geometry": {
        "type": "Point",
        "coordinates": [
          139.864426,
          36.414989
        ]
      },
      "properties": {
        "issuer": "栃木県",
        "card_code": "流域下水道",
        "pref": "栃木県",
        "round": "第07弾",
        "issued_date": "2018/04/28",
        "facility": "【平日】栃木県下水道管理事務所",
        "address": "栃木県河内郡上三川町多功1159",
        "facility_url": "https://www.pref.tochigi.lg.jp/h60/index.html"
      }
    },
    {
      "type": "Feature",
      "geometry": {
        "type": "Point",
        "coordinates": [
          140.011429,
          36.443573
        ]
      },
      "properties": {
        "issuer": "真岡市",
        "card_code": null,
        "pref": "栃木県",
        "round": "第11弾",
        "issued_date": "2019/12/14",
        "facility": "久保記念観光文化交流館",
        "address": "栃木県真岡市荒町1105番地1",
        "facility_url": "http://www.kubokinen.net/"
      }
    },
    {
      "type": "Feature",
      "geometry": {
        "type": "Point",
        "coordinates": [
          139.917679,
          36.790005
        ]
      },
      "properties": {
        "issuer": "矢板市",
        "card_code": "A001",
        "pref": "栃木県",
        "round": "第28弾",
        "issued_date": "2026/04/24",
        "facility": "一般社団法人 矢板市観光協会",
        "address": "栃木県矢板市川崎反町295",
        "facility_url": "https://www.yaita-kankou.com/"
      }
    },
    {
      "type": "Feature",
      "geometry": {
        "type": "Point",
        "coordinates": [
          139.454346,
          36.334896
        ]
      },
      "properties": {
        "issuer": "足利市",
        "card_code": "A001",
        "pref": "栃木県",
        "round": "第02弾",
        "issued_date": "2016/08/01",
        "facility": "太平記館",
        "address": "栃木県足利市伊勢町3-6-4（足利市観光協会駐車場内）",
        "facility_url": "https://www.ashikaga-kankou.jp/"
      }
    },
    {
      "type": "Feature",
      "geometry": {
        "type": "Point",
        "coordinates": [
          139.453186,
          36.33427
        ]
      },
      "properties": {
        "issuer": "足利市",
        "card_code": "B001",
        "pref": "栃木県",
        "round": "第04弾",
        "issued_date": "2017/04/03",
        "facility": "足利まちなか遊学館",
        "address": "栃木県足利市通1-2673-1",
        "facility_url": "https://www.city.ashikaga.tochigi.jp/industory/000061/000327/p002753.html"
      }
    },
    {
      "type": "Feature",
      "geometry": {
        "type": "Point",
        "coordinates": [
          140.126801,
          36.765774
        ]
      },
      "properties": {
        "issuer": "那珂川町",
        "card_code": "A001",
        "pref": "栃木県",
        "round": "第29弾",
        "issued_date": "2026/07/31",
        "facility": "那珂川町役場小川出張所",
        "address": "栃木県那珂川町小川1065",
        "facility_url": "https://www.town.tochigi-nakagawa.lg.jp/index.html"
      }
    },
    {
      "type": "Feature",
      "geometry": {
        "type": "Point",
        "coordinates": [
          140.151947,
          36.657043
        ]
      },
      "properties": {
        "issuer": "那須烏山市",
        "card_code": "A001",
        "pref": "栃木県",
        "round": "第25弾",
        "issued_date": "2025/04/25",
        "facility": "那須烏山市役所烏山庁舎（まちづくり課）",
        "address": "栃木県那須烏山市中央1-1-1",
        "facility_url": "https://www.city.nasukarasuyama.lg.jp/"
      }
    },
    {
      "type": "Feature",
      "geometry": {
        "type": "Point",
        "coordinates": [
          140.154251,
          36.654316
        ]
      },
      "properties": {
        "issuer": "那須烏山市",
        "card_code": "B001",
        "pref": "栃木県",
        "round": "第26弾",
        "issued_date": "2025/07/25",
        "facility": "山あげ会館（那須烏山市観光協会）",
        "address": "栃木県那須烏山市金井2-5-26",
        "facility_url": "https://www.nasukarasuyama.com"
      }
    },
    {
      "type": "Feature",
      "geometry": {
        "type": "Point",
        "coordinates": [
          140.154251,
          36.654316
        ]
      },
      "properties": {
        "issuer": "那須烏山市",
        "card_code": "C001",
        "pref": "栃木県",
        "round": "第29弾",
        "issued_date": "2026/07/31",
        "facility": "山あげ会館（那須烏山市観光協会）",
        "address": "栃木県那須烏山市金井2-5-26",
        "facility_url": "https://www.nasukarasuyama.com"
      }
    },
    {
      "type": "Feature",
      "geometry": {
        "type": "Point",
        "coordinates": [
          139.746017,
          36.564056
        ]
      },
      "properties": {
        "issuer": "鹿沼市",
        "card_code": null,
        "pref": "栃木県",
        "round": "第10弾",
        "issued_date": "2019/08/07",
        "facility": "まちの駅　新・鹿沼宿",
        "address": "栃木県鹿沼市仲町1604-1",
        "facility_url": "http://kanumajuku.com/"
      }
    },
    {
      "type": "Feature",
      "geometry": {
        "type": "Point",
        "coordinates": [
          127.881287,
          26.332905
        ]
      },
      "properties": {
        "issuer": "うるま市",
        "card_code": null,
        "pref": "沖縄県",
        "round": "第27弾",
        "issued_date": "2025/12/19",
        "facility": "うるま市観光案内所（あまわりパーク観光ターミナル）",
        "address": "沖縄県うるま市勝連南風原3807-2",
        "facility_url": null
      }
    },
    {
      "type": "Feature",
      "geometry": {
        "type": "Point",
        "coordinates": [
          127.803947,
          26.285475
        ]
      },
      "properties": {
        "issuer": "中城村",
        "card_code": null,
        "pref": "沖縄県",
        "round": "第05弾",
        "issued_date": "2017/08/01",
        "facility": "中城城跡共同管理協議会",
        "address": "沖縄県中頭郡北中城村字大城503",
        "facility_url": "https://www.nakagusuku-jo.jp/"
      }
    },
    {
      "type": "Feature",
      "geometry": {
        "type": "Point",
        "coordinates": [
          127.758156,
          26.315678
        ]
      },
      "properties": {
        "issuer": "北谷町",
        "card_code": "A001",
        "pref": "沖縄県",
        "round": "第07弾",
        "issued_date": "2018/04/28",
        "facility": "北谷町観光情報センター",
        "address": "沖縄県中頭郡北谷町字美浜16-3",
        "facility_url": "https://chatantourism.com/information-center/"
      }
    },
    {
      "type": "Feature",
      "geometry": {
        "type": "Point",
        "coordinates": [
          127.762505,
          26.320402
        ]
      },
      "properties": {
        "issuer": "北谷町",
        "card_code": "B001",
        "pref": "沖縄県",
        "round": "第16弾",
        "issued_date": "2022/01/15",
        "facility": "【平日】北谷町上下水道庁舎内下水道係カウンター",
        "address": "沖縄県中頭郡北谷町桑江1-1-2",
        "facility_url": "http://www.chatan.jp/seikatsuguide/jogesuido/gesuido/gesui50thanniv/manholecard2021.html"
      }
    },
    {
      "type": "Feature",
      "geometry": {
        "type": "Point",
        "coordinates": [
          127.984261,
          26.589357
        ]
      },
      "properties": {
        "issuer": "名護市",
        "card_code": "A001",
        "pref": "沖縄県",
        "round": "第06弾",
        "issued_date": "2017/12/09",
        "facility": "名護市営市場",
        "address": "沖縄県名護市城1-4-11",
        "facility_url": "http://nago-ichiba.com/"
      }
    },
    {
      "type": "Feature",
      "geometry": {
        "type": "Point",
        "coordinates": [
          127.985458,
          26.59046
        ]
      },
      "properties": {
        "issuer": "名護市",
        "card_code": "B001",
        "pref": "沖縄県",
        "round": "第12弾",
        "issued_date": "2020/04/25",
        "facility": "公益財団法人 名護市観光協会",
        "address": "沖縄県名護市大中1-19-24 名護市産業支援センター1階",
        "facility_url": "https://nagomun.or.jp/"
      }
    },
    {
      "type": "Feature",
      "geometry": {
        "type": "Point",
        "coordinates": [
          127.977242,
          26.592291
        ]
      },
      "properties": {
        "issuer": "名護市",
        "card_code": "C001",
        "pref": "沖縄県",
        "round": "第13弾",
        "issued_date": "2020/12/17",
        "facility": "名護市環境水道部経営課　料金窓口",
        "address": "沖縄県名護市港一丁目１番１号",
        "facility_url": "http://www.city.nago.okinawa.jp/soshiki/kankyousuidou/keiei/"
      }
    },
    {
      "type": "Feature",
      "geometry": {
        "type": "Point",
        "coordinates": [
          127.944199,
          26.488623
        ]
      },
      "properties": {
        "issuer": "宜野座村",
        "card_code": null,
        "pref": "沖縄県",
        "round": "第18弾",
        "issued_date": "2023/01/28",
        "facility": "道の駅「ぎのざ」宜野座村観光拠点施設1F観光案内所",
        "address": "沖縄県国頭郡宜野座村字漢那1646番地の4",
        "facility_url": "https://mitinoeki-ginoza.com/"
      }
    },
    {
      "type": "Feature",
      "geometry": {
        "type": "Point",
        "coordinates": [
          127.740906,
          26.269627
        ]
      },
      "properties": {
        "issuer": "宜野湾市",
        "card_code": "A001",
        "pref": "沖縄県",
        "round": "第18弾",
        "issued_date": "2023/01/28",
        "facility": "【火曜日以外】宜野湾市立博物館",
        "address": "沖縄県宜野湾市真志喜1-25-1",
        "facility_url": "https://www.city.ginowan.lg.jp/soshiki/kyoiku/1/2/index.html"
      }
    },
    {
      "type": "Feature",
      "geometry": {
        "type": "Point",
        "coordinates": [
          127.735092,
          26.281324
        ]
      },
      "properties": {
        "issuer": "宜野湾市",
        "card_code": "B001",
        "pref": "沖縄県",
        "round": "第21弾",
        "issued_date": "2023/12/15",
        "facility": "【火曜日以外】宜野湾市立体育館",
        "address": "沖縄県宜野湾市真志喜4丁目2-1",
        "facility_url": " https://ginowankaihinkouen.jp/facility/gym/"
      }
    },
    {
      "type": "Feature",
      "geometry": {
        "type": "Point",
        "coordinates": [
          125.296478,
          24.812847
        ]
      },
      "properties": {
        "issuer": "宮古島市",
        "card_code": "A001",
        "pref": "沖縄県",
        "round": "第29弾",
        "issued_date": "2026/07/31",
        "facility": "宮古島市 下水道課",
        "address": "沖縄県宮古島市平良字西仲宗根565-6",
        "facility_url": "https://www.city.miyakojima.lg.jp/soshiki/shityo/kankyoueisei/gesuidou/"
      }
    },
    {
      "type": "Feature",
      "geometry": {
        "type": "Point",
        "coordinates": [
          140.466461,
          40.745602
        ]
      },
      "properties": {
        "issuer": "本部町",
        "card_code": null,
        "pref": "沖縄県",
        "round": "第26弾",
        "issued_date": "2025/07/25",
        "facility": "もとぶかりゆし市場",
        "address": "沖和県国頭郡本部町字大浜881-1",
        "facility_url": "https://motobufs.jp/tempo/"
      }
    },
    {
      "type": "Feature",
      "geometry": {
        "type": "Point",
        "coordinates": [
          127.799416,
          26.335577
        ]
      },
      "properties": {
        "issuer": "沖縄市",
        "card_code": null,
        "pref": "沖縄県",
        "round": "第12弾",
        "issued_date": "2020/04/25",
        "facility": "コザ・ミュージックタウン内　エイサー会館",
        "address": "沖縄県沖縄市上地１丁目１番１号",
        "facility_url": null
      }
    },
    {
      "type": "Feature",
      "geometry": {
        "type": "Point",
        "coordinates": [
          127.678642,
          26.211983
        ]
      },
      "properties": {
        "issuer": "沖縄県",
        "card_code": "流域下水道・A001",
        "pref": "沖縄県",
        "round": "第02弾",
        "issued_date": "2016/08/01",
        "facility": "沖縄観光情報センター",
        "address": "沖縄県那覇市泉﨑1-20ｰ6カフーナ旭橋A街区2階",
        "facility_url": "https://otic.okinawa/center/"
      }
    },
    {
      "type": "Feature",
      "geometry": {
        "type": "Point",
        "coordinates": [
          127.714882,
          26.217823
        ]
      },
      "properties": {
        "issuer": "沖縄県",
        "card_code": "流域下水道",
        "pref": "沖縄県",
        "round": "第16弾",
        "issued_date": "2022/01/15",
        "facility": "首里城首里杜館総合案内所",
        "address": "沖縄県那覇市首里金城町１－２",
        "facility_url": "https://oki-park.jp/shurijo/guide/1316"
      }
    },
    {
      "type": "Feature",
      "geometry": {
        "type": "Point",
        "coordinates": [
          127.688034,
          26.214655
        ]
      },
      "properties": {
        "issuer": "那覇市",
        "card_code": "A001",
        "pref": "沖縄県",
        "round": "第08弾",
        "issued_date": "2018/08/11",
        "facility": "まちぐゎー総合案内所(那覇市第一牧志公設市場1F)",
        "address": "沖縄県那覇市松尾2丁目10番1号",
        "facility_url": null
      }
    },
    {
      "type": "Feature",
      "geometry": {
        "type": "Point",
        "coordinates": [
          127.689552,
          26.216415
        ]
      },
      "properties": {
        "issuer": "那覇市",
        "card_code": "B001",
        "pref": "沖縄県",
        "round": "第13弾",
        "issued_date": "2020/12/17",
        "facility": "一般財団法人那覇市観光協会 「那覇市観光案内所」",
        "address": "沖縄県那覇市牧志3丁目2番10号てんぶす那覇1階",
        "facility_url": null
      }
    },
    {
      "type": "Feature",
      "geometry": {
        "type": "Point",
        "coordinates": [
          135.889801,
          35.002266
        ]
      },
      "properties": {
        "issuer": "大津市",
        "card_code": "A001",
        "pref": "滋賀県",
        "round": "第05弾",
        "issued_date": "2017/08/01",
        "facility": "【大津市水再生センター】",
        "address": "滋賀県大津市由美浜1-1",
        "facility_url": "http://www.city.otsu.lg.jp/soshiki/080/1902/"
      }
    },
    {
      "type": "Feature",
      "geometry": {
        "type": "Point",
        "coordinates": [
          135.865448,
          35.003181
        ]
      },
      "properties": {
        "issuer": "大津市",
        "card_code": "B001",
        "pref": "滋賀県",
        "round": "第21弾",
        "issued_date": "2023/12/15",
        "facility": "大津駅観光案内所",
        "address": "滋賀県大津市春日町1-3 ビエラ大津",
        "facility_url": "https://otsu.or.jp/tourism/"
      }
    },
    {
      "type": "Feature",
      "geometry": {
        "type": "Point",
        "coordinates": [
          135.865784,
          35.012447
        ]
      },
      "properties": {
        "issuer": "大津市",
        "card_code": "C001",
        "pref": "滋賀県",
        "round": "第28弾",
        "issued_date": "2026/04/24",
        "facility": "大津港サイクルステーション　Bird　Café",
        "address": "滋賀県大津市浜大津5-1-7",
        "facility_url": "https://oportable.jp/birdcafe.html"
      }
    },
    {
      "type": "Feature",
      "geometry": {
        "type": "Point",
        "coordinates": [
          135.9953,
          35.050621
        ]
      },
      "properties": {
        "issuer": "守山市",
        "card_code": null,
        "pref": "滋賀県",
        "round": "第21弾",
        "issued_date": "2023/12/15",
        "facility": "守山市駅前総合案内所",
        "address": "滋賀県守山市梅田町1-9",
        "facility_url": null
      }
    },
    {
      "type": "Feature",
      "geometry": {
        "type": "Point",
        "coordinates": [
          136.259583,
          35.274624
        ]
      },
      "properties": {
        "issuer": "彦根市",
        "card_code": "A001",
        "pref": "滋賀県",
        "round": "第06弾",
        "issued_date": "2017/12/09",
        "facility": "彦根市上下水道料金お客様サービスセンター",
        "address": "滋賀県彦根市元町4番2号（彦根市役所１階）",
        "facility_url": null
      }
    },
    {
      "type": "Feature",
      "geometry": {
        "type": "Point",
        "coordinates": [
          136.250946,
          35.270126
        ]
      },
      "properties": {
        "issuer": "彦根市",
        "card_code": "B001",
        "pref": "滋賀県",
        "round": "第06弾",
        "issued_date": "2017/12/09",
        "facility": "ひこにゃんミュジアム",
        "address": "滋賀県彦根市本町1-7-34",
        "facility_url": "https://www.hikonyan-museum.com/"
      }
    },
    {
      "type": "Feature",
      "geometry": {
        "type": "Point",
        "coordinates": [
          136.213623,
          35.119934
        ]
      },
      "properties": {
        "issuer": "東近江市",
        "card_code": "A001",
        "pref": "滋賀県",
        "round": "第25弾",
        "issued_date": "2025/04/25",
        "facility": "【平日】東近江市水道事務所　上下水道総務課",
        "address": "滋賀県東近江市川合寺町746",
        "facility_url": "https://www.city.higashiomi.shiga.jp/"
      }
    },
    {
      "type": "Feature",
      "geometry": {
        "type": "Point",
        "coordinates": [
          136.195114,
          35.114086
        ]
      },
      "properties": {
        "issuer": "東近江市",
        "card_code": "B001",
        "pref": "滋賀県",
        "round": "第26弾",
        "issued_date": "2025/07/25",
        "facility": "東近江市八日市駅前観光交流施設",
        "address": "滋賀県東近江市八日市本町１番６号 シャリエ八日市駅前１階",
        "facility_url": "https://www.google.co.jp/maps/place/%E5%85%AB%E6%97%A5%E5%B8%82%E9%A7%85%E5%89%8D%E8%A6%B3%E5%85%89%E4%BA%A4%E6%B5%81%E6%96%BD%E8%A8%AD/@35.1140839,136.1947046,17z/data=!3m1!4b1!4m6!3m5!1s0x60017ddfb693998b:0xb05a0c8f4811fd92!8m2!3d35.1140839!4d136.1947046!16s%2Fg%2F11vdcn7vsp?entry=ttu&g_ep=EgoyMDI1MDcyMS4wIKXMDSoASAFQAw%3D%3D"
      }
    },
    {
      "type": "Feature",
      "geometry": {
        "type": "Point",
        "coordinates": [
          136.181992,
          35.059578
        ]
      },
      "properties": {
        "issuer": "東近江市(C001)",
        "card_code": null,
        "pref": "滋賀県",
        "round": "第27弾",
        "issued_date": "2025/12/19",
        "facility": "東近江市 蒲生図書館",
        "address": "滋賀県東近江市市子川原町676番地（蒲生支所内）",
        "facility_url": "https://www.city.higashiomi.shiga.jp/lib/about/1007560/1007574.html"
      }
    },
    {
      "type": "Feature",
      "geometry": {
        "type": "Point",
        "coordinates": [
          135.99913,
          35.027233
        ]
      },
      "properties": {
        "issuer": "栗東市",
        "card_code": "A001",
        "pref": "滋賀県",
        "round": "第09弾",
        "issued_date": "2018/12/14",
        "facility": "栗東観光案内所",
        "address": "滋賀県栗東市手原3丁目1-30（JR手原駅2階）",
        "facility_url": "https://www.ritto-kanko.com/"
      }
    },
    {
      "type": "Feature",
      "geometry": {
        "type": "Point",
        "coordinates": [
          135.926544,
          35.006454
        ]
      },
      "properties": {
        "issuer": "滋賀県",
        "card_code": "流域下水道",
        "pref": "滋賀県",
        "round": "第02弾",
        "issued_date": "2016/08/01",
        "facility": "淡海環境プラザ",
        "address": "滋賀県草津市矢橋字帰帆2108",
        "facility_url": null
      }
    },
    {
      "type": "Feature",
      "geometry": {
        "type": "Point",
        "coordinates": [
          136.215393,
          34.9034
        ]
      },
      "properties": {
        "issuer": "甲賀市",
        "card_code": "A001",
        "pref": "滋賀県",
        "round": "第23弾",
        "issued_date": "2024/07/26",
        "facility": "甲賀市役所下水道課",
        "address": "滋賀県甲賀市甲賀町相模173-1",
        "facility_url": "https://www.city.koka.lg.jp/2025.htm"
      }
    },
    {
      "type": "Feature",
      "geometry": {
        "type": "Point",
        "coordinates": [
          136.170532,
          34.919628
        ]
      },
      "properties": {
        "issuer": "甲賀市",
        "card_code": "C001",
        "pref": "滋賀県",
        "round": "第29弾",
        "issued_date": "2026/07/31",
        "facility": "観光インフォメーションセンター甲賀流リアル忍者館",
        "address": "滋賀県甲賀市甲南町竜法師600番地",
        "facility_url": "https://www.real-ninjakan.com/"
      }
    },
    {
      "type": "Feature",
      "geometry": {
        "type": "Point",
        "coordinates": [
          136.171036,
          34.970978
        ]
      },
      "properties": {
        "issuer": "甲賀市(B001)",
        "card_code": null,
        "pref": "滋賀県",
        "round": "第27弾",
        "issued_date": "2025/12/19",
        "facility": "甲賀市ひと・まち街道交流館",
        "address": "滋賀県甲賀市水口町八坂7番4号",
        "facility_url": "https://www.city.koka.lg.jp/7205.htm"
      }
    },
    {
      "type": "Feature",
      "geometry": {
        "type": "Point",
        "coordinates": [
          135.959396,
          35.015739
        ]
      },
      "properties": {
        "issuer": "草津市",
        "card_code": "A001",
        "pref": "滋賀県",
        "round": "第03弾",
        "issued_date": "2016/12/01",
        "facility": "草津宿街道交流館",
        "address": "滋賀県草津市草津3-10-4",
        "facility_url": "http://www.city.kusatsu.shiga.jp/kusatsujuku/koryukan/index.html"
      }
    },
    {
      "type": "Feature",
      "geometry": {
        "type": "Point",
        "coordinates": [
          135.959442,
          35.016251
        ]
      },
      "properties": {
        "issuer": "草津市",
        "card_code": "B001",
        "pref": "滋賀県",
        "round": "第09弾",
        "issued_date": "2018/12/14",
        "facility": "くさつ夢本陣",
        "address": "滋賀県草津市草津二丁目10-21",
        "facility_url": "https://kanko-kusatsu.com/spot/kusatsuyumehonin"
      }
    },
    {
      "type": "Feature",
      "geometry": {
        "type": "Point",
        "coordinates": [
          135.945251,
          35.070545
        ]
      },
      "properties": {
        "issuer": "草津市",
        "card_code": "C001",
        "pref": "滋賀県",
        "round": "第23弾",
        "issued_date": "2024/07/26",
        "facility": "道の駅草津 グリーンプラザからすま",
        "address": "滋賀県草津市下物町1436番地",
        "facility_url": "https://www.karasuma.co.jp/"
      }
    },
    {
      "type": "Feature",
      "geometry": {
        "type": "Point",
        "coordinates": [
          136.233185,
          35.203316
        ]
      },
      "properties": {
        "issuer": "豊郷町",
        "card_code": null,
        "pref": "滋賀県",
        "round": "第09弾",
        "issued_date": "2018/12/14",
        "facility": "豊郷町観光案内所(豊郷小学校旧校舎群　酬徳記念館内)",
        "address": "滋賀県犬上郡豊郷町大字石畑518",
        "facility_url": "http://toyosato-kanko.jp"
      }
    },
    {
      "type": "Feature",
      "geometry": {
        "type": "Point",
        "coordinates": [
          136.098007,
          35.127495
        ]
      },
      "properties": {
        "issuer": "近江八幡市",
        "card_code": null,
        "pref": "滋賀県",
        "round": "第24弾",
        "issued_date": "2024/12/20",
        "facility": "近江八幡市水道事業所上下水道施設課窓口",
        "address": "滋賀県近江八幡市桜宮町214-10",
        "facility_url": null
      }
    },
    {
      "type": "Feature",
      "geometry": {
        "type": "Point",
        "coordinates": [
          130.554276,
          32.529381
        ]
      },
      "properties": {
        "issuer": "八代市",
        "card_code": "A001",
        "pref": "熊本県",
        "round": "第07弾",
        "issued_date": "2018/04/28",
        "facility": "八代市水処理センター",
        "address": "熊本県八代市新港町3-1（管理棟2階）",
        "facility_url": "http://www.city.yatsushiro.lg.jp/kiji0037227/index.html"
      }
    },
    {
      "type": "Feature",
      "geometry": {
        "type": "Point",
        "coordinates": [
          130.602081,
          32.506725
        ]
      },
      "properties": {
        "issuer": "八代市",
        "card_code": "B001",
        "pref": "熊本県",
        "round": "第14弾",
        "issued_date": "2021/04/25",
        "facility": "【平日】八代市下水道建設課",
        "address": "熊本県八代市松江城町1-25（八代市役所5階）",
        "facility_url": "https://www.city.yatsushiro.lg.jp/kiji0037227/index.html"
      }
    },
    {
      "type": "Feature",
      "geometry": {
        "type": "Point",
        "coordinates": [
          130.61557,
          32.976261
        ]
      },
      "properties": {
        "issuer": "和水町",
        "card_code": null,
        "pref": "熊本県",
        "round": "第08弾",
        "issued_date": "2018/08/11",
        "facility": "道の駅きくすい 菊水ロマン館",
        "address": "熊本県玉名郡和水町江田455番地",
        "facility_url": "http://www.kikusuiromankan.jp/"
      }
    },
    {
      "type": "Feature",
      "geometry": {
        "type": "Point",
        "coordinates": [
          130.684418,
          32.648109
        ]
      },
      "properties": {
        "issuer": "宇城市",
        "card_code": null,
        "pref": "熊本県",
        "round": "第15弾",
        "issued_date": "2021/08/17",
        "facility": "【平日】宇城市役所上下水道窓口",
        "address": "熊本県宇城市松橋町大野85番地",
        "facility_url": "https://www.city.uki.kumamoto.jp/"
      }
    },
    {
      "type": "Feature",
      "geometry": {
        "type": "Point",
        "coordinates": [
          130.378693,
          32.195213
        ]
      },
      "properties": {
        "issuer": "水俣市",
        "card_code": null,
        "pref": "熊本県",
        "round": "第13弾",
        "issued_date": "2020/12/17",
        "facility": "道の駅 木のおもちゃ館 きらら",
        "address": "熊本県水俣市月浦54-162",
        "facility_url": "http://www.qsr.mlit.go.jp/n-michi/michi_no_eki/kobetu/minamata/minamata.html"
      }
    },
    {
      "type": "Feature",
      "geometry": {
        "type": "Point",
        "coordinates": [
          130.739243,
          32.787739
        ]
      },
      "properties": {
        "issuer": "熊本市",
        "card_code": "A001",
        "pref": "熊本県",
        "round": "第05弾",
        "issued_date": "2017/08/01",
        "facility": "熊本市上下水道局",
        "address": "熊本県熊本市中央区水前寺6-2-45",
        "facility_url": "https://www.kumamoto-waterworks.jp/"
      }
    },
    {
      "type": "Feature",
      "geometry": {
        "type": "Point",
        "coordinates": [
          130.722015,
          32.846066
        ]
      },
      "properties": {
        "issuer": "熊本市",
        "card_code": "B001",
        "pref": "熊本県",
        "round": "第10弾",
        "issued_date": "2019/08/07",
        "facility": "熊本市水の科学館",
        "address": "熊本県熊本市北区八景水谷1丁目11-1",
        "facility_url": "http://www.mizunokagakukan.jp/"
      }
    },
    {
      "type": "Feature",
      "geometry": {
        "type": "Point",
        "coordinates": [
          130.80275,
          32.83876
        ]
      },
      "properties": {
        "issuer": "熊本市",
        "card_code": "C001",
        "pref": "熊本県",
        "round": "第24弾",
        "issued_date": "2024/12/20",
        "facility": "パークドーム熊本　受付兼事務所",
        "address": "熊本県熊本市東区平山町2972番地",
        "facility_url": "https://www.kspa.or.jp/park/"
      }
    },
    {
      "type": "Feature",
      "geometry": {
        "type": "Point",
        "coordinates": [
          130.700729,
          32.813992
        ]
      },
      "properties": {
        "issuer": "熊本市",
        "card_code": "D001",
        "pref": "熊本県",
        "round": "第24弾",
        "issued_date": "2024/12/20",
        "facility": "熊本県立総合体育館　事務所",
        "address": "熊本県熊本市西区上熊本1丁目9番28号",
        "facility_url": "https://www.kspa.or.jp/sougou_taiku/"
      }
    },
    {
      "type": "Feature",
      "geometry": {
        "type": "Point",
        "coordinates": [
          130.736877,
          32.786804
        ]
      },
      "properties": {
        "issuer": "熊本市",
        "card_code": "E001",
        "pref": "熊本県",
        "round": "第24弾",
        "issued_date": "2024/12/20",
        "facility": "ナースパワーアリーナ（熊本市総合体育館・青年会館）受付",
        "address": "熊本県熊本市中央区出水2-7-1",
        "facility_url": "https://kc-sks.jp/soutai/"
      }
    },
    {
      "type": "Feature",
      "geometry": {
        "type": "Point",
        "coordinates": [
          130.787399,
          32.842514
        ]
      },
      "properties": {
        "issuer": "熊本市",
        "card_code": "F001",
        "pref": "熊本県",
        "round": "第24弾",
        "issued_date": "2024/12/20",
        "facility": "熊本県民総合運動公園　受付兼事務所",
        "address": "熊本県熊本市東区石原2丁目9-1",
        "facility_url": "https://www.kspa.or.jp/sougou/"
      }
    },
    {
      "type": "Feature",
      "geometry": {
        "type": "Point",
        "coordinates": [
          130.80275,
          32.83876
        ]
      },
      "properties": {
        "issuer": "熊本市",
        "card_code": "G001",
        "pref": "熊本県",
        "round": "第25弾",
        "issued_date": "2025/04/25",
        "facility": "パークドーム熊本　受付兼事務所",
        "address": "熊本県熊本市東区平山町2972番地",
        "facility_url": "https://www.kspa.or.jp/park/"
      }
    },
    {
      "type": "Feature",
      "geometry": {
        "type": "Point",
        "coordinates": [
          130.700729,
          32.813992
        ]
      },
      "properties": {
        "issuer": "熊本市",
        "card_code": "H001",
        "pref": "熊本県",
        "round": "第25弾",
        "issued_date": "2025/04/25",
        "facility": "熊本県立総合体育館　事務所",
        "address": "熊本県熊本市西区上熊本1丁目9番28号",
        "facility_url": "https://www.kspa.or.jp/sougou_taiku/"
      }
    },
    {
      "type": "Feature",
      "geometry": {
        "type": "Point",
        "coordinates": [
          130.736877,
          32.786804
        ]
      },
      "properties": {
        "issuer": "熊本市",
        "card_code": "I001",
        "pref": "熊本県",
        "round": "第25弾",
        "issued_date": "2025/04/25",
        "facility": "ナースパワーアリーナ（熊本市総合体育館・青年会館）受付",
        "address": "熊本県熊本市中央区出水2-7-1",
        "facility_url": "https://kc-sks.jp/soutai/"
      }
    },
    {
      "type": "Feature",
      "geometry": {
        "type": "Point",
        "coordinates": [
          130.787399,
          32.842514
        ]
      },
      "properties": {
        "issuer": "熊本市",
        "card_code": "J001",
        "pref": "熊本県",
        "round": "第25弾",
        "issued_date": "2025/04/25",
        "facility": "【平日・土日】熊本県民総合運動公園　受付兼事務所",
        "address": "熊本県熊本市東区石原2丁目9-1",
        "facility_url": "https://www.kspa.or.jp/sougou/"
      }
    },
    {
      "type": "Feature",
      "geometry": {
        "type": "Point",
        "coordinates": [
          130.73941,
          32.793591
        ]
      },
      "properties": {
        "issuer": "熊本市",
        "card_code": "L001",
        "pref": "熊本県",
        "round": "第28弾",
        "issued_date": "2026/04/24",
        "facility": "水前寺競技場　事務所",
        "address": "熊本県熊本市中央区水前寺5丁目23－3",
        "facility_url": "https://kc-sks.jp/suizenji/"
      }
    },
    {
      "type": "Feature",
      "geometry": {
        "type": "Point",
        "coordinates": [
          130.704926,
          32.799664
        ]
      },
      "properties": {
        "issuer": "熊本市(K001)",
        "card_code": null,
        "pref": "熊本県",
        "round": "第27弾",
        "issued_date": "2025/12/19",
        "facility": "花畑広場サービス棟",
        "address": "熊本県熊本市中央区花畑町7-7",
        "facility_url": "https://hanabatahiroba.jp/"
      }
    },
    {
      "type": "Feature",
      "geometry": {
        "type": "Point",
        "coordinates": [
          130.573792,
          32.941998
        ]
      },
      "properties": {
        "issuer": "玉名市",
        "card_code": null,
        "pref": "熊本県",
        "round": "第05弾",
        "issued_date": "2017/08/01",
        "facility": "観光ほっとプラザ たまララ",
        "address": "熊本県玉名市両迫間308",
        "facility_url": "https://www.tamalala.jp/"
      }
    },
    {
      "type": "Feature",
      "geometry": {
        "type": "Point",
        "coordinates": [
          130.816589,
          32.791698
        ]
      },
      "properties": {
        "issuer": "益城町",
        "card_code": null,
        "pref": "熊本県",
        "round": "第25弾",
        "issued_date": "2025/04/25",
        "facility": "益城町役場",
        "address": "熊本県上益城郡益城町大字宮園702",
        "facility_url": "https://www.town.mashiki.lg.jp/kiji0037336/index.html"
      }
    },
    {
      "type": "Feature",
      "geometry": {
        "type": "Point",
        "coordinates": [
          130.822021,
          32.786907
        ]
      },
      "properties": {
        "issuer": "益城町",
        "card_code": "B001",
        "pref": "熊本県",
        "round": "第29弾",
        "issued_date": "2026/07/31",
        "facility": "益城町交流情報センターミナテラス",
        "address": "熊本県上益城郡益城町大字木山236",
        "facility_url": "https://www.town.mashiki.lg.jp/kouryu/"
      }
    },
    {
      "type": "Feature",
      "geometry": {
        "type": "Point",
        "coordinates": [
          130.029404,
          32.522255
        ]
      },
      "properties": {
        "issuer": "苓北町",
        "card_code": null,
        "pref": "熊本県",
        "round": "第07弾",
        "issued_date": "2018/04/28",
        "facility": "富岡港船客待合所",
        "address": "熊本県天草郡苓北町富岡2711-47",
        "facility_url": "http://reihoku-kumamoto.jp/"
      }
    },
    {
      "type": "Feature",
      "geometry": {
        "type": "Point",
        "coordinates": [
          130.451248,
          32.97261
        ]
      },
      "properties": {
        "issuer": "荒尾市",
        "card_code": null,
        "pref": "熊本県",
        "round": "第11弾",
        "issued_date": "2019/12/14",
        "facility": "荒尾市企業局",
        "address": "熊本県荒尾市増永1903番地",
        "facility_url": "https://www.city.arao.lg.jp/"
      }
    },
    {
      "type": "Feature",
      "geometry": {
        "type": "Point",
        "coordinates": [
          136.703995,
          36.716705
        ]
      },
      "properties": {
        "issuer": "かほく市",
        "card_code": null,
        "pref": "石川県",
        "round": "第02弾",
        "issued_date": "2016/08/01",
        "facility": "かほく市産業建設部 上下水道課",
        "address": "石川県かほく市宇野気二81",
        "facility_url": "http://www.city.kahoku.ishikawa.jp/www/index.html"
      }
    },
    {
      "type": "Feature",
      "geometry": {
        "type": "Point",
        "coordinates": [
          136.915115,
          36.957989
        ]
      },
      "properties": {
        "issuer": "中能登町",
        "card_code": null,
        "pref": "石川県",
        "round": "第12弾",
        "issued_date": "2020/04/25",
        "facility": "道の駅　織姫の里なかのと",
        "address": "石川県鹿島郡中能登町井田ぬ部10番地1",
        "facility_url": "http://orihime-nakanoto.jp"
      }
    },
    {
      "type": "Feature",
      "geometry": {
        "type": "Point",
        "coordinates": [
          136.778046,
          37.006329
        ]
      },
      "properties": {
        "issuer": "志賀町",
        "card_code": null,
        "pref": "石川県",
        "round": "第08弾",
        "issued_date": "2018/08/11",
        "facility": "志賀町役場本庁舎",
        "address": "石川県羽咋郡志賀町末吉千古1番地1",
        "facility_url": null
      }
    },
    {
      "type": "Feature",
      "geometry": {
        "type": "Point",
        "coordinates": [
          136.901154,
          37.228527
        ]
      },
      "properties": {
        "issuer": "穴水町",
        "card_code": "A001",
        "pref": "石川県",
        "round": "第25弾",
        "issued_date": "2025/04/25",
        "facility": "穴水町物産館　四季彩々",
        "address": "石川県鳳珠郡穴水町字大町チの41番地6",
        "facility_url": "https://www.town.anamizu.lg.jp/page/105862.html"
      }
    },
    {
      "type": "Feature",
      "geometry": {
        "type": "Point",
        "coordinates": [
          136.913788,
          37.22892
        ]
      },
      "properties": {
        "issuer": "穴水町",
        "card_code": "B001",
        "pref": "石川県",
        "round": "第28弾",
        "issued_date": "2026/04/24",
        "facility": "穴水町会計課",
        "address": "石川県鳳珠郡穴水町字川島ラの174番地",
        "facility_url": "https://www.town.anamizu.lg.jp/"
      }
    },
    {
      "type": "Feature",
      "geometry": {
        "type": "Point",
        "coordinates": [
          137.237823,
          37.311176
        ]
      },
      "properties": {
        "issuer": "能登町",
        "card_code": "A001",
        "pref": "石川県",
        "round": "第16弾",
        "issued_date": "2022/01/15",
        "facility": "のと九十九湾観光交流センター イカの駅 つくモール",
        "address": "石川県鳳珠郡能登町字越坂18字18番1",
        "facility_url": "https://ikanoeki.com/"
      }
    },
    {
      "type": "Feature",
      "geometry": {
        "type": "Point",
        "coordinates": [
          137.148102,
          37.309986
        ]
      },
      "properties": {
        "issuer": "能登町",
        "card_code": "B001",
        "pref": "石川県",
        "round": "第18弾",
        "issued_date": "2023/01/28",
        "facility": "コンセールのと（たびスタ）",
        "address": "石川県鳳珠郡能登町字宇出津ト字29-2",
        "facility_url": "https://www.town.noto.lg.jp/kakuka/1012/gyomu/kyouikufront/syokannshisetsu/syougaigakusyuushisetsu/4876.html"
      }
    },
    {
      "type": "Feature",
      "geometry": {
        "type": "Point",
        "coordinates": [
          137.242523,
          37.367264
        ]
      },
      "properties": {
        "issuer": "能登町",
        "card_code": "C001",
        "pref": "石川県",
        "round": "第20弾",
        "issued_date": "2023/07/28",
        "facility": "体験交流施設ラブロ恋路",
        "address": "石川県鳳珠郡能登町字恋路3-18",
        "facility_url": "https://www.lovero-koiji.jp/"
      }
    },
    {
      "type": "Feature",
      "geometry": {
        "type": "Point",
        "coordinates": [
          136.903687,
          37.388992
        ]
      },
      "properties": {
        "issuer": "輪島市",
        "card_code": "A001",
        "pref": "石川県",
        "round": "第11弾",
        "issued_date": "2019/12/14",
        "facility": "輪島キリコ会館",
        "address": "石川県輪島市河井町21部1番地1",
        "facility_url": null
      }
    },
    {
      "type": "Feature",
      "geometry": {
        "type": "Point",
        "coordinates": [
          136.903687,
          37.388992
        ]
      },
      "properties": {
        "issuer": "輪島市",
        "card_code": "B001",
        "pref": "石川県",
        "round": "第13弾",
        "issued_date": "2020/12/17",
        "facility": "旧角海家住宅（国指定重要文化財）",
        "address": "石川県輪島市河井町21部1番地1",
        "facility_url": null
      }
    },
    {
      "type": "Feature",
      "geometry": {
        "type": "Point",
        "coordinates": [
          136.653717,
          36.566273
        ]
      },
      "properties": {
        "issuer": "金沢市",
        "card_code": null,
        "pref": "石川県",
        "round": "第23弾",
        "issued_date": "2024/07/26",
        "facility": "金沢中央観光案内所",
        "address": "石川県金沢市南町４−１ 金沢ニューグランドビル1階",
        "facility_url": "https://www.kanazawa-kankoukyoukai.or.jp/spot/detail_50571.html"
      }
    },
    {
      "type": "Feature",
      "geometry": {
        "type": "Point",
        "coordinates": [
          139.620499,
          35.143959
        ]
      },
      "properties": {
        "issuer": "三浦市",
        "card_code": null,
        "pref": "神奈川県",
        "round": "第14弾",
        "issued_date": "2021/04/25",
        "facility": "三浦市役所第２分館２階上下水道部下水道課窓口",
        "address": "神奈川県三浦市城山町1-1",
        "facility_url": "http://www.city.miura.kanagawa.jp/"
      }
    },
    {
      "type": "Feature",
      "geometry": {
        "type": "Point",
        "coordinates": [
          139.218842,
          35.330719
        ]
      },
      "properties": {
        "issuer": "中井町",
        "card_code": null,
        "pref": "神奈川県",
        "round": "第06弾",
        "issued_date": "2017/12/09",
        "facility": "【平日】中井町役場 上下水道課",
        "address": "神奈川県足柄上郡中井町比奈窪56（2階）",
        "facility_url": "https://www.town.nakai.kanagawa.jp/index.html"
      }
    },
    {
      "type": "Feature",
      "geometry": {
        "type": "Point",
        "coordinates": [
          139.29567,
          35.386677
        ]
      },
      "properties": {
        "issuer": "伊勢原市",
        "card_code": null,
        "pref": "神奈川県",
        "round": "第11弾",
        "issued_date": "2019/12/14",
        "facility": "アクアクリーンセンター 2階　下水道経営課窓口",
        "address": "神奈川県伊勢原市神戸120",
        "facility_url": "http://www.city.isehara.kanagawa.jp/"
      }
    },
    {
      "type": "Feature",
      "geometry": {
        "type": "Point",
        "coordinates": [
          139.362457,
          35.443375
        ]
      },
      "properties": {
        "issuer": "厚木市",
        "card_code": "A001",
        "pref": "神奈川県",
        "round": "第03弾",
        "issued_date": "2016/12/01",
        "facility": "厚木市役所 河川下水道施設課",
        "address": "神奈川県厚木市中町3-17-17（市役所第2庁舎14階）",
        "facility_url": "https://www.city.atsugi.kanagawa.jp/soshiki/gesuidoshisetsuka/index.html"
      }
    },
    {
      "type": "Feature",
      "geometry": {
        "type": "Point",
        "coordinates": [
          139.366089,
          35.442242
        ]
      },
      "properties": {
        "issuer": "厚木市",
        "card_code": "B001",
        "pref": "神奈川県",
        "round": "第20弾",
        "issued_date": "2023/07/28",
        "facility": "あつぎ市民交流プラザ窓口",
        "address": "神奈川県厚木市中町2-12-15　アミューあつぎ6階",
        "facility_url": "https://www.city.atsugi.kanagawa.jp/kurashi_tetsuzuki/online/4/1/2/11043.html"
      }
    },
    {
      "type": "Feature",
      "geometry": {
        "type": "Point",
        "coordinates": [
          139.349792,
          35.495289
        ]
      },
      "properties": {
        "issuer": "厚木市",
        "card_code": "C001",
        "pref": "神奈川県",
        "round": "第24弾",
        "issued_date": "2024/12/20",
        "facility": "あつぎ郷土博物館",
        "address": "神奈川県厚木市下川入1366-4",
        "facility_url": "https://www.city.atsugi.kanagawa.jp/atsugicitymuseum/index.html"
      }
    },
    {
      "type": "Feature",
      "geometry": {
        "type": "Point",
        "coordinates": [
          139.156021,
          35.326065
        ]
      },
      "properties": {
        "issuer": "大井町",
        "card_code": null,
        "pref": "神奈川県",
        "round": "第07弾",
        "issued_date": "2018/04/28",
        "facility": "【平日】大井町役場 生活環境課窓口",
        "address": "神奈川県足柄上郡大井町金子1995",
        "facility_url": "https://www.town.oi.kanagawa.jp/"
      }
    },
    {
      "type": "Feature",
      "geometry": {
        "type": "Point",
        "coordinates": [
          139.465881,
          35.469677
        ]
      },
      "properties": {
        "issuer": "大和市",
        "card_code": null,
        "pref": "神奈川県",
        "round": "第10弾",
        "issued_date": "2019/08/07",
        "facility": "大和市イベント観光協会",
        "address": "神奈川県大和市大和南1-8-1 文化創造拠点シリウス2階",
        "facility_url": null
      }
    },
    {
      "type": "Feature",
      "geometry": {
        "type": "Point",
        "coordinates": [
          139.191895,
          35.288765
        ]
      },
      "properties": {
        "issuer": "小田原市",
        "card_code": "A001",
        "pref": "神奈川県",
        "round": "第07弾",
        "issued_date": "2018/04/28",
        "facility": "小田原市上下水道局経営総務課",
        "address": "神奈川県小田原市高田401",
        "facility_url": "https://www.city.odawara.kanagawa.jp/field/water/sewer/topics/p24794.html"
      }
    },
    {
      "type": "Feature",
      "geometry": {
        "type": "Point",
        "coordinates": [
          139.157654,
          35.249054
        ]
      },
      "properties": {
        "issuer": "小田原市",
        "card_code": "B001",
        "pref": "神奈川県",
        "round": "第15弾",
        "issued_date": "2021/08/17",
        "facility": "小田原市観光交流センター",
        "address": "神奈川県小田原市本町1-7-50",
        "facility_url": "https://www.city.odawara.kanagawa.jp/kanko/machimeguri/p29912.html"
      }
    },
    {
      "type": "Feature",
      "geometry": {
        "type": "Point",
        "coordinates": [
          139.159927,
          35.24831
        ]
      },
      "properties": {
        "issuer": "小田原市",
        "card_code": "C001",
        "pref": "神奈川県",
        "round": "第16弾",
        "issued_date": "2022/01/15",
        "facility": "小田原宿なりわい交流館",
        "address": "神奈川県小田原市本町3-6-23",
        "facility_url": "https://www.city.odawara.kanagawa.jp/municipality/industry/urban/nariwai.html"
      }
    },
    {
      "type": "Feature",
      "geometry": {
        "type": "Point",
        "coordinates": [
          139.156326,
          35.255634
        ]
      },
      "properties": {
        "issuer": "小田原市",
        "card_code": "D001",
        "pref": "神奈川県",
        "round": "第19弾",
        "issued_date": "2023/04/28",
        "facility": "ラスカ小田原 １階インフォメーション",
        "address": "神奈川県小田原市栄町1-1-9",
        "facility_url": null
      }
    },
    {
      "type": "Feature",
      "geometry": {
        "type": "Point",
        "coordinates": [
          139.153915,
          35.251301
        ]
      },
      "properties": {
        "issuer": "小田原市",
        "card_code": "E001",
        "pref": "神奈川県",
        "round": "第22弾",
        "issued_date": "2024/04/26",
        "facility": "小田原城址公園常盤木門1階",
        "address": "神奈川県小田原市城内6番1号",
        "facility_url": "https://odawaracastle.com/"
      }
    },
    {
      "type": "Feature",
      "geometry": {
        "type": "Point",
        "coordinates": [
          139.144379,
          35.2491
        ]
      },
      "properties": {
        "issuer": "小田原市",
        "card_code": "F001",
        "pref": "神奈川県",
        "round": "第25弾",
        "issued_date": "2025/04/25",
        "facility": "皆春荘",
        "address": "神奈川県小田原市板橋852番地",
        "facility_url": "https://www.city.odawara.kanagawa.jp/field/lifelong/culture/historical_structure/p25874.html"
      }
    },
    {
      "type": "Feature",
      "geometry": {
        "type": "Point",
        "coordinates": [
          139.081039,
          35.360813
        ]
      },
      "properties": {
        "issuer": "山北町",
        "card_code": null,
        "pref": "神奈川県",
        "round": "第21弾",
        "issued_date": "2023/12/15",
        "facility": "山北町観光協会",
        "address": "神奈川県足柄上郡山北町山北1840-15",
        "facility_url": "https://www.yamakita.net/"
      }
    },
    {
      "type": "Feature",
      "geometry": {
        "type": "Point",
        "coordinates": [
          139.697968,
          35.530125
        ]
      },
      "properties": {
        "issuer": "川崎市",
        "card_code": "A001",
        "pref": "神奈川県",
        "round": "第05弾",
        "issued_date": "2017/08/01",
        "facility": "かわさききたテラス（川崎市観光案内所）",
        "address": "神奈川県川崎市川崎区駅前本町26-1（アトレ3階 かわさききたテラス内）",
        "facility_url": null
      }
    },
    {
      "type": "Feature",
      "geometry": {
        "type": "Point",
        "coordinates": [
          139.739044,
          35.518639
        ]
      },
      "properties": {
        "issuer": "川崎市",
        "card_code": "B001",
        "pref": "神奈川県",
        "round": "第16弾",
        "issued_date": "2022/01/15",
        "facility": "【平日】川崎市入江崎水処理センター　ワクワクアクア",
        "address": "神奈川県川崎市川崎区塩浜3-17-1",
        "facility_url": "https://www.city.kawasaki.jp/800/page/0000105394.html"
      }
    },
    {
      "type": "Feature",
      "geometry": {
        "type": "Point",
        "coordinates": [
          139.703094,
          35.532429
        ]
      },
      "properties": {
        "issuer": "川崎市",
        "card_code": "C001",
        "pref": "神奈川県",
        "round": "第18弾",
        "issued_date": "2023/01/28",
        "facility": "東海道かわさき宿交流館",
        "address": "神奈川県川崎市川崎区本町1-8-4",
        "facility_url": "http://kawasakishuku.jp/"
      }
    },
    {
      "type": "Feature",
      "geometry": {
        "type": "Point",
        "coordinates": [
          139.36174,
          35.359631
        ]
      },
      "properties": {
        "issuer": "平塚市",
        "card_code": null,
        "pref": "神奈川県",
        "round": "第07弾",
        "issued_date": "2018/04/28",
        "facility": "四之宮ふれあいセンター",
        "address": "神奈川県平塚市四之宮4-19-2(相模川流域下水道右岸処理場内)",
        "facility_url": null
      }
    },
    {
      "type": "Feature",
      "geometry": {
        "type": "Point",
        "coordinates": [
          139.400665,
          35.480423
        ]
      },
      "properties": {
        "issuer": "座間市",
        "card_code": null,
        "pref": "神奈川県",
        "round": "第10弾",
        "issued_date": "2019/08/07",
        "facility": "一般社団法人座間市観光協会",
        "address": "神奈川県座間市入谷東３丁目６０番５号",
        "facility_url": null
      }
    },
    {
      "type": "Feature",
      "geometry": {
        "type": "Point",
        "coordinates": [
          139.321762,
          35.529007
        ]
      },
      "properties": {
        "issuer": "愛川町",
        "card_code": null,
        "pref": "神奈川県",
        "round": "第07弾",
        "issued_date": "2018/04/28",
        "facility": "【平日】愛川町役場 下水道課",
        "address": "神奈川県愛甲郡愛川町角田251-1（3階）",
        "facility_url": "http://www.town.aikawa.kanagawa.jp/"
      }
    },
    {
      "type": "Feature",
      "geometry": {
        "type": "Point",
        "coordinates": [
          139.622757,
          35.467613
        ]
      },
      "properties": {
        "issuer": "横浜市",
        "card_code": "A001",
        "pref": "神奈川県",
        "round": "第02弾",
        "issued_date": "2016/08/01",
        "facility": "横浜駅観光案内所",
        "address": "神奈川県横浜市西区南幸1-1-1 JR横浜タワー２階",
        "facility_url": "https://www.welcome.city.yokohama.jp/tic/"
      }
    },
    {
      "type": "Feature",
      "geometry": {
        "type": "Point",
        "coordinates": [
          139.544846,
          35.474888
        ]
      },
      "properties": {
        "issuer": "横浜市",
        "card_code": "B001",
        "pref": "神奈川県",
        "round": "第04弾",
        "issued_date": "2017/04/03",
        "facility": "横浜市旭区役所 地域振興課",
        "address": "神奈川県横浜市旭区鶴ケ峰1-4-12",
        "facility_url": "https://www.city.yokohama.lg.jp/asahi/shokai/gaiyo/mascot/asahikunmanhorukado.html"
      }
    },
    {
      "type": "Feature",
      "geometry": {
        "type": "Point",
        "coordinates": [
          139.629242,
          35.453564
        ]
      },
      "properties": {
        "issuer": "横浜市",
        "card_code": "D001",
        "pref": "神奈川県",
        "round": "第10弾",
        "issued_date": "2019/08/07",
        "facility": "桜木町駅観光案内所",
        "address": "神奈川県横浜市中区桜木町1-1（JR桜木町駅 南改札正面）",
        "facility_url": "http://www.welcome.city.yokohama.jp/ja/tourism/tic/"
      }
    },
    {
      "type": "Feature",
      "geometry": {
        "type": "Point",
        "coordinates": [
          139.669861,
          35.278214
        ]
      },
      "properties": {
        "issuer": "横須賀市",
        "card_code": "A001",
        "pref": "神奈川県",
        "round": "第01弾",
        "issued_date": "2016/04/01",
        "facility": "横須賀市観光案内所　京急線横須賀中央駅東口改札前",
        "address": "神奈川県横須賀市若松町２-25",
        "facility_url": "https://www.cocoyoko.net/access/information.html"
      }
    },
    {
      "type": "Feature",
      "geometry": {
        "type": "Point",
        "coordinates": [
          139.715073,
          35.244213
        ]
      },
      "properties": {
        "issuer": "横須賀市",
        "card_code": "B001",
        "pref": "神奈川県",
        "round": "第15弾",
        "issued_date": "2021/08/17",
        "facility": "浦賀コミュニティセンター分館（郷土資料館）",
        "address": "神奈川県横須賀市浦賀7-2-1",
        "facility_url": "https://www.city.yokosuka.kanagawa.jp/2752/sisetu/fc00000087.html"
      }
    },
    {
      "type": "Feature",
      "geometry": {
        "type": "Point",
        "coordinates": [
          139.662231,
          35.257931
        ]
      },
      "properties": {
        "issuer": "横須賀市",
        "card_code": "D001",
        "pref": "神奈川県",
        "round": "第26弾",
        "issued_date": "2025/07/25",
        "facility": "【月・水・金・土】衣笠商店街サービスセンター",
        "address": "神奈川県横須賀市衣笠栄町２丁目28",
        "facility_url": "https://kinuten.com/?page_id=2263"
      }
    },
    {
      "type": "Feature",
      "geometry": {
        "type": "Point",
        "coordinates": [
          139.397491,
          35.454102
        ]
      },
      "properties": {
        "issuer": "海老名市",
        "card_code": null,
        "pref": "神奈川県",
        "round": "第16弾",
        "issued_date": "2022/01/15",
        "facility": "海老名市立郷土資料館「海老名市温故館」",
        "address": "神奈川県海老名市国分南1-6-36",
        "facility_url": "https://www.city.ebina.kanagawa.jp/shisei/profile/tankyusha/onko/1000654.html"
      }
    },
    {
      "type": "Feature",
      "geometry": {
        "type": "Point",
        "coordinates": [
          139.262299,
          35.484276
        ]
      },
      "properties": {
        "issuer": "清川村",
        "card_code": null,
        "pref": "神奈川県",
        "round": "第11弾",
        "issued_date": "2019/12/14",
        "facility": "【平日】清川村本庁舎１階　清川村環境上下水道課",
        "address": "神奈川県愛甲郡清川村煤ヶ谷２２１６番地",
        "facility_url": "https://www.town.kiyokawa.kanagawa.jp/soshiki/machizukuri/index.html"
      }
    },
    {
      "type": "Feature",
      "geometry": {
        "type": "Point",
        "coordinates": [
          139.373825,
          35.571014
        ]
      },
      "properties": {
        "issuer": "相模原市",
        "card_code": "A001",
        "pref": "神奈川県",
        "round": "第01弾",
        "issued_date": "2016/04/01",
        "facility": "相模原市役所 都市建設局 土木部 下水道経営課総務・計画班",
        "address": "神奈川県相模原市中央区中央2-11-15（第1別館2階）",
        "facility_url": "http://www.city.sagamihara.kanagawa.jp/"
      }
    },
    {
      "type": "Feature",
      "geometry": {
        "type": "Point",
        "coordinates": [
          139.393295,
          35.558784
        ]
      },
      "properties": {
        "issuer": "相模原市",
        "card_code": "C001",
        "pref": "神奈川県",
        "round": "第14弾",
        "issued_date": "2021/04/25",
        "facility": "下水道経営課",
        "address": "神奈川県相模原市中央区高根3-1-15",
        "facility_url": "https://www.city.sagamihara.kanagawa.jp/shisei/1026709/1000105/1025057/1009956.html"
      }
    },
    {
      "type": "Feature",
      "geometry": {
        "type": "Point",
        "coordinates": [
          139.435242,
          35.531738
        ]
      },
      "properties": {
        "issuer": "相模原市(D001)",
        "card_code": null,
        "pref": "神奈川県",
        "round": "第17弾",
        "issued_date": "2022/08/06",
        "facility": "さがみはらアンテナショップsagamix",
        "address": "神奈川県相模原市南区相模大野3-2-1ボーノ相模大野ショッピングセンター2F",
        "facility_url": "https://www.e-sagamihara.com/topics/topics-971/"
      }
    },
    {
      "type": "Feature",
      "geometry": {
        "type": "Point",
        "coordinates": [
          139.241989,
          35.364037
        ]
      },
      "properties": {
        "issuer": "秦野市",
        "card_code": null,
        "pref": "神奈川県",
        "round": "第08弾",
        "issued_date": "2018/08/11",
        "facility": "【平日・土曜】秦野市浄水管理センター 秦野市上下水道局下水道施設課",
        "address": "神奈川県秦野市上大槻190番地",
        "facility_url": "http://www.city.hadano.kanagawa.jp"
      }
    },
    {
      "type": "Feature",
      "geometry": {
        "type": "Point",
        "coordinates": [
          139.419891,
          35.437641
        ]
      },
      "properties": {
        "issuer": "綾瀬市",
        "card_code": null,
        "pref": "神奈川県",
        "round": "第23弾",
        "issued_date": "2024/07/26",
        "facility": "綾瀬市立城山公園管理棟",
        "address": "神奈川県綾瀬市早川城山三丁目４-１",
        "facility_url": "https://www.city.ayase.kanagawa.jp/soshiki/midorikoenka/koen/7/5858.html"
      }
    },
    {
      "type": "Feature",
      "geometry": {
        "type": "Point",
        "coordinates": [
          139.406708,
          35.330578
        ]
      },
      "properties": {
        "issuer": "茅ヶ崎市",
        "card_code": "A001",
        "pref": "神奈川県",
        "round": "第18弾",
        "issued_date": "2023/01/28",
        "facility": "茅ヶ崎市観光案内所",
        "address": "神奈川県茅ヶ崎市元町1-1",
        "facility_url": "https://www.chigasaki-kankou.org/information/"
      }
    },
    {
      "type": "Feature",
      "geometry": {
        "type": "Point",
        "coordinates": [
          139.377762,
          35.320404
        ]
      },
      "properties": {
        "issuer": "茅ヶ崎市",
        "card_code": "B001",
        "pref": "神奈川県",
        "round": "第26弾",
        "issued_date": "2025/07/25",
        "facility": "道の駅「湘南ちがさき」",
        "address": "神奈川県茅ケ崎市柳島1546番地1",
        "facility_url": "https://m-shonanchigasaki.com/"
      }
    },
    {
      "type": "Feature",
      "geometry": {
        "type": "Point",
        "coordinates": [
          139.588852,
          35.272488
        ]
      },
      "properties": {
        "issuer": "葉山町",
        "card_code": "A001",
        "pref": "神奈川県",
        "round": "第11弾",
        "issued_date": "2019/12/14",
        "facility": "【平日】葉山町役場",
        "address": "神奈川県三浦郡葉山町堀内2135",
        "facility_url": "https://www.town.hayama.lg.jp/soshiki/gesui/index.html"
      }
    },
    {
      "type": "Feature",
      "geometry": {
        "type": "Point",
        "coordinates": [
          139.601532,
          35.285164
        ]
      },
      "properties": {
        "issuer": "葉山町",
        "card_code": "C001",
        "pref": "神奈川県",
        "round": "第28弾",
        "issued_date": "2026/04/24",
        "facility": "南郷上ノ山公園",
        "address": "神奈川県三浦郡葉山町長柄1888-1",
        "facility_url": "https://www.town.hayama.lg.jp/soshiki/shougaigakushuu/2/1/1540.html"
      }
    },
    {
      "type": "Feature",
      "geometry": {
        "type": "Point",
        "coordinates": [
          139.593948,
          35.286968
        ]
      },
      "properties": {
        "issuer": "葉山町(B001)",
        "card_code": null,
        "pref": "神奈川県",
        "round": "第27弾",
        "issued_date": "2025/12/19",
        "facility": "葉山町観光協会（葉山ステーション内）",
        "address": "神奈川県三浦郡葉山町長柄1583-17",
        "facility_url": "https://www.hayama-kankou.jp/"
      }
    },
    {
      "type": "Feature",
      "geometry": {
        "type": "Point",
        "coordinates": [
          139.487289,
          35.346458
        ]
      },
      "properties": {
        "issuer": "藤沢市",
        "card_code": "B001",
        "pref": "神奈川県",
        "round": "第26弾",
        "issued_date": "2025/12/10",
        "facility": "藤沢市ふじさわ宿交流館",
        "address": "神奈川県藤沢市西富一丁目3番3号",
        "facility_url": "https://fujisawashuku-kouryukan.com/"
      }
    },
    {
      "type": "Feature",
      "geometry": {
        "type": "Point",
        "coordinates": [
          139.580658,
          35.295479
        ]
      },
      "properties": {
        "issuer": "逗子市",
        "card_code": null,
        "pref": "神奈川県",
        "round": "第16弾",
        "issued_date": "2022/01/15",
        "facility": "【平日】逗子市役所2階 下水道課窓口",
        "address": "神奈川県逗子市逗子5-2-16",
        "facility_url": "https://www.city.zushi.kanagawa.jp/index.html"
      }
    },
    {
      "type": "Feature",
      "geometry": {
        "type": "Point",
        "coordinates": [
          136.50621,
          36.081306
        ]
      },
      "properties": {
        "issuer": "勝山市",
        "card_code": "A001",
        "pref": "福井県",
        "round": "第04弾",
        "issued_date": "2017/04/03",
        "facility": "勝山市長尾山総合公園 管理事務所",
        "address": "福井県勝山市村岡町寺尾51-11",
        "facility_url": "https://kyoryunomori.net/"
      }
    },
    {
      "type": "Feature",
      "geometry": {
        "type": "Point",
        "coordinates": [
          136.474503,
          36.073559
        ]
      },
      "properties": {
        "issuer": "勝山市",
        "card_code": "B001",
        "pref": "福井県",
        "round": "第22弾",
        "issued_date": "2024/04/26",
        "facility": "道の駅恐竜渓谷かつやま",
        "address": "福井県勝山市荒土町松ヶ崎1-17",
        "facility_url": "https://katsuyama-navi.jp/michieki/"
      }
    },
    {
      "type": "Feature",
      "geometry": {
        "type": "Point",
        "coordinates": [
          136.490387,
          35.976006
        ]
      },
      "properties": {
        "issuer": "大野市",
        "card_code": null,
        "pref": "福井県",
        "round": "第03弾",
        "issued_date": "2016/12/01",
        "facility": "本願清水イトヨの里",
        "address": "福井県大野市糸魚町8-44",
        "facility_url": "http://www.city.ono.fukui.jp/index.html"
      }
    },
    {
      "type": "Feature",
      "geometry": {
        "type": "Point",
        "coordinates": [
          136.072891,
          35.660694
        ]
      },
      "properties": {
        "issuer": "敦賀市",
        "card_code": "A001",
        "pref": "福井県",
        "round": "第06弾",
        "issued_date": "2017/12/09",
        "facility": "敦賀鉄道資料館",
        "address": "福井県敦賀市港町1-25",
        "facility_url": "https://tsuruga-kanko.jp/spot/history_culture/railway-museum/"
      }
    },
    {
      "type": "Feature",
      "geometry": {
        "type": "Point",
        "coordinates": [
          136.06636,
          35.666046
        ]
      },
      "properties": {
        "issuer": "敦賀市",
        "card_code": "B001",
        "pref": "福井県",
        "round": "第17弾",
        "issued_date": "2022/08/06",
        "facility": "人道の港敦賀ムゼウム",
        "address": "福井県敦賀市金ケ崎町23-1",
        "facility_url": "https://tsuruga-museum.jp/"
      }
    },
    {
      "type": "Feature",
      "geometry": {
        "type": "Point",
        "coordinates": [
          136.296265,
          36.000744
        ]
      },
      "properties": {
        "issuer": "福井市",
        "card_code": "B001",
        "pref": "福井県",
        "round": "第08弾",
        "issued_date": "2018/08/11",
        "facility": "福井市一乗谷朝倉氏遺跡復原町並",
        "address": "福井県福井市城戸ノ内町第28号43番地",
        "facility_url": "http://www3.fctv.ne.jp/~asakura/"
      }
    },
    {
      "type": "Feature",
      "geometry": {
        "type": "Point",
        "coordinates": [
          135.8965,
          35.558792
        ]
      },
      "properties": {
        "issuer": "若狭町",
        "card_code": null,
        "pref": "福井県",
        "round": "第26弾",
        "issued_date": "2025/07/25",
        "facility": "若狭三方縄文博物館",
        "address": "福井県若狭町鳥浜122-12-1",
        "facility_url": "https://www.town.fukui-wakasa.lg.jp/soshiki/wakasamikatajomonhakubutsukan/gyomuannai/955.html"
      }
    },
    {
      "type": "Feature",
      "geometry": {
        "type": "Point",
        "coordinates": [
          136.244492,
          35.911472
        ]
      },
      "properties": {
        "issuer": "越前市",
        "card_code": null,
        "pref": "福井県",
        "round": "第08弾",
        "issued_date": "2018/08/11",
        "facility": "越前和紙の里　卯立の工芸館",
        "address": "福井県越前市新在家町9-21-2",
        "facility_url": "https://www.echizenwashi.jp/"
      }
    },
    {
      "type": "Feature",
      "geometry": {
        "type": "Point",
        "coordinates": [
          135.52037,
          35.488815
        ]
      },
      "properties": {
        "issuer": "高浜町",
        "card_code": null,
        "pref": "福井県",
        "round": "第12弾",
        "issued_date": "2020/04/25",
        "facility": "高浜町上水道センター（上下水道課）",
        "address": "福井県大飯郡高浜町東三松34-3-1",
        "facility_url": "https://www.town.takahama.fukui.jp/page/jyousuidou/index.html"
      }
    },
    {
      "type": "Feature",
      "geometry": {
        "type": "Point",
        "coordinates": [
          130.699615,
          33.817787
        ]
      },
      "properties": {
        "issuer": "中間市",
        "card_code": "A001",
        "pref": "福岡県",
        "round": "第29弾",
        "issued_date": "2026/07/31",
        "facility": "中間市地域交流センター",
        "address": "福岡県中間市大字垣生660番地1",
        "facility_url": "https://www.city.nakama.lg.jp/soshiki/37/10984.html"
      }
    },
    {
      "type": "Feature",
      "geometry": {
        "type": "Point",
        "coordinates": [
          130.513168,
          33.314003
        ]
      },
      "properties": {
        "issuer": "久留米市",
        "card_code": null,
        "pref": "福岡県",
        "round": "第06弾",
        "issued_date": "2017/12/09",
        "facility": "久留米シティプラザ",
        "address": "福岡県久留米市六ツ門町8-1",
        "facility_url": "http://kurumecityplaza.jp/"
      }
    },
    {
      "type": "Feature",
      "geometry": {
        "type": "Point",
        "coordinates": [
          130.810654,
          33.874023
        ]
      },
      "properties": {
        "issuer": "北九州市",
        "card_code": "A001",
        "pref": "福岡県",
        "round": "第01弾",
        "issued_date": "2016/04/01",
        "facility": "北九州市科学館（スペースLABO）",
        "address": "福岡県北九州市八幡東区東田4-1-1",
        "facility_url": "https://www.kitakyushuspacelabo.jp/"
      }
    },
    {
      "type": "Feature",
      "geometry": {
        "type": "Point",
        "coordinates": [
          130.888,
          33.89056
        ]
      },
      "properties": {
        "issuer": "北九州市",
        "card_code": "B001",
        "pref": "福岡県",
        "round": "第05弾",
        "issued_date": "2017/08/01",
        "facility": "【平日】日明浄化センター",
        "address": "福岡県北九州市小倉北区浅野3-9-33",
        "facility_url": "http://www.city.kitakyushu.lg.jp/suidou/s01300023.html"
      }
    },
    {
      "type": "Feature",
      "geometry": {
        "type": "Point",
        "coordinates": [
          130.883575,
          33.888737
        ]
      },
      "properties": {
        "issuer": "北九州市",
        "card_code": "C001",
        "pref": "福岡県",
        "round": "第08弾",
        "issued_date": "2018/08/11",
        "facility": "北九州市漫画ミュージアム",
        "address": "福岡県北九州市小倉北区浅野2丁目14-5",
        "facility_url": "https://www.ktqmm.jp/ "
      }
    },
    {
      "type": "Feature",
      "geometry": {
        "type": "Point",
        "coordinates": [
          130.810913,
          33.905159
        ]
      },
      "properties": {
        "issuer": "北九州市",
        "card_code": "D001",
        "pref": "福岡県",
        "round": "第09弾",
        "issued_date": "2018/12/14",
        "facility": "セブン‐イレブン若松区役所前店",
        "address": "福岡県北九州市若松区浜町１丁目1ー4",
        "facility_url": "https://seven-eleven.areamarker.com/711map/info/547276?shopid=547276"
      }
    },
    {
      "type": "Feature",
      "geometry": {
        "type": "Point",
        "coordinates": [
          130.446136,
          33.030174
        ]
      },
      "properties": {
        "issuer": "大牟田市",
        "card_code": null,
        "pref": "福岡県",
        "round": "第07弾",
        "issued_date": "2018/04/28",
        "facility": "【平日】大牟田市企業局 下水道建設課",
        "address": "福岡県大牟田市有明町2-3",
        "facility_url": "http://www.city.omuta.lg.jp/kigyoukyoku/"
      }
    },
    {
      "type": "Feature",
      "geometry": {
        "type": "Point",
        "coordinates": [
          130.48024,
          33.534813
        ]
      },
      "properties": {
        "issuer": "大野城市",
        "card_code": null,
        "pref": "福岡県",
        "round": "第08弾",
        "issued_date": "2018/08/11",
        "facility": "大野城心のふるさと館",
        "address": "福岡県大野城市曙町3-8-3",
        "facility_url": "http://www.onojo-occm.jp/"
      }
    },
    {
      "type": "Feature",
      "geometry": {
        "type": "Point",
        "coordinates": [
          130.514862,
          33.514568
        ]
      },
      "properties": {
        "issuer": "太宰府市",
        "card_code": "A001",
        "pref": "福岡県",
        "round": "第17弾",
        "issued_date": "2022/08/06",
        "facility": "大宰府展示館",
        "address": "福岡県太宰府市観世音寺4-6-1",
        "facility_url": "https://www.kotodazaifu.net/pavilion"
      }
    },
    {
      "type": "Feature",
      "geometry": {
        "type": "Point",
        "coordinates": [
          130.500275,
          33.509968
        ]
      },
      "properties": {
        "issuer": "太宰府市",
        "card_code": "B001",
        "pref": "福岡県",
        "round": "第18弾",
        "issued_date": "2023/01/28",
        "facility": "とびうめアリーナ（太宰府市総合体育館）",
        "address": "福岡県太宰府市大字向佐野21-2",
        "facility_url": "https://ssk-dazaifu-gym.com"
      }
    },
    {
      "type": "Feature",
      "geometry": {
        "type": "Point",
        "coordinates": [
          130.532394,
          33.519825
        ]
      },
      "properties": {
        "issuer": "太宰府市",
        "card_code": "C001",
        "pref": "福岡県",
        "round": "第19弾",
        "issued_date": "2023/04/28",
        "facility": "太宰府館",
        "address": "福岡県太宰府市宰府3-2-3",
        "facility_url": "https://www.city.dazaifu.lg.jp/site/kanko/3625.html"
      }
    },
    {
      "type": "Feature",
      "geometry": {
        "type": "Point",
        "coordinates": [
          130.510513,
          33.568295
        ]
      },
      "properties": {
        "issuer": "宇美町",
        "card_code": null,
        "pref": "福岡県",
        "round": "第12弾",
        "issued_date": "2020/04/25",
        "facility": "宇美町役場上下水道課",
        "address": "福岡県糟屋郡宇美町宇美5丁目1番1号",
        "facility_url": "http://www.town.umi.lg.jp/soshiki/10/"
      }
    },
    {
      "type": "Feature",
      "geometry": {
        "type": "Point",
        "coordinates": [
          130.503799,
          33.848343
        ]
      },
      "properties": {
        "issuer": "宗像市",
        "card_code": "A001",
        "pref": "福岡県",
        "round": "第03弾",
        "issued_date": "2016/12/01",
        "facility": "観光ステーションむなたびラボ(道の駅むなかた南館)",
        "address": "福岡県宗像市江口1177-1",
        "facility_url": "https://www.muna-tabi.jp/k006/20240820133134.html"
      }
    },
    {
      "type": "Feature",
      "geometry": {
        "type": "Point",
        "coordinates": [
          130.555832,
          33.396526
        ]
      },
      "properties": {
        "issuer": "小郡市",
        "card_code": null,
        "pref": "福岡県",
        "round": "第07弾",
        "issued_date": "2018/04/28",
        "facility": "【平日】小郡市役所 下水道課",
        "address": "福岡県小郡市小郡255-1",
        "facility_url": "https://www.city.ogori.fukuoka.jp/197/798"
      }
    },
    {
      "type": "Feature",
      "geometry": {
        "type": "Point",
        "coordinates": [
          130.612198,
          33.854107
        ]
      },
      "properties": {
        "issuer": "岡垣町",
        "card_code": null,
        "pref": "福岡県",
        "round": "第06弾",
        "issued_date": "2017/12/09",
        "facility": "【平日】岡垣町役場おかがきPR課窓口",
        "address": "福岡県遠賀郡岡垣町野間1-1-1",
        "facility_url": "http://www.town.okagaki.lg.jp/010/060/010/index.html"
      }
    },
    {
      "type": "Feature",
      "geometry": {
        "type": "Point",
        "coordinates": [
          130.479721,
          33.591457
        ]
      },
      "properties": {
        "issuer": "志免町",
        "card_code": null,
        "pref": "福岡県",
        "round": "第05弾",
        "issued_date": "2017/08/01",
        "facility": "【平日】志免町役場 上下水道課窓口",
        "address": "福岡県糟屋郡志免町志免中央1-1-1",
        "facility_url": "https://www.town.shime.lg.jp/soshiki/10/manhole-card.html"
      }
    },
    {
      "type": "Feature",
      "geometry": {
        "type": "Point",
        "coordinates": [
          130.406113,
          33.163055
        ]
      },
      "properties": {
        "issuer": "柳川市",
        "card_code": null,
        "pref": "福岡県",
        "round": "第25弾",
        "issued_date": "2025/04/25",
        "facility": "【平日】",
        "address": "福岡県柳川市役所上下水道課",
        "facility_url": "https://www.city.yanagawa.fukuoka.jp/kurashi/jogesuido/gesui/"
      }
    },
    {
      "type": "Feature",
      "geometry": {
        "type": "Point",
        "coordinates": [
          130.729477,
          33.744667
        ]
      },
      "properties": {
        "issuer": "直方市",
        "card_code": "A001",
        "pref": "福岡県",
        "round": "第29弾",
        "issued_date": "2026/07/31",
        "facility": "直方市役所下水道課",
        "address": "福岡県直方市殿町7-1",
        "facility_url": "https://www.city.nogata.fukuoka.jp/"
      }
    },
    {
      "type": "Feature",
      "geometry": {
        "type": "Point",
        "coordinates": [
          130.410416,
          33.591805
        ]
      },
      "properties": {
        "issuer": "福岡市",
        "card_code": "A001",
        "pref": "福岡県",
        "round": "第01弾",
        "issued_date": "2016/04/01",
        "facility": "福岡市下水道博物館",
        "address": "福岡県福岡市博多区祇園町8-3（ぽんプラザ2階）",
        "facility_url": "https://www.city.fukuoka.lg.jp/doro-gesuido/somu/hp/pon.html"
      }
    },
    {
      "type": "Feature",
      "geometry": {
        "type": "Point",
        "coordinates": [
          130.401581,
          33.590084
        ]
      },
      "properties": {
        "issuer": "福岡市",
        "card_code": "C001",
        "pref": "福岡県",
        "round": "第16弾",
        "issued_date": "2022/01/15",
        "facility": "福岡市情報プラザ",
        "address": "福岡県福岡市中央区天神1-8-1（福岡市役所1階）",
        "facility_url": "https://www.city.fukuoka.lg.jp/shisei/kouhou-hodo/johoplaza/index.html"
      }
    },
    {
      "type": "Feature",
      "geometry": {
        "type": "Point",
        "coordinates": [
          130.418015,
          33.606197
        ]
      },
      "properties": {
        "issuer": "福岡県",
        "card_code": "流域下水道",
        "pref": "福岡県",
        "round": "第08弾",
        "issued_date": "2018/08/11",
        "facility": "【平日】福岡県庁１階　総合案内窓口",
        "address": "福岡県福岡市博多区東公園7-7",
        "facility_url": "https://www.pref.fukuoka.lg.jp/contents/manholecard.html"
      }
    },
    {
      "type": "Feature",
      "geometry": {
        "type": "Point",
        "coordinates": [
          130.418015,
          33.606197
        ]
      },
      "properties": {
        "issuer": "福岡県",
        "card_code": "流域下水道",
        "pref": "福岡県",
        "round": "第28弾",
        "issued_date": "2026/04/24",
        "facility": "【平日】福岡県庁1階　総合案内窓口",
        "address": "福岡県福岡市博多区東公園7-7",
        "facility_url": null
      }
    },
    {
      "type": "Feature",
      "geometry": {
        "type": "Point",
        "coordinates": [
          130.503159,
          33.212353
        ]
      },
      "properties": {
        "issuer": "筑後市",
        "card_code": null,
        "pref": "福岡県",
        "round": "第11弾",
        "issued_date": "2019/12/14",
        "facility": "【平日】筑後市役所上下水道課",
        "address": "福岡県筑後市大字山ノ井８９８番地",
        "facility_url": "https://www.city.chikugo.lg.jp"
      }
    },
    {
      "type": "Feature",
      "geometry": {
        "type": "Point",
        "coordinates": [
          130.645782,
          33.888897
        ]
      },
      "properties": {
        "issuer": "芦屋町",
        "card_code": null,
        "pref": "福岡県",
        "round": "第09弾",
        "issued_date": "2018/12/14",
        "facility": "（一社）芦屋町観光協会",
        "address": "福岡県遠賀郡芦屋町大字芦屋1455-284",
        "facility_url": "http://ashikan.jp/index.html"
      }
    },
    {
      "type": "Feature",
      "geometry": {
        "type": "Point",
        "coordinates": [
          130.424957,
          33.499123
        ]
      },
      "properties": {
        "issuer": "那珂川市",
        "card_code": "A001",
        "pref": "福岡県",
        "round": "第09弾",
        "issued_date": "2018/12/14",
        "facility": "【平日】那珂川市役所　下水道課",
        "address": "福岡県那珂川市大字安徳702番地1",
        "facility_url": "http://www.city.nakagawa.lg.jp"
      }
    },
    {
      "type": "Feature",
      "geometry": {
        "type": "Point",
        "coordinates": [
          130.424957,
          33.499123
        ]
      },
      "properties": {
        "issuer": "那珂川市",
        "card_code": "B001",
        "pref": "福岡県",
        "round": "第27弾",
        "issued_date": "2025/12/19",
        "facility": "①那珂川市役所　下水道課",
        "address": "福岡県那珂川市大字安徳702番地1",
        "facility_url": "http://www.city.nakagawa.lg.jp"
      }
    },
    {
      "type": "Feature",
      "geometry": {
        "type": "Point",
        "coordinates": [
          140.903778,
          36.945614
        ]
      },
      "properties": {
        "issuer": "いわき市",
        "card_code": "A001",
        "pref": "福島県",
        "round": "第05弾",
        "issued_date": "2017/08/01",
        "facility": "いわき市観光物産センター いわき・ら・らミュウ1階中央インフォメーション",
        "address": "福島県いわき市小名浜字辰巳町43-1",
        "facility_url": "http://www.lalamew.jp/"
      }
    },
    {
      "type": "Feature",
      "geometry": {
        "type": "Point",
        "coordinates": [
          140.903778,
          36.945614
        ]
      },
      "properties": {
        "issuer": "いわき市",
        "card_code": "B001",
        "pref": "福島県",
        "round": "第17弾",
        "issued_date": "2022/08/06",
        "facility": "観光遊覧船サンシャインシーガル受付",
        "address": "福島県いわき市小名浜字辰巳町43-1",
        "facility_url": "https://www.gurutto-iwaki.com/detail/2322/index.html"
      }
    },
    {
      "type": "Feature",
      "geometry": {
        "type": "Point",
        "coordinates": [
          140.919952,
          36.939354
        ]
      },
      "properties": {
        "issuer": "いわき市",
        "card_code": "C001",
        "pref": "福島県",
        "round": "第19弾",
        "issued_date": "2023/04/28",
        "facility": "いわきマリンタワー",
        "address": "福島県いわき市小名浜下神白字大作93",
        "facility_url": "https://iwakicity-park.or.jp/misaki/marine_tower/"
      }
    },
    {
      "type": "Feature",
      "geometry": {
        "type": "Point",
        "coordinates": [
          140.84845,
          37.012817
        ]
      },
      "properties": {
        "issuer": "いわき市",
        "card_code": "D001",
        "pref": "福島県",
        "round": "第25弾",
        "issued_date": "2025/04/25",
        "facility": "いわき市石炭･化石館ほるる",
        "address": "福島県いわき市常磐湯本町向田3-1",
        "facility_url": "https://www.sekitankasekikan.or.jp/"
      }
    },
    {
      "type": "Feature",
      "geometry": {
        "type": "Point",
        "coordinates": [
          140.892105,
          37.058167
        ]
      },
      "properties": {
        "issuer": "いわき市",
        "card_code": "E001",
        "pref": "福島県",
        "round": "第28弾",
        "issued_date": "2026/04/24",
        "facility": "いわき市総合観光案内所",
        "address": "福島県いわき市平田町38-16　JRいわき駅コンコース自由通路",
        "facility_url": "https://kankou-iwaki.or.jp/spot/51270"
      }
    },
    {
      "type": "Feature",
      "geometry": {
        "type": "Point",
        "coordinates": [
          140.488632,
          37.441402
        ]
      },
      "properties": {
        "issuer": "三春町",
        "card_code": null,
        "pref": "福島県",
        "round": "第18弾",
        "issued_date": "2023/01/28",
        "facility": "【月曜日以外】三春なかまち蔵一ノ蔵「花かご」",
        "address": "福島県田村郡三春町字中町4",
        "facility_url": null
      }
    },
    {
      "type": "Feature",
      "geometry": {
        "type": "Point",
        "coordinates": [
          140.433243,
          37.597084
        ]
      },
      "properties": {
        "issuer": "二本松市",
        "card_code": null,
        "pref": "福島県",
        "round": "第05弾",
        "issued_date": "2017/08/01",
        "facility": "二本松市歴史観光施設【にほんまつ観光城報館】 ２階事務室",
        "address": "福島県二本松市郭内三丁目303番地5",
        "facility_url": null
      }
    },
    {
      "type": "Feature",
      "geometry": {
        "type": "Point",
        "coordinates": [
          140.601364,
          37.845501
        ]
      },
      "properties": {
        "issuer": "伊達市",
        "card_code": null,
        "pref": "福島県",
        "round": "第21弾",
        "issued_date": "2023/12/15",
        "facility": "伊達市観光案内所",
        "address": "福島県伊達市梁川町青葉町1（伊達市役所梁川総合支所1階）",
        "facility_url": "https://www.date-shi.jp/information/4756"
      }
    },
    {
      "type": "Feature",
      "geometry": {
        "type": "Point",
        "coordinates": [
          139.821701,
          37.561451
        ]
      },
      "properties": {
        "issuer": "会津坂下町",
        "card_code": null,
        "pref": "福島県",
        "round": "第07弾",
        "issued_date": "2018/04/28",
        "facility": "【平日】会津坂下町役場 建設課 上下水道班",
        "address": "福島県河沼郡会津坂下町字市中三番甲3662",
        "facility_url": "http://www.town.aizubange.fukushima.jp/"
      }
    },
    {
      "type": "Feature",
      "geometry": {
        "type": "Point",
        "coordinates": [
          140.992737,
          37.56551
        ]
      },
      "properties": {
        "issuer": "南相馬市",
        "card_code": null,
        "pref": "福島県",
        "round": "第06弾",
        "issued_date": "2017/12/09",
        "facility": "小高区役所市民総合サービス課窓口",
        "address": "福島県南相馬市小高区本町2-78",
        "facility_url": "https://www.city.minamisoma.lg.jp/portal/life/suido_gesuido/1/5485.html"
      }
    },
    {
      "type": "Feature",
      "geometry": {
        "type": "Point",
        "coordinates": [
          139.874481,
          37.651375
        ]
      },
      "properties": {
        "issuer": "喜多方市",
        "card_code": null,
        "pref": "福島県",
        "round": "第11弾",
        "issued_date": "2019/12/14",
        "facility": "【平日】喜多方市役所下水道課",
        "address": "福島県喜多方市字御清水東7244-2",
        "facility_url": null
      }
    },
    {
      "type": "Feature",
      "geometry": {
        "type": "Point",
        "coordinates": [
          140.545319,
          37.871433
        ]
      },
      "properties": {
        "issuer": "国見町",
        "card_code": null,
        "pref": "福島県",
        "round": "第24弾",
        "issued_date": "2024/12/20",
        "facility": "道の駅国見　あつかしの郷",
        "address": "福島県伊達郡国見町大字藤田字日渡二18-1",
        "facility_url": "https://www.town.kunimi.fukushima.jp/site/atsukashinosato/"
      }
    },
    {
      "type": "Feature",
      "geometry": {
        "type": "Point",
        "coordinates": [
          140.988907,
          37.35638
        ]
      },
      "properties": {
        "issuer": "富岡町",
        "card_code": null,
        "pref": "福島県",
        "round": "第16弾",
        "issued_date": "2022/01/15",
        "facility": "とみおかアーカイブ・ミュージアム",
        "address": "福島県双葉郡富岡町大字本岡字王塚760-1",
        "facility_url": "https://www.facebook.com/TheHistoricalArchiveMuseumOfTomioka/"
      }
    },
    {
      "type": "Feature",
      "geometry": {
        "type": "Point",
        "coordinates": [
          140.850876,
          37.319004
        ]
      },
      "properties": {
        "issuer": "川内村",
        "card_code": null,
        "pref": "福島県",
        "round": "第17弾",
        "issued_date": "2022/08/06",
        "facility": "ショッピングセンターYO-TASHI内【けろりん堂】",
        "address": "福島県双葉郡川内村大字下川内字宮ノ下25-1",
        "facility_url": "https://www.kawauchimura.jp/kanko/shisetsu/page000185.html"
      }
    },
    {
      "type": "Feature",
      "geometry": {
        "type": "Point",
        "coordinates": [
          140.39389,
          37.513016
        ]
      },
      "properties": {
        "issuer": "本宮市",
        "card_code": "A001",
        "pref": "福島県",
        "round": "第08弾",
        "issued_date": "2018/08/11",
        "facility": "本宮市役所建設部上下水道課",
        "address": "福島県本宮市本宮字万世212番地",
        "facility_url": "http://www.city.motomiya.lg.jp/"
      }
    },
    {
      "type": "Feature",
      "geometry": {
        "type": "Point",
        "coordinates": [
          140.400665,
          37.51696
        ]
      },
      "properties": {
        "issuer": "本宮市",
        "card_code": "B001",
        "pref": "福島県",
        "round": "第26弾",
        "issued_date": "2025/07/25",
        "facility": "【平日】本宮市中央公民館",
        "address": "福島県本宮市本宮字矢来39-1",
        "facility_url": "http://www.city.motomiya.lg.jp/"
      }
    },
    {
      "type": "Feature",
      "geometry": {
        "type": "Point",
        "coordinates": [
          140.518768,
          37.843479
        ]
      },
      "properties": {
        "issuer": "桑折町",
        "card_code": null,
        "pref": "福島県",
        "round": "第05弾",
        "issued_date": "2017/08/01",
        "facility": "旧伊達郡役所",
        "address": "福島県伊達郡桑折町字陣屋12",
        "facility_url": "http://www.town.koori.fukushima.jp/"
      }
    },
    {
      "type": "Feature",
      "geometry": {
        "type": "Point",
        "coordinates": [
          140.37944,
          37.029434
        ]
      },
      "properties": {
        "issuer": "棚倉町",
        "card_code": null,
        "pref": "福島県",
        "round": "第20弾",
        "issued_date": "2023/07/28",
        "facility": "棚倉町役場上下水道課",
        "address": "福島県東白川郡棚倉町大字棚倉字中居野33",
        "facility_url": "http://www.town.tanagura.fukushima.jp"
      }
    },
    {
      "type": "Feature",
      "geometry": {
        "type": "Point",
        "coordinates": [
          141.012543,
          37.269676
        ]
      },
      "properties": {
        "issuer": "楢葉町",
        "card_code": null,
        "pref": "福島県",
        "round": "第17弾",
        "issued_date": "2022/08/06",
        "facility": "楢葉町サイクリングターミナル",
        "address": "福島県双葉郡楢葉町大字北田字上ノ原27-29",
        "facility_url": "http://naraha-tenjin.net/enjoy/rental"
      }
    },
    {
      "type": "Feature",
      "geometry": {
        "type": "Point",
        "coordinates": [
          140.415405,
          37.078392
        ]
      },
      "properties": {
        "issuer": "浅川町",
        "card_code": "A001",
        "pref": "福島県",
        "round": "第28弾",
        "issued_date": "2026/04/24",
        "facility": "つながるBASE",
        "address": "福島県石川郡浅川町大字浅川字本町西裏47番地3",
        "facility_url": null
      }
    },
    {
      "type": "Feature",
      "geometry": {
        "type": "Point",
        "coordinates": [
          139.887497,
          37.565304
        ]
      },
      "properties": {
        "issuer": "湯川村",
        "card_code": "A001",
        "pref": "福島県",
        "round": "第07弾",
        "issued_date": "2018/04/28",
        "facility": "湯川村役場窓口",
        "address": "福島県河沼郡湯川村大字清水田字長瀞18",
        "facility_url": "http://www.vill.yugawa.fukushima.jp/index.html"
      }
    },
    {
      "type": "Feature",
      "geometry": {
        "type": "Point",
        "coordinates": [
          139.866806,
          37.556637
        ]
      },
      "properties": {
        "issuer": "湯川村",
        "card_code": "B001",
        "pref": "福島県",
        "round": "第14弾",
        "issued_date": "2021/04/25",
        "facility": "道の駅あいづ　湯川・会津坂下",
        "address": "福島県河沼郡湯川村大字佐野目字五丁ノ目78-1",
        "facility_url": "http://heso-aizu.jp/"
      }
    },
    {
      "type": "Feature",
      "geometry": {
        "type": "Point",
        "coordinates": [
          140.105148,
          37.557865
        ]
      },
      "properties": {
        "issuer": "猪苗代町",
        "card_code": null,
        "pref": "福島県",
        "round": "第08弾",
        "issued_date": "2018/08/11",
        "facility": "【平日】猪苗代町役場上下水道課窓口",
        "address": "福島県耶麻郡猪苗代町字城南100",
        "facility_url": "https://www.town.inawashiro.fukushima.jp/"
      }
    },
    {
      "type": "Feature",
      "geometry": {
        "type": "Point",
        "coordinates": [
          140.64418,
          37.34922
        ]
      },
      "properties": {
        "issuer": "田村市",
        "card_code": null,
        "pref": "福島県",
        "round": "第07弾",
        "issued_date": "2018/04/28",
        "facility": "あぶくま洞管理事務所",
        "address": "福島県田村市滝根町菅谷字東釜山1",
        "facility_url": "http://abukumado.com/"
      }
    },
    {
      "type": "Feature",
      "geometry": {
        "type": "Point",
        "coordinates": [
          140.213318,
          37.130722
        ]
      },
      "properties": {
        "issuer": "白河市",
        "card_code": null,
        "pref": "福島県",
        "round": "第04弾",
        "issued_date": "2017/04/03",
        "facility": "公益財団法人 白河観光物産協会",
        "address": "福島県白河市郭内1-2（しらかわ観光ステーション内）",
        "facility_url": "http://shirakawa315.com/"
      }
    },
    {
      "type": "Feature",
      "geometry": {
        "type": "Point",
        "coordinates": [
          140.918137,
          37.798504
        ]
      },
      "properties": {
        "issuer": "相馬市",
        "card_code": null,
        "pref": "福島県",
        "round": "第06弾",
        "issued_date": "2017/12/09",
        "facility": "相馬市千客万来館",
        "address": "福島県相馬市中村字北町55-1",
        "facility_url": "https://www.yorozukaido.jp/soma/so_dou_senkyakubanraikan.html"
      }
    },
    {
      "type": "Feature",
      "geometry": {
        "type": "Point",
        "coordinates": [
          140.460648,
          37.758915
        ]
      },
      "properties": {
        "issuer": "福島市",
        "card_code": "A001",
        "pref": "福島県",
        "round": "第03弾",
        "issued_date": "2016/12/01",
        "facility": "福島市アクティブシニアセンター・アオウゼ",
        "address": "福島県福島市曽根田町1−18 ＭＡＸふくしま4階",
        "facility_url": "https://f-aoz.jp/"
      }
    },
    {
      "type": "Feature",
      "geometry": {
        "type": "Point",
        "coordinates": [
          140.457138,
          37.592422
        ]
      },
      "properties": {
        "issuer": "福島県",
        "card_code": "流域下水道",
        "pref": "福島県",
        "round": "第06弾",
        "issued_date": "2017/12/09",
        "facility": "【平日】福島県あだたら清流センター",
        "address": "福島県二本松市榎戸2-96",
        "facility_url": "http://www.pref.fukushima.lg.jp/sec/41055c/"
      }
    },
    {
      "type": "Feature",
      "geometry": {
        "type": "Point",
        "coordinates": [
          140.552643,
          37.866928
        ]
      },
      "properties": {
        "issuer": "福島県",
        "card_code": "流域下水道",
        "pref": "福島県",
        "round": "第24弾",
        "issued_date": "2024/12/20",
        "facility": "【平日】福島県県北浄化センター",
        "address": "福島県伊達郡国見町大字徳江字上悪戸46番地1",
        "facility_url": "https://www.pref.fukushima.lg.jp/sec/41055c/mhcard.html"
      }
    },
    {
      "type": "Feature",
      "geometry": {
        "type": "Point",
        "coordinates": [
          140.27446,
          37.48037
        ]
      },
      "properties": {
        "issuer": "郡山市",
        "card_code": "A001",
        "pref": "福島県",
        "round": "第02弾",
        "issued_date": "2016/08/01",
        "facility": "郡山市磐梯熱海観光物産館",
        "address": "福島県郡山市熱海町熱海二丁目15-1",
        "facility_url": "https://www.bandaiatami.or.jp/spot/kanko-bussankan"
      }
    },
    {
      "type": "Feature",
      "geometry": {
        "type": "Point",
        "coordinates": [
          140.09288,
          37.385002
        ]
      },
      "properties": {
        "issuer": "郡山市",
        "card_code": "B001",
        "pref": "福島県",
        "round": "第02弾",
        "issued_date": "2016/08/01",
        "facility": "湖南公民館",
        "address": "福島県郡山市湖南町福良字家老9390-4",
        "facility_url": "https://www.city.koriyama.lg.jp/soshiki/185/"
      }
    },
    {
      "type": "Feature",
      "geometry": {
        "type": "Point",
        "coordinates": [
          140.375595,
          37.28841
        ]
      },
      "properties": {
        "issuer": "須賀川市",
        "card_code": "A001",
        "pref": "福島県",
        "round": "第10弾",
        "issued_date": "2019/08/07",
        "facility": "須賀川市民交流センター tette",
        "address": "福島県須賀川市中町4-1",
        "facility_url": "https://s-tette.jp/"
      }
    },
    {
      "type": "Feature",
      "geometry": {
        "type": "Point",
        "coordinates": [
          140.375992,
          37.285667
        ]
      },
      "properties": {
        "issuer": "須賀川市",
        "card_code": "B001",
        "pref": "福島県",
        "round": "第23弾",
        "issued_date": "2024/07/26",
        "facility": "須賀川市風流のはじめ館",
        "address": "福島県須賀川市本町81番地4",
        "facility_url": "https://s-furyu.jp/"
      }
    },
    {
      "type": "Feature",
      "geometry": {
        "type": "Point",
        "coordinates": [
          140.26384,
          37.318485
        ]
      },
      "properties": {
        "issuer": "須賀川市",
        "card_code": "C001",
        "pref": "福島県",
        "round": "第26弾",
        "issued_date": "2025/07/25",
        "facility": "須賀川特撮アーカイブセンター",
        "address": "福島県須賀川市柱田字中地前22番地",
        "facility_url": "https://s-tokusatsu.jp/visitor/"
      }
    },
    {
      "type": "Feature",
      "geometry": {
        "type": "Point",
        "coordinates": [
          140.481079,
          39.459721
        ]
      },
      "properties": {
        "issuer": "大仙市",
        "card_code": null,
        "pref": "秋田県",
        "round": "第13弾",
        "issued_date": "2020/12/17",
        "facility": "花火伝統文化継承資料館はなび・アム",
        "address": "秋田県大仙市大曲大町7-19",
        "facility_url": "https://hanabimuseum.jp/"
      }
    },
    {
      "type": "Feature",
      "geometry": {
        "type": "Point",
        "coordinates": [
          140.56601,
          39.313511
        ]
      },
      "properties": {
        "issuer": "横手市",
        "card_code": null,
        "pref": "秋田県",
        "round": "第22弾",
        "issued_date": "2024/04/26",
        "facility": "横手市ふれあいセンターかまくら館",
        "address": "秋田県横手市中央町8-12",
        "facility_url": "https://www.city.yokote.lg.jp/shisetsu/1001528/1004520.html"
      }
    },
    {
      "type": "Feature",
      "geometry": {
        "type": "Point",
        "coordinates": [
          140.010544,
          39.857731
        ]
      },
      "properties": {
        "issuer": "潟上市",
        "card_code": null,
        "pref": "秋田県",
        "round": "第27弾",
        "issued_date": "2025/12/19",
        "facility": "てんのうグリーンマーケット(道の駅てんのう)",
        "address": "秋田県潟上市天王字江川上谷地109-2",
        "facility_url": "https://michinoeki-tenno.jp"
      }
    },
    {
      "type": "Feature",
      "geometry": {
        "type": "Point",
        "coordinates": [
          140.096802,
          39.710003
        ]
      },
      "properties": {
        "issuer": "秋田市",
        "card_code": "A001",
        "pref": "秋田県",
        "round": "第01弾",
        "issued_date": "2016/04/01",
        "facility": "秋田市上下水道局 下水道整備課",
        "address": "秋田県秋田市川尻みよし町14-8",
        "facility_url": "https://www.city.akita.lg.jp/suido/index.html"
      }
    },
    {
      "type": "Feature",
      "geometry": {
        "type": "Point",
        "coordinates": [
          140.061676,
          39.752747
        ]
      },
      "properties": {
        "issuer": "秋田市",
        "card_code": "B001",
        "pref": "秋田県",
        "round": "第08弾",
        "issued_date": "2018/08/11",
        "facility": "道の駅あきた港セリオン",
        "address": "秋田県秋田市土崎港西1-9-1",
        "facility_url": "http://www.selion-akita.com/"
      }
    },
    {
      "type": "Feature",
      "geometry": {
        "type": "Point",
        "coordinates": [
          140.027008,
          40.209324
        ]
      },
      "properties": {
        "issuer": "能代市",
        "card_code": null,
        "pref": "秋田県",
        "round": "第11弾",
        "issued_date": "2019/12/14",
        "facility": "能代バスケミュージアム",
        "address": "秋田県能代市柳町5-20",
        "facility_url": " http://www.hoophall.jp/"
      }
    },
    {
      "type": "Feature",
      "geometry": {
        "type": "Point",
        "coordinates": [
          139.2742,
          36.435471
        ]
      },
      "properties": {
        "issuer": "みどり市",
        "card_code": null,
        "pref": "群馬県",
        "round": "第09弾",
        "issued_date": "2018/12/14",
        "facility": "一般社団法人みどり市観光協会",
        "address": "群馬県みどり市大間々町大間々1034-5",
        "facility_url": null
      }
    },
    {
      "type": "Feature",
      "geometry": {
        "type": "Point",
        "coordinates": [
          139.19278,
          36.326073
        ]
      },
      "properties": {
        "issuer": "伊勢崎市",
        "card_code": null,
        "pref": "群馬県",
        "round": "第24弾",
        "issued_date": "2024/12/20",
        "facility": "【通常】伊勢崎駅前インフォメーションセンター",
        "address": "群馬県伊勢崎市曲輪町8番地1",
        "facility_url": "https://www.city.isesaki.lg.jp/soshiki/keizai/shoko/machinakakaseika/1588.html"
      }
    },
    {
      "type": "Feature",
      "geometry": {
        "type": "Point",
        "coordinates": [
          139.04689,
          36.447002
        ]
      },
      "properties": {
        "issuer": "前橋市",
        "card_code": null,
        "pref": "群馬県",
        "round": "第03弾",
        "issued_date": "2016/12/01",
        "facility": "道の駅「まえばし赤城」観光案内所",
        "address": "群馬県前橋市田口町３６番地",
        "facility_url": "https://maebashi-akagi.jp/"
      }
    },
    {
      "type": "Feature",
      "geometry": {
        "type": "Point",
        "coordinates": [
          139.009872,
          36.447254
        ]
      },
      "properties": {
        "issuer": "吉岡町",
        "card_code": null,
        "pref": "群馬県",
        "round": "第12弾",
        "issued_date": "2020/04/25",
        "facility": "【平日】吉岡町役場上下水道課",
        "address": "群馬県北群馬郡吉岡町大字下野田560",
        "facility_url": null
      }
    },
    {
      "type": "Feature",
      "geometry": {
        "type": "Point",
        "coordinates": [
          139.407059,
          36.249218
        ]
      },
      "properties": {
        "issuer": "大泉町",
        "card_code": null,
        "pref": "群馬県",
        "round": "第04弾",
        "issued_date": "2017/04/03",
        "facility": "【平日】大泉町役場 公園下水道課",
        "address": "群馬県邑楽郡大泉町日の出51-1",
        "facility_url": "http://www.town.oizumi.gunma.jp/"
      }
    },
    {
      "type": "Feature",
      "geometry": {
        "type": "Point",
        "coordinates": [
          138.889313,
          36.256138
        ]
      },
      "properties": {
        "issuer": "富岡市",
        "card_code": null,
        "pref": "群馬県",
        "round": "第03弾",
        "issued_date": "2016/12/01",
        "facility": "旧韮塚製糸場",
        "address": "群馬県富岡市富岡33番地4",
        "facility_url": "https://www.tomioka-silk.jp/_spot/sightseeing/detail/id=7679"
      }
    },
    {
      "type": "Feature",
      "geometry": {
        "type": "Point",
        "coordinates": [
          139.525879,
          36.207859
        ]
      },
      "properties": {
        "issuer": "明和町",
        "card_code": null,
        "pref": "群馬県",
        "round": "第20弾",
        "issued_date": "2023/07/28",
        "facility": "駅前プラザ「メイちゃん家」",
        "address": "群馬県邑楽郡明和町中谷328-10",
        "facility_url": "https://www.town.meiwa.gunma.jp/life/soshiki/toshikensetsu/1_1/index.html"
      }
    },
    {
      "type": "Feature",
      "geometry": {
        "type": "Point",
        "coordinates": [
          139.338394,
          36.41087
        ]
      },
      "properties": {
        "issuer": "桐生市",
        "card_code": "A001",
        "pref": "群馬県",
        "round": "第07弾",
        "issued_date": "2018/04/28",
        "facility": "桐生市観光情報センター「シルクル桐生」",
        "address": "群馬県桐生市本町5丁目354番地",
        "facility_url": "https://www.city.kiryu.lg.jp/shisetsu/kankou/1016644.html"
      }
    },
    {
      "type": "Feature",
      "geometry": {
        "type": "Point",
        "coordinates": [
          139.329819,
          36.407738
        ]
      },
      "properties": {
        "issuer": "桐生市",
        "card_code": "B001",
        "pref": "群馬県",
        "round": "第16弾",
        "issued_date": "2022/01/15",
        "facility": "桐生市役所水道局下水道課",
        "address": "群馬県桐生市美原町2番5号",
        "facility_url": "https://www.city.kiryu.lg.jp/kurashi/suido/gesui/1013174.html"
      }
    },
    {
      "type": "Feature",
      "geometry": {
        "type": "Point",
        "coordinates": [
          139.038986,
          36.647388
        ]
      },
      "properties": {
        "issuer": "沼田市",
        "card_code": "A001",
        "pref": "群馬県",
        "round": "第08弾",
        "issued_date": "2018/08/11",
        "facility": "沼田市観光案内所",
        "address": "群馬県沼田市西倉内町2889-3",
        "facility_url": "https://www.numata-kankou.jp/"
      }
    },
    {
      "type": "Feature",
      "geometry": {
        "type": "Point",
        "coordinates": [
          139.207657,
          36.672142
        ]
      },
      "properties": {
        "issuer": "沼田市",
        "card_code": "B001",
        "pref": "群馬県",
        "round": "第28弾",
        "issued_date": "2026/04/24",
        "facility": "老神温泉観光協会",
        "address": "群馬県沼田市利根町老神607-1",
        "facility_url": "https://www.oigami.net/"
      }
    },
    {
      "type": "Feature",
      "geometry": {
        "type": "Point",
        "coordinates": [
          138.924347,
          36.494984
        ]
      },
      "properties": {
        "issuer": "渋川市",
        "card_code": "B001",
        "pref": "群馬県",
        "round": "第10弾",
        "issued_date": "2019/08/07",
        "facility": "伊香保ロープウェイ不如帰駅観光案内所",
        "address": "群馬県渋川市伊香保町伊香保558番地1",
        "facility_url": "https://www.city.shibukawa.lg.jp/shisetsu/000349/p003096.html"
      }
    },
    {
      "type": "Feature",
      "geometry": {
        "type": "Point",
        "coordinates": [
          139.00647,
          36.493225
        ]
      },
      "properties": {
        "issuer": "渋川市",
        "card_code": "C001",
        "pref": "群馬県",
        "round": "第12弾",
        "issued_date": "2020/04/25",
        "facility": "渋川地区名産品センター（しぶさん）",
        "address": "群馬県渋川市渋川1832番地27 渋川駅前プラザ",
        "facility_url": "http://www.city.shibukawa.lg.jp/kankou/gift/omiyage/p003604.html"
      }
    },
    {
      "type": "Feature",
      "geometry": {
        "type": "Point",
        "coordinates": [
          139.110229,
          36.296803
        ]
      },
      "properties": {
        "issuer": "群馬県",
        "card_code": "流域下水道",
        "pref": "群馬県",
        "round": "第05弾",
        "issued_date": "2017/08/01",
        "facility": "群馬県県土整備部 下水道総合事務所",
        "address": "群馬県佐波郡玉村町上之手1846-1",
        "facility_url": "http://www.pref.gunma.jp/07/p23210002.html"
      }
    },
    {
      "type": "Feature",
      "geometry": {
        "type": "Point",
        "coordinates": [
          138.596207,
          36.620705
        ]
      },
      "properties": {
        "issuer": "草津町",
        "card_code": null,
        "pref": "群馬県",
        "round": "第08弾",
        "issued_date": "2018/08/11",
        "facility": "草津町役場",
        "address": "群馬県吾妻郡草津町大字草津28",
        "facility_url": "https://www.town.kusatsu.gunma.jp/"
      }
    },
    {
      "type": "Feature",
      "geometry": {
        "type": "Point",
        "coordinates": [
          138.51059,
          35.480701
        ]
      },
      "properties": {
        "issuer": "藤岡市",
        "card_code": null,
        "pref": "群馬県",
        "round": "第07弾",
        "issued_date": "2018/04/28",
        "facility": "群馬県藤岡市中1131-8",
        "address": "道の駅ららん藤岡 藤岡市観光案内所",
        "facility_url": "http://www.laranfujioka.com/"
      }
    },
    {
      "type": "Feature",
      "geometry": {
        "type": "Point",
        "coordinates": [
          139.462158,
          36.252743
        ]
      },
      "properties": {
        "issuer": "邑楽町",
        "card_code": "A001",
        "pref": "群馬県",
        "round": "第08弾",
        "issued_date": "2018/08/11",
        "facility": "【平日】邑楽町役場２階 都市計画課",
        "address": "群馬県邑楽郡邑楽町大字中野2570-1",
        "facility_url": "http://www.town.ora.gunma.jp"
      }
    },
    {
      "type": "Feature",
      "geometry": {
        "type": "Point",
        "coordinates": [
          139.462158,
          36.252743
        ]
      },
      "properties": {
        "issuer": "邑楽町",
        "card_code": "B001",
        "pref": "群馬県",
        "round": "第21弾",
        "issued_date": "2023/12/15",
        "facility": "【通常】シンボルタワー 未来MiRAi",
        "address": "群馬県邑楽郡邑楽町大字中野2639番地1",
        "facility_url": "https://www.town.ora.gunma.jp/orabiyori/050/010/symbol-tower.html"
      }
    },
    {
      "type": "Feature",
      "geometry": {
        "type": "Point",
        "coordinates": [
          140.363617,
          36.078297
        ]
      },
      "properties": {
        "issuer": "かすみがうら市",
        "card_code": null,
        "pref": "茨城県",
        "round": "第21弾",
        "issued_date": "2023/12/15",
        "facility": "①畔の駅コハン(かすみがうら市交流センター)",
        "address": "茨城県かすみがうら市坂4784番地先",
        "facility_url": "https://www.city.kasumigaura.lg.jp/page/page002376.html"
      }
    },
    {
      "type": "Feature",
      "geometry": {
        "type": "Point",
        "coordinates": [
          140.076492,
          36.083321
        ]
      },
      "properties": {
        "issuer": "つくば市",
        "card_code": "A001",
        "pref": "茨城県",
        "round": "第02弾",
        "issued_date": "2016/08/01",
        "facility": "つくば市役所1階水道お客様センター",
        "address": "茨城県つくば市研究学園1丁目1番地1",
        "facility_url": null
      }
    },
    {
      "type": "Feature",
      "geometry": {
        "type": "Point",
        "coordinates": [
          140.112625,
          36.082317
        ]
      },
      "properties": {
        "issuer": "つくば市",
        "card_code": "B001",
        "pref": "茨城県",
        "round": "第19弾",
        "issued_date": "2023/04/28",
        "facility": "つくば駅前観光案内所",
        "address": "茨城県つくば市吾妻一丁目8-10",
        "facility_url": "https://ttca.jp/%e8%a6%b3%e5%85%89%e6%a1%88%e5%86%85%e6%89%80/%e3%81%a4%e3%81%8f%e3%81%b0%e7%b7%8f%e5%90%88%e3%82%a4%e3%83%b3%e3%83%95%e3%82%a9%e3%83%a1%e3%83%bc%e3%82%b7%e3%83%a7%e3%83%b3%e3%82%bb%e3%83%b3%e3%82%bf%e3%83%bcbivi%e3%81%a4%e3%81%8f%e3%81%b0/"
      }
    },
    {
      "type": "Feature",
      "geometry": {
        "type": "Point",
        "coordinates": [
          139.953934,
          36.181732
        ]
      },
      "properties": {
        "issuer": "下妻市",
        "card_code": null,
        "pref": "茨城県",
        "round": "第14弾",
        "issued_date": "2021/04/25",
        "facility": "下妻市立図書館",
        "address": "茨城県下妻市砂沼新田35-1",
        "facility_url": "https://www.city.shimotsuma.lg.jp/shogaigakushu-bunka-sports/library/"
      }
    },
    {
      "type": "Feature",
      "geometry": {
        "type": "Point",
        "coordinates": [
          139.746689,
          36.113476
        ]
      },
      "properties": {
        "issuer": "五霞町",
        "card_code": null,
        "pref": "茨城県",
        "round": "第21弾",
        "issued_date": "2023/12/15",
        "facility": "【平日】五霞町役場　建設水道課",
        "address": "茨城県猿島郡五霞町大字小福田1162番地1（庁舎2階）",
        "facility_url": null
      }
    },
    {
      "type": "Feature",
      "geometry": {
        "type": "Point",
        "coordinates": [
          140.748825,
          36.803196
        ]
      },
      "properties": {
        "issuer": "北茨城市",
        "card_code": null,
        "pref": "茨城県",
        "round": "第11弾",
        "issued_date": "2019/12/14",
        "facility": "【平日】北茨城市役所総合受付",
        "address": "茨城県北茨城市磯原町磯原1630",
        "facility_url": null
      }
    },
    {
      "type": "Feature",
      "geometry": {
        "type": "Point",
        "coordinates": [
          140.062485,
          35.895668
        ]
      },
      "properties": {
        "issuer": "取手市",
        "card_code": null,
        "pref": "茨城県",
        "round": "第08弾",
        "issued_date": "2018/08/11",
        "facility": "取手市役所取手支所取手駅前窓口",
        "address": "茨城県取手市新町1-9-1（リボンとりでビル3階）",
        "facility_url": "https://www.city.toride.ibaraki.jp/"
      }
    },
    {
      "type": "Feature",
      "geometry": {
        "type": "Point",
        "coordinates": [
          139.710098,
          36.19429
        ]
      },
      "properties": {
        "issuer": "古河市",
        "card_code": null,
        "pref": "茨城県",
        "round": "第23弾",
        "issued_date": "2024/07/26",
        "facility": "古河市観光案内所",
        "address": "茨城県古河市東本町１丁目1 JR古河駅構内東側",
        "facility_url": "https://www.kogakanko.jp/"
      }
    },
    {
      "type": "Feature",
      "geometry": {
        "type": "Point",
        "coordinates": [
          140.200165,
          36.082581
        ]
      },
      "properties": {
        "issuer": "土浦市",
        "card_code": "A001",
        "pref": "茨城県",
        "round": "第07弾",
        "issued_date": "2018/04/28",
        "facility": "土浦市観光協会",
        "address": "茨城県土浦市中央1-3-16",
        "facility_url": "http://www.tsuchiura-kankou.jp/"
      }
    },
    {
      "type": "Feature",
      "geometry": {
        "type": "Point",
        "coordinates": [
          140.205002,
          36.078537
        ]
      },
      "properties": {
        "issuer": "土浦市",
        "card_code": "B001",
        "pref": "茨城県",
        "round": "第20弾",
        "issued_date": "2023/07/28",
        "facility": "【平日】土浦市役所　シティプロモーション課",
        "address": "茨城県土浦市大和町9-1　3階",
        "facility_url": "https://www.city.tsuchiura.lg.jp/sp/"
      }
    },
    {
      "type": "Feature",
      "geometry": {
        "type": "Point",
        "coordinates": [
          140.197128,
          36.085438
        ]
      },
      "properties": {
        "issuer": "土浦市",
        "card_code": "C001",
        "pref": "茨城県",
        "round": "第21弾",
        "issued_date": "2023/12/15",
        "facility": "土浦市立博物館",
        "address": "茨城県土浦市中央一丁目15-18",
        "facility_url": "https://www.city.tsuchiura.lg.jp/page/dir000378.html"
      }
    },
    {
      "type": "Feature",
      "geometry": {
        "type": "Point",
        "coordinates": [
          140.20546,
          36.078556
        ]
      },
      "properties": {
        "issuer": "土浦市",
        "card_code": "D001",
        "pref": "茨城県",
        "round": "第22弾",
        "issued_date": "2024/04/26",
        "facility": "土浦市民ギャラリー",
        "address": "茨城県土浦市大和町1-1",
        "facility_url": "https://www.city.tsuchiura.lg.jp/page/dir010472.html"
      }
    },
    {
      "type": "Feature",
      "geometry": {
        "type": "Point",
        "coordinates": [
          140.198761,
          36.085392
        ]
      },
      "properties": {
        "issuer": "土浦市",
        "card_code": "E001",
        "pref": "茨城県",
        "round": "第23弾",
        "issued_date": "2024/07/26",
        "facility": "土浦市亀城プラザ",
        "address": "茨城県土浦市中央二丁目16-4",
        "facility_url": "https://www.city.tsuchiura.lg.jp/page/dir000578.html"
      }
    },
    {
      "type": "Feature",
      "geometry": {
        "type": "Point",
        "coordinates": [
          140.212357,
          36.060162
        ]
      },
      "properties": {
        "issuer": "土浦市",
        "card_code": "F001",
        "pref": "茨城県",
        "round": "第24弾",
        "issued_date": "2024/12/20",
        "facility": "霞ケ浦総合公園テニスコート管理事務所",
        "address": "茨城県土浦市大岩田580",
        "facility_url": null
      }
    },
    {
      "type": "Feature",
      "geometry": {
        "type": "Point",
        "coordinates": [
          140.205002,
          36.078217
        ]
      },
      "properties": {
        "issuer": "土浦市",
        "card_code": "G001",
        "pref": "茨城県",
        "round": "第25弾",
        "issued_date": "2025/04/25",
        "facility": "土浦市観光案内所",
        "address": "茨城県土浦市有明町1-30",
        "facility_url": "https://www.tsuchiura-kankou.jp/inquiry/"
      }
    },
    {
      "type": "Feature",
      "geometry": {
        "type": "Point",
        "coordinates": [
          140.196915,
          36.082672
        ]
      },
      "properties": {
        "issuer": "土浦市",
        "card_code": "H001",
        "pref": "茨城県",
        "round": "第26弾",
        "issued_date": "2025/07/25",
        "facility": "土浦市立一中地区公民館",
        "address": "茨城県土浦市大手町13番9号",
        "facility_url": "https://www.city.tsuchiura.lg.jp/kurashi-tetsuzuki/kokyoshisetsu/bunka-shogaigakushunoshisetsu/chikukominkan/page000116.html"
      }
    },
    {
      "type": "Feature",
      "geometry": {
        "type": "Point",
        "coordinates": [
          140.218842,
          36.060558
        ]
      },
      "properties": {
        "issuer": "土浦市",
        "card_code": "I001",
        "pref": "茨城県",
        "round": "第27弾",
        "issued_date": "2025/12/19",
        "facility": "霞ケ浦文化体育会館",
        "address": "茨城県土浦市大岩田1051番地",
        "facility_url": "https://www.city.tsuchiura.lg.jp/kasumigaurataiikukaikan/index.html"
      }
    },
    {
      "type": "Feature",
      "geometry": {
        "type": "Point",
        "coordinates": [
          140.212585,
          36.083279
        ]
      },
      "properties": {
        "issuer": "土浦市",
        "card_code": "J001",
        "pref": "茨城県",
        "round": "第29弾",
        "issued_date": "2026/07/31",
        "facility": "りんりんポート土浦",
        "address": "茨城県土浦市川口二丁目13番25号",
        "facility_url": "https://www.city.tsuchiura.lg.jp/kanko-bunka-sports/jitenshanomachi/cyclist-support-spot/page011935.html"
      }
    },
    {
      "type": "Feature",
      "geometry": {
        "type": "Point",
        "coordinates": [
          140.562668,
          36.315166
        ]
      },
      "properties": {
        "issuer": "大洗町",
        "card_code": null,
        "pref": "茨城県",
        "round": "第18弾",
        "issued_date": "2023/01/28",
        "facility": "大洗町観光情報交流センター「うみまちテラス」",
        "address": "茨城県東茨城郡大洗町桜道301",
        "facility_url": "https://www.oarai-info.jp/page/page000533.html"
      }
    },
    {
      "type": "Feature",
      "geometry": {
        "type": "Point",
        "coordinates": [
          139.981033,
          35.949436
        ]
      },
      "properties": {
        "issuer": "守谷市",
        "card_code": null,
        "pref": "茨城県",
        "round": "第06弾",
        "issued_date": "2017/12/09",
        "facility": "【平日】守谷市上下水道事務所",
        "address": "茨城県守谷市百合ヶ丘2-2734-1",
        "facility_url": "http://www.city.moriya.ibaraki.jp/"
      }
    },
    {
      "type": "Feature",
      "geometry": {
        "type": "Point",
        "coordinates": [
          139.981689,
          36.113144
        ]
      },
      "properties": {
        "issuer": "常総市",
        "card_code": null,
        "pref": "茨城県",
        "round": "第06弾",
        "issued_date": "2017/12/09",
        "facility": "常総市地域交流センター",
        "address": "茨城県常総市新石下2010",
        "facility_url": "https://www.city.joso.lg.jp/kurashi_gyousei/kurashi/shisetsu_koukyou/facility/tiikikoryu/page001373.html"
      }
    },
    {
      "type": "Feature",
      "geometry": {
        "type": "Point",
        "coordinates": [
          140.413757,
          36.597206
        ]
      },
      "properties": {
        "issuer": "常陸大宮市",
        "card_code": null,
        "pref": "茨城県",
        "round": "第18弾",
        "issued_date": "2023/01/28",
        "facility": "道の駅常陸大宮～かわプラザ～",
        "address": "茨城県常陸大宮市岩崎717-1",
        "facility_url": "https://www.michieki-hitachiomiya.jp/"
      }
    },
    {
      "type": "Feature",
      "geometry": {
        "type": "Point",
        "coordinates": [
          140.529434,
          36.529217
        ]
      },
      "properties": {
        "issuer": "常陸太田市",
        "card_code": null,
        "pref": "茨城県",
        "round": "第12弾",
        "issued_date": "2020/04/25",
        "facility": "常陸太田市観光案内センター",
        "address": "茨城県常陸太田市山下町1049-6",
        "facility_url": "http://www.kanko-hitachiota.com/page/page000428.html"
      }
    },
    {
      "type": "Feature",
      "geometry": {
        "type": "Point",
        "coordinates": [
          140.650436,
          36.599617
        ]
      },
      "properties": {
        "issuer": "日立市",
        "card_code": null,
        "pref": "茨城県",
        "round": "第10弾",
        "issued_date": "2019/08/07",
        "facility": "【平日】日立市役所下水道課",
        "address": "茨城県日立市助川町1-1-1",
        "facility_url": "https://www.city.hitachi.lg.jp/kigyo/"
      }
    },
    {
      "type": "Feature",
      "geometry": {
        "type": "Point",
        "coordinates": [
          140.0914,
          36.27898
        ]
      },
      "properties": {
        "issuer": "桜川市",
        "card_code": "A001",
        "pref": "茨城県",
        "round": "第11弾",
        "issued_date": "2019/12/14",
        "facility": "【平日】桜川市役所下水道課",
        "address": "茨城県桜川市真壁町飯塚911番地",
        "facility_url": "http://www.city.sakuragawa.lg.jp/page/dir000068.html"
      }
    },
    {
      "type": "Feature",
      "geometry": {
        "type": "Point",
        "coordinates": [
          140.092346,
          36.328598
        ]
      },
      "properties": {
        "issuer": "桜川市",
        "card_code": "B001",
        "pref": "茨城県",
        "round": "第24弾",
        "issued_date": "2024/12/20",
        "facility": "桜川市役所大和庁舎総合窓口課",
        "address": "茨城県桜川市羽田1023番地",
        "facility_url": "https://www.city.sakuragawa.lg.jp/shisei/soshiki/tyousha_annai/page000147.html"
      }
    },
    {
      "type": "Feature",
      "geometry": {
        "type": "Point",
        "coordinates": [
          140.481567,
          36.369884
        ]
      },
      "properties": {
        "issuer": "水戸市",
        "card_code": "A001",
        "pref": "茨城県",
        "round": "第01弾",
        "issued_date": "2016/04/01",
        "facility": "水戸観光案内所",
        "address": "茨城県水戸市宮町1-1-1（JR東日本常磐線水戸駅改札口脇）",
        "facility_url": "http://www.mitokoumon.com/"
      }
    },
    {
      "type": "Feature",
      "geometry": {
        "type": "Point",
        "coordinates": [
          140.465317,
          36.379601
        ]
      },
      "properties": {
        "issuer": "水戸市",
        "card_code": "B001",
        "pref": "茨城県",
        "round": "第28弾",
        "issued_date": "2026/04/24",
        "facility": "水戸芸術館",
        "address": "茨城県水戸市五軒町1-6-8",
        "facility_url": "https://www.arttowermito.or.jp/"
      }
    },
    {
      "type": "Feature",
      "geometry": {
        "type": "Point",
        "coordinates": [
          140.588028,
          36.3241
        ]
      },
      "properties": {
        "issuer": "流域下水道",
        "card_code": null,
        "pref": "茨城県",
        "round": "第27弾",
        "issued_date": "2025/12/19",
        "facility": "アクアワールド茨城県大洗水族館入口チケット窓口",
        "address": "茨城県東茨城郡大洗町磯浜町8252-3",
        "facility_url": "https://www.aquaworld-oarai.com"
      }
    },
    {
      "type": "Feature",
      "geometry": {
        "type": "Point",
        "coordinates": [
          140.149475,
          35.979561
        ]
      },
      "properties": {
        "issuer": "牛久市",
        "card_code": null,
        "pref": "茨城県",
        "round": "第22弾",
        "issued_date": "2024/04/26",
        "facility": "【平日】牛久市役所分庁舎1階　下水道課",
        "address": "茨城県牛久市中央3丁目15番地1",
        "facility_url": null
      }
    },
    {
      "type": "Feature",
      "geometry": {
        "type": "Point",
        "coordinates": [
          140.146576,
          35.978191
        ]
      },
      "properties": {
        "issuer": "牛久市",
        "card_code": "B001",
        "pref": "茨城県",
        "round": "第29弾",
        "issued_date": "2026/07/31",
        "facility": "牛久シャトーショップ",
        "address": "茨城県牛久市中央三丁目20番地1",
        "facility_url": "https://ushiku-chateau.com/"
      }
    },
    {
      "type": "Feature",
      "geometry": {
        "type": "Point",
        "coordinates": [
          140.274094,
          36.188423
        ]
      },
      "properties": {
        "issuer": "石岡市",
        "card_code": "A001",
        "pref": "茨城県",
        "round": "第03弾",
        "issued_date": "2016/12/01",
        "facility": "まち蔵藍",
        "address": "茨城県石岡市国府3-5-6",
        "facility_url": "http://www.ishioka-kankou.com/page/page000008.html"
      }
    },
    {
      "type": "Feature",
      "geometry": {
        "type": "Point",
        "coordinates": [
          140.170242,
          36.212288
        ]
      },
      "properties": {
        "issuer": "石岡市",
        "card_code": "B001",
        "pref": "茨城県",
        "round": "第04弾",
        "issued_date": "2017/04/03",
        "facility": "yasato de toreta マーケット",
        "address": "茨城県石岡市下青柳200（茨城県フラワーパーク駐車場内）",
        "facility_url": "https://www.ibaraki-shokusai.net/shop/shops3?id=7383"
      }
    },
    {
      "type": "Feature",
      "geometry": {
        "type": "Point",
        "coordinates": [
          139.979416,
          36.305241
        ]
      },
      "properties": {
        "issuer": "筑西市",
        "card_code": "A001",
        "pref": "茨城県",
        "round": "第11弾",
        "issued_date": "2019/12/14",
        "facility": "【平日】筑西市役所上下水道部下水道課",
        "address": "茨城県筑西市丙360番地",
        "facility_url": "https://www.city.chikusei.lg.jp"
      }
    },
    {
      "type": "Feature",
      "geometry": {
        "type": "Point",
        "coordinates": [
          139.995834,
          36.327576
        ]
      },
      "properties": {
        "issuer": "筑西市",
        "card_code": "B001",
        "pref": "茨城県",
        "round": "第28弾",
        "issued_date": "2026/04/24",
        "facility": "道の駅グランテラス筑西総合案内所",
        "address": "茨城県筑西市川澄1850",
        "facility_url": "https://granterrace-chikusei.com/"
      }
    },
    {
      "type": "Feature",
      "geometry": {
        "type": "Point",
        "coordinates": [
          140.47641,
          35.985367
        ]
      },
      "properties": {
        "issuer": "行方市",
        "card_code": null,
        "pref": "茨城県",
        "round": "第08弾",
        "issued_date": "2018/08/11",
        "facility": "天王崎観光交流センター「コテラス」",
        "address": "茨城県行方市麻生419-1（白帆の湯あそう温泉内）",
        "facility_url": "http://shirahonoyu.com/"
      }
    },
    {
      "type": "Feature",
      "geometry": {
        "type": "Point",
        "coordinates": [
          140.488312,
          36.456623
        ]
      },
      "properties": {
        "issuer": "那珂市",
        "card_code": null,
        "pref": "茨城県",
        "round": "第10弾",
        "issued_date": "2019/08/07",
        "facility": "那珂市曲がり屋",
        "address": "茨城県那珂市菅谷4520-1（一ノ関ため池親水公園）",
        "facility_url": "http://www.city.naka.lg.jp/page/page000512.html"
      }
    },
    {
      "type": "Feature",
      "geometry": {
        "type": "Point",
        "coordinates": [
          140.515808,
          36.158772
        ]
      },
      "properties": {
        "issuer": "鉾田市",
        "card_code": null,
        "pref": "茨城県",
        "round": "第10弾",
        "issued_date": "2019/08/07",
        "facility": "鉾田市役所本庁舎１F市民課窓口",
        "address": "茨城県鉾田市鉾田1444番地1",
        "facility_url": "https://www.city.hokota.lg.jp/"
      }
    },
    {
      "type": "Feature",
      "geometry": {
        "type": "Point",
        "coordinates": [
          140.709305,
          36.713791
        ]
      },
      "properties": {
        "issuer": "高萩市",
        "card_code": null,
        "pref": "茨城県",
        "round": "第14弾",
        "issued_date": "2021/04/25",
        "facility": "【平日】高萩市役所都市建設課（庁舎２階）",
        "address": "茨城県高萩市本町1-100-1",
        "facility_url": "https://www.city.takahagi.ibaraki.jp/index.html"
      }
    },
    {
      "type": "Feature",
      "geometry": {
        "type": "Point",
        "coordinates": [
          140.654297,
          35.947193
        ]
      },
      "properties": {
        "issuer": "鹿嶋市",
        "card_code": null,
        "pref": "茨城県",
        "round": "第05弾",
        "issued_date": "2017/08/01",
        "facility": "鹿島アントラーズオフィシャルショップ・クラブハウス店",
        "address": "茨城県鹿嶋市粟生東山2887",
        "facility_url": "http://www.so-net.ne.jp/antlers/fanzone/shop.html"
      }
    },
    {
      "type": "Feature",
      "geometry": {
        "type": "Point",
        "coordinates": [
          140.18222,
          35.911667
        ]
      },
      "properties": {
        "issuer": "龍ケ崎市",
        "card_code": "A001",
        "pref": "茨城県",
        "round": "第10弾",
        "issued_date": "2019/08/07",
        "facility": "【平日】龍ケ崎市　下水道課",
        "address": "茨城県龍ケ崎市3710番地",
        "facility_url": null
      }
    },
    {
      "type": "Feature",
      "geometry": {
        "type": "Point",
        "coordinates": [
          140.138031,
          35.928963
        ]
      },
      "properties": {
        "issuer": "龍ケ崎市",
        "card_code": "B001",
        "pref": "茨城県",
        "round": "第23弾",
        "issued_date": "2024/07/26",
        "facility": "龍ケ崎市観光物産センター",
        "address": "茨城県龍ケ崎市佐貫町645-1 関鉄佐貫ビル2　1階南側",
        "facility_url": "https://www.city.ryugasaki.ibaraki.jp/kanko/kankokyokai/more-ryugasaki/2013081500794.html"
      }
    },
    {
      "type": "Feature",
      "geometry": {
        "type": "Point",
        "coordinates": [
          129.7258,
          33.163998
        ]
      },
      "properties": {
        "issuer": "佐世保市",
        "card_code": null,
        "pref": "長崎県",
        "round": "第08弾",
        "issued_date": "2018/08/11",
        "facility": "佐世保観光情報センター",
        "address": "長崎県佐世保市三浦町21-1（JR佐世保駅構内）",
        "facility_url": "https://www.sasebo99.com/spot/100267"
      }
    },
    {
      "type": "Feature",
      "geometry": {
        "type": "Point",
        "coordinates": [
          130.24205,
          32.631485
        ]
      },
      "properties": {
        "issuer": "南島原市",
        "card_code": null,
        "pref": "長崎県",
        "round": "第16弾",
        "issued_date": "2022/01/15",
        "facility": "有馬キリシタン遺産記念館",
        "address": "長崎県南島原市南有馬町乙１３９５番地",
        "facility_url": "https://www.city.minamishimabara.lg.jp/sekaiisan/page7165.html"
      }
    },
    {
      "type": "Feature",
      "geometry": {
        "type": "Point",
        "coordinates": [
          129.692322,
          33.748852
        ]
      },
      "properties": {
        "issuer": "壱岐市",
        "card_code": null,
        "pref": "長崎県",
        "round": "第06弾",
        "issued_date": "2017/12/09",
        "facility": "壱岐市役所郷ノ浦庁舎 窓口",
        "address": "長崎県壱岐市郷ノ浦町本村触570番地",
        "facility_url": "https://www.city.iki.nagasaki.jp/"
      }
    },
    {
      "type": "Feature",
      "geometry": {
        "type": "Point",
        "coordinates": [
          129.956055,
          32.897179
        ]
      },
      "properties": {
        "issuer": "大村市",
        "card_code": null,
        "pref": "長崎県",
        "round": "第04弾",
        "issued_date": "2017/04/03",
        "facility": "大村公園観光案内所",
        "address": "長崎県大村市玖島1-45-3",
        "facility_url": "http://www.e-oomura.jp/"
      }
    },
    {
      "type": "Feature",
      "geometry": {
        "type": "Point",
        "coordinates": [
          129.917053,
          33.037106
        ]
      },
      "properties": {
        "issuer": "東彼杵町",
        "card_code": null,
        "pref": "長崎県",
        "round": "第27弾",
        "issued_date": "2025/12/19",
        "facility": "東彼杵町役場水道課",
        "address": "長崎県東彼杵郡東彼杵町蔵本郷1850-6",
        "facility_url": "https://www.town.higashisonogi.lg.jp/index.html"
      }
    },
    {
      "type": "Feature",
      "geometry": {
        "type": "Point",
        "coordinates": [
          130.052734,
          32.845242
        ]
      },
      "properties": {
        "issuer": "諫早市",
        "card_code": null,
        "pref": "長崎県",
        "round": "第04弾",
        "issued_date": "2017/04/03",
        "facility": "諫早市物産ホール",
        "address": "長崎県諫早市高城町5-10（諫早商工会館１階：無料駐車場無し）",
        "facility_url": "http://www.isahaya-kankou.com/"
      }
    },
    {
      "type": "Feature",
      "geometry": {
        "type": "Point",
        "coordinates": [
          129.874817,
          32.825459
        ]
      },
      "properties": {
        "issuer": "長与町",
        "card_code": null,
        "pref": "長崎県",
        "round": "第20弾",
        "issued_date": "2023/07/28",
        "facility": "【平日】長与町水道局",
        "address": "長崎県西彼杵郡長与町嬉里郷659番地1",
        "facility_url": "https://webtown.nagayo.jp/suido/default.html"
      }
    },
    {
      "type": "Feature",
      "geometry": {
        "type": "Point",
        "coordinates": [
          129.869263,
          32.735195
        ]
      },
      "properties": {
        "issuer": "長崎市",
        "card_code": "A001",
        "pref": "長崎県",
        "round": "第03弾",
        "issued_date": "2016/12/01",
        "facility": "長崎市南山手地区町並み保存センター",
        "address": "長崎県長崎市南山手町4-33",
        "facility_url": "http://www.city.nagasaki.lg.jp/sisetsu/5120000/p011066.html"
      }
    },
    {
      "type": "Feature",
      "geometry": {
        "type": "Point",
        "coordinates": [
          129.869141,
          32.736481
        ]
      },
      "properties": {
        "issuer": "長崎市",
        "card_code": "B001",
        "pref": "長崎県",
        "round": "第16弾",
        "issued_date": "2022/01/15",
        "facility": "長崎市旧香港上海銀行長崎支店記念館",
        "address": "長崎県長崎市松が枝町4-27",
        "facility_url": "https://www.nmhc.jp/museum_hsb/"
      }
    },
    {
      "type": "Feature",
      "geometry": {
        "type": "Point",
        "coordinates": [
          130.012421,
          32.844933
        ]
      },
      "properties": {
        "issuer": "長崎県",
        "card_code": "流域下水道",
        "pref": "長崎県",
        "round": "第08弾",
        "issued_date": "2018/08/11",
        "facility": "【平日】大村湾南部浄化センター",
        "address": "長崎県諫早市貝津町1410",
        "facility_url": null
      }
    },
    {
      "type": "Feature",
      "geometry": {
        "type": "Point",
        "coordinates": [
          138.247131,
          36.402809
        ]
      },
      "properties": {
        "issuer": "上田市",
        "card_code": "A001",
        "pref": "長野県",
        "round": "第18弾",
        "issued_date": "2023/01/28",
        "facility": "上田市観光会館2階観光案内所",
        "address": "長野県上田市大手2-8-4",
        "facility_url": "https://www.city.ueda.nagano.jp/site/kankojoho/14383.html"
      }
    },
    {
      "type": "Feature",
      "geometry": {
        "type": "Point",
        "coordinates": [
          138.374512,
          36.49202
        ]
      },
      "properties": {
        "issuer": "上田市",
        "card_code": "B001",
        "pref": "長野県",
        "round": "第20弾",
        "issued_date": "2023/07/28",
        "facility": "ゆきむら夢工房",
        "address": "長野県上田市真田町長6090番地1",
        "facility_url": "https://www.city.ueda.nagano.jp/soshiki/ssangyo/2828.html"
      }
    },
    {
      "type": "Feature",
      "geometry": {
        "type": "Point",
        "coordinates": [
          138.23909,
          36.286594
        ]
      },
      "properties": {
        "issuer": "上田市",
        "card_code": "C001",
        "pref": "長野県",
        "round": "第25弾",
        "issued_date": "2025/04/25",
        "facility": "【4/1～12/28】武石ともしび博物館",
        "address": "長野県上田市下武石1902-4",
        "facility_url": "https://www.city.ueda.nagano.jp/soshiki/tkyoiku/1974.html"
      }
    },
    {
      "type": "Feature",
      "geometry": {
        "type": "Point",
        "coordinates": [
          138.247131,
          36.402809
        ]
      },
      "properties": {
        "issuer": "上田市",
        "card_code": "D001",
        "pref": "長野県",
        "round": "第28弾",
        "issued_date": "2026/04/24",
        "facility": "上田市観光会館2階　観光案内所",
        "address": "長野県上田市大手2丁目8番4号",
        "facility_url": "https://ueda-kanko.or.jp/spot/kankoukaikan/"
      }
    },
    {
      "type": "Feature",
      "geometry": {
        "type": "Point",
        "coordinates": [
          138.080231,
          36.069519
        ]
      },
      "properties": {
        "issuer": "下諏訪町",
        "card_code": "A001",
        "pref": "長野県",
        "round": "第14弾",
        "issued_date": "2021/04/25",
        "facility": "下諏訪観光案内所",
        "address": "長野県諏訪郡下諏訪町5317(JR下諏訪駅構内)",
        "facility_url": null
      }
    },
    {
      "type": "Feature",
      "geometry": {
        "type": "Point",
        "coordinates": [
          138.080231,
          36.069519
        ]
      },
      "properties": {
        "issuer": "下諏訪町",
        "card_code": "B001",
        "pref": "長野県",
        "round": "第22弾",
        "issued_date": "2024/04/26",
        "facility": "しもすわ今昔館おいでや",
        "address": "長野県諏訪郡下諏訪町3289",
        "facility_url": "https://konjakukan-oideya.jp/"
      }
    },
    {
      "type": "Feature",
      "geometry": {
        "type": "Point",
        "coordinates": [
          138.080231,
          36.069519
        ]
      },
      "properties": {
        "issuer": "下諏訪町",
        "card_code": "C001",
        "pref": "長野県",
        "round": "第23弾",
        "issued_date": "2024/07/26",
        "facility": "おんばしら館よいさ",
        "address": "長野県諏訪郡下諏訪町168-1",
        "facility_url": "https://shimosuwaonsen.jp/tourism/441/"
      }
    },
    {
      "type": "Feature",
      "geometry": {
        "type": "Point",
        "coordinates": [
          138.369827,
          36.741665
        ]
      },
      "properties": {
        "issuer": "中野市",
        "card_code": "A001",
        "pref": "長野県",
        "round": "第28弾",
        "issued_date": "2026/04/24",
        "facility": "【平日】中野市役所建設水道部上下水道課（本庁舎3階）",
        "address": "長野県中野市三好町一丁目3番19号",
        "facility_url": null
      }
    },
    {
      "type": "Feature",
      "geometry": {
        "type": "Point",
        "coordinates": [
          137.904526,
          35.882446
        ]
      },
      "properties": {
        "issuer": "伊那市",
        "card_code": "A001",
        "pref": "長野県",
        "round": "第11弾",
        "issued_date": "2019/12/14",
        "facility": "みはらしの湯",
        "address": "長野県伊那市西箕輪3480−１",
        "facility_url": "https://www.ina-city-kankou.co.jp/miharashinoyu/"
      }
    },
    {
      "type": "Feature",
      "geometry": {
        "type": "Point",
        "coordinates": [
          138.067566,
          35.824646
        ]
      },
      "properties": {
        "issuer": "伊那市",
        "card_code": "B001",
        "pref": "長野県",
        "round": "第12弾",
        "issued_date": "2020/04/25",
        "facility": "高遠さくらホテル",
        "address": "長野県伊那市高遠町勝間217",
        "facility_url": "https://www.ina-city-kankou.co.jp/sakurahotel/"
      }
    },
    {
      "type": "Feature",
      "geometry": {
        "type": "Point",
        "coordinates": [
          138.104309,
          35.813919
        ]
      },
      "properties": {
        "issuer": "伊那市",
        "card_code": "C001",
        "pref": "長野県",
        "round": "第14弾",
        "issued_date": "2021/04/25",
        "facility": "道の駅　南アルプスむら",
        "address": "長野県伊那市長谷非持1400番地",
        "facility_url": "https://www.ina-city-kankou.co.jp/panya/"
      }
    },
    {
      "type": "Feature",
      "geometry": {
        "type": "Point",
        "coordinates": [
          138.464539,
          36.277763
        ]
      },
      "properties": {
        "issuer": "佐久市",
        "card_code": "A001",
        "pref": "長野県",
        "round": "第11弾",
        "issued_date": "2019/12/14",
        "facility": "プラザ佐久",
        "address": "長野県佐久市佐久平駅東1番地1",
        "facility_url": null
      }
    },
    {
      "type": "Feature",
      "geometry": {
        "type": "Point",
        "coordinates": [
          138.404327,
          36.25761
        ]
      },
      "properties": {
        "issuer": "佐久市",
        "card_code": "B001",
        "pref": "長野県",
        "round": "第15弾",
        "issued_date": "2021/08/17",
        "facility": "道の駅　ほっとぱ～く・浅科",
        "address": "長野県佐久市甲2177-1",
        "facility_url": "https://hotpark-asashina.com/"
      }
    },
    {
      "type": "Feature",
      "geometry": {
        "type": "Point",
        "coordinates": [
          138.436295,
          36.241837
        ]
      },
      "properties": {
        "issuer": "佐久市",
        "card_code": "C001",
        "pref": "長野県",
        "round": "第18弾",
        "issued_date": "2023/01/28",
        "facility": "道の駅 ヘルシーテラス佐久南",
        "address": "長野県佐久市伴野７－１",
        "facility_url": "https://healthyterrace-saku.jp/"
      }
    },
    {
      "type": "Feature",
      "geometry": {
        "type": "Point",
        "coordinates": [
          138.478683,
          36.273308
        ]
      },
      "properties": {
        "issuer": "佐久市",
        "card_code": "D001",
        "pref": "長野県",
        "round": "第24弾",
        "issued_date": "2024/12/20",
        "facility": "岩村田商店街（十三くら）",
        "address": "長野県佐久市岩村田764-1",
        "facility_url": "https://www.iwamurada.com/"
      }
    },
    {
      "type": "Feature",
      "geometry": {
        "type": "Point",
        "coordinates": [
          138.144485,
          36.478619
        ]
      },
      "properties": {
        "issuer": "千曲市",
        "card_code": "A001",
        "pref": "長野県",
        "round": "第07弾",
        "issued_date": "2018/04/28",
        "facility": "千曲市総合観光会館",
        "address": "長野県千曲市上山田温泉2-12-10",
        "facility_url": "http://chikuma-kanko.com/"
      }
    },
    {
      "type": "Feature",
      "geometry": {
        "type": "Point",
        "coordinates": [
          138.117142,
          36.530094
        ]
      },
      "properties": {
        "issuer": "千曲市",
        "card_code": "B001",
        "pref": "長野県",
        "round": "第08弾",
        "issued_date": "2018/08/11",
        "facility": "信州の幸（めぐみ）あんずホール",
        "address": "長野県千曲市杭瀬下一丁目64番地",
        "facility_url": "https://www.chikuma-bunka.jp/shisetsu_goannai/koshokubunkakaikan/index.html"
      }
    },
    {
      "type": "Feature",
      "geometry": {
        "type": "Point",
        "coordinates": [
          138.145676,
          36.478214
        ]
      },
      "properties": {
        "issuer": "千曲市",
        "card_code": "D001",
        "pref": "長野県",
        "round": "第29弾",
        "issued_date": "2026/07/31",
        "facility": "千曲市上山田文化会館",
        "address": "長野県千曲市上山田温泉3丁目1番地1",
        "facility_url": "https://www.chikuma-bunka.jp/shisetsu_goannai/kamiyamadabunkakaikan/index.html"
      }
    },
    {
      "type": "Feature",
      "geometry": {
        "type": "Point",
        "coordinates": [
          138.148026,
          36.486725
        ]
      },
      "properties": {
        "issuer": "千曲市(C001)",
        "card_code": null,
        "pref": "長野県",
        "round": "第11弾",
        "issued_date": "2019/12/14",
        "facility": "千曲市戸倉創造館",
        "address": "長野県千曲市大字戸倉2305番地1",
        "facility_url": "http://www.city.chikuma.lg.jp/"
      }
    },
    {
      "type": "Feature",
      "geometry": {
        "type": "Point",
        "coordinates": [
          137.603958,
          35.565105
        ]
      },
      "properties": {
        "issuer": "南木曽町",
        "card_code": null,
        "pref": "長野県",
        "round": "第11弾",
        "issued_date": "2019/12/14",
        "facility": "妻籠観光案内所",
        "address": "長野県木曽郡南木曽町吾妻2196-1",
        "facility_url": "https://www.town.nagiso.nagano.jp/jyougesuidou/manho-ru.html"
      }
    },
    {
      "type": "Feature",
      "geometry": {
        "type": "Point",
        "coordinates": [
          137.975082,
          35.872898
        ]
      },
      "properties": {
        "issuer": "南箕輪村",
        "card_code": null,
        "pref": "長野県",
        "round": "第12弾",
        "issued_date": "2020/04/25",
        "facility": "道の駅大芝高原　味工房",
        "address": "長野県上伊那郡南箕輪村2358番地5",
        "facility_url": "https://kankou-minamiminowa.nagano.jp/ajikoubou/"
      }
    },
    {
      "type": "Feature",
      "geometry": {
        "type": "Point",
        "coordinates": [
          137.766953,
          35.696079
        ]
      },
      "properties": {
        "issuer": "大桑村",
        "card_code": null,
        "pref": "長野県",
        "round": "第14弾",
        "issued_date": "2021/04/25",
        "facility": "大桑村役場",
        "address": "長野県木曽郡大桑村大字長野880-1",
        "facility_url": "https://www.vill.okuwa.lg.jp/"
      }
    },
    {
      "type": "Feature",
      "geometry": {
        "type": "Point",
        "coordinates": [
          137.870621,
          36.524632
        ]
      },
      "properties": {
        "issuer": "大町市",
        "card_code": null,
        "pref": "長野県",
        "round": "第09弾",
        "issued_date": "2018/12/14",
        "facility": "大町市観光協会",
        "address": "長野県大町市大町3200",
        "facility_url": "http://www.kanko-omachi.gr.jp"
      }
    },
    {
      "type": "Feature",
      "geometry": {
        "type": "Point",
        "coordinates": [
          137.909012,
          36.288673
        ]
      },
      "properties": {
        "issuer": "安曇野市",
        "card_code": null,
        "pref": "長野県",
        "round": "第14弾",
        "issued_date": "2021/04/25",
        "facility": "【平日】安曇野市役所下水道課窓口",
        "address": "長野県安曇野市豊科6000番地",
        "facility_url": "http://www.city.azumino.nagano.jp/soshiki/39/"
      }
    },
    {
      "type": "Feature",
      "geometry": {
        "type": "Point",
        "coordinates": [
          138.313568,
          36.69767
        ]
      },
      "properties": {
        "issuer": "小布施町",
        "card_code": "A001",
        "pref": "長野県",
        "round": "第22弾",
        "issued_date": "2024/04/26",
        "facility": "小布施町役場建設水道課上下水道係窓口",
        "address": "長野県上高井郡小布施町大字小布施1491-2",
        "facility_url": "https://www.town.obuse.nagano.jp/"
      }
    },
    {
      "type": "Feature",
      "geometry": {
        "type": "Point",
        "coordinates": [
          138.313568,
          36.69767
        ]
      },
      "properties": {
        "issuer": "小布施町",
        "card_code": "B001",
        "pref": "長野県",
        "round": "第25弾",
        "issued_date": "2025/04/25",
        "facility": "【平日】小布施町役場建設水道課上下水道係",
        "address": "長野県上高井郡小布施町大字小布施1491-2",
        "facility_url": "https://www.town.obuse.nagano.jp/docs/244999.html"
      }
    },
    {
      "type": "Feature",
      "geometry": {
        "type": "Point",
        "coordinates": [
          138.4254,
          36.327145
        ]
      },
      "properties": {
        "issuer": "小諸市",
        "card_code": "A001",
        "pref": "長野県",
        "round": "第06弾",
        "issued_date": "2017/12/09",
        "facility": "小諸市役所 下水道課窓口",
        "address": "長野県小諸市相生町三丁目3-3",
        "facility_url": "https://www.city.komoro.lg.jp/soshikikarasagasu/kensetsusuidoubu/gesuidoka/index.html"
      }
    },
    {
      "type": "Feature",
      "geometry": {
        "type": "Point",
        "coordinates": [
          138.4254,
          36.327145
        ]
      },
      "properties": {
        "issuer": "小諸市",
        "card_code": "B001",
        "pref": "長野県",
        "round": "第19弾",
        "issued_date": "2023/04/28",
        "facility": "市立小諸図書館",
        "address": "長野県小諸市相生町三丁目3番3号 こもろプラザ1階",
        "facility_url": "https://www.city.komoro.lg.jp/official/index.html"
      }
    },
    {
      "type": "Feature",
      "geometry": {
        "type": "Point",
        "coordinates": [
          138.421707,
          36.326756
        ]
      },
      "properties": {
        "issuer": "小諸市",
        "card_code": "C001",
        "pref": "長野県",
        "round": "第26弾",
        "issued_date": "2025/07/25",
        "facility": "小諸市観光案内所",
        "address": "長野県小諸市相生町1-1-1　小諸駅舎内",
        "facility_url": "https://www.komoro-tour.jp/tourist-information/"
      }
    },
    {
      "type": "Feature",
      "geometry": {
        "type": "Point",
        "coordinates": [
          139.990112,
          36.338661
        ]
      },
      "properties": {
        "issuer": "岡谷市",
        "card_code": null,
        "pref": "長野県",
        "round": "第12弾",
        "issued_date": "2020/04/25",
        "facility": "岡谷蚕糸博物館",
        "address": "⻑野県岡谷市幸町8-1 市役所庁舎4階",
        "facility_url": "http://silkfact.jp/"
      }
    },
    {
      "type": "Feature",
      "geometry": {
        "type": "Point",
        "coordinates": [
          137.803391,
          36.102406
        ]
      },
      "properties": {
        "issuer": "朝日村",
        "card_code": null,
        "pref": "長野県",
        "round": "第09弾",
        "issued_date": "2018/12/14",
        "facility": "朝日村役場",
        "address": "長野県東筑摩郡朝日村大字古見1555-1",
        "facility_url": "https://www.vill.asahi.nagano.jp/"
      }
    },
    {
      "type": "Feature",
      "geometry": {
        "type": "Point",
        "coordinates": [
          138.374252,
          36.355644
        ]
      },
      "properties": {
        "issuer": "東御市",
        "card_code": null,
        "pref": "長野県",
        "round": "第19弾",
        "issued_date": "2023/04/28",
        "facility": "道の駅　雷電くるみの里",
        "address": "長野県東御市滋野乙4524-1",
        "facility_url": "https://raidenkurumi.jp/"
      }
    },
    {
      "type": "Feature",
      "geometry": {
        "type": "Point",
        "coordinates": [
          137.969818,
          36.236614
        ]
      },
      "properties": {
        "issuer": "松本市",
        "card_code": null,
        "pref": "長野県",
        "round": "第06弾",
        "issued_date": "2017/12/09",
        "facility": "松本市観光情報センター",
        "address": "長野県松本市大手3-8-13 松本市役所大手事務所（1階）",
        "facility_url": "http://www.matsumoto-tca.or.jp/association/tic"
      }
    },
    {
      "type": "Feature",
      "geometry": {
        "type": "Point",
        "coordinates": [
          137.994751,
          36.403267
        ]
      },
      "properties": {
        "issuer": "筑北村",
        "card_code": null,
        "pref": "長野県",
        "round": "第18弾",
        "issued_date": "2023/01/28",
        "facility": "西条温泉とくら",
        "address": "長野県東筑摩郡筑北村西条3443番地",
        "facility_url": "https://hpdsp.jp/tokura1000yu/"
      }
    },
    {
      "type": "Feature",
      "geometry": {
        "type": "Point",
        "coordinates": [
          138.151962,
          35.994553
        ]
      },
      "properties": {
        "issuer": "茅野市",
        "card_code": null,
        "pref": "長野県",
        "round": "第06弾",
        "issued_date": "2017/12/09",
        "facility": "茅野市観光案内所",
        "address": "長野県茅野市ちの3506",
        "facility_url": "https://www.city.chino.lg.jp/map/kankoannaijyo.html"
      }
    },
    {
      "type": "Feature",
      "geometry": {
        "type": "Point",
        "coordinates": [
          138.116791,
          36.046715
        ]
      },
      "properties": {
        "issuer": "諏訪市",
        "card_code": null,
        "pref": "長野県",
        "round": "第11弾",
        "issued_date": "2019/12/14",
        "facility": "諏訪市観光案内所",
        "address": "長野県諏訪市諏訪1-1-18　ＪＲ上諏訪駅内",
        "facility_url": "https://www.suwakanko.jp/"
      }
    },
    {
      "type": "Feature",
      "geometry": {
        "type": "Point",
        "coordinates": [
          138.634674,
          36.342827
        ]
      },
      "properties": {
        "issuer": "軽井沢町",
        "card_code": null,
        "pref": "長野県",
        "round": "第26弾",
        "issued_date": "2025/07/25",
        "facility": "①軽井沢町都市施設さわやかハット事務所　2階",
        "address": "長野県北佐久郡軽井沢町大字軽井沢1178番地1186",
        "facility_url": null
      }
    },
    {
      "type": "Feature",
      "geometry": {
        "type": "Point",
        "coordinates": [
          138.54686,
          36.341034
        ]
      },
      "properties": {
        "issuer": "軽井沢町",
        "card_code": "B001",
        "pref": "長野県",
        "round": "第29弾",
        "issued_date": "2026/07/31",
        "facility": "①追分宿郷土館",
        "address": "長野県軽井沢町追分1155-8",
        "facility_url": null
      }
    },
    {
      "type": "Feature",
      "geometry": {
        "type": "Point",
        "coordinates": [
          138.19426,
          36.638416
        ]
      },
      "properties": {
        "issuer": "長野市",
        "card_code": null,
        "pref": "長野県",
        "round": "第14弾",
        "issued_date": "2021/04/25",
        "facility": "長野市観光情報センター",
        "address": "長野県長野市栗田北河原1038-4　JR長野駅構内（東西自由通路）",
        "facility_url": "https://www.go-nagano.net/"
      }
    },
    {
      "type": "Feature",
      "geometry": {
        "type": "Point",
        "coordinates": [
          138.056183,
          36.006775
        ]
      },
      "properties": {
        "issuer": "長野県",
        "card_code": "流域下水道・A001",
        "pref": "長野県",
        "round": "第01弾",
        "issued_date": "2016/04/01",
        "facility": "豊田終末処理場（クリーンレイク諏訪）管理本館１階ロビー",
        "address": "長野県諏訪市大字豊田字湖畔1866-1",
        "facility_url": "http://www.pref.nagano.lg.jp/suwakoryuiki/index.html"
      }
    },
    {
      "type": "Feature",
      "geometry": {
        "type": "Point",
        "coordinates": [
          137.932709,
          36.302155
        ]
      },
      "properties": {
        "issuer": "長野県",
        "card_code": "流域下水道・B001",
        "pref": "長野県",
        "round": "第03弾",
        "issued_date": "2016/12/01",
        "facility": "長野県犀川安曇野流域下水道事務所",
        "address": "長野県安曇野市豊科田沢6709",
        "facility_url": "https://www.pref.nagano.lg.jp/azuminoryuiki/index.html"
      }
    },
    {
      "type": "Feature",
      "geometry": {
        "type": "Point",
        "coordinates": [
          137.882523,
          36.340176
        ]
      },
      "properties": {
        "issuer": "長野県",
        "card_code": "流域下水道・D001",
        "pref": "長野県",
        "round": "第23弾",
        "issued_date": "2024/07/26",
        "facility": "安曇野市観光情報センター",
        "address": "長野県安曇野市穂高5952-3",
        "facility_url": "https://azumino-e-tabi.net/"
      }
    },
    {
      "type": "Feature",
      "geometry": {
        "type": "Point",
        "coordinates": [
          138.091949,
          36.0359
        ]
      },
      "properties": {
        "issuer": "長野県(流域下水道・F001）",
        "card_code": null,
        "pref": "長野県",
        "round": "第29弾",
        "issued_date": "2026/07/31",
        "facility": "諏訪市温泉・温水利用型健康運動施設「すわっこランド」1階受付",
        "address": "長野県諏訪市大字豊田732番地",
        "facility_url": "https://suwakko-land.com"
      }
    },
    {
      "type": "Feature",
      "geometry": {
        "type": "Point",
        "coordinates": [
          138.114914,
          36.530811
        ]
      },
      "properties": {
        "issuer": "長野県（流域下水道・C001）",
        "card_code": null,
        "pref": "長野県",
        "round": "第11弾",
        "issued_date": "2019/12/14",
        "facility": "長野県長野市真島町川合1060-1",
        "address": "千曲川流域下水道事務所上流処理区終末処理場",
        "facility_url": "https://www.pref.nagano.lg.jp/chikumagawaryuiki/index.html"
      }
    },
    {
      "type": "Feature",
      "geometry": {
        "type": "Point",
        "coordinates": [
          138.275574,
          36.700901
        ]
      },
      "properties": {
        "issuer": "長野県（流域下水道・E001)",
        "card_code": null,
        "pref": "長野県",
        "round": "第27弾",
        "issued_date": "2025/12/19",
        "facility": "クリーンピア千曲管理本館",
        "address": "長野県長野市大字赤沼字申高2455",
        "facility_url": "https://www.pref.nagano.lg.jp/chikumagawaryuiki/index.html"
      }
    },
    {
      "type": "Feature",
      "geometry": {
        "type": "Point",
        "coordinates": [
          138.362488,
          36.855927
        ]
      },
      "properties": {
        "issuer": "飯山市",
        "card_code": null,
        "pref": "長野県",
        "round": "第05弾",
        "issued_date": "2017/08/01",
        "facility": "高橋まゆみ人形館",
        "address": "長野県飯山市飯山2941-1",
        "facility_url": "https://www.ningyoukan.net/ "
      }
    },
    {
      "type": "Feature",
      "geometry": {
        "type": "Point",
        "coordinates": [
          137.821899,
          35.514477
        ]
      },
      "properties": {
        "issuer": "飯田市",
        "card_code": "A001",
        "pref": "長野県",
        "round": "第10弾",
        "issued_date": "2019/08/07",
        "facility": "【平日】飯田市役所上下水道局下水道課",
        "address": "長野県飯田市大久保町2534",
        "facility_url": "https://www.city.iida.lg.jp/site/jougesuido/"
      }
    },
    {
      "type": "Feature",
      "geometry": {
        "type": "Point",
        "coordinates": [
          137.969879,
          35.326019
        ]
      },
      "properties": {
        "issuer": "飯田市",
        "card_code": "B001",
        "pref": "長野県",
        "round": "第13弾",
        "issued_date": "2020/12/17",
        "facility": "遠山郷土館和田城",
        "address": "長野県飯田市南信濃和田1192",
        "facility_url": "https://www.iida-museum.org/guidance/related-facility/tohyama/"
      }
    },
    {
      "type": "Feature",
      "geometry": {
        "type": "Point",
        "coordinates": [
          137.936798,
          35.736355
        ]
      },
      "properties": {
        "issuer": "駒ヶ根市",
        "card_code": null,
        "pref": "長野県",
        "round": "第16弾",
        "issued_date": "2022/01/15",
        "facility": "駒ヶ根市駅市民サービスコーナー",
        "address": "長野県駒ヶ根市東町１",
        "facility_url": "https://www.city.komagane.nagano.jp/soshikiichiran/shiminka/shiminkakari/4/1/3156.html"
      }
    },
    {
      "type": "Feature",
      "geometry": {
        "type": "Point",
        "coordinates": [
          137.877655,
          35.552311
        ]
      },
      "properties": {
        "issuer": "高森町",
        "card_code": "A001",
        "pref": "長野県",
        "round": "第16弾",
        "issued_date": "2022/01/15",
        "facility": "【平日】高森町役場環境水道課",
        "address": "長野県下伊那郡高森町下市田2183番地1",
        "facility_url": "https://www.town.nagano-takamori.lg.jp/index.html"
      }
    },
    {
      "type": "Feature",
      "geometry": {
        "type": "Point",
        "coordinates": [
          137.877655,
          35.552311
        ]
      },
      "properties": {
        "issuer": "高森町",
        "card_code": "B001",
        "pref": "長野県",
        "round": "第22弾",
        "issued_date": "2024/04/26",
        "facility": "高森町教育委員会",
        "address": "長野県下伊那郡高森町下市田2183番地1",
        "facility_url": "https://www.town.nagano-takamori.lg.jp/docs/12584.html"
      }
    },
    {
      "type": "Feature",
      "geometry": {
        "type": "Point",
        "coordinates": [
          141.13942,
          41.256542
        ]
      },
      "properties": {
        "issuer": "むつ市",
        "card_code": null,
        "pref": "青森県",
        "round": "第23弾",
        "issued_date": "2024/07/26",
        "facility": "北の防人大湊 安渡館",
        "address": "青森県むつ市桜木町3番1号",
        "facility_url": "https://www.city.mutsu.lg.jp/bunka/leisure/kankousisetu-anndokann.html"
      }
    },
    {
      "type": "Feature",
      "geometry": {
        "type": "Point",
        "coordinates": [
          141.258759,
          40.378483
        ]
      },
      "properties": {
        "issuer": "三戸町",
        "card_code": null,
        "pref": "青森県",
        "round": "第17弾",
        "issued_date": "2022/08/06",
        "facility": "三戸町役場建設課",
        "address": "青森県三戸郡三戸町大字在府小路町43",
        "facility_url": "https://www.town.sannohe.aomori.jp/index.html"
      }
    },
    {
      "type": "Feature",
      "geometry": {
        "type": "Point",
        "coordinates": [
          141.365219,
          40.685066
        ]
      },
      "properties": {
        "issuer": "三沢市",
        "card_code": null,
        "pref": "青森県",
        "round": "第11弾",
        "issued_date": "2019/12/05",
        "facility": "SkyPlazaMISAWA（スカイプラザミサワ）",
        "address": "青森県三沢市中央町２丁目8-34",
        "facility_url": "https://skyplazamisawa.jp"
      }
    },
    {
      "type": "Feature",
      "geometry": {
        "type": "Point",
        "coordinates": [
          140.445312,
          40.809814
        ]
      },
      "properties": {
        "issuer": "五所川原市",
        "card_code": null,
        "pref": "青森県",
        "round": "第11弾",
        "issued_date": "2019/12/14",
        "facility": "立佞武多の館",
        "address": "青森県五所川原市大町506-10",
        "facility_url": "https://www.tachineputa.jp/"
      }
    },
    {
      "type": "Feature",
      "geometry": {
        "type": "Point",
        "coordinates": [
          141.213211,
          40.615074
        ]
      },
      "properties": {
        "issuer": "十和田市",
        "card_code": null,
        "pref": "青森県",
        "round": "第09弾",
        "issued_date": "2018/12/14",
        "facility": "十和田市観光物産センター",
        "address": "青森県十和田市稲生町15-3（アートステーショントワダ内）",
        "facility_url": "https://www.artstowada.com/data.cgi?id=140531042222"
      }
    },
    {
      "type": "Feature",
      "geometry": {
        "type": "Point",
        "coordinates": [
          141.282471,
          40.420063
        ]
      },
      "properties": {
        "issuer": "南部町",
        "card_code": "A001",
        "pref": "青森県",
        "round": "第21弾",
        "issued_date": "2023/12/15",
        "facility": "南部公民館",
        "address": "青森県三戸郡南部町大字沖田面字沖中51番地２",
        "facility_url": "https://www.town.aomori-nanbu.lg.jp/page/1832.html"
      }
    },
    {
      "type": "Feature",
      "geometry": {
        "type": "Point",
        "coordinates": [
          141.342178,
          40.40588
        ]
      },
      "properties": {
        "issuer": "南部町",
        "card_code": "B001",
        "pref": "青森県",
        "round": "第25弾",
        "issued_date": "2025/04/25",
        "facility": "南部町いちょうホール",
        "address": "青森県三戸郡南部町大字平字広場28番地1",
        "facility_url": "https://www.town.aomori-nanbu.lg.jp/page/1716.html"
      }
    },
    {
      "type": "Feature",
      "geometry": {
        "type": "Point",
        "coordinates": [
          140.563492,
          40.615658
        ]
      },
      "properties": {
        "issuer": "平川市",
        "card_code": "A001",
        "pref": "青森県",
        "round": "第29弾",
        "issued_date": "2026/07/31",
        "facility": "平川市ふるさとセンター",
        "address": "青森県平川市猿賀石林94",
        "facility_url": "https://hirakawa-kankou.com"
      }
    },
    {
      "type": "Feature",
      "geometry": {
        "type": "Point",
        "coordinates": [
          140.466019,
          40.606075
        ]
      },
      "properties": {
        "issuer": "弘前市",
        "card_code": null,
        "pref": "青森県",
        "round": "第09弾",
        "issued_date": "2018/12/14",
        "facility": "弘前市緑の相談所",
        "address": "青森県弘前市下白銀町1-1",
        "facility_url": "http://www.hirosakipark.or.jp/green/index.html"
      }
    },
    {
      "type": "Feature",
      "geometry": {
        "type": "Point",
        "coordinates": [
          140.861526,
          40.890911
        ]
      },
      "properties": {
        "issuer": "青森市",
        "card_code": null,
        "pref": "青森県",
        "round": "第05弾",
        "issued_date": "2017/08/01",
        "facility": "「道の駅」浅虫温泉 ゆ～さ浅虫",
        "address": "青森県青森市大字浅虫字螢谷341-19",
        "facility_url": "http://www.yu-sa.jp/"
      }
    },
    {
      "type": "Feature",
      "geometry": {
        "type": "Point",
        "coordinates": [
          138.912338,
          35.125584
        ]
      },
      "properties": {
        "issuer": "三島市",
        "card_code": null,
        "pref": "静岡県",
        "round": "第11弾",
        "issued_date": "2019/12/14",
        "facility": "三島観光案内所",
        "address": "静岡県三島市一番町16-1",
        "facility_url": null
      }
    },
    {
      "type": "Feature",
      "geometry": {
        "type": "Point",
        "coordinates": [
          138.51059,
          35.480701
        ]
      },
      "properties": {
        "issuer": "下田市",
        "card_code": null,
        "pref": "静岡県",
        "round": "第20弾",
        "issued_date": "2023/07/28",
        "facility": "下田市外が岡1-1",
        "address": "道の駅開国下田みなと（２Ｆ下田市観光協会事務局）",
        "facility_url": "https://www.kaikokushimodaminato.co.jp/"
      }
    },
    {
      "type": "Feature",
      "geometry": {
        "type": "Point",
        "coordinates": [
          139.097122,
          34.971806
        ]
      },
      "properties": {
        "issuer": "伊東市",
        "card_code": null,
        "pref": "静岡県",
        "round": "第11弾",
        "issued_date": "2019/12/14",
        "facility": "伊東温泉観光・文化施設「東海館」",
        "address": "静岡県伊東市東松原町12-10",
        "facility_url": "https://itospa.com/feature/tokaikan/"
      }
    },
    {
      "type": "Feature",
      "geometry": {
        "type": "Point",
        "coordinates": [
          138.947632,
          35.039806
        ]
      },
      "properties": {
        "issuer": "伊豆の国市",
        "card_code": null,
        "pref": "静岡県",
        "round": "第11弾",
        "issued_date": "2019/12/14",
        "facility": "伊豆の国市観光案内所",
        "address": "静岡県伊豆の国市南條780-3",
        "facility_url": "http://izunotabi.com/"
      }
    },
    {
      "type": "Feature",
      "geometry": {
        "type": "Point",
        "coordinates": [
          138.866211,
          34.650078
        ]
      },
      "properties": {
        "issuer": "南伊豆町",
        "card_code": null,
        "pref": "静岡県",
        "round": "第03弾",
        "issued_date": "2016/12/01",
        "facility": "南伊豆町観光協会",
        "address": "静岡県賀茂郡南伊豆町下賀茂157-1",
        "facility_url": "http://www.minami-izu.jp/"
      }
    },
    {
      "type": "Feature",
      "geometry": {
        "type": "Point",
        "coordinates": [
          138.247589,
          34.778946
        ]
      },
      "properties": {
        "issuer": "吉田町",
        "card_code": null,
        "pref": "静岡県",
        "round": "第13弾",
        "issued_date": "2020/12/17",
        "facility": "しらすのまどぐち",
        "address": "静岡県榛原郡吉田町片岡2499番地の2",
        "facility_url": "http://www.town.yoshida.shizuoka.jp/6462.htm"
      }
    },
    {
      "type": "Feature",
      "geometry": {
        "type": "Point",
        "coordinates": [
          138.621124,
          35.221245
        ]
      },
      "properties": {
        "issuer": "富士宮市",
        "card_code": "A001",
        "pref": "静岡県",
        "round": "第12弾",
        "issued_date": "2020/04/25",
        "facility": "【平日】富士宮市役所下水道課",
        "address": "静岡県富士宮市弓沢町150",
        "facility_url": "http://www.city.fujinomiya.lg.jp/"
      }
    },
    {
      "type": "Feature",
      "geometry": {
        "type": "Point",
        "coordinates": [
          138.613724,
          35.222015
        ]
      },
      "properties": {
        "issuer": "富士宮市",
        "card_code": "B001",
        "pref": "静岡県",
        "round": "第13弾",
        "issued_date": "2020/12/17",
        "facility": "富士宮駅前観光案内所",
        "address": "静岡県富士宮市中央町16番1号",
        "facility_url": "https://fujinomiya.gr.jp/"
      }
    },
    {
      "type": "Feature",
      "geometry": {
        "type": "Point",
        "coordinates": [
          138.610535,
          35.225037
        ]
      },
      "properties": {
        "issuer": "富士宮市",
        "card_code": "C001",
        "pref": "静岡県",
        "round": "第14弾",
        "issued_date": "2021/04/25",
        "facility": "寄って宮",
        "address": "静岡県富士宮市宮町1-1",
        "facility_url": "https://fmkanvol.com/"
      }
    },
    {
      "type": "Feature",
      "geometry": {
        "type": "Point",
        "coordinates": [
          138.661819,
          35.156727
        ]
      },
      "properties": {
        "issuer": "富士市",
        "card_code": "A001",
        "pref": "静岡県",
        "round": "第01弾",
        "issued_date": "2016/04/01",
        "facility": "【平日】富士市役所 上下水道部 上下水道営業課",
        "address": "静岡県富士市本市場441-1(静岡県富士総合庁舎6階)",
        "facility_url": "https://www.google.com/maps/search/?api=1&query=%E9%9D%99%E5%B2%A1%E7%9C%8C%E5%AF%8C%E5%A3%AB%E7%B7%8F%E5%90%88%E5%BA%81%E8%88%8E"
      }
    },
    {
      "type": "Feature",
      "geometry": {
        "type": "Point",
        "coordinates": [
          138.702957,
          35.152699
        ]
      },
      "properties": {
        "issuer": "富士市",
        "card_code": "B001",
        "pref": "静岡県",
        "round": "第13弾",
        "issued_date": "2020/12/17",
        "facility": "岳南排水路管理組合総務課業務係",
        "address": "静岡県富士市今泉654-1",
        "facility_url": "http://gakunan-haisuiro.jp/link(html)/manhole/manhole.html"
      }
    },
    {
      "type": "Feature",
      "geometry": {
        "type": "Point",
        "coordinates": [
          138.677155,
          35.139099
        ]
      },
      "properties": {
        "issuer": "富士市",
        "card_code": "C001",
        "pref": "静岡県",
        "round": "第29弾",
        "issued_date": "2026/07/31",
        "facility": "イオンタウン富士南　2階モールインフォメーション",
        "address": "静岡県富士市鮫島118-10",
        "facility_url": "https://www.aeontown.co.jp/fujiminami/"
      }
    },
    {
      "type": "Feature",
      "geometry": {
        "type": "Point",
        "coordinates": [
          138.950104,
          35.344837
        ]
      },
      "properties": {
        "issuer": "小山町",
        "card_code": null,
        "pref": "静岡県",
        "round": "第08弾",
        "issued_date": "2018/08/11",
        "facility": "小山町観光協会(道の駅ふじおやま内)",
        "address": "静岡県駿東郡小山町用沢72-2",
        "facility_url": "http://kanko-oyama.jp/"
      }
    },
    {
      "type": "Feature",
      "geometry": {
        "type": "Point",
        "coordinates": [
          138.868057,
          35.296848
        ]
      },
      "properties": {
        "issuer": "御殿場市",
        "card_code": null,
        "pref": "静岡県",
        "round": "第09弾",
        "issued_date": "2018/12/14",
        "facility": "御殿場市富士山交流センター富士山樹空の森",
        "address": "静岡県御殿場市印野1380-15",
        "facility_url": "http://www.jukuu.jp"
      }
    },
    {
      "type": "Feature",
      "geometry": {
        "type": "Point",
        "coordinates": [
          138.014191,
          34.775204
        ]
      },
      "properties": {
        "issuer": "掛川市",
        "card_code": null,
        "pref": "静岡県",
        "round": "第11弾",
        "issued_date": "2019/12/14",
        "facility": "掛川城公園（掛川城券売所）",
        "address": "静岡県掛川市掛川1138番地の24",
        "facility_url": "http://www.city.kakegawa.shizuoka.jp/life/kouen/shisetsu/eikikitaeria/kakegawajo.html"
      }
    },
    {
      "type": "Feature",
      "geometry": {
        "type": "Point",
        "coordinates": [
          137.925919,
          34.835609
        ]
      },
      "properties": {
        "issuer": "森町",
        "card_code": null,
        "pref": "静岡県",
        "round": "第19弾",
        "issued_date": "2023/04/28",
        "facility": "森町役場上下水道課",
        "address": "静岡県周智郡森町森２１０１－１",
        "facility_url": "https://www.town.morimachi.shizuoka.jp/gyosei/kurashi_tetsuzuki/jogesuido/"
      }
    },
    {
      "type": "Feature",
      "geometry": {
        "type": "Point",
        "coordinates": [
          138.863083,
          35.096172
        ]
      },
      "properties": {
        "issuer": "沼津市(A001)",
        "card_code": null,
        "pref": "静岡県",
        "round": "第05弾",
        "issued_date": "2017/08/01",
        "facility": "【平日】沼津市役所 水道部 水道総務課",
        "address": "静岡県沼津市御幸町16-1（水道部庁舎2階）",
        "facility_url": "https://www.city.numazu.shizuoka.jp/shisei/office/ichiran/suido/soumu.htm"
      }
    },
    {
      "type": "Feature",
      "geometry": {
        "type": "Point",
        "coordinates": [
          138.861343,
          35.103424
        ]
      },
      "properties": {
        "issuer": "沼津市(B001)",
        "card_code": null,
        "pref": "静岡県",
        "round": "第11弾",
        "issued_date": "2019/12/14",
        "facility": "沼津観光案内所",
        "address": "静岡県沼津市大手町1-1-1　沼津駅ビルアントレ２階",
        "facility_url": "https://numazuminato.com/shop/kankoukyoukai/"
      }
    },
    {
      "type": "Feature",
      "geometry": {
        "type": "Point",
        "coordinates": [
          137.726303,
          34.710808
        ]
      },
      "properties": {
        "issuer": "浜松市",
        "card_code": "A001",
        "pref": "静岡県",
        "round": "第04弾",
        "issued_date": "2017/04/03",
        "facility": "浜松市観光インフォメーションセンター",
        "address": "静岡県浜松市中区砂山町265-13（JR浜松駅構内）",
        "facility_url": "https://www.inhamamatsu.com/japanese/info/tourists-info-center.php"
      }
    },
    {
      "type": "Feature",
      "geometry": {
        "type": "Point",
        "coordinates": [
          137.726303,
          34.710808
        ]
      },
      "properties": {
        "issuer": "浜松市",
        "card_code": "B001",
        "pref": "静岡県",
        "round": "第21弾",
        "issued_date": "2023/12/15",
        "facility": "犀ヶ崖資料館",
        "address": "静岡県浜松市中区鹿谷町25-10",
        "facility_url": "http://www.city.hamamatsu.shizuoka.jp/c-machi/culture_art/saigagake/saigagake.html"
      }
    },
    {
      "type": "Feature",
      "geometry": {
        "type": "Point",
        "coordinates": [
          137.561325,
          34.694771
        ]
      },
      "properties": {
        "issuer": "湖西市",
        "card_code": null,
        "pref": "静岡県",
        "round": "第19弾",
        "issued_date": "2023/04/28",
        "facility": "新居関所史料館",
        "address": "静岡県湖西市新居町新居1227-5",
        "facility_url": "https://www.city.kosai.shizuoka.jp/kanko_bunka_sports/kankospot/9675.html"
      }
    },
    {
      "type": "Feature",
      "geometry": {
        "type": "Point",
        "coordinates": [
          137.497803,
          34.677471
        ]
      },
      "properties": {
        "issuer": "湖西市",
        "card_code": "B001",
        "pref": "静岡県",
        "round": "第29弾",
        "issued_date": "2026/07/31",
        "facility": "道の駅　潮見坂",
        "address": "静岡県湖西市白須賀1896-2",
        "facility_url": "https://www.city.kosai.shizuoka.jp/kanko_bunka_sports/kankospot/12197.html"
      }
    },
    {
      "type": "Feature",
      "geometry": {
        "type": "Point",
        "coordinates": [
          138.318695,
          34.871555
        ]
      },
      "properties": {
        "issuer": "焼津市",
        "card_code": null,
        "pref": "静岡県",
        "round": "第06弾",
        "issued_date": "2017/12/09",
        "facility": "焼津市観光協会",
        "address": "静岡県焼津市栄町1-2-14",
        "facility_url": "http://www.yaizu.gr.jp/"
      }
    },
    {
      "type": "Feature",
      "geometry": {
        "type": "Point",
        "coordinates": [
          139.072098,
          35.096329
        ]
      },
      "properties": {
        "issuer": "熱海市",
        "card_code": "A001",
        "pref": "静岡県",
        "round": "第08弾",
        "issued_date": "2018/08/11",
        "facility": "【平日】熱海市役所 下水道課（上下水道・温泉料金センター）",
        "address": "静岡県熱海市中央町1-1",
        "facility_url": "http://www.city.atami.lg.jp"
      }
    },
    {
      "type": "Feature",
      "geometry": {
        "type": "Point",
        "coordinates": [
          139.074554,
          35.094322
        ]
      },
      "properties": {
        "issuer": "熱海市",
        "card_code": "B001",
        "pref": "静岡県",
        "round": "第09弾",
        "issued_date": "2018/12/14",
        "facility": "熱海市観光協会（ワカガエルステーション）",
        "address": "静岡県熱海市渚町2018-8親水公園レインボーデッキ内（初川寄り）",
        "facility_url": "https://www.ataminews.gr.jp/information/"
      }
    },
    {
      "type": "Feature",
      "geometry": {
        "type": "Point",
        "coordinates": [
          137.853271,
          34.711632
        ]
      },
      "properties": {
        "issuer": "磐田市",
        "card_code": null,
        "pref": "静岡県",
        "round": "第07弾",
        "issued_date": "2018/04/28",
        "facility": "磐田市観光協会",
        "address": "静岡県磐田市中泉1-1-5（JR磐田駅北口）",
        "facility_url": "http://www.kanko-iwata.jp/"
      }
    },
    {
      "type": "Feature",
      "geometry": {
        "type": "Point",
        "coordinates": [
          138.256287,
          34.876205
        ]
      },
      "properties": {
        "issuer": "藤枝市",
        "card_code": null,
        "pref": "静岡県",
        "round": "第08弾",
        "issued_date": "2018/08/11",
        "facility": "藤枝市郷土博物館・文学館",
        "address": "静岡県藤枝市若王子500",
        "facility_url": "http://www.city.fujieda.shizuoka.jp/i/kyodomuse/"
      }
    },
    {
      "type": "Feature",
      "geometry": {
        "type": "Point",
        "coordinates": [
          138.902786,
          35.184891
        ]
      },
      "properties": {
        "issuer": "裾野市",
        "card_code": null,
        "pref": "静岡県",
        "round": "第27弾",
        "issued_date": "2025/12/19",
        "facility": "裾野市観光協会",
        "address": "静岡県裾野市千福7-1",
        "facility_url": "https://www.susonokanko.jp/"
      }
    },
    {
      "type": "Feature",
      "geometry": {
        "type": "Point",
        "coordinates": [
          138.896744,
          35.138248
        ]
      },
      "properties": {
        "issuer": "長泉町",
        "card_code": "A001",
        "pref": "静岡県",
        "round": "第08弾",
        "issued_date": "2018/08/11",
        "facility": "【平日】長泉町上下水道課",
        "address": "静岡県駿東郡長泉町中土狩828",
        "facility_url": "http://www.town.nagaizumi.lg.jp/"
      }
    },
    {
      "type": "Feature",
      "geometry": {
        "type": "Point",
        "coordinates": [
          138.895279,
          35.141331
        ]
      },
      "properties": {
        "issuer": "長泉町",
        "card_code": "B001",
        "pref": "静岡県",
        "round": "第24弾",
        "issued_date": "2024/12/20",
        "facility": "ウエルピアながいずみ健康づくりセンター",
        "address": "静岡県駿東郡長泉町納米里549",
        "facility_url": "https://shisetsu.mizuno.jp/m-7621"
      }
    },
    {
      "type": "Feature",
      "geometry": {
        "type": "Point",
        "coordinates": [
          138.379791,
          34.972336
        ]
      },
      "properties": {
        "issuer": "静岡市",
        "card_code": "A001",
        "pref": "静岡県",
        "round": "第04弾",
        "issued_date": "2017/04/03",
        "facility": "【平日】静岡市上下水道局庁舎",
        "address": "静岡県静岡市葵区七間町15-1（上下水道局庁舎6階　上下水道経営企画課）",
        "facility_url": "https://www.city.shizuoka.lg.jp/556_000024.html#h2_5"
      }
    },
    {
      "type": "Feature",
      "geometry": {
        "type": "Point",
        "coordinates": [
          138.488327,
          35.024021
        ]
      },
      "properties": {
        "issuer": "静岡市",
        "card_code": "B001",
        "pref": "静岡県",
        "round": "第09弾",
        "issued_date": "2018/12/14",
        "facility": "清水駅前観光案内所（ＪＲ清水駅前）",
        "address": "静岡県静岡市清水区辻1丁目1-3-103　アトラス清水駅前1階",
        "facility_url": "http://www.visit-shizuoka.com/useful_info/"
      }
    },
    {
      "type": "Feature",
      "geometry": {
        "type": "Point",
        "coordinates": [
          134.170563,
          34.32465
        ]
      },
      "properties": {
        "issuer": "さぬき市",
        "card_code": null,
        "pref": "香川県",
        "round": "第07弾",
        "issued_date": "2018/04/28",
        "facility": "さぬき市役所建設経済部　下水道課",
        "address": "香川県さぬき市志度5385番地8　本庁舎2階",
        "facility_url": null
      }
    },
    {
      "type": "Feature",
      "geometry": {
        "type": "Point",
        "coordinates": [
          134.135086,
          34.268349
        ]
      },
      "properties": {
        "issuer": "三木町",
        "card_code": null,
        "pref": "香川県",
        "round": "第04弾",
        "issued_date": "2017/04/03",
        "facility": "三木町役場下水道課",
        "address": "香川県木田郡三木町大字氷上310",
        "facility_url": null
      }
    },
    {
      "type": "Feature",
      "geometry": {
        "type": "Point",
        "coordinates": [
          133.798172,
          34.290001
        ]
      },
      "properties": {
        "issuer": "丸亀市",
        "card_code": "A001",
        "pref": "香川県",
        "round": "第04弾",
        "issued_date": "2017/04/03",
        "facility": "【平日】丸亀市役所 下水道課",
        "address": "香川県丸亀市大手町2－4－21（市役所本庁3階）",
        "facility_url": null
      }
    },
    {
      "type": "Feature",
      "geometry": {
        "type": "Point",
        "coordinates": [
          133.862152,
          34.263966
        ]
      },
      "properties": {
        "issuer": "丸亀市",
        "card_code": "B001",
        "pref": "香川県",
        "round": "第09弾",
        "issued_date": "2018/12/14",
        "facility": "【平日】丸亀市飯山市民総合センター 業務担当窓口",
        "address": "香川県丸亀市飯山町川原1114番地1",
        "facility_url": null
      }
    },
    {
      "type": "Feature",
      "geometry": {
        "type": "Point",
        "coordinates": [
          133.878387,
          34.231907
        ]
      },
      "properties": {
        "issuer": "丸亀市",
        "card_code": "C001",
        "pref": "香川県",
        "round": "第12弾",
        "issued_date": "2020/04/25",
        "facility": "【平日】丸亀市綾歌市民総合センター業務担当窓口",
        "address": "香川県丸亀市綾歌町栗熊西1638番地",
        "facility_url": null
      }
    },
    {
      "type": "Feature",
      "geometry": {
        "type": "Point",
        "coordinates": [
          133.769943,
          34.294312
        ]
      },
      "properties": {
        "issuer": "丸亀市",
        "card_code": "D001",
        "pref": "香川県",
        "round": "第24弾",
        "issued_date": "2024/12/20",
        "facility": "【平日】丸亀市浄化センター",
        "address": "香川県丸亀市昭和町21番地1",
        "facility_url": "https://www.city.marugame.lg.jp/page/1402.html"
      }
    },
    {
      "type": "Feature",
      "geometry": {
        "type": "Point",
        "coordinates": [
          133.855774,
          34.313377
        ]
      },
      "properties": {
        "issuer": "坂出市",
        "card_code": "A001",
        "pref": "香川県",
        "round": "第22弾",
        "issued_date": "2024/04/26",
        "facility": "坂出市観光案内所",
        "address": "香川県坂出市元町1-1-1 JR坂出駅構内",
        "facility_url": "https://sakaide-kankou.com/"
      }
    },
    {
      "type": "Feature",
      "geometry": {
        "type": "Point",
        "coordinates": [
          133.896027,
          34.34985
        ]
      },
      "properties": {
        "issuer": "坂出市",
        "card_code": "B001",
        "pref": "香川県",
        "round": "第28弾",
        "issued_date": "2026/04/24",
        "facility": "坂出市塩業資料館",
        "address": "香川県坂出市大屋冨町1777-12",
        "facility_url": "https://www.city.sakaide.lg.jp/soshiki/bunkashinkou/engyou-musium.html"
      }
    },
    {
      "type": "Feature",
      "geometry": {
        "type": "Point",
        "coordinates": [
          133.758652,
          34.272305
        ]
      },
      "properties": {
        "issuer": "多度津町",
        "card_code": null,
        "pref": "香川県",
        "round": "第09弾",
        "issued_date": "2018/12/14",
        "facility": "【平日】多度津町役場建設課",
        "address": "香川県仲多度郡多度津町栄町3丁目3番95号",
        "facility_url": null
      }
    },
    {
      "type": "Feature",
      "geometry": {
        "type": "Point",
        "coordinates": [
          134.360397,
          34.242977
        ]
      },
      "properties": {
        "issuer": "東かがわ市",
        "card_code": null,
        "pref": "香川県",
        "round": "第08弾",
        "issued_date": "2018/08/11",
        "facility": "【平日】東かがわ市役所 都市整備課",
        "address": "香川県東かがわ市湊1847-1",
        "facility_url": "https://www.higashikagawa.jp/"
      }
    },
    {
      "type": "Feature",
      "geometry": {
        "type": "Point",
        "coordinates": [
          133.925461,
          34.249687
        ]
      },
      "properties": {
        "issuer": "綾川町",
        "card_code": "A001",
        "pref": "香川県",
        "round": "第09弾",
        "issued_date": "2018/12/14",
        "facility": "綾川町役場建設課",
        "address": "香川県綾歌郡綾川町滝宮299番地",
        "facility_url": "http://www.town.ayagawa.lg.jp/"
      }
    },
    {
      "type": "Feature",
      "geometry": {
        "type": "Point",
        "coordinates": [
          133.925461,
          34.249687
        ]
      },
      "properties": {
        "issuer": "綾川町",
        "card_code": "B001",
        "pref": "香川県",
        "round": "第10弾",
        "issued_date": "2019/08/07",
        "facility": "綾川町立生涯学習センター",
        "address": "香川県綾歌郡綾川町滝宮318番地",
        "facility_url": "https://www.town.ayagawa.lg.jp/docs/2012030900029/"
      }
    },
    {
      "type": "Feature",
      "geometry": {
        "type": "Point",
        "coordinates": [
          133.653061,
          34.126499
        ]
      },
      "properties": {
        "issuer": "観音寺市",
        "card_code": null,
        "pref": "香川県",
        "round": "第03弾",
        "issued_date": "2016/12/01",
        "facility": "大正橋プラザ（観音寺市観光案内所）",
        "address": "香川県観音寺市観音寺町甲1234番地4",
        "facility_url": null
      }
    },
    {
      "type": "Feature",
      "geometry": {
        "type": "Point",
        "coordinates": [
          133.825516,
          34.310349
        ]
      },
      "properties": {
        "issuer": "香川県",
        "card_code": "流域下水道・A001",
        "pref": "香川県",
        "round": "第02弾",
        "issued_date": "2016/08/01",
        "facility": "中讃流域下水道大束川浄化センター",
        "address": "香川県綾歌郡宇多津町吉田4001-4",
        "facility_url": "https://kagawa-gesui.or.jp/"
      }
    },
    {
      "type": "Feature",
      "geometry": {
        "type": "Point",
        "coordinates": [
          133.761627,
          34.284096
        ]
      },
      "properties": {
        "issuer": "香川県",
        "card_code": "流域下水道・A002",
        "pref": "香川県",
        "round": "第02弾",
        "issued_date": "2016/08/01",
        "facility": "中讃流域下水道金倉川浄化センター",
        "address": "香川県仲多度郡多度津町堀江5-10-1",
        "facility_url": "https://kagawa-gesui.or.jp/publics/index/28/"
      }
    },
    {
      "type": "Feature",
      "geometry": {
        "type": "Point",
        "coordinates": [
          134.052551,
          34.338688
        ]
      },
      "properties": {
        "issuer": "高松市",
        "card_code": "A001",
        "pref": "香川県",
        "round": "第03弾",
        "issued_date": "2016/12/01",
        "facility": "瓦町FLAG 市民サービスセンター",
        "address": "香川県高松市常磐町1-3-1（FLAG8階）",
        "facility_url": null
      }
    },
    {
      "type": "Feature",
      "geometry": {
        "type": "Point",
        "coordinates": [
          133.953018,
          34.302498
        ]
      },
      "properties": {
        "issuer": "高松市",
        "card_code": "B001",
        "pref": "香川県",
        "round": "第17弾",
        "issued_date": "2022/08/06",
        "facility": "高松盆栽の郷",
        "address": "香川県高松市国分寺町国分353-1",
        "facility_url": "https://takamatsu-bonsai.com/"
      }
    },
    {
      "type": "Feature",
      "geometry": {
        "type": "Point",
        "coordinates": [
          133.57457,
          33.665726
        ]
      },
      "properties": {
        "issuer": "南国市",
        "card_code": null,
        "pref": "高知県",
        "round": "第26弾",
        "issued_date": "2025/07/25",
        "facility": "海洋堂SpaceFactoryなんこく",
        "address": "高知県南国市大埇甲1623-3",
        "facility_url": "https://kaiyodo-sfn.jp"
      }
    },
    {
      "type": "Feature",
      "geometry": {
        "type": "Point",
        "coordinates": [
          133.565002,
          33.727287
        ]
      },
      "properties": {
        "issuer": "土佐町",
        "card_code": null,
        "pref": "高知県",
        "round": "第08弾",
        "issued_date": "2018/08/11",
        "facility": "道の駅さめうら",
        "address": "高知県土佐郡土佐町田井448-2",
        "facility_url": "https://www.tosa-sameura.com/"
      }
    },
    {
      "type": "Feature",
      "geometry": {
        "type": "Point",
        "coordinates": [
          133.292709,
          33.392372
        ]
      },
      "properties": {
        "issuer": "須崎市",
        "card_code": "A001",
        "pref": "高知県",
        "round": "第01弾",
        "issued_date": "2016/04/01",
        "facility": "一般社団法人 須崎市観光協会",
        "address": "高知県須崎市原町1-9-11",
        "facility_url": "https://sta2020.com/"
      }
    },
    {
      "type": "Feature",
      "geometry": {
        "type": "Point",
        "coordinates": [
          133.289413,
          33.389835
        ]
      },
      "properties": {
        "issuer": "須崎市",
        "card_code": "B001",
        "pref": "高知県",
        "round": "第08弾",
        "issued_date": "2018/08/11",
        "facility": "すさきまちかどギャラリー 旧三浦邸",
        "address": "高知県須崎市青木町1-16",
        "facility_url": "http://machikado-gallery.com/"
      }
    },
    {
      "type": "Feature",
      "geometry": {
        "type": "Point",
        "coordinates": [
          133.700211,
          33.56356
        ]
      },
      "properties": {
        "issuer": "香南市",
        "card_code": "A001",
        "pref": "高知県",
        "round": "第01弾",
        "issued_date": "2016/04/01",
        "facility": "香南市役所 1階「総合案内」",
        "address": "高知県香南市野市町西野2706",
        "facility_url": "http://www.city.kochi-konan.lg.jp/"
      }
    },
    {
      "type": "Feature",
      "geometry": {
        "type": "Point",
        "coordinates": [
          133.741272,
          33.571861
        ]
      },
      "properties": {
        "issuer": "香南市",
        "card_code": "B001",
        "pref": "高知県",
        "round": "第01弾",
        "issued_date": "2016/04/01",
        "facility": "香南市役所 香我美庁舎",
        "address": "高知県香南市香我美町下分646",
        "facility_url": "http://www.city.kochi-konan.lg.jp/"
      }
    },
    {
      "type": "Feature",
      "geometry": {
        "type": "Point",
        "coordinates": [
          133.755081,
          33.537502
        ]
      },
      "properties": {
        "issuer": "香南市",
        "card_code": "C001",
        "pref": "高知県",
        "round": "第01弾",
        "issued_date": "2016/04/01",
        "facility": "香南市役所 夜須庁舎",
        "address": "高知県香南市夜須町坪井219",
        "facility_url": "http://www.city.kochi-konan.lg.jp/"
      }
    },
    {
      "type": "Feature",
      "geometry": {
        "type": "Point",
        "coordinates": [
          133.698929,
          33.561897
        ]
      },
      "properties": {
        "issuer": "香南市",
        "card_code": "D001",
        "pref": "高知県",
        "round": "第15弾",
        "issued_date": "2021/08/17",
        "facility": "香南市観光協会",
        "address": "高知県香南市野市町西野2056",
        "facility_url": "http://www.kounan-navi.com"
      }
    },
    {
      "type": "Feature",
      "geometry": {
        "type": "Point",
        "coordinates": [
          133.745407,
          33.60413
        ]
      },
      "properties": {
        "issuer": "香美市",
        "card_code": "A001",
        "pref": "高知県",
        "round": "第25弾",
        "issued_date": "2025/04/25",
        "facility": "龍河洞観光センター",
        "address": "高知県香美市土佐山田町逆川1424",
        "facility_url": "https://ryugadou.or.jp/"
      }
    },
    {
      "type": "Feature",
      "geometry": {
        "type": "Point",
        "coordinates": [
          133.685318,
          33.606987
        ]
      },
      "properties": {
        "issuer": "香美市",
        "card_code": "B001",
        "pref": "高知県",
        "round": "第26弾",
        "issued_date": "2025/07/25",
        "facility": "香美市いんふぉめーしょん（観光案内所）",
        "address": "高知県香美市土佐山田町東本町1-5-1",
        "facility_url": "http://www.kigenhaeikayo.com/page/00000081.htm"
      }
    },
    {
      "type": "Feature",
      "geometry": {
        "type": "Point",
        "coordinates": [
          133.778534,
          33.647324
        ]
      },
      "properties": {
        "issuer": "香美市",
        "card_code": "D001",
        "pref": "高知県",
        "round": "第28弾",
        "issued_date": "2026/04/24",
        "facility": "道の駅美良布（韮生の里　美良布直販店）",
        "address": "高知県香美市香北町美良布1211",
        "facility_url": "https://www.sk-michinoeki.jp/michinoeki/440"
      }
    },
    {
      "type": "Feature",
      "geometry": {
        "type": "Point",
        "coordinates": [
          133.778534,
          33.647324
        ]
      },
      "properties": {
        "issuer": "香美市",
        "card_code": "E001",
        "pref": "高知県",
        "round": "第29弾",
        "issued_date": "2026/07/31",
        "facility": "かみんか（愛と勇気の物語交流館）",
        "address": "高知県香美市香北町美良布1141-1",
        "facility_url": "https://www.city.kami.lg.jp/soshiki/34/kaminka.html"
      }
    },
    {
      "type": "Feature",
      "geometry": {
        "type": "Point",
        "coordinates": [
          133.883224,
          33.705917
        ]
      },
      "properties": {
        "issuer": "香美市(C001)",
        "card_code": null,
        "pref": "高知県",
        "round": "第27弾",
        "issued_date": "2025/12/19",
        "facility": "奥物部ふるさと物産館",
        "address": "高知県香美市物部町大栃872-2",
        "facility_url": "https://monobegawa.com/tourist-spot/4396"
      }
    },
    {
      "type": "Feature",
      "geometry": {
        "type": "Point",
        "coordinates": [
          133.572647,
          33.562576
        ]
      },
      "properties": {
        "issuer": "高知市",
        "card_code": null,
        "pref": "高知県",
        "round": "第01弾",
        "issued_date": "2016/04/01",
        "facility": "【平日】海老ノ丸ポンプ場",
        "address": "高知県高知市高須353-2",
        "facility_url": null
      }
    },
    {
      "type": "Feature",
      "geometry": {
        "type": "Point",
        "coordinates": [
          133.575226,
          33.563995
        ]
      },
      "properties": {
        "issuer": "高知県",
        "card_code": "流域下水道",
        "pref": "高知県",
        "round": "第05弾",
        "issued_date": "2017/08/01",
        "facility": "高須浄化センター",
        "address": "高知県高知市高須304",
        "facility_url": "http://www.pref.kochi.lg.jp/soshiki/171801/"
      }
    },
    {
      "type": "Feature",
      "geometry": {
        "type": "Point",
        "coordinates": [
          133.893509,
          35.409439
        ]
      },
      "properties": {
        "issuer": "三朝町",
        "card_code": null,
        "pref": "鳥取県",
        "round": "第27弾",
        "issued_date": "2025/12/19",
        "facility": "三朝温泉観光商工センター",
        "address": "鳥取県東伯郡三朝町三朝973-1",
        "facility_url": "https://misasaonsen.jp/sightseeings/sightseeing-1006/"
      }
    },
    {
      "type": "Feature",
      "geometry": {
        "type": "Point",
        "coordinates": [
          133.82428,
          35.432365
        ]
      },
      "properties": {
        "issuer": "倉吉市",
        "card_code": "A001",
        "pref": "鳥取県",
        "round": "第13弾",
        "issued_date": "2020/12/17",
        "facility": "赤瓦一号館",
        "address": "鳥取県倉吉市新町１丁目2441",
        "facility_url": "https://www.kurayoshi-kankou.jp/"
      }
    },
    {
      "type": "Feature",
      "geometry": {
        "type": "Point",
        "coordinates": [
          133.816788,
          35.428986
        ]
      },
      "properties": {
        "issuer": "倉吉市",
        "card_code": "B001",
        "pref": "鳥取県",
        "round": "第14弾",
        "issued_date": "2021/04/25",
        "facility": "円形劇場くらよしフィギュアミュージアム",
        "address": "鳥取県 倉吉市鍛冶町1丁目2971番地2",
        "facility_url": "https://enkei-museum.com/"
      }
    },
    {
      "type": "Feature",
      "geometry": {
        "type": "Point",
        "coordinates": [
          133.756073,
          35.489075
        ]
      },
      "properties": {
        "issuer": "北栄町",
        "card_code": null,
        "pref": "鳥取県",
        "round": "第02弾",
        "issued_date": "2016/08/01",
        "facility": "北栄町役場地域整備課",
        "address": "鳥取県東伯郡北栄町由良宿423-1　大栄庁舎２階",
        "facility_url": null
      }
    },
    {
      "type": "Feature",
      "geometry": {
        "type": "Point",
        "coordinates": [
          134.332565,
          35.565796
        ]
      },
      "properties": {
        "issuer": "岩美町",
        "card_code": null,
        "pref": "鳥取県",
        "round": "第04弾",
        "issued_date": "2017/04/03",
        "facility": "道の駅 きなんせ岩美",
        "address": "鳥取県岩美郡岩美町新井337-4",
        "facility_url": null
      }
    },
    {
      "type": "Feature",
      "geometry": {
        "type": "Point",
        "coordinates": [
          133.499268,
          35.280533
        ]
      },
      "properties": {
        "issuer": "江府町",
        "card_code": null,
        "pref": "鳥取県",
        "round": "第03弾",
        "issued_date": "2016/12/01",
        "facility": "江府町役場産業建設課",
        "address": "鳥取県日野郡江府町大字江尾1717番地1",
        "facility_url": null
      }
    },
    {
      "type": "Feature",
      "geometry": {
        "type": "Point",
        "coordinates": [
          138.51059,
          35.480701
        ]
      },
      "properties": {
        "issuer": "琴浦町",
        "card_code": null,
        "pref": "鳥取県",
        "round": "第07弾",
        "issued_date": "2018/04/28",
        "facility": "鳥取県東伯郡琴浦町別所1030-1",
        "address": "道の駅 琴の浦 琴浦町観光協会",
        "facility_url": "http://www.kotoura-kankou.com/"
      }
    },
    {
      "type": "Feature",
      "geometry": {
        "type": "Point",
        "coordinates": [
          133.361511,
          35.456242
        ]
      },
      "properties": {
        "issuer": "米子市",
        "card_code": null,
        "pref": "鳥取県",
        "round": "第04弾",
        "issued_date": "2017/04/03",
        "facility": "米子市観光センター",
        "address": "鳥取県米子市皆生温泉3-1-1",
        "facility_url": null
      }
    },
    {
      "type": "Feature",
      "geometry": {
        "type": "Point",
        "coordinates": [
          134.229065,
          35.496002
        ]
      },
      "properties": {
        "issuer": "鳥取市",
        "card_code": null,
        "pref": "鳥取県",
        "round": "第06弾",
        "issued_date": "2017/12/09",
        "facility": "まちパル鳥取",
        "address": "鳥取県鳥取市末広温泉町160",
        "facility_url": "https://www.torican.jp/spot/detail_1068.html"
      }
    },
    {
      "type": "Feature",
      "geometry": {
        "type": "Point",
        "coordinates": [
          130.34285,
          32.098309
        ]
      },
      "properties": {
        "issuer": "出水市",
        "card_code": null,
        "pref": "鹿児島県",
        "round": "第23弾",
        "issued_date": "2024/07/26",
        "facility": "出水市ツル博物館クレインパークいずみ",
        "address": "鹿児島県出水市文化町1000",
        "facility_url": "https://www.city.kagoshima-izumi.lg.jp/cranepark/"
      }
    },
    {
      "type": "Feature",
      "geometry": {
        "type": "Point",
        "coordinates": [
          130.321442,
          31.418751
        ]
      },
      "properties": {
        "issuer": "南さつま市",
        "card_code": null,
        "pref": "鹿児島県",
        "round": "第18弾",
        "issued_date": "2023/01/28",
        "facility": "観光物産交流施設「きやったもんせ南さつま」",
        "address": "鹿児島県南さつま市加世田本町43番地9",
        "facility_url": null
      }
    },
    {
      "type": "Feature",
      "geometry": {
        "type": "Point",
        "coordinates": [
          129.49588,
          28.377382
        ]
      },
      "properties": {
        "issuer": "奄美市",
        "card_code": "A001",
        "pref": "鹿児島県",
        "round": "第07弾",
        "issued_date": "2018/04/28",
        "facility": "奄美市AiAiひろば 観光交流センター",
        "address": "鹿児島県奄美市名瀬末広町14-10",
        "facility_url": "https://www.city.amami.lg.jp/shosui/kanko/aiaihiroba.html"
      }
    },
    {
      "type": "Feature",
      "geometry": {
        "type": "Point",
        "coordinates": [
          129.493546,
          28.396309
        ]
      },
      "properties": {
        "issuer": "奄美市",
        "card_code": "B001",
        "pref": "鹿児島県",
        "round": "第21弾",
        "issued_date": "2023/12/15",
        "facility": "奄美市立奄美博物館",
        "address": "鹿児島県奄美市名瀬長浜町517番地",
        "facility_url": "https://www.city.amami.lg.jp/bunka/kyoiku/bunka/hakubutsukan/shokai.html"
      }
    },
    {
      "type": "Feature",
      "geometry": {
        "type": "Point",
        "coordinates": [
          129.018692,
          27.726498
        ]
      },
      "properties": {
        "issuer": "徳之島町",
        "card_code": null,
        "pref": "鹿児島県",
        "round": "第16弾",
        "issued_date": "2022/01/15",
        "facility": "徳之島町役場建設課",
        "address": "鹿児島県大島郡徳之島町亀津7203番地",
        "facility_url": "https://www.tokunoshima-town.org/"
      }
    },
    {
      "type": "Feature",
      "geometry": {
        "type": "Point",
        "coordinates": [
          130.644165,
          31.231993
        ]
      },
      "properties": {
        "issuer": "指宿市",
        "card_code": null,
        "pref": "鹿児島県",
        "round": "第08弾",
        "issued_date": "2018/08/11",
        "facility": "指宿市考古博物館 時遊館COCCOはしむれ",
        "address": "鹿児島県指宿市十二町2290",
        "facility_url": "https://www.city.ibusuki.lg.jp/cocco/"
      }
    },
    {
      "type": "Feature",
      "geometry": {
        "type": "Point",
        "coordinates": [
          130.395538,
          31.630547
        ]
      },
      "properties": {
        "issuer": "日置市",
        "card_code": null,
        "pref": "鹿児島県",
        "round": "第06弾",
        "issued_date": "2017/12/09",
        "facility": "日置市観光協会",
        "address": "鹿児島県日置市伊集院町徳重285-12",
        "facility_url": "http://hiokishi-kankou.com/"
      }
    },
    {
      "type": "Feature",
      "geometry": {
        "type": "Point",
        "coordinates": [
          130.29863,
          31.272696
        ]
      },
      "properties": {
        "issuer": "枕崎市",
        "card_code": null,
        "pref": "鹿児島県",
        "round": "第12弾",
        "issued_date": "2020/04/25",
        "facility": "枕崎駅前観光案内所",
        "address": "鹿児島県枕崎市東本町200",
        "facility_url": "http://makutabi.jp/see/post-1198"
      }
    },
    {
      "type": "Feature",
      "geometry": {
        "type": "Point",
        "coordinates": [
          128.601715,
          27.355915
        ]
      },
      "properties": {
        "issuer": "知名町",
        "card_code": null,
        "pref": "鹿児島県",
        "round": "第06弾",
        "issued_date": "2017/12/09",
        "facility": "おきのえらぶ島観光協会",
        "address": "鹿児島県大島郡知名町屋者1029-3",
        "facility_url": "http://www.okinoerabujima.info/"
      }
    },
    {
      "type": "Feature",
      "geometry": {
        "type": "Point",
        "coordinates": [
          130.311935,
          31.813478
        ]
      },
      "properties": {
        "issuer": "薩摩川内市",
        "card_code": "A001",
        "pref": "鹿児島県",
        "round": "第11弾",
        "issued_date": "2019/12/14",
        "facility": "川内駅観光案内所",
        "address": "鹿児島県薩摩川内市鳥追町1番1号",
        "facility_url": "https://satsumasendai.gr.jp/spotlist/39471/"
      }
    },
    {
      "type": "Feature",
      "geometry": {
        "type": "Point",
        "coordinates": [
          129.733948,
          31.711575
        ]
      },
      "properties": {
        "issuer": "薩摩川内市",
        "card_code": "B001",
        "pref": "鹿児島県",
        "round": "第29弾",
        "issued_date": "2026/07/31",
        "facility": "下甑島観光案内所",
        "address": "鹿児島県薩摩川内市下甑町長浜913番4",
        "facility_url": "https://koshiki.satsumasendai.gr.jp/spotlist/39470"
      }
    },
    {
      "type": "Feature",
      "geometry": {
        "type": "Point",
        "coordinates": [
          130.763382,
          31.742046
        ]
      },
      "properties": {
        "issuer": "霧島市",
        "card_code": "A001",
        "pref": "鹿児島県",
        "round": "第08弾",
        "issued_date": "2018/08/11",
        "facility": "国分シビックセンター1階総合窓口",
        "address": "鹿児島県霧島市国分中央3-45-1",
        "facility_url": "https://www.city-kirishima.jp/soumu/shise/annai/choshaannai/201704kokubu.html#1"
      }
    },
    {
      "type": "Feature",
      "geometry": {
        "type": "Point",
        "coordinates": [
          130.822113,
          31.89209
        ]
      },
      "properties": {
        "issuer": "霧島市",
        "card_code": "B001",
        "pref": "鹿児島県",
        "round": "第14弾",
        "issued_date": "2021/04/25",
        "facility": "霧島温泉観光案内所",
        "address": "鹿児島県霧島市牧園町高千穂3878-114",
        "facility_url": "https://kirishimakankou.com/"
      }
    },
    {
      "type": "Feature",
      "geometry": {
        "type": "Point",
        "coordinates": [
          130.737564,
          31.743196
        ]
      },
      "properties": {
        "issuer": "霧島市",
        "card_code": "C001",
        "pref": "鹿児島県",
        "round": "第22弾",
        "issued_date": "2024/04/26",
        "facility": "隼人市民サービスセンター 2階下水道工務課",
        "address": "鹿児島県霧島市隼人町内山田一丁目11番11号",
        "facility_url": "https://www.city-kirishima.jp/hisyokouhou/kurashi/suido/gesuido"
      }
    },
    {
      "type": "Feature",
      "geometry": {
        "type": "Point",
        "coordinates": [
          130.555283,
          31.560526
        ]
      },
      "properties": {
        "issuer": "鹿児島市",
        "card_code": "A001",
        "pref": "鹿児島県",
        "round": "第08弾",
        "issued_date": "2018/08/11",
        "facility": "鹿児島市水道局本庁舎",
        "address": "鹿児島県鹿児島市鴨池新町1-10",
        "facility_url": "http://www.city.kagoshima.lg.jp/suidou/index.html"
      }
    },
    {
      "type": "Feature",
      "geometry": {
        "type": "Point",
        "coordinates": [
          130.554169,
          31.590004
        ]
      },
      "properties": {
        "issuer": "鹿児島市",
        "card_code": "C001",
        "pref": "鹿児島県",
        "round": "第17弾",
        "issued_date": "2022/08/06",
        "facility": "鹿児島市観光案内所（天文館）",
        "address": "鹿児島県鹿児島市千日町1番1号センテラス天文館1階",
        "facility_url": null
      }
    },
    {
      "type": "Feature",
      "geometry": {
        "type": "Point",
        "coordinates": [
          130.836716,
          31.382545
        ]
      },
      "properties": {
        "issuer": "鹿屋市",
        "card_code": null,
        "pref": "鹿児島県",
        "round": "第20弾",
        "issued_date": "2023/07/28",
        "facility": "鹿屋市観光物産総合センター",
        "address": "鹿児島県鹿屋市西原3丁目11-1",
        "facility_url": "https://www.city.kanoya.lg.jp/kankou/bunka/kanko/omiyage/kankobussan.html"
      }
    }
  ]
}
