{
  "type": "FeatureCollection",
  "attribution": "出典: 国土交通省 国土数値情報 道の駅データ(P35, 2018年度)を加工して作成 (https://nlftp.mlit.go.jp/ksj/gml/datalist/KsjTmplt-P35.html)",
  "features": [
    {
      "type": "Feature",
      "geometry": {
        "type": "Point",
        "coordinates": [
          141.1016303,
          41.7794873
        ]
      },
      "properties": {
        "name": "なとわ・えさん",
        "pref": "北海道",
        "municipality": "函館市",
        "municipality_code": "01202",
        "urls": [
          "https://www.michi-no-eki.jp/stations/view/61",
          "http://www.hokkaido-michinoeki.jp/michinoeki/2179/",
          "http://www.natowaesan.com/roadside_station.htm"
        ]
      }
    },
    {
      "type": "Feature",
      "geometry": {
        "type": "Point",
        "coordinates": [
          140.944749799999,
          41.9279214
        ]
      },
      "properties": {
        "name": "縄文ロマン 南かやべ",
        "pref": "北海道",
        "municipality": "函館市",
        "municipality_code": "01202",
        "urls": [
          "https://www.michi-no-eki.jp/stations/view/113",
          "http://www.hokkaido-michinoeki.jp/michinoeki/3114/",
          "http://www.hjcc.jp/"
        ]
      }
    },
    {
      "type": "Feature",
      "geometry": {
        "type": "Point",
        "coordinates": [
          142.3484462,
          43.7600001
        ]
      },
      "properties": {
        "name": "あさひかわ",
        "pref": "北海道",
        "municipality": "旭川市",
        "municipality_code": "01204",
        "urls": [
          "https://www.michi-no-eki.jp/stations/view/66",
          "http://www.hokkaido-michinoeki.jp/michinoeki/2272/",
          "http://www.asahikawa-jibasan.com"
        ]
      }
    },
    {
      "type": "Feature",
      "geometry": {
        "type": "Point",
        "coordinates": [
          140.943745,
          42.342012
        ]
      },
      "properties": {
        "name": "みたら室蘭",
        "pref": "北海道",
        "municipality": "室蘭市",
        "municipality_code": "01205",
        "urls": [
          "https://www.michi-no-eki.jp/stations/view/47",
          "http://www.hokkaido-michinoeki.jp/michinoeki/1039/",
          "http://muro-kanko.com/visit/roadside_station.html"
        ]
      }
    },
    {
      "type": "Feature",
      "geometry": {
        "type": "Point",
        "coordinates": [
          144.1469574,
          43.1440197
        ]
      },
      "properties": {
        "name": "阿寒丹頂の里",
        "pref": "北海道",
        "municipality": "釧路市",
        "municipality_code": "01206",
        "urls": [
          "https://www.michi-no-eki.jp/stations/view/30",
          "http://www.hokkaido-michinoeki.jp/michinoeki/810/",
          "https://www.akan.jp/"
        ]
      }
    },
    {
      "type": "Feature",
      "geometry": {
        "type": "Point",
        "coordinates": [
          143.500530799999,
          43.7546445
        ]
      },
      "properties": {
        "name": "おんねゆ温泉",
        "pref": "北海道",
        "municipality": "北見市",
        "municipality_code": "01208",
        "urls": [
          "https://www.michi-no-eki.jp/stations/view/24",
          "http://www.hokkaido-michinoeki.jp/michinoeki/685/",
          "http://onneyu-aq.com/facility3"
        ]
      }
    },
    {
      "type": "Feature",
      "geometry": {
        "type": "Point",
        "coordinates": [
          142.038078,
          42.93699
        ]
      },
      "properties": {
        "name": "夕張メロード",
        "pref": "北海道",
        "municipality": "夕張市",
        "municipality_code": "01209",
        "urls": [
          "https://www.michi-no-eki.jp/stations/view/111",
          "http://www.hokkaido-michinoeki.jp/michinoeki/3083/",
          "http://www.yubari-melon.or.jp/modules/meroad/"
        ]
      }
    },
    {
      "type": "Feature",
      "geometry": {
        "type": "Point",
        "coordinates": [
          144.273893,
          44.022034
        ]
      },
      "properties": {
        "name": "流氷街道網走",
        "pref": "北海道",
        "municipality": "網走市",
        "municipality_code": "01211",
        "urls": [
          "https://www.michi-no-eki.jp/stations/view/105",
          "http://www.hokkaido-michinoeki.jp/michinoeki/2986/"
        ]
      }
    },
    {
      "type": "Feature",
      "geometry": {
        "type": "Point",
        "coordinates": [
          141.694648799999,
          42.6999513
        ]
      },
      "properties": {
        "name": "ウトナイ湖",
        "pref": "北海道",
        "municipality": "苫小牧市",
        "municipality_code": "01213",
        "urls": [
          "https://www.michi-no-eki.jp/stations/view/108",
          "http://www.hokkaido-michinoeki.jp/michinoeki/3038/",
          "http://www.michinoeki-utonaiko.com/"
        ]
      }
    },
    {
      "type": "Feature",
      "geometry": {
        "type": "Point",
        "coordinates": [
          141.677348,
          45.41725
        ]
      },
      "properties": {
        "name": "わっかない",
        "pref": "北海道",
        "municipality": "稚内市",
        "municipality_code": "01214",
        "urls": [
          "https://www.michi-no-eki.jp/stations/view/114",
          "http://www.hokkaido-michinoeki.jp/michinoeki/3126/"
        ]
      }
    },
    {
      "type": "Feature",
      "geometry": {
        "type": "Point",
        "coordinates": [
          142.188894099999,
          43.5255178
        ]
      },
      "properties": {
        "name": "スタープラザ 芦別",
        "pref": "北海道",
        "municipality": "芦別市",
        "municipality_code": "01216",
        "urls": [
          "https://www.michi-no-eki.jp/stations/view/2",
          "http://www.hokkaido-michinoeki.jp/michinoeki/202/",
          "https://go-to-ashibetsu.com/media/2017/03/16/26"
        ]
      }
    },
    {
      "type": "Feature",
      "geometry": {
        "type": "Point",
        "coordinates": [
          143.3750043,
          44.3283409
        ]
      },
      "properties": {
        "name": "オホーツク紋別",
        "pref": "北海道",
        "municipality": "紋別市",
        "municipality_code": "01219",
        "urls": [
          "https://www.michi-no-eki.jp/stations/view/22",
          "http://www.hokkaido-michinoeki.jp/michinoeki/626/",
          "http://mombetsu.net/tourist-facilities/%E9%81%93%E3%81%AE%E9%A7%85-%E3%82%AA%E3%83%9B%E3%83%BC%E3%83"
        ]
      }
    },
    {
      "type": "Feature",
      "geometry": {
        "type": "Point",
        "coordinates": [
          142.413771799999,
          44.2874188
        ]
      },
      "properties": {
        "name": "もち米の里☆なよろ",
        "pref": "北海道",
        "municipality": "名寄市",
        "municipality_code": "01221",
        "urls": [
          "https://www.michi-no-eki.jp/stations/view/102",
          "http://www.hokkaido-michinoeki.jp/michinoeki/2939/",
          "http://www.mochigome.jp"
        ]
      }
    },
    {
      "type": "Feature",
      "geometry": {
        "type": "Point",
        "coordinates": [
          141.804549899999,
          43.2466006
        ]
      },
      "properties": {
        "name": "三笠",
        "pref": "北海道",
        "municipality": "三笠市",
        "municipality_code": "01222",
        "urls": [
          "https://www.michi-no-eki.jp/stations/view/1",
          "http://www.hokkaido-michinoeki.jp/michinoeki/172/",
          "http://www.city.mikasa.hokkaido.jp/hotnews/detail/00000036.html"
        ]
      }
    },
    {
      "type": "Feature",
      "geometry": {
        "type": "Point",
        "coordinates": [
          145.438370399999,
          43.2616741
        ]
      },
      "properties": {
        "name": "スワン44ねむろ",
        "pref": "北海道",
        "municipality": "根室市",
        "municipality_code": "01223",
        "urls": [
          "https://www.michi-no-eki.jp/stations/view/59",
          "http://www.hokkaido-michinoeki.jp/michinoeki/2143/",
          "http://www.swan44nemuro.com/"
        ]
      }
    },
    {
      "type": "Feature",
      "geometry": {
        "type": "Point",
        "coordinates": [
          141.65933,
          42.833788
        ]
      },
      "properties": {
        "name": "サーモンパーク千歳",
        "pref": "北海道",
        "municipality": "千歳市",
        "municipality_code": "01224",
        "urls": [
          "https://www.michi-no-eki.jp/stations/view/85",
          "http://www.hokkaido-michinoeki.jp/michinoeki/2654/",
          "http://salmonpark.com/"
        ]
      }
    },
    {
      "type": "Feature",
      "geometry": {
        "type": "Point",
        "coordinates": [
          141.941477999999,
          43.6234396
        ]
      },
      "properties": {
        "name": "たきかわ",
        "pref": "北海道",
        "municipality": "滝川市",
        "municipality_code": "01225",
        "urls": [
          "https://www.michi-no-eki.jp/stations/view/58",
          "http://www.hokkaido-michinoeki.jp/michinoeki/2107/"
        ]
      }
    },
    {
      "type": "Feature",
      "geometry": {
        "type": "Point",
        "coordinates": [
          142.004244,
          43.503388
        ]
      },
      "properties": {
        "name": "うたしないチロルの湯",
        "pref": "北海道",
        "municipality": "歌志内市",
        "municipality_code": "01227",
        "urls": [
          "https://www.michi-no-eki.jp/stations/view/56",
          "http://www.hokkaido-michinoeki.jp/michinoeki/2066/",
          "http://www.michieki-tirol.net/"
        ]
      }
    },
    {
      "type": "Feature",
      "geometry": {
        "type": "Point",
        "coordinates": [
          142.070593,
          43.6994830999999
        ]
      },
      "properties": {
        "name": "ライスランドふかがわ",
        "pref": "北海道",
        "municipality": "深川市",
        "municipality_code": "01228",
        "urls": [
          "https://www.michi-no-eki.jp/stations/view/71",
          "http://www.hokkaido-michinoeki.jp/michinoeki/2390/",
          "http://mypage.fukanavi.com/riceland/"
        ]
      }
    },
    {
      "type": "Feature",
      "geometry": {
        "type": "Point",
        "coordinates": [
          141.5856753,
          42.8972354
        ]
      },
      "properties": {
        "name": "花ロードえにわ",
        "pref": "北海道",
        "municipality": "恵庭市",
        "municipality_code": "01231",
        "urls": [
          "https://www.michi-no-eki.jp/stations/view/87",
          "http://www.hokkaido-michinoeki.jp/michinoeki/2684/",
          "http://www.eniwa.org/hanaroad/"
        ]
      }
    },
    {
      "type": "Feature",
      "geometry": {
        "type": "Point",
        "coordinates": [
          140.8771001,
          42.4717206
        ]
      },
      "properties": {
        "name": "だて歴史の杜",
        "pref": "北海道",
        "municipality": "伊達市",
        "municipality_code": "01233",
        "urls": [
          "https://www.michi-no-eki.jp/stations/view/65",
          "http://www.hokkaido-michinoeki.jp/michinoeki/2253/",
          "http://www.city.date.hokkaido.jp/hotnews/detail/00001549.html"
        ]
      }
    },
    {
      "type": "Feature",
      "geometry": {
        "type": "Point",
        "coordinates": [
          141.1303673,
          42.6980639
        ]
      },
      "properties": {
        "name": "フォーレスト276大滝",
        "pref": "北海道",
        "municipality": "伊達市",
        "municipality_code": "01233",
        "urls": [
          "https://www.michi-no-eki.jp/stations/view/33",
          "http://www.hokkaido-michinoeki.jp/michinoeki/859/"
        ]
      }
    },
    {
      "type": "Feature",
      "geometry": {
        "type": "Point",
        "coordinates": [
          141.43118,
          43.403873
        ]
      },
      "properties": {
        "name": "石狩「あいろーど厚田」",
        "pref": "北海道",
        "municipality": "石狩市",
        "municipality_code": "01235",
        "urls": [
          "https://www.michi-no-eki.jp/stations/view/14165"
        ]
      }
    },
    {
      "type": "Feature",
      "geometry": {
        "type": "Point",
        "coordinates": [
          141.448498,
          43.177254
        ]
      },
      "properties": {
        "name": "北欧の風 道の駅とうべつ",
        "pref": "北海道",
        "municipality": "石狩郡当別町",
        "municipality_code": "01303",
        "urls": [
          "https://www.michi-no-eki.jp/stations/view/14156",
          "http://www.hokkaido-michinoeki.jp/michinoeki/13542/",
          "https://tobest.co.jp/michinoeki/"
        ]
      }
    },
    {
      "type": "Feature",
      "geometry": {
        "type": "Point",
        "coordinates": [
          141.6427006,
          43.2141162
        ]
      },
      "properties": {
        "name": "しんしのつ",
        "pref": "北海道",
        "municipality": "石狩郡新篠津村",
        "municipality_code": "01304",
        "urls": [
          "https://www.michi-no-eki.jp/stations/view/110",
          "http://www.hokkaido-michinoeki.jp/michinoeki/3070/"
        ]
      }
    },
    {
      "type": "Feature",
      "geometry": {
        "type": "Point",
        "coordinates": [
          140.107232299999,
          41.4265145
        ]
      },
      "properties": {
        "name": "北前船 松前",
        "pref": "北海道",
        "municipality": "松前郡松前町",
        "municipality_code": "01331",
        "urls": [
          "https://www.michi-no-eki.jp/stations/view/106",
          "http://www.hokkaido-michinoeki.jp/michinoeki/3007/",
          "http://michinoeki-matsumae.jp/"
        ]
      }
    },
    {
      "type": "Feature",
      "geometry": {
        "type": "Point",
        "coordinates": [
          140.255731,
          41.479134
        ]
      },
      "properties": {
        "name": "横綱の里ふくしま",
        "pref": "北海道",
        "municipality": "松前郡福島町",
        "municipality_code": "01332",
        "urls": [
          "https://www.michi-no-eki.jp/stations/view/42",
          "http://www.hokkaido-michinoeki.jp/michinoeki/973/",
          "http://www.yokodunanosato-fukushima.info/"
        ]
      }
    },
    {
      "type": "Feature",
      "geometry": {
        "type": "Point",
        "coordinates": [
          140.3358339,
          41.6012589
        ]
      },
      "properties": {
        "name": "しりうち",
        "pref": "北海道",
        "municipality": "上磯郡知内町",
        "municipality_code": "01333",
        "urls": [
          "https://www.michi-no-eki.jp/stations/view/41",
          "http://www.hokkaido-michinoeki.jp/michinoeki/961/",
          "http://www.town.shiriuchi.hokkaido.jp/kanko/meisho/michinoeki.html"
        ]
      }
    },
    {
      "type": "Feature",
      "geometry": {
        "type": "Point",
        "coordinates": [
          140.4353634,
          41.6780521
        ]
      },
      "properties": {
        "name": "みそぎの郷 きこない",
        "pref": "北海道",
        "municipality": "上磯郡木古内町",
        "municipality_code": "01334",
        "urls": [
          "https://www.michi-no-eki.jp/stations/view/9721",
          "http://www.hokkaido-michinoeki.jp/michinoeki/3158/",
          "http://kikonai.jp/"
        ]
      }
    },
    {
      "type": "Feature",
      "geometry": {
        "type": "Point",
        "coordinates": [
          140.655973,
          41.925666
        ]
      },
      "properties": {
        "name": "なないろ・ななえ",
        "pref": "北海道",
        "municipality": "亀田郡七飯町",
        "municipality_code": "01337",
        "urls": [
          "https://www.michi-no-eki.jp/stations/view/14166"
        ]
      }
    },
    {
      "type": "Feature",
      "geometry": {
        "type": "Point",
        "coordinates": [
          140.8305528,
          42.0285219
        ]
      },
      "properties": {
        "name": "しかべ間歇泉公園",
        "pref": "北海道",
        "municipality": "茅部郡鹿部町",
        "municipality_code": "01343",
        "urls": [
          "https://www.michi-no-eki.jp/stations/view/9724",
          "http://www.hokkaido-michinoeki.jp/michinoeki/3174/",
          "http://www.town.shikabe.lg.jp/hotnews/detail/00001756.html"
        ]
      }
    },
    {
      "type": "Feature",
      "geometry": {
        "type": "Point",
        "coordinates": [
          140.568716,
          42.098901
        ]
      },
      "properties": {
        "name": "YOU･遊･もり",
        "pref": "北海道",
        "municipality": "茅部郡森町",
        "municipality_code": "01345",
        "urls": [
          "https://www.michi-no-eki.jp/stations/view/23",
          "http://www.hokkaido-michinoeki.jp/michinoeki/641/",
          "http://mori-bussan.com/info/home.html"
        ]
      }
    },
    {
      "type": "Feature",
      "geometry": {
        "type": "Point",
        "coordinates": [
          140.6673361,
          42.1253109
        ]
      },
      "properties": {
        "name": "つど〜る・プラザ・さわら",
        "pref": "北海道",
        "municipality": "茅部郡森町",
        "municipality_code": "01345",
        "urls": [
          "https://www.michi-no-eki.jp/stations/view/62",
          "http://www.hokkaido-michinoeki.jp/michinoeki/2200/",
          "http://kankou.mori.hokkaido.jp/201510/07-1619.html"
        ]
      }
    },
    {
      "type": "Feature",
      "geometry": {
        "type": "Point",
        "coordinates": [
          140.1392891,
          41.8943424
        ]
      },
      "properties": {
        "name": "江差",
        "pref": "北海道",
        "municipality": "檜山郡江差町",
        "municipality_code": "01361",
        "urls": [
          "https://www.michi-no-eki.jp/stations/view/6",
          "http://www.hokkaido-michinoeki.jp/michinoeki/321/",
          "http://www.hokkaido-esashi.jp/modules/sightseeing/content0023.html"
        ]
      }
    },
    {
      "type": "Feature",
      "geometry": {
        "type": "Point",
        "coordinates": [
          140.0949663,
          41.8084965
        ]
      },
      "properties": {
        "name": "上ノ国もんじゅ",
        "pref": "北海道",
        "municipality": "檜山郡上ノ国町",
        "municipality_code": "01362",
        "urls": [
          "https://www.michi-no-eki.jp/stations/view/34",
          "http://www.hokkaido-michinoeki.jp/michinoeki/870/",
          "http://www.kaminokuni.com/"
        ]
      }
    },
    {
      "type": "Feature",
      "geometry": {
        "type": "Point",
        "coordinates": [
          140.2161538,
          41.9165731
        ]
      },
      "properties": {
        "name": "あっさぶ",
        "pref": "北海道",
        "municipality": "檜山郡厚沢部町",
        "municipality_code": "01363",
        "urls": [
          "https://www.michi-no-eki.jp/stations/view/19",
          "http://www.hokkaido-michinoeki.jp/michinoeki/576/",
          "http://www.hakodate.or.jp/assabu-k/route-st/"
        ]
      }
    },
    {
      "type": "Feature",
      "geometry": {
        "type": "Point",
        "coordinates": [
          140.1062194,
          42.0113971
        ]
      },
      "properties": {
        "name": "ルート229元和台",
        "pref": "北海道",
        "municipality": "爾志郡乙部町",
        "municipality_code": "01364",
        "urls": [
          "https://www.michi-no-eki.jp/stations/view/25",
          "http://www.hokkaido-michinoeki.jp/michinoeki/704/",
          "http://www.town.otobe.lg.jp/section/sangyou/e0taal0000000bz1.html"
        ]
      }
    },
    {
      "type": "Feature",
      "geometry": {
        "type": "Point",
        "coordinates": [
          139.876681,
          42.212366
        ]
      },
      "properties": {
        "name": "てっくいランド大成",
        "pref": "北海道",
        "municipality": "久遠郡せたな町",
        "municipality_code": "01371",
        "urls": [
          "https://www.michi-no-eki.jp/stations/view/21",
          "http://www.hokkaido-michinoeki.jp/michinoeki/611/",
          "http://www.hiyama.pref.hokkaido.lg.jp/ss/srk/tabi/04s_tais/parts/8401mtr.htm"
        ]
      }
    },
    {
      "type": "Feature",
      "geometry": {
        "type": "Point",
        "coordinates": [
          140.0134173,
          42.6867269
        ]
      },
      "properties": {
        "name": "よってけ！島牧",
        "pref": "北海道",
        "municipality": "島牧郡島牧村",
        "municipality_code": "01391",
        "urls": [
          "https://www.michi-no-eki.jp/stations/view/20",
          "http://www.hokkaido-michinoeki.jp/michinoeki/588/",
          "http://www.abarone.jp/"
        ]
      }
    },
    {
      "type": "Feature",
      "geometry": {
        "type": "Point",
        "coordinates": [
          140.2318241,
          42.7955338
        ]
      },
      "properties": {
        "name": "みなとま〜れ寿都",
        "pref": "北海道",
        "municipality": "寿都郡寿都町",
        "municipality_code": "01392",
        "urls": [
          "https://www.michi-no-eki.jp/stations/view/103",
          "http://www.hokkaido-michinoeki.jp/michinoeki/2959/"
        ]
      }
    },
    {
      "type": "Feature",
      "geometry": {
        "type": "Point",
        "coordinates": [
          140.3800337,
          42.6727094
        ]
      },
      "properties": {
        "name": "くろまつない",
        "pref": "北海道",
        "municipality": "寿都郡黒松内町",
        "municipality_code": "01393",
        "urls": [
          "https://www.michi-no-eki.jp/stations/view/57",
          "http://www.hokkaido-michinoeki.jp/michinoeki/2088/",
          "http://www.kuromatsunai.com/toitvert2/index.html"
        ]
      }
    },
    {
      "type": "Feature",
      "geometry": {
        "type": "Point",
        "coordinates": [
          140.478985299999,
          42.7620988
        ]
      },
      "properties": {
        "name": "らんこし・ふるさとの丘",
        "pref": "北海道",
        "municipality": "磯谷郡蘭越町",
        "municipality_code": "01394",
        "urls": [
          "https://www.michi-no-eki.jp/stations/view/77",
          "http://www.hokkaido-michinoeki.jp/michinoeki/2519/",
          "http://www.town.rankoshi.hokkaido.jp/topics/2012/02/post_58.html"
        ]
      }
    },
    {
      "type": "Feature",
      "geometry": {
        "type": "Point",
        "coordinates": [
          140.370026999999,
          42.8801825
        ]
      },
      "properties": {
        "name": "シェルプラザ・港",
        "pref": "北海道",
        "municipality": "磯谷郡蘭越町",
        "municipality_code": "01394",
        "urls": [
          "https://www.michi-no-eki.jp/stations/view/88",
          "http://www.hokkaido-michinoeki.jp/michinoeki/2702/",
          "http://www.town.rankoshi.hokkaido.jp/topics/2012/02/post_59.html"
        ]
      }
    },
    {
      "type": "Feature",
      "geometry": {
        "type": "Point",
        "coordinates": [
          140.7023947,
          42.7994920999999
        ]
      },
      "properties": {
        "name": "ニセコビュープラザ",
        "pref": "北海道",
        "municipality": "虻田郡ニセコ町",
        "municipality_code": "01395",
        "urls": [
          "https://www.michi-no-eki.jp/stations/view/40",
          "http://www.hokkaido-michinoeki.jp/michinoeki/949/",
          "http://www.niseko-ta.jp/index.php?id=87"
        ]
      }
    },
    {
      "type": "Feature",
      "geometry": {
        "type": "Point",
        "coordinates": [
          140.807704599999,
          42.7623215
        ]
      },
      "properties": {
        "name": "真狩フラワーセンター",
        "pref": "北海道",
        "municipality": "虻田郡真狩村",
        "municipality_code": "01396",
        "urls": [
          "https://www.michi-no-eki.jp/stations/view/89",
          "http://www.hokkaido-michinoeki.jp/michinoeki/2715/",
          "http://www.pref.hokkaido.lg.jp/kn/tkn/hana/place/c010.html"
        ]
      }
    },
    {
      "type": "Feature",
      "geometry": {
        "type": "Point",
        "coordinates": [
          140.884562599999,
          42.7399293
        ]
      },
      "properties": {
        "name": "230ルスツ",
        "pref": "北海道",
        "municipality": "虻田郡留寿都村",
        "municipality_code": "01397",
        "urls": [
          "https://www.michi-no-eki.jp/stations/view/73",
          "http://www.hokkaido-michinoeki.jp/michinoeki/2442/",
          "http://www.rusutsu.gr.jp/shopping/687.html"
        ]
      }
    },
    {
      "type": "Feature",
      "geometry": {
        "type": "Point",
        "coordinates": [
          141.096589099999,
          42.8551768
        ]
      },
      "properties": {
        "name": "望羊中山",
        "pref": "北海道",
        "municipality": "虻田郡喜茂別町",
        "municipality_code": "01398",
        "urls": [
          "https://www.michi-no-eki.jp/stations/view/7",
          "http://www.hokkaido-michinoeki.jp/michinoeki/364/",
          "http://ageimo.com/"
        ]
      }
    },
    {
      "type": "Feature",
      "geometry": {
        "type": "Point",
        "coordinates": [
          140.870902399999,
          42.8589072
        ]
      },
      "properties": {
        "name": "名水の郷きょうごく",
        "pref": "北海道",
        "municipality": "虻田郡京極町",
        "municipality_code": "01399",
        "urls": [
          "https://www.michi-no-eki.jp/stations/view/96",
          "http://www.hokkaido-michinoeki.jp/michinoeki/2841/",
          "http://park3.wakwak.com/~meisui-plaza/"
        ]
      }
    },
    {
      "type": "Feature",
      "geometry": {
        "type": "Point",
        "coordinates": [
          140.5167801,
          42.9834347
        ]
      },
      "properties": {
        "name": "いわない",
        "pref": "北海道",
        "municipality": "岩内郡岩内町",
        "municipality_code": "01402",
        "urls": [
          "https://www.michi-no-eki.jp/stations/view/14",
          "http://www.hokkaido-michinoeki.jp/michinoeki/499/",
          "http://www.iwanai-kanko.org/"
        ]
      }
    },
    {
      "type": "Feature",
      "geometry": {
        "type": "Point",
        "coordinates": [
          140.3855694,
          43.1653589
        ]
      },
      "properties": {
        "name": "オスコイ！かもえない",
        "pref": "北海道",
        "municipality": "古宇郡神恵内村",
        "municipality_code": "01404",
        "urls": [
          "https://www.michi-no-eki.jp/stations/view/35",
          "http://www.hokkaido-michinoeki.jp/michinoeki/881/",
          "http://www.vill.kamoenai.hokkaido.jp/hotnews/detail/00000142.html"
        ]
      }
    },
    {
      "type": "Feature",
      "geometry": {
        "type": "Point",
        "coordinates": [
          140.788781299999,
          43.1885383
        ]
      },
      "properties": {
        "name": "スペース・アップルよいち",
        "pref": "北海道",
        "municipality": "余市郡余市町",
        "municipality_code": "01408",
        "urls": [
          "https://www.michi-no-eki.jp/stations/view/49",
          "http://www.hokkaido-michinoeki.jp/michinoeki/1699/"
        ]
      }
    },
    {
      "type": "Feature",
      "geometry": {
        "type": "Point",
        "coordinates": [
          140.844843,
          43.05086768
        ]
      },
      "properties": {
        "name": "あかいがわ",
        "pref": "北海道",
        "municipality": "余市郡赤井川村",
        "municipality_code": "01409",
        "urls": [
          "https://www.michi-no-eki.jp/stations/view/7978",
          "http://www.hokkaido-michinoeki.jp/michinoeki/3143/"
        ]
      }
    },
    {
      "type": "Feature",
      "geometry": {
        "type": "Point",
        "coordinates": [
          141.888801599999,
          43.4332722
        ]
      },
      "properties": {
        "name": "ハウスヤルビ奈井江",
        "pref": "北海道",
        "municipality": "空知郡奈井江町",
        "municipality_code": "01424",
        "urls": [
          "https://www.michi-no-eki.jp/stations/view/26",
          "http://www.hokkaido-michinoeki.jp/michinoeki/722/",
          "http://machiken292.com/"
        ]
      }
    },
    {
      "type": "Feature",
      "geometry": {
        "type": "Point",
        "coordinates": [
          141.716616,
          42.94998
        ]
      },
      "properties": {
        "name": "マオイの丘公園",
        "pref": "北海道",
        "municipality": "夕張郡長沼町",
        "municipality_code": "01428",
        "urls": [
          "https://www.michi-no-eki.jp/stations/view/37",
          "http://www.hokkaido-michinoeki.jp/michinoeki/906/",
          "http://www.nitto-sougyou.co.jp/naganuma/maoikouen.htm"
        ]
      }
    },
    {
      "type": "Feature",
      "geometry": {
        "type": "Point",
        "coordinates": [
          141.8357178,
          43.4516011
        ]
      },
      "properties": {
        "name": "つるぬま",
        "pref": "北海道",
        "municipality": "樺戸郡浦臼町",
        "municipality_code": "01431",
        "urls": [
          "https://www.michi-no-eki.jp/stations/view/60",
          "http://www.hokkaido-michinoeki.jp/michinoeki/2164/",
          "http://www.town.urausu.hokkaido.jp/gaido_map/michinoeki.html"
        ]
      }
    },
    {
      "type": "Feature",
      "geometry": {
        "type": "Point",
        "coordinates": [
          141.9659629,
          43.7648305
        ]
      },
      "properties": {
        "name": "鐘のなるまち・ちっぷべつ",
        "pref": "北海道",
        "municipality": "雨竜郡秩父別町",
        "municipality_code": "01434",
        "urls": [
          "https://www.michi-no-eki.jp/stations/view/90",
          "http://www.hokkaido-michinoeki.jp/michinoeki/2732/"
        ]
      }
    },
    {
      "type": "Feature",
      "geometry": {
        "type": "Point",
        "coordinates": [
          141.8940224,
          43.6625089
        ]
      },
      "properties": {
        "name": "田園の里うりゅう",
        "pref": "北海道",
        "municipality": "雨竜郡雨竜町",
        "municipality_code": "01436",
        "urls": [
          "https://www.michi-no-eki.jp/stations/view/46",
          "http://www.hokkaido-michinoeki.jp/michinoeki/1026/",
          "http://www.michinoeki-uryu.com/"
        ]
      }
    },
    {
      "type": "Feature",
      "geometry": {
        "type": "Point",
        "coordinates": [
          141.875302,
          43.7510483
        ]
      },
      "properties": {
        "name": "サンフラワー北竜",
        "pref": "北海道",
        "municipality": "雨竜郡北竜町",
        "municipality_code": "01437",
        "urls": [
          "https://www.michi-no-eki.jp/stations/view/17",
          "http://www.hokkaido-michinoeki.jp/michinoeki/546/",
          "http://portal.hokuryu.info/sunflowerpark/roadsidestation"
        ]
      }
    },
    {
      "type": "Feature",
      "geometry": {
        "type": "Point",
        "coordinates": [
          142.4895,
          43.844134
        ]
      },
      "properties": {
        "name": "とうま",
        "pref": "北海道",
        "municipality": "上川郡当麻町",
        "municipality_code": "01454",
        "urls": [
          "https://www.michi-no-eki.jp/stations/view/48",
          "http://www.hokkaido-michinoeki.jp/michinoeki/1677/"
        ]
      }
    },
    {
      "type": "Feature",
      "geometry": {
        "type": "Point",
        "coordinates": [
          142.5088143,
          43.6973051
        ]
      },
      "properties": {
        "name": "ひがしかわ「道草館」",
        "pref": "北海道",
        "municipality": "上川郡東川町",
        "municipality_code": "01458",
        "urls": [
          "https://www.michi-no-eki.jp/stations/view/86",
          "http://www.hokkaido-michinoeki.jp/michinoeki/2668/"
        ]
      }
    },
    {
      "type": "Feature",
      "geometry": {
        "type": "Point",
        "coordinates": [
          142.463785499999,
          43.5921253
        ]
      },
      "properties": {
        "name": "びえい「丘のくら」",
        "pref": "北海道",
        "municipality": "上川郡美瑛町",
        "municipality_code": "01459",
        "urls": [
          "https://www.michi-no-eki.jp/stations/view/97",
          "http://www.hokkaido-michinoeki.jp/michinoeki/2854/"
        ]
      }
    },
    {
      "type": "Feature",
      "geometry": {
        "type": "Point",
        "coordinates": [
          142.5972233330001,
          43.503055833000076
        ]
      },
      "properties": {
        "name": "白金ビルケ",
        "pref": "北海道",
        "municipality": "上川郡美瑛町",
        "municipality_code": "01459",
        "urls": [
          "https://www.michi-no-eki.jp/stations/view/14182",
          "https://biei-info.jp/",
          "http://www.hokkaido-michinoeki.jp/michinoeki/16028/"
        ]
      }
    },
    {
      "type": "Feature",
      "geometry": {
        "type": "Point",
        "coordinates": [
          142.572798299999,
          43.1697013
        ]
      },
      "properties": {
        "name": "南ふらの",
        "pref": "北海道",
        "municipality": "空知郡南富良野町",
        "municipality_code": "01462",
        "urls": [
          "https://www.michi-no-eki.jp/stations/view/3",
          "http://www.hokkaido-michinoeki.jp/michinoeki/222/",
          "http://www.town.minamifurano.hokkaido.jp/kousya/mitieki/M.F_mitieki.html"
        ]
      }
    },
    {
      "type": "Feature",
      "geometry": {
        "type": "Point",
        "coordinates": [
          142.39758,
          42.978859
        ]
      },
      "properties": {
        "name": "自然体感しむかっぷ",
        "pref": "北海道",
        "municipality": "勇払郡占冠村",
        "municipality_code": "01463",
        "urls": [
          "https://www.michi-no-eki.jp/stations/view/67",
          "http://www.hokkaido-michinoeki.jp/michinoeki/2298/",
          "http://www.vill.shimukappu.lg.jp/shimukappu/section/kikaku/nmudtq0000002gk4.html"
        ]
      }
    },
    {
      "type": "Feature",
      "geometry": {
        "type": "Point",
        "coordinates": [
          142.390979799999,
          44.0938311
        ]
      },
      "properties": {
        "name": "絵本の里けんぶち",
        "pref": "北海道",
        "municipality": "上川郡剣淵町",
        "municipality_code": "01465",
        "urls": [
          "https://www.michi-no-eki.jp/stations/view/93",
          "http://www.hokkaido-michinoeki.jp/michinoeki/2782/",
          "http://michi-ehon.jp/"
        ]
      }
    },
    {
      "type": "Feature",
      "geometry": {
        "type": "Point",
        "coordinates": [
          142.3200331,
          44.5588576
        ]
      },
      "properties": {
        "name": "びふか",
        "pref": "北海道",
        "municipality": "中川郡美深町",
        "municipality_code": "01469",
        "urls": [
          "https://www.michi-no-eki.jp/stations/view/5",
          "http://www.hokkaido-michinoeki.jp/michinoeki/292/",
          "http://www.bifuka-kankou.com/michinoeki.php"
        ]
      }
    },
    {
      "type": "Feature",
      "geometry": {
        "type": "Point",
        "coordinates": [
          142.257872,
          44.729078
        ]
      },
      "properties": {
        "name": "おといねっぷ",
        "pref": "北海道",
        "municipality": "中川郡音威子府村",
        "municipality_code": "01470",
        "urls": [
          "https://www.michi-no-eki.jp/stations/view/12",
          "http://www.hokkaido-michinoeki.jp/michinoeki/458/"
        ]
      }
    },
    {
      "type": "Feature",
      "geometry": {
        "type": "Point",
        "coordinates": [
          142.067347899999,
          44.8016912999999
        ]
      },
      "properties": {
        "name": "なかがわ",
        "pref": "北海道",
        "municipality": "中川郡中川町",
        "municipality_code": "01471",
        "urls": [
          "https://www.michi-no-eki.jp/stations/view/72",
          "http://www.hokkaido-michinoeki.jp/michinoeki/2424/",
          "http://www.nakagawa-showya.com/"
        ]
      }
    },
    {
      "type": "Feature",
      "geometry": {
        "type": "Point",
        "coordinates": [
          142.139546,
          44.114633
        ]
      },
      "properties": {
        "name": "森と湖の里ほろかない",
        "pref": "北海道",
        "municipality": "雨竜郡幌加内町",
        "municipality_code": "01472",
        "urls": [
          "https://www.michi-no-eki.jp/stations/view/55",
          "http://www.hokkaido-michinoeki.jp/michinoeki/2038/",
          "http://www.horokanai-kankou.com/sightseeing.php?id=1297731252284505"
        ]
      }
    },
    {
      "type": "Feature",
      "geometry": {
        "type": "Point",
        "coordinates": [
          141.654956,
          44.137022
        ]
      },
      "properties": {
        "name": "おびら鰊番屋",
        "pref": "北海道",
        "municipality": "留萌郡小平町",
        "municipality_code": "01482",
        "urls": [
          "https://www.michi-no-eki.jp/stations/view/27",
          "http://www.hokkaido-michinoeki.jp/michinoeki/744/",
          "http://www.town.obira.hokkaido.jp/kanko/detail/00001365.html"
        ]
      }
    },
    {
      "type": "Feature",
      "geometry": {
        "type": "Point",
        "coordinates": [
          141.6564717,
          44.3133031
        ]
      },
      "properties": {
        "name": "風Ｗとままえ",
        "pref": "北海道",
        "municipality": "苫前郡苫前町",
        "municipality_code": "01483",
        "urls": [
          "https://www.michi-no-eki.jp/stations/view/94",
          "http://www.hokkaido-michinoeki.jp/michinoeki/2805/"
        ]
      }
    },
    {
      "type": "Feature",
      "geometry": {
        "type": "Point",
        "coordinates": [
          141.7065768,
          44.3673322
        ]
      },
      "properties": {
        "name": "ほっと?はぼろ",
        "pref": "北海道",
        "municipality": "苫前郡羽幌町",
        "municipality_code": "01484",
        "urls": [
          "https://www.michi-no-eki.jp/stations/view/50",
          "http://www.hokkaido-michinoeki.jp/michinoeki/1747/"
        ]
      }
    },
    {
      "type": "Feature",
      "geometry": {
        "type": "Point",
        "coordinates": [
          141.7768178,
          44.5635037
        ]
      },
      "properties": {
        "name": "☆ロマン街道しょさんべつ",
        "pref": "北海道",
        "municipality": "苫前郡初山別村",
        "municipality_code": "01485",
        "urls": [
          "https://www.michi-no-eki.jp/stations/view/98",
          "http://www.hokkaido-michinoeki.jp/michinoeki/2870/"
        ]
      }
    },
    {
      "type": "Feature",
      "geometry": {
        "type": "Point",
        "coordinates": [
          141.7936472,
          44.7141204
        ]
      },
      "properties": {
        "name": "富士見",
        "pref": "北海道",
        "municipality": "天塩郡遠別町",
        "municipality_code": "01486",
        "urls": [
          "https://www.michi-no-eki.jp/stations/view/8",
          "http://www.hokkaido-michinoeki.jp/michinoeki/389/",
          "http://www.tongarikan.com/"
        ]
      }
    },
    {
      "type": "Feature",
      "geometry": {
        "type": "Point",
        "coordinates": [
          141.747755099999,
          44.8845722999999
        ]
      },
      "properties": {
        "name": "てしお",
        "pref": "北海道",
        "municipality": "天塩郡天塩町",
        "municipality_code": "01487",
        "urls": [
          "https://www.michi-no-eki.jp/stations/view/74",
          "http://www.hokkaido-michinoeki.jp/michinoeki/2467/",
          "http://www.teshiotown.hokkaido.jp/?page_id=98"
        ]
      }
    },
    {
      "type": "Feature",
      "geometry": {
        "type": "Point",
        "coordinates": [
          142.177348,
          45.329219
        ]
      },
      "properties": {
        "name": "さるふつ公園",
        "pref": "北海道",
        "municipality": "宗谷郡猿払村",
        "municipality_code": "01511",
        "urls": [
          "https://www.michi-no-eki.jp/stations/view/54",
          "http://www.hokkaido-michinoeki.jp/michinoeki/2010/",
          "http://www.vill.sarufutsu.hokkaido.jp/hotnews/detail/00000356.html"
        ]
      }
    },
    {
      "type": "Feature",
      "geometry": {
        "type": "Point",
        "coordinates": [
          142.213402099999,
          44.8774622
        ]
      },
      "properties": {
        "name": "ピンネシリ",
        "pref": "北海道",
        "municipality": "枝幸郡中頓別町",
        "municipality_code": "01513",
        "urls": [
          "https://www.michi-no-eki.jp/stations/view/32",
          "http://www.hokkaido-michinoeki.jp/michinoeki/842/",
          "http://pinneshiri-autocamp.com/index.html"
        ]
      }
    },
    {
      "type": "Feature",
      "geometry": {
        "type": "Point",
        "coordinates": [
          142.631812999999,
          44.8783757
        ]
      },
      "properties": {
        "name": "マリーンアイランド岡島",
        "pref": "北海道",
        "municipality": "枝幸郡枝幸町",
        "municipality_code": "01514",
        "urls": [
          "https://www.michi-no-eki.jp/stations/view/28",
          "http://www.hokkaido-michinoeki.jp/michinoeki/768/"
        ]
      }
    },
    {
      "type": "Feature",
      "geometry": {
        "type": "Point",
        "coordinates": [
          144.24901,
          43.647837
        ]
      },
      "properties": {
        "name": "ぐるっとパノラマ美幌峠",
        "pref": "北海道",
        "municipality": "網走郡美幌町",
        "municipality_code": "01543",
        "urls": [
          "https://www.michi-no-eki.jp/stations/view/76",
          "http://www.hokkaido-michinoeki.jp/michinoeki/2502/",
          "http://www.town.bihoro.hokkaido.jp/docs/2010102500054/"
        ]
      }
    },
    {
      "type": "Feature",
      "geometry": {
        "type": "Point",
        "coordinates": [
          143.980525,
          43.545622
        ]
      },
      "properties": {
        "name": "あいおい",
        "pref": "北海道",
        "municipality": "網走郡津別町",
        "municipality_code": "01544",
        "urls": [
          "https://www.michi-no-eki.jp/stations/view/81",
          "http://www.hokkaido-michinoeki.jp/michinoeki/2585/",
          "https://www.town.tsubetsu.hokkaido.jp/03shisetsu/60mininoeki/"
        ]
      }
    },
    {
      "type": "Feature",
      "geometry": {
        "type": "Point",
        "coordinates": [
          144.990668499999,
          44.0690728999999
        ]
      },
      "properties": {
        "name": "うとろ・シリエトク",
        "pref": "北海道",
        "municipality": "斜里郡斜里町",
        "municipality_code": "01545",
        "urls": [
          "https://www.michi-no-eki.jp/stations/view/99",
          "http://www.hokkaido-michinoeki.jp/michinoeki/2884/"
        ]
      }
    },
    {
      "type": "Feature",
      "geometry": {
        "type": "Point",
        "coordinates": [
          144.664213799999,
          43.9117709
        ]
      },
      "properties": {
        "name": "しゃり",
        "pref": "北海道",
        "municipality": "斜里郡斜里町",
        "municipality_code": "01545",
        "urls": [
          "https://www.michi-no-eki.jp/stations/view/100",
          "http://www.hokkaido-michinoeki.jp/michinoeki/2905/",
          "http://www.sharimichi.jp/"
        ]
      }
    },
    {
      "type": "Feature",
      "geometry": {
        "type": "Point",
        "coordinates": [
          144.5339946,
          43.7904595
        ]
      },
      "properties": {
        "name": "パパスランドさっつる",
        "pref": "北海道",
        "municipality": "斜里郡清里町",
        "municipality_code": "01546",
        "urls": [
          "https://www.michi-no-eki.jp/stations/view/101",
          "http://www.hokkaido-michinoeki.jp/michinoeki/2920/",
          "http://www.papasland-satturu.com/"
        ]
      }
    },
    {
      "type": "Feature",
      "geometry": {
        "type": "Point",
        "coordinates": [
          144.453267999999,
          43.9339211
        ]
      },
      "properties": {
        "name": "はなやか（葉菜野花）小清水",
        "pref": "北海道",
        "municipality": "斜里郡小清水町",
        "municipality_code": "01547",
        "urls": [
          "https://www.michi-no-eki.jp/stations/view/70",
          "http://www.hokkaido-michinoeki.jp/michinoeki/2375/",
          "http://www.town.koshimizu.hokkaido.jp/hanayaka/"
        ]
      }
    },
    {
      "type": "Feature",
      "geometry": {
        "type": "Point",
        "coordinates": [
          143.8241425,
          44.0999179
        ]
      },
      "properties": {
        "name": "サロマ湖",
        "pref": "北海道",
        "municipality": "常呂郡佐呂間町",
        "municipality_code": "01552",
        "urls": [
          "https://www.michi-no-eki.jp/stations/view/51",
          "http://www.hokkaido-michinoeki.jp/michinoeki/1787/",
          "http://saroma.jp"
        ]
      }
    },
    {
      "type": "Feature",
      "geometry": {
        "type": "Point",
        "coordinates": [
          143.076278,
          43.870061
        ]
      },
      "properties": {
        "name": "しらたき",
        "pref": "北海道",
        "municipality": "紋別郡遠軽町",
        "municipality_code": "01555",
        "urls": [
          "https://www.michi-no-eki.jp/stations/view/83",
          "http://www.hokkaido-michinoeki.jp/michinoeki/2623/"
        ]
      }
    },
    {
      "type": "Feature",
      "geometry": {
        "type": "Point",
        "coordinates": [
          143.3287235,
          43.9959412
        ]
      },
      "properties": {
        "name": "まるせっぷ",
        "pref": "北海道",
        "municipality": "紋別郡遠軽町",
        "municipality_code": "01555",
        "urls": [
          "https://www.michi-no-eki.jp/stations/view/15",
          "http://www.hokkaido-michinoeki.jp/michinoeki/515/",
          "http://engaru.jp/asobu-manabu/21kyoutsu/kankousisetu/kouraku-keikan/michinoeki/maruseppu.html"
        ]
      }
    },
    {
      "type": "Feature",
      "geometry": {
        "type": "Point",
        "coordinates": [
          143.5956986,
          44.1851816
        ]
      },
      "properties": {
        "name": "かみゆうべつ温泉チューリップの湯",
        "pref": "北海道",
        "municipality": "紋別郡湧別町",
        "municipality_code": "01559",
        "urls": [
          "https://www.michi-no-eki.jp/stations/view/13",
          "http://www.hokkaido-michinoeki.jp/michinoeki/472/",
          "http://www.town.yubetsu.lg.jp/50shisetsu/6nou-kankou/spa-kamiyu.html"
        ]
      }
    },
    {
      "type": "Feature",
      "geometry": {
        "type": "Point",
        "coordinates": [
          143.719206399999,
          44.1308204
        ]
      },
      "properties": {
        "name": "愛ランド湧別",
        "pref": "北海道",
        "municipality": "紋別郡湧別町",
        "municipality_code": "01559",
        "urls": [
          "https://www.michi-no-eki.jp/stations/view/52",
          "http://www.hokkaido-michinoeki.jp/michinoeki/1951/",
          "http://www.town.yubetsu.lg.jp/60kanko/03annai/you.html"
        ]
      }
    },
    {
      "type": "Feature",
      "geometry": {
        "type": "Point",
        "coordinates": [
          143.090986,
          44.19689
        ]
      },
      "properties": {
        "name": "香りの里たきのうえ",
        "pref": "北海道",
        "municipality": "紋別郡滝上町",
        "municipality_code": "01560",
        "urls": [
          "https://www.michi-no-eki.jp/stations/view/45",
          "http://www.hokkaido-michinoeki.jp/michinoeki/1016/",
          "http://town.takinoue.hokkaido.jp/shokai/shisetsu/kankou/michinoeki.html"
        ]
      }
    },
    {
      "type": "Feature",
      "geometry": {
        "type": "Point",
        "coordinates": [
          143.116955,
          44.469498
        ]
      },
      "properties": {
        "name": "おこっぺ",
        "pref": "北海道",
        "municipality": "紋別郡興部町",
        "municipality_code": "01561",
        "urls": [
          "https://www.michi-no-eki.jp/stations/view/29",
          "http://www.hokkaido-michinoeki.jp/michinoeki/795/"
        ]
      }
    },
    {
      "type": "Feature",
      "geometry": {
        "type": "Point",
        "coordinates": [
          142.8680679,
          44.3359883
        ]
      },
      "properties": {
        "name": "にしおこっぺ花夢",
        "pref": "北海道",
        "municipality": "紋別郡西興部村",
        "municipality_code": "01562",
        "urls": [
          "https://www.michi-no-eki.jp/stations/view/68",
          "http://www.hokkaido-michinoeki.jp/michinoeki/2325/",
          "http://www.vill.nishiokoppe.hokkaido.jp/section/sangyou/kamu.html"
        ]
      }
    },
    {
      "type": "Feature",
      "geometry": {
        "type": "Point",
        "coordinates": [
          142.9597327,
          44.5830367
        ]
      },
      "properties": {
        "name": "おうむ",
        "pref": "北海道",
        "municipality": "紋別郡雄武町",
        "municipality_code": "01563",
        "urls": [
          "https://www.michi-no-eki.jp/stations/view/53",
          "http://www.hokkaido-michinoeki.jp/michinoeki/1975/",
          "http://www.town.oumu.hokkaido.jp/hotnews/detail/00000065.html"
        ]
      }
    },
    {
      "type": "Feature",
      "geometry": {
        "type": "Point",
        "coordinates": [
          144.294951,
          43.845319
        ]
      },
      "properties": {
        "name": "ノンキーランド ひがしもこと",
        "pref": "北海道",
        "municipality": "網走郡大空町",
        "municipality_code": "01564",
        "urls": [
          "https://www.michi-no-eki.jp/stations/view/14155",
          "http://www.hokkaido-michinoeki.jp/michinoeki/13538/",
          "http://www.nonkyland.com/"
        ]
      }
    },
    {
      "type": "Feature",
      "geometry": {
        "type": "Point",
        "coordinates": [
          144.188488099999,
          43.9173357
        ]
      },
      "properties": {
        "name": "メルヘンの丘めまんべつ",
        "pref": "北海道",
        "municipality": "網走郡大空町",
        "municipality_code": "01564",
        "urls": [
          "https://www.michi-no-eki.jp/stations/view/79",
          "http://www.hokkaido-michinoeki.jp/michinoeki/2548/",
          "http://www.town.ozora.hokkaido.jp/docs/2014112700039/"
        ]
      }
    },
    {
      "type": "Feature",
      "geometry": {
        "type": "Point",
        "coordinates": [
          140.722382,
          42.577551
        ]
      },
      "properties": {
        "name": "とようら",
        "pref": "北海道",
        "municipality": "虻田郡豊浦町",
        "municipality_code": "01571",
        "urls": [
          "https://www.michi-no-eki.jp/stations/view/78",
          "http://www.hokkaido-michinoeki.jp/michinoeki/2533/",
          "https://toyoura-feel.com/stay/%E9%81%93%E3%81%AE%E9%A7%85%E3%81%A8%E3%82%88%E3%81%86%E3%82%89/"
        ]
      }
    },
    {
      "type": "Feature",
      "geometry": {
        "type": "Point",
        "coordinates": [
          140.899048499999,
          42.559133
        ]
      },
      "properties": {
        "name": "そうべつ情報館ｉ（アイ）",
        "pref": "北海道",
        "municipality": "有珠郡壮瞥町",
        "municipality_code": "01575",
        "urls": [
          "https://www.michi-no-eki.jp/stations/view/39",
          "http://www.hokkaido-michinoeki.jp/michinoeki/937/",
          "http://sobetsu-fp.co.jp/"
        ]
      }
    },
    {
      "type": "Feature",
      "geometry": {
        "type": "Point",
        "coordinates": [
          140.7787362,
          42.5289975
        ]
      },
      "properties": {
        "name": "あぷた",
        "pref": "北海道",
        "municipality": "虻田郡洞爺湖町",
        "municipality_code": "01584",
        "urls": [
          "https://www.michi-no-eki.jp/stations/view/91",
          "http://www.hokkaido-michinoeki.jp/michinoeki/2751/",
          "http://www.pref.hokkaido.lg.jp/ns/shs/data/ar10018.htm"
        ]
      }
    },
    {
      "type": "Feature",
      "geometry": {
        "type": "Point",
        "coordinates": [
          140.8218199,
          42.6645113999999
        ]
      },
      "properties": {
        "name": "とうや湖",
        "pref": "北海道",
        "municipality": "虻田郡洞爺湖町",
        "municipality_code": "01584",
        "urls": [
          "https://www.michi-no-eki.jp/stations/view/104",
          "http://www.hokkaido-michinoeki.jp/michinoeki/2974/",
          "http://www.michinoeki-toyako.jp/"
        ]
      }
    },
    {
      "type": "Feature",
      "geometry": {
        "type": "Point",
        "coordinates": [
          141.925464299999,
          42.5739733
        ]
      },
      "properties": {
        "name": "むかわ四季の館",
        "pref": "北海道",
        "municipality": "勇払郡むかわ町",
        "municipality_code": "01586",
        "urls": [
          "https://www.michi-no-eki.jp/stations/view/80",
          "http://www.hokkaido-michinoeki.jp/michinoeki/2569/",
          "http://www.shikinoyakata.com/eki.html"
        ]
      }
    },
    {
      "type": "Feature",
      "geometry": {
        "type": "Point",
        "coordinates": [
          142.442007399999,
          42.8767898
        ]
      },
      "properties": {
        "name": "樹海ロード日高",
        "pref": "北海道",
        "municipality": "沙流郡日高町",
        "municipality_code": "01601",
        "urls": [
          "https://www.michi-no-eki.jp/stations/view/38",
          "http://www.hokkaido-michinoeki.jp/michinoeki/921/",
          "http://www.hidaka.pref.hokkaido.lg.jp/ss/srk/hkd/thidaka/008.htm"
        ]
      }
    },
    {
      "type": "Feature",
      "geometry": {
        "type": "Point",
        "coordinates": [
          142.315690799999,
          42.3598362
        ]
      },
      "properties": {
        "name": "サラブレッドロード新冠",
        "pref": "北海道",
        "municipality": "新冠郡新冠町",
        "municipality_code": "01604",
        "urls": [
          "https://www.michi-no-eki.jp/stations/view/43",
          "http://www.hokkaido-michinoeki.jp/michinoeki/988/",
          "http://www.niikappu.jp/kurashi/sekatsu/kotsu/miti.html"
        ]
      }
    },
    {
      "type": "Feature",
      "geometry": {
        "type": "Point",
        "coordinates": [
          142.634226099999,
          42.2208744
        ]
      },
      "properties": {
        "name": "みついし",
        "pref": "北海道",
        "municipality": "日高郡新ひだか町",
        "municipality_code": "01610",
        "urls": [
          "https://www.michi-no-eki.jp/stations/view/18",
          "http://www.hokkaido-michinoeki.jp/michinoeki/564/"
        ]
      }
    },
    {
      "type": "Feature",
      "geometry": {
        "type": "Point",
        "coordinates": [
          143.207419,
          42.976584
        ]
      },
      "properties": {
        "name": "おとふけ",
        "pref": "北海道",
        "municipality": "河東郡音更町",
        "municipality_code": "01631",
        "urls": [
          "https://www.michi-no-eki.jp/stations/view/31",
          "http://www.hokkaido-michinoeki.jp/michinoeki/825/",
          "http://www.otofukebk.com/"
        ]
      }
    },
    {
      "type": "Feature",
      "geometry": {
        "type": "Point",
        "coordinates": [
          143.367911,
          43.138881
        ]
      },
      "properties": {
        "name": "しほろ温泉",
        "pref": "北海道",
        "municipality": "河東郡士幌町",
        "municipality_code": "01632",
        "urls": [
          "https://www.michi-no-eki.jp/stations/view/95",
          "http://www.hokkaido-michinoeki.jp/michinoeki/2824/",
          "http://www.shihoro-spa.co.jp/"
        ]
      }
    },
    {
      "type": "Feature",
      "geometry": {
        "type": "Point",
        "coordinates": [
          143.23927561066256,
          43.14431243535183
        ]
      },
      "properties": {
        "name": "ピア21しほろ",
        "pref": "北海道",
        "municipality": "河東郡士幌町",
        "municipality_code": "01632",
        "urls": [
          "https://www.michi-no-eki.jp/stations/view/44",
          "http://www.hokkaido-michinoeki.jp/michinoeki/1001/",
          "http://shihoroinfo.com/road-station"
        ]
      }
    },
    {
      "type": "Feature",
      "geometry": {
        "type": "Point",
        "coordinates": [
          143.0250228,
          43.1697466
        ]
      },
      "properties": {
        "name": "うりまく",
        "pref": "北海道",
        "municipality": "河東郡鹿追町",
        "municipality_code": "01634",
        "urls": [
          "https://www.michi-no-eki.jp/stations/view/92",
          "http://www.hokkaido-michinoeki.jp/michinoeki/2766/",
          "http://www.urimaku.net/"
        ]
      }
    },
    {
      "type": "Feature",
      "geometry": {
        "type": "Point",
        "coordinates": [
          142.990276399999,
          43.0977132
        ]
      },
      "properties": {
        "name": "しかおい",
        "pref": "北海道",
        "municipality": "河東郡鹿追町",
        "municipality_code": "01634",
        "urls": [
          "https://www.michi-no-eki.jp/stations/view/82",
          "http://www.hokkaido-michinoeki.jp/michinoeki/2605/",
          "http://michinoeki-shikaoi.com/"
        ]
      }
    },
    {
      "type": "Feature",
      "geometry": {
        "type": "Point",
        "coordinates": [
          143.126839,
          42.69214
        ]
      },
      "properties": {
        "name": "なかさつない",
        "pref": "北海道",
        "municipality": "河西郡中札内村",
        "municipality_code": "01638",
        "urls": [
          "https://www.michi-no-eki.jp/stations/view/36",
          "http://www.hokkaido-michinoeki.jp/michinoeki/892/",
          "http://www.michinoeki-nakasatsunai.jp/index.html"
        ]
      }
    },
    {
      "type": "Feature",
      "geometry": {
        "type": "Point",
        "coordinates": [
          143.2718483,
          42.6333115
        ]
      },
      "properties": {
        "name": "さらべつ",
        "pref": "北海道",
        "municipality": "河西郡更別村",
        "municipality_code": "01639",
        "urls": [
          "https://www.michi-no-eki.jp/stations/view/64",
          "http://www.hokkaido-michinoeki.jp/michinoeki/2232/",
          "http://www.sarabetsu-pipopa.jp/michinoeki/"
        ]
      }
    },
    {
      "type": "Feature",
      "geometry": {
        "type": "Point",
        "coordinates": [
          143.273259,
          42.489824
        ]
      },
      "properties": {
        "name": "コスモール大樹",
        "pref": "北海道",
        "municipality": "広尾郡大樹町",
        "municipality_code": "01641",
        "urls": [
          "https://www.michi-no-eki.jp/stations/view/75",
          "http://www.hokkaido-michinoeki.jp/michinoeki/2483/",
          "http://taiki-sci.jp/cosmall/"
        ]
      }
    },
    {
      "type": "Feature",
      "geometry": {
        "type": "Point",
        "coordinates": [
          143.2991945,
          42.5588618
        ]
      },
      "properties": {
        "name": "忠類",
        "pref": "北海道",
        "municipality": "中川郡幕別町",
        "municipality_code": "01643",
        "urls": [
          "https://www.michi-no-eki.jp/stations/view/9",
          "http://www.hokkaido-michinoeki.jp/michinoeki/407/"
        ]
      }
    },
    {
      "type": "Feature",
      "geometry": {
        "type": "Point",
        "coordinates": [
          143.6132503,
          43.1256342
        ]
      },
      "properties": {
        "name": "ステラ★ほんべつ",
        "pref": "北海道",
        "municipality": "中川郡本別町",
        "municipality_code": "01646",
        "urls": [
          "https://www.michi-no-eki.jp/stations/view/107",
          "http://www.hokkaido-michinoeki.jp/michinoeki/3021/"
        ]
      }
    },
    {
      "type": "Feature",
      "geometry": {
        "type": "Point",
        "coordinates": [
          143.546455,
          43.244332
        ]
      },
      "properties": {
        "name": "あしょろ銀河ホール21",
        "pref": "北海道",
        "municipality": "足寄郡足寄町",
        "municipality_code": "01647",
        "urls": [
          "https://www.michi-no-eki.jp/stations/view/84",
          "http://www.hokkaido-michinoeki.jp/michinoeki/2639/",
          "http://www.ashoro-kanko.jp"
        ]
      }
    },
    {
      "type": "Feature",
      "geometry": {
        "type": "Point",
        "coordinates": [
          143.4806105,
          43.2522652
        ]
      },
      "properties": {
        "name": "足寄湖",
        "pref": "北海道",
        "municipality": "足寄郡足寄町",
        "municipality_code": "01647",
        "urls": [
          "https://www.michi-no-eki.jp/stations/view/10",
          "http://www.hokkaido-michinoeki.jp/michinoeki/426/"
        ]
      }
    },
    {
      "type": "Feature",
      "geometry": {
        "type": "Point",
        "coordinates": [
          143.742367,
          43.467863
        ]
      },
      "properties": {
        "name": "オーロラタウン93りくべつ",
        "pref": "北海道",
        "municipality": "足寄郡陸別町",
        "municipality_code": "01648",
        "urls": [
          "https://www.michi-no-eki.jp/stations/view/69",
          "http://www.hokkaido-michinoeki.jp/michinoeki/2355/",
          "https://www.rikubetsu.jp/kanko/michinoeki/"
        ]
      }
    },
    {
      "type": "Feature",
      "geometry": {
        "type": "Point",
        "coordinates": [
          143.6636566,
          42.81399805
        ]
      },
      "properties": {
        "name": "うらほろ",
        "pref": "北海道",
        "municipality": "十勝郡浦幌町",
        "municipality_code": "01649",
        "urls": [
          "https://www.michi-no-eki.jp/stations/view/109",
          "http://www.hokkaido-michinoeki.jp/michinoeki/3057/",
          "http://www.michinoeki-urahoro.com/"
        ]
      }
    },
    {
      "type": "Feature",
      "geometry": {
        "type": "Point",
        "coordinates": [
          144.844018399999,
          43.0576697
        ]
      },
      "properties": {
        "name": "厚岸グルメパーク",
        "pref": "北海道",
        "municipality": "厚岸郡厚岸町",
        "municipality_code": "01662",
        "urls": [
          "https://www.michi-no-eki.jp/stations/view/16",
          "http://www.hokkaido-michinoeki.jp/michinoeki/531/",
          "http://www.conchiglie.net/"
        ]
      }
    },
    {
      "type": "Feature",
      "geometry": {
        "type": "Point",
        "coordinates": [
          144.4477187,
          43.4923914
        ]
      },
      "properties": {
        "name": "摩周温泉",
        "pref": "北海道",
        "municipality": "川上郡弟子屈町",
        "municipality_code": "01665",
        "urls": [
          "https://www.michi-no-eki.jp/stations/view/11",
          "http://www.hokkaido-michinoeki.jp/michinoeki/440/",
          "http://www.masyuko.or.jp/michinoeki/index.html"
        ]
      }
    },
    {
      "type": "Feature",
      "geometry": {
        "type": "Point",
        "coordinates": [
          144.1981267,
          42.9927351
        ]
      },
      "properties": {
        "name": "しらぬか恋問",
        "pref": "北海道",
        "municipality": "白糠郡白糠町",
        "municipality_code": "01668",
        "urls": [
          "https://www.michi-no-eki.jp/stations/view/4",
          "http://www.hokkaido-michinoeki.jp/michinoeki/263/",
          "http://koitoi.com/"
        ]
      }
    },
    {
      "type": "Feature",
      "geometry": {
        "type": "Point",
        "coordinates": [
          145.236875599999,
          43.533413
        ]
      },
      "properties": {
        "name": "おだいとう",
        "pref": "北海道",
        "municipality": "野付郡別海町",
        "municipality_code": "01691",
        "urls": [
          "https://www.michi-no-eki.jp/stations/view/112",
          "http://www.hokkaido-michinoeki.jp/michinoeki/3099/"
        ]
      }
    },
    {
      "type": "Feature",
      "geometry": {
        "type": "Point",
        "coordinates": [
          145.1920893,
          44.0174537
        ]
      },
      "properties": {
        "name": "知床・らうす",
        "pref": "北海道",
        "municipality": "目梨郡羅臼町",
        "municipality_code": "01694",
        "urls": [
          "https://www.michi-no-eki.jp/stations/view/63",
          "http://www.hokkaido-michinoeki.jp/michinoeki/2217/",
          "http://www.nemuro.pref.hokkaido.lg.jp/ss/srk/kanko/nmrgsdb/3k-spot/3ks-shiretoko-rausu.htm"
        ]
      }
    },
    {
      "type": "Feature",
      "geometry": {
        "type": "Point",
        "coordinates": [
          140.579519,
          40.7179284
        ]
      },
      "properties": {
        "name": "なみおか",
        "pref": "青森県",
        "municipality": "青森市",
        "municipality_code": "02201",
        "urls": [
          "https://www.michi-no-eki.jp/stations/view/124",
          "http://www.thr.mlit.go.jp/road/koutsu/Michi-no-Eki/aomori/ao10.html",
          "http://www.applehill.co.jp/"
        ]
      }
    },
    {
      "type": "Feature",
      "geometry": {
        "type": "Point",
        "coordinates": [
          140.86137,
          40.891692
        ]
      },
      "properties": {
        "name": "浅虫温泉",
        "pref": "青森県",
        "municipality": "青森市",
        "municipality_code": "02201",
        "urls": [
          "https://www.michi-no-eki.jp/stations/view/129",
          "http://www.thr.mlit.go.jp/road/koutsu/Michi-no-Eki/aomori/ao15.html",
          "http://www.yu-sa.jp/"
        ]
      }
    },
    {
      "type": "Feature",
      "geometry": {
        "type": "Point",
        "coordinates": [
          140.5487947,
          40.5547520999999
        ]
      },
      "properties": {
        "name": "ひろさき",
        "pref": "青森県",
        "municipality": "弘前市",
        "municipality_code": "02202",
        "urls": [
          "https://www.michi-no-eki.jp/stations/view/121",
          "http://www.thr.mlit.go.jp/road/koutsu/Michi-no-Eki/aomori/ao07.html",
          "http://michinoeki-hirosaki.jp/"
        ]
      }
    },
    {
      "type": "Feature",
      "geometry": {
        "type": "Point",
        "coordinates": [
          141.4304303,
          40.4067846
        ]
      },
      "properties": {
        "name": "なんごう",
        "pref": "青森県",
        "municipality": "八戸市",
        "municipality_code": "02203",
        "urls": [
          "https://www.michi-no-eki.jp/stations/view/127",
          "http://www.thr.mlit.go.jp/road/koutsu/Michi-no-Eki/aomori/ao13.html",
          "http://www.michinoeki-nango.com"
        ]
      }
    },
    {
      "type": "Feature",
      "geometry": {
        "type": "Point",
        "coordinates": [
          140.687643,
          40.581966
        ]
      },
      "properties": {
        "name": "虹の湖",
        "pref": "青森県",
        "municipality": "黒石市",
        "municipality_code": "02204",
        "urls": [
          "https://www.michi-no-eki.jp/stations/view/117",
          "http://www.thr.mlit.go.jp/road/koutsu/Michi-no-Eki/aomori/ao03.html",
          "http://nijinokopark.jp/"
        ]
      }
    },
    {
      "type": "Feature",
      "geometry": {
        "type": "Point",
        "coordinates": [
          140.385462,
          41.045391
        ]
      },
      "properties": {
        "name": "十三湖高原",
        "pref": "青森県",
        "municipality": "五所川原市",
        "municipality_code": "02205",
        "urls": [
          "https://www.michi-no-eki.jp/stations/view/125",
          "http://www.thr.mlit.go.jp/road/koutsu/Michi-no-Eki/aomori/ao11.html",
          "http://www.tosam.co.jp/"
        ]
      }
    },
    {
      "type": "Feature",
      "geometry": {
        "type": "Point",
        "coordinates": [
          141.264611599999,
          40.574645
        ]
      },
      "properties": {
        "name": "とわだ",
        "pref": "青森県",
        "municipality": "十和田市",
        "municipality_code": "02206",
        "urls": [
          "https://www.michi-no-eki.jp/stations/view/136",
          "http://www.thr.mlit.go.jp/road/koutsu/Michi-no-Eki/aomori/ao22.html",
          "http://www.towadapia.com/"
        ]
      }
    },
    {
      "type": "Feature",
      "geometry": {
        "type": "Point",
        "coordinates": [
          141.117434,
          40.586204
        ]
      },
      "properties": {
        "name": "奥入瀬",
        "pref": "青森県",
        "municipality": "十和田市",
        "municipality_code": "02206",
        "urls": [
          "https://www.michi-no-eki.jp/stations/view/122",
          "http://www.thr.mlit.go.jp/road/koutsu/Michi-no-Eki/aomori/ao08.html",
          "http://www.oirase.or.jp/"
        ]
      }
    },
    {
      "type": "Feature",
      "geometry": {
        "type": "Point",
        "coordinates": [
          141.3638954,
          40.7854137
        ]
      },
      "properties": {
        "name": "みさわ",
        "pref": "青森県",
        "municipality": "三沢市",
        "municipality_code": "02207",
        "urls": [
          "https://www.michi-no-eki.jp/stations/view/135",
          "http://www.thr.mlit.go.jp/road/koutsu/Michi-no-Eki/aomori/ao21.html",
          "http://kite-misawa.com/tonamihan/"
        ]
      }
    },
    {
      "type": "Feature",
      "geometry": {
        "type": "Point",
        "coordinates": [
          140.888218899999,
          41.2703981
        ]
      },
      "properties": {
        "name": "かわうち湖",
        "pref": "青森県",
        "municipality": "むつ市",
        "municipality_code": "02208",
        "urls": [
          "https://www.michi-no-eki.jp/stations/view/119",
          "http://www.thr.mlit.go.jp/road/koutsu/Michi-no-Eki/aomori/ao05.html",
          "http://www.aptinet.jp/Detail_display_00002796.html"
        ]
      }
    },
    {
      "type": "Feature",
      "geometry": {
        "type": "Point",
        "coordinates": [
          140.80477,
          41.167961
        ]
      },
      "properties": {
        "name": "わきのさわ",
        "pref": "青森県",
        "municipality": "むつ市",
        "municipality_code": "02208",
        "urls": [
          "https://www.michi-no-eki.jp/stations/view/118",
          "http://www.thr.mlit.go.jp/road/koutsu/Michi-no-Eki/aomori/ao04.html",
          "http://www.city.mutsu.lg.jp/index.cfm/37,41173,24,829,html"
        ]
      }
    },
    {
      "type": "Feature",
      "geometry": {
        "type": "Point",
        "coordinates": [
          140.322251,
          40.784406
        ]
      },
      "properties": {
        "name": "もりた",
        "pref": "青森県",
        "municipality": "つがる市",
        "municipality_code": "02209",
        "urls": [
          "https://www.michi-no-eki.jp/stations/view/128",
          "http://www.thr.mlit.go.jp/road/koutsu/Michi-no-Eki/aomori/ao14.html",
          "http://www.earthtop.jp/"
        ]
      }
    },
    {
      "type": "Feature",
      "geometry": {
        "type": "Point",
        "coordinates": [
          140.6231652,
          40.4815576
        ]
      },
      "properties": {
        "name": "いかりがせき",
        "pref": "青森県",
        "municipality": "平川市",
        "municipality_code": "02210",
        "urls": [
          "https://www.michi-no-eki.jp/stations/view/130",
          "http://www.thr.mlit.go.jp/road/koutsu/Michi-no-Eki/aomori/ao16.html",
          "http://ikarigaseki.com/"
        ]
      }
    },
    {
      "type": "Feature",
      "geometry": {
        "type": "Point",
        "coordinates": [
          140.514335,
          41.145511
        ]
      },
      "properties": {
        "name": "いまべつ",
        "pref": "青森県",
        "municipality": "東津軽郡今別町",
        "municipality_code": "02303",
        "urls": [
          "https://www.michi-no-eki.jp/stations/view/126",
          "http://www.thr.mlit.go.jp/road/koutsu/Michi-no-Eki/aomori/ao12.html"
        ]
      }
    },
    {
      "type": "Feature",
      "geometry": {
        "type": "Point",
        "coordinates": [
          140.6411974,
          41.1748371
        ]
      },
      "properties": {
        "name": "たいらだて",
        "pref": "青森県",
        "municipality": "東津軽郡外ヶ浜町",
        "municipality_code": "02307",
        "urls": [
          "https://www.michi-no-eki.jp/stations/view/140",
          "http://www.thr.mlit.go.jp/road/koutsu/Michi-no-Eki/aomori/ao26.html"
        ]
      }
    },
    {
      "type": "Feature",
      "geometry": {
        "type": "Point",
        "coordinates": [
          140.346791199999,
          41.2538342
        ]
      },
      "properties": {
        "name": "みんまや",
        "pref": "青森県",
        "municipality": "東津軽郡外ヶ浜町",
        "municipality_code": "02307",
        "urls": [
          "https://www.michi-no-eki.jp/stations/view/133",
          "http://www.thr.mlit.go.jp/road/koutsu/Michi-no-Eki/aomori/ao19.html"
        ]
      }
    },
    {
      "type": "Feature",
      "geometry": {
        "type": "Point",
        "coordinates": [
          140.0004692,
          40.7442227
        ]
      },
      "properties": {
        "name": "ふかうら",
        "pref": "青森県",
        "municipality": "西津軽郡深浦町",
        "municipality_code": "02323",
        "urls": [
          "https://www.michi-no-eki.jp/stations/view/138",
          "http://www.thr.mlit.go.jp/road/koutsu/Michi-no-Eki/aomori/ao24.html"
        ]
      }
    },
    {
      "type": "Feature",
      "geometry": {
        "type": "Point",
        "coordinates": [
          140.300462,
          40.577739
        ]
      },
      "properties": {
        "name": "津軽白神",
        "pref": "青森県",
        "municipality": "中津軽郡西目屋村",
        "municipality_code": "02343",
        "urls": [
          "https://www.michi-no-eki.jp/stations/view/14167",
          "http://www.thr.mlit.go.jp/road/koutsu/Michi-no-Eki/aomori/ao28.html"
        ]
      }
    },
    {
      "type": "Feature",
      "geometry": {
        "type": "Point",
        "coordinates": [
          140.577685999999,
          40.6336188999999
        ]
      },
      "properties": {
        "name": "いなかだて",
        "pref": "青森県",
        "municipality": "南津軽郡田舎館村",
        "municipality_code": "02367",
        "urls": [
          "https://www.michi-no-eki.jp/stations/view/131",
          "http://www.thr.mlit.go.jp/road/koutsu/Michi-no-Eki/aomori/ao17.html",
          "http://www.aptinet.jp/Detail_display_00000328.html"
        ]
      }
    },
    {
      "type": "Feature",
      "geometry": {
        "type": "Point",
        "coordinates": [
          140.4427046,
          40.7371457
        ]
      },
      "properties": {
        "name": "つるた",
        "pref": "青森県",
        "municipality": "北津軽郡鶴田町",
        "municipality_code": "02384",
        "urls": [
          "https://www.michi-no-eki.jp/stations/view/137",
          "http://www.thr.mlit.go.jp/road/koutsu/Michi-no-Eki/aomori/ao23.html",
          "http://www.tsurunosato-aruja.com/"
        ]
      }
    },
    {
      "type": "Feature",
      "geometry": {
        "type": "Point",
        "coordinates": [
          140.320595799999,
          41.1449049
        ]
      },
      "properties": {
        "name": "こどまり",
        "pref": "青森県",
        "municipality": "北津軽郡中泊町",
        "municipality_code": "02387",
        "urls": [
          "https://www.michi-no-eki.jp/stations/view/134",
          "http://www.thr.mlit.go.jp/road/koutsu/Michi-no-Eki/aomori/ao20.html"
        ]
      }
    },
    {
      "type": "Feature",
      "geometry": {
        "type": "Point",
        "coordinates": [
          141.1552503,
          40.7168253
        ]
      },
      "properties": {
        "name": "しちのへ",
        "pref": "青森県",
        "municipality": "上北郡七戸町",
        "municipality_code": "02402",
        "urls": [
          "https://www.michi-no-eki.jp/stations/view/115",
          "http://www.thr.mlit.go.jp/road/koutsu/Michi-no-Eki/aomori/ao01.html",
          "http://www.shichinohe-kankou.jp/michi"
        ]
      }
    },
    {
      "type": "Feature",
      "geometry": {
        "type": "Point",
        "coordinates": [
          141.3247271,
          40.6064042
        ]
      },
      "properties": {
        "name": "ろくのへ",
        "pref": "青森県",
        "municipality": "上北郡六戸町",
        "municipality_code": "02405",
        "urls": [
          "https://www.michi-no-eki.jp/stations/view/141",
          "http://www.thr.mlit.go.jp/road/koutsu/Michi-no-Eki/aomori/ao27.html"
        ]
      }
    },
    {
      "type": "Feature",
      "geometry": {
        "type": "Point",
        "coordinates": [
          141.256588,
          41.083731
        ]
      },
      "properties": {
        "name": "よこはま",
        "pref": "青森県",
        "municipality": "上北郡横浜町",
        "municipality_code": "02406",
        "urls": [
          "https://www.michi-no-eki.jp/stations/view/132",
          "http://www.thr.mlit.go.jp/road/koutsu/Michi-no-Eki/aomori/ao18.html",
          "http://www.nanohana-plaza.com/"
        ]
      }
    },
    {
      "type": "Feature",
      "geometry": {
        "type": "Point",
        "coordinates": [
          141.274961,
          40.728039
        ]
      },
      "properties": {
        "name": "おがわら湖",
        "pref": "青森県",
        "municipality": "上北郡東北町",
        "municipality_code": "02408",
        "urls": [
          "https://www.michi-no-eki.jp/stations/view/139",
          "http://www.thr.mlit.go.jp/road/koutsu/Michi-no-Eki/aomori/ao25.html",
          "http://ogawarako.co.jp/"
        ]
      }
    },
    {
      "type": "Feature",
      "geometry": {
        "type": "Point",
        "coordinates": [
          141.2554758,
          40.387808
        ]
      },
      "properties": {
        "name": "さんのへ",
        "pref": "青森県",
        "municipality": "三戸郡三戸町",
        "municipality_code": "02441",
        "urls": [
          "https://www.michi-no-eki.jp/stations/view/123",
          "http://www.thr.mlit.go.jp/road/koutsu/Michi-no-Eki/aomori/ao09.html",
          "http://www.michinoeki-sannohe.com/"
        ]
      }
    },
    {
      "type": "Feature",
      "geometry": {
        "type": "Point",
        "coordinates": [
          141.6084329,
          40.4584959
        ]
      },
      "properties": {
        "name": "はしかみ",
        "pref": "青森県",
        "municipality": "三戸郡階上町",
        "municipality_code": "02446",
        "urls": [
          "https://www.michi-no-eki.jp/stations/view/116",
          "http://www.thr.mlit.go.jp/road/koutsu/Michi-no-Eki/aomori/ao02.html",
          "http://www.michinoeki-hashikami.jp/"
        ]
      }
    },
    {
      "type": "Feature",
      "geometry": {
        "type": "Point",
        "coordinates": [
          141.0744455,
          40.4317584
        ]
      },
      "properties": {
        "name": "しんごう",
        "pref": "青森県",
        "municipality": "三戸郡新郷村",
        "municipality_code": "02450",
        "urls": [
          "https://www.michi-no-eki.jp/stations/view/120",
          "http://www.thr.mlit.go.jp/road/koutsu/Michi-no-Eki/aomori/ao06.html",
          "http://www.marumarushingo.com/"
        ]
      }
    },
    {
      "type": "Feature",
      "geometry": {
        "type": "Point",
        "coordinates": [
          141.965689,
          39.7634891
        ]
      },
      "properties": {
        "name": "たろう",
        "pref": "岩手県",
        "municipality": "宮古市",
        "municipality_code": "03202",
        "urls": [
          "https://www.michi-no-eki.jp/stations/view/149",
          "http://www.thr.mlit.go.jp/road/koutsu/Michi-no-Eki/iwate/iw08.html",
          "http://mitinoekitaro.com/"
        ]
      }
    },
    {
      "type": "Feature",
      "geometry": {
        "type": "Point",
        "coordinates": [
          141.9698939,
          39.6390181
        ]
      },
      "properties": {
        "name": "みやこ",
        "pref": "岩手県",
        "municipality": "宮古市",
        "municipality_code": "03202",
        "urls": [
          "https://www.michi-no-eki.jp/stations/view/169",
          "http://www.thr.mlit.go.jp/road/koutsu/Michi-no-Eki/iwate/iw28.html",
          "http://oasis385.jp/"
        ]
      }
    },
    {
      "type": "Feature",
      "geometry": {
        "type": "Point",
        "coordinates": [
          141.5891622,
          39.6488825
        ]
      },
      "properties": {
        "name": "やまびこ館",
        "pref": "岩手県",
        "municipality": "宮古市",
        "municipality_code": "03202",
        "urls": [
          "https://www.michi-no-eki.jp/stations/view/168",
          "http://www.thr.mlit.go.jp/road/koutsu/Michi-no-Eki/iwate/iw27.html",
          "http://www.kawaimura.com/yamabiko.html"
        ]
      }
    },
    {
      "type": "Feature",
      "geometry": {
        "type": "Point",
        "coordinates": [
          141.3535295,
          39.6516145
        ]
      },
      "properties": {
        "name": "区界高原",
        "pref": "岩手県",
        "municipality": "宮古市",
        "municipality_code": "03202",
        "urls": [
          "https://www.michi-no-eki.jp/stations/view/144",
          "http://www.thr.mlit.go.jp/road/koutsu/Michi-no-Eki/iwate/iw03.html",
          "http://kawaimura.com/kougen.html"
        ]
      }
    },
    {
      "type": "Feature",
      "geometry": {
        "type": "Point",
        "coordinates": [
          141.798998,
          39.121158
        ]
      },
      "properties": {
        "name": "さんりく",
        "pref": "岩手県",
        "municipality": "大船渡市",
        "municipality_code": "03203",
        "urls": [
          "https://www.michi-no-eki.jp/stations/view/159",
          "http://www.thr.mlit.go.jp/road/koutsu/Michi-no-Eki/iwate/iw18.html",
          "http://www.echna.ne.jp/~sunfull/"
        ]
      }
    },
    {
      "type": "Feature",
      "geometry": {
        "type": "Point",
        "coordinates": [
          141.2218949,
          39.3824368
        ]
      },
      "properties": {
        "name": "とうわ",
        "pref": "岩手県",
        "municipality": "花巻市",
        "municipality_code": "03205",
        "urls": [
          "https://www.michi-no-eki.jp/stations/view/164",
          "http://www.thr.mlit.go.jp/road/koutsu/Michi-no-Eki/iwate/iw23.html",
          "http://www.towa-spa.co.jp/"
        ]
      }
    },
    {
      "type": "Feature",
      "geometry": {
        "type": "Point",
        "coordinates": [
          141.3404903,
          39.5367746
        ]
      },
      "properties": {
        "name": "はやちね",
        "pref": "岩手県",
        "municipality": "花巻市",
        "municipality_code": "03205",
        "urls": [
          "https://www.michi-no-eki.jp/stations/view/156",
          "http://www.thr.mlit.go.jp/road/koutsu/Michi-no-Eki/iwate/iw15.html"
        ]
      }
    },
    {
      "type": "Feature",
      "geometry": {
        "type": "Point",
        "coordinates": [
          141.142136899999,
          39.4832705
        ]
      },
      "properties": {
        "name": "石鳥谷",
        "pref": "岩手県",
        "municipality": "花巻市",
        "municipality_code": "03205",
        "urls": [
          "https://www.michi-no-eki.jp/stations/view/142",
          "http://www.thr.mlit.go.jp/road/koutsu/Michi-no-Eki/iwate/iw01.html"
        ]
      }
    },
    {
      "type": "Feature",
      "geometry": {
        "type": "Point",
        "coordinates": [
          141.764638699999,
          40.1898882
        ]
      },
      "properties": {
        "name": "くじ",
        "pref": "岩手県",
        "municipality": "久慈市",
        "municipality_code": "03207",
        "urls": [
          "https://www.michi-no-eki.jp/stations/view/171",
          "http://www.thr.mlit.go.jp/road/koutsu/Michi-no-Eki/iwate/iw30.html",
          "http://dofukan.com/"
        ]
      }
    },
    {
      "type": "Feature",
      "geometry": {
        "type": "Point",
        "coordinates": [
          141.5735177,
          40.1509394
        ]
      },
      "properties": {
        "name": "白樺の里やまがた",
        "pref": "岩手県",
        "municipality": "久慈市",
        "municipality_code": "03207",
        "urls": [
          "https://www.michi-no-eki.jp/stations/view/153",
          "http://www.thr.mlit.go.jp/road/koutsu/Michi-no-Eki/iwate/iw12.html",
          "http://kuji-tourism.jp/michinoeki/yamagata/"
        ]
      }
    },
    {
      "type": "Feature",
      "geometry": {
        "type": "Point",
        "coordinates": [
          141.3513044,
          39.3460524
        ]
      },
      "properties": {
        "name": "みやもり",
        "pref": "岩手県",
        "municipality": "遠野市",
        "municipality_code": "03208",
        "urls": [
          "https://www.michi-no-eki.jp/stations/view/154",
          "http://www.thr.mlit.go.jp/road/koutsu/Michi-no-Eki/iwate/iw13.html"
        ]
      }
    },
    {
      "type": "Feature",
      "geometry": {
        "type": "Point",
        "coordinates": [
          141.501123,
          39.3309253
        ]
      },
      "properties": {
        "name": "遠野風の丘",
        "pref": "岩手県",
        "municipality": "遠野市",
        "municipality_code": "03208",
        "urls": [
          "https://www.michi-no-eki.jp/stations/view/158",
          "http://www.thr.mlit.go.jp/road/koutsu/Michi-no-Eki/iwate/iw17.html",
          "http://kazenooka.tonofurusato.jp/"
        ]
      }
    },
    {
      "type": "Feature",
      "geometry": {
        "type": "Point",
        "coordinates": [
          141.2723745,
          38.8986767
        ]
      },
      "properties": {
        "name": "かわさき",
        "pref": "岩手県",
        "municipality": "一関市",
        "municipality_code": "03209",
        "urls": [
          "https://www.michi-no-eki.jp/stations/view/167",
          "http://www.thr.mlit.go.jp/road/koutsu/Michi-no-Eki/iwate/iw26.html",
          "http://www.kawanoakari.com/"
        ]
      }
    },
    {
      "type": "Feature",
      "geometry": {
        "type": "Point",
        "coordinates": [
          141.447163,
          38.933199
        ]
      },
      "properties": {
        "name": "むろね",
        "pref": "岩手県",
        "municipality": "一関市",
        "municipality_code": "03209",
        "urls": [
          "https://www.michi-no-eki.jp/stations/view/14168"
        ]
      }
    },
    {
      "type": "Feature",
      "geometry": {
        "type": "Point",
        "coordinates": [
          141.0528845,
          38.9464394
        ]
      },
      "properties": {
        "name": "厳美渓",
        "pref": "岩手県",
        "municipality": "一関市",
        "municipality_code": "03209",
        "urls": [
          "https://www.michi-no-eki.jp/stations/view/165",
          "http://www.thr.mlit.go.jp/road/koutsu/Michi-no-Eki/iwate/iw24.html",
          "http://www.ichitabi.jp/spot/data.php?no=13"
        ]
      }
    },
    {
      "type": "Feature",
      "geometry": {
        "type": "Point",
        "coordinates": [
          141.62854,
          39.008465
        ]
      },
      "properties": {
        "name": "高田松原",
        "pref": "岩手県",
        "municipality": "陸前高田市",
        "municipality_code": "03210",
        "urls": [
          "https://www.michi-no-eki.jp/stations/view/143",
          "http://www.thr.mlit.go.jp/road/koutsu/Michi-no-Eki/iwate/iw02.html"
        ]
      }
    },
    {
      "type": "Feature",
      "geometry": {
        "type": "Point",
        "coordinates": [
          141.7816824,
          39.25363306
        ]
      },
      "properties": {
        "name": "釜石仙人峠",
        "pref": "岩手県",
        "municipality": "釜石市",
        "municipality_code": "03211",
        "urls": [
          "https://www.michi-no-eki.jp/stations/view/7980",
          "http://www.thr.mlit.go.jp/road/koutsu/Michi-no-Eki/iwate/iw31.html",
          "http://www.city.kamaishi.iwate.jp/tanoshimu/bussan/sanchoku/detail/1193345_3298.html"
        ]
      }
    },
    {
      "type": "Feature",
      "geometry": {
        "type": "Point",
        "coordinates": [
          141.0993785,
          39.8799670999999
        ]
      },
      "properties": {
        "name": "にしね",
        "pref": "岩手県",
        "municipality": "八幡平市",
        "municipality_code": "03214",
        "urls": [
          "https://www.michi-no-eki.jp/stations/view/152",
          "http://www.thr.mlit.go.jp/road/koutsu/Michi-no-Eki/iwate/iw11.html",
          "http://www.hachimantai-ss.co.jp/~nishine/index.html"
        ]
      }
    },
    {
      "type": "Feature",
      "geometry": {
        "type": "Point",
        "coordinates": [
          141.181477,
          39.094217
        ]
      },
      "properties": {
        "name": "みずさわ",
        "pref": "岩手県",
        "municipality": "奥州市",
        "municipality_code": "03215",
        "urls": [
          "https://www.michi-no-eki.jp/stations/view/151",
          "http://www.thr.mlit.go.jp/road/koutsu/Michi-no-Eki/iwate/iw10.html",
          "http://www.city.oshu.iwate.jp/kanko/view.rbz?nd=398&ik=1&pnp=398&cd=1590"
        ]
      }
    },
    {
      "type": "Feature",
      "geometry": {
        "type": "Point",
        "coordinates": [
          140.874886,
          39.706412
        ]
      },
      "properties": {
        "name": "雫石あねっこ",
        "pref": "岩手県",
        "municipality": "岩手郡雫石町",
        "municipality_code": "03301",
        "urls": [
          "https://www.michi-no-eki.jp/stations/view/163",
          "http://www.thr.mlit.go.jp/road/koutsu/Michi-no-Eki/iwate/iw22.html",
          "http://www.anekko.co.jp/"
        ]
      }
    },
    {
      "type": "Feature",
      "geometry": {
        "type": "Point",
        "coordinates": [
          141.339957599999,
          39.984567
        ]
      },
      "properties": {
        "name": "くずまき高原",
        "pref": "岩手県",
        "municipality": "岩手郡葛巻町",
        "municipality_code": "03302",
        "urls": [
          "https://www.michi-no-eki.jp/stations/view/161",
          "http://www.thr.mlit.go.jp/road/koutsu/Michi-no-Eki/iwate/iw20.html"
        ]
      }
    },
    {
      "type": "Feature",
      "geometry": {
        "type": "Point",
        "coordinates": [
          141.21381,
          39.968545
        ]
      },
      "properties": {
        "name": "石神の丘",
        "pref": "岩手県",
        "municipality": "岩手郡岩手町",
        "municipality_code": "03303",
        "urls": [
          "https://www.michi-no-eki.jp/stations/view/162",
          "http://www.thr.mlit.go.jp/road/koutsu/Michi-no-Eki/iwate/iw21.html",
          "http://isigaminooka.jp/"
        ]
      }
    },
    {
      "type": "Feature",
      "geometry": {
        "type": "Point",
        "coordinates": [
          141.2064173,
          39.5555548
        ]
      },
      "properties": {
        "name": "紫波",
        "pref": "岩手県",
        "municipality": "紫波郡紫波町",
        "municipality_code": "03321",
        "urls": [
          "https://www.michi-no-eki.jp/stations/view/155",
          "http://www.thr.mlit.go.jp/road/koutsu/Michi-no-Eki/iwate/iw14.html"
        ]
      }
    },
    {
      "type": "Feature",
      "geometry": {
        "type": "Point",
        "coordinates": [
          140.875146999999,
          39.3007195
        ]
      },
      "properties": {
        "name": "錦秋湖",
        "pref": "岩手県",
        "municipality": "和賀郡西和賀町",
        "municipality_code": "03366",
        "urls": [
          "https://www.michi-no-eki.jp/stations/view/160",
          "http://www.thr.mlit.go.jp/road/koutsu/Michi-no-Eki/iwate/iw19.html"
        ]
      }
    },
    {
      "type": "Feature",
      "geometry": {
        "type": "Point",
        "coordinates": [
          141.121791,
          38.991816
        ]
      },
      "properties": {
        "name": "平泉",
        "pref": "岩手県",
        "municipality": "西磐井郡平泉町",
        "municipality_code": "03402",
        "urls": [
          "https://www.michi-no-eki.jp/stations/view/14132",
          "http://www.thr.mlit.go.jp/road/koutsu/Michi-no-Eki/iwate/iw32.html",
          "http://道の駅平泉.com/"
        ]
      }
    },
    {
      "type": "Feature",
      "geometry": {
        "type": "Point",
        "coordinates": [
          141.3958808,
          39.1798365
        ]
      },
      "properties": {
        "name": "種山ヶ原",
        "pref": "岩手県",
        "municipality": "気仙郡住田町",
        "municipality_code": "03441",
        "urls": [
          "https://www.michi-no-eki.jp/stations/view/146",
          "http://www.thr.mlit.go.jp/road/koutsu/Michi-no-Eki/iwate/iw05.html",
          "http://poran.sumita-gayagaya.com/"
        ]
      }
    },
    {
      "type": "Feature",
      "geometry": {
        "type": "Point",
        "coordinates": [
          141.973205,
          39.4369048
        ]
      },
      "properties": {
        "name": "やまだ",
        "pref": "岩手県",
        "municipality": "下閉伊郡山田町",
        "municipality_code": "03482",
        "urls": [
          "https://www.michi-no-eki.jp/stations/view/157",
          "http://www.thr.mlit.go.jp/road/koutsu/Michi-no-Eki/iwate/iw16.html",
          "http://www.yamada-michinoeki.jp"
        ]
      }
    },
    {
      "type": "Feature",
      "geometry": {
        "type": "Point",
        "coordinates": [
          141.8626587,
          39.8423053
        ]
      },
      "properties": {
        "name": "いわいずみ",
        "pref": "岩手県",
        "municipality": "下閉伊郡岩泉町",
        "municipality_code": "03483",
        "urls": [
          "https://www.michi-no-eki.jp/stations/view/147",
          "http://www.thr.mlit.go.jp/road/koutsu/Michi-no-Eki/iwate/iw06.html"
        ]
      }
    },
    {
      "type": "Feature",
      "geometry": {
        "type": "Point",
        "coordinates": [
          141.589311,
          39.871122
        ]
      },
      "properties": {
        "name": "三田貝分校",
        "pref": "岩手県",
        "municipality": "下閉伊郡岩泉町",
        "municipality_code": "03483",
        "urls": [
          "https://www.michi-no-eki.jp/stations/view/170",
          "http://www.thr.mlit.go.jp/road/koutsu/Michi-no-Eki/iwate/iw29.html",
          "http://www.ryusendo-water.co.jp/mitinoekimitakai.html"
        ]
      }
    },
    {
      "type": "Feature",
      "geometry": {
        "type": "Point",
        "coordinates": [
          141.902577,
          39.909617
        ]
      },
      "properties": {
        "name": "たのはた",
        "pref": "岩手県",
        "municipality": "下閉伊郡田野畑村",
        "municipality_code": "03484",
        "urls": [
          "https://www.michi-no-eki.jp/stations/view/150",
          "http://www.thr.mlit.go.jp/road/koutsu/Michi-no-Eki/iwate/iw09.html",
          "http://www.vill.tanohata.iwate.jp/kankou/active/michinoeki-tanohata.html"
        ]
      }
    },
    {
      "type": "Feature",
      "geometry": {
        "type": "Point",
        "coordinates": [
          141.818707,
          40.116105
        ]
      },
      "properties": {
        "name": "のだ",
        "pref": "岩手県",
        "municipality": "九戸郡野田村",
        "municipality_code": "03503",
        "urls": [
          "https://www.michi-no-eki.jp/stations/view/148",
          "http://www.thr.mlit.go.jp/road/koutsu/Michi-no-Eki/iwate/iw07.html",
          "http://nodaeki.com/"
        ]
      }
    },
    {
      "type": "Feature",
      "geometry": {
        "type": "Point",
        "coordinates": [
          141.4165286,
          40.248349
        ]
      },
      "properties": {
        "name": "おりつめ",
        "pref": "岩手県",
        "municipality": "九戸郡九戸村",
        "municipality_code": "03506",
        "urls": [
          "https://www.michi-no-eki.jp/stations/view/166",
          "http://www.thr.mlit.go.jp/road/koutsu/Michi-no-Eki/iwate/iw25.html",
          "http://www.iwatetabi.jp/spot/detail/03506/609.html"
        ]
      }
    },
    {
      "type": "Feature",
      "geometry": {
        "type": "Point",
        "coordinates": [
          141.6634076,
          40.2792091
        ]
      },
      "properties": {
        "name": "おおの",
        "pref": "岩手県",
        "municipality": "九戸郡洋野町",
        "municipality_code": "03507",
        "urls": [
          "https://www.michi-no-eki.jp/stations/view/145",
          "http://www.thr.mlit.go.jp/road/koutsu/Michi-no-Eki/iwate/iw04.html",
          "http://www.ohnocampus.jp/"
        ]
      }
    },
    {
      "type": "Feature",
      "geometry": {
        "type": "Point",
        "coordinates": [
          141.295318,
          38.501033
        ]
      },
      "properties": {
        "name": "上品の郷",
        "pref": "宮城県",
        "municipality": "石巻市",
        "municipality_code": "04202",
        "urls": [
          "https://www.michi-no-eki.jp/stations/view/181",
          "http://www.thr.mlit.go.jp/road/koutsu/Michi-no-Eki/miyagi/mi10.html",
          "http://www.joubon.com"
        ]
      }
    },
    {
      "type": "Feature",
      "geometry": {
        "type": "Point",
        "coordinates": [
          141.5664822,
          38.8140093
        ]
      },
      "properties": {
        "name": "大谷海岸",
        "pref": "宮城県",
        "municipality": "気仙沼市",
        "municipality_code": "04205",
        "urls": [
          "https://www.michi-no-eki.jp/stations/view/176",
          "http://www.thr.mlit.go.jp/road/koutsu/Michi-no-Eki/miyagi/mi05.html",
          "http://pc.kesennuma-kankomap.jp/tourism/detail/1170"
        ]
      }
    },
    {
      "type": "Feature",
      "geometry": {
        "type": "Point",
        "coordinates": [
          141.160641,
          38.66488
        ]
      },
      "properties": {
        "name": "みなみかた",
        "pref": "宮城県",
        "municipality": "登米市",
        "municipality_code": "04212",
        "urls": [
          "https://www.michi-no-eki.jp/stations/view/182",
          "http://www.thr.mlit.go.jp/road/koutsu/Michi-no-Eki/miyagi/mi11.html"
        ]
      }
    },
    {
      "type": "Feature",
      "geometry": {
        "type": "Point",
        "coordinates": [
          141.327823,
          38.7079696
        ]
      },
      "properties": {
        "name": "三滝堂",
        "pref": "宮城県",
        "municipality": "登米市",
        "municipality_code": "04212",
        "urls": [
          "https://www.michi-no-eki.jp/stations/view/9726",
          "http://www.thr.mlit.go.jp/road/koutsu/Michi-no-Eki/miyagi/mi13.html",
          "https://mitakido.jp/"
        ]
      }
    },
    {
      "type": "Feature",
      "geometry": {
        "type": "Point",
        "coordinates": [
          141.316076,
          38.742664
        ]
      },
      "properties": {
        "name": "林林館",
        "pref": "宮城県",
        "municipality": "登米市",
        "municipality_code": "04212",
        "urls": [
          "https://www.michi-no-eki.jp/stations/view/180",
          "http://www.thr.mlit.go.jp/road/koutsu/Michi-no-Eki/miyagi/mi09.html",
          "http://www.rinrinkan.ecnet.jp/"
        ]
      }
    },
    {
      "type": "Feature",
      "geometry": {
        "type": "Point",
        "coordinates": [
          141.325525,
          38.619593
        ]
      },
      "properties": {
        "name": "津山",
        "pref": "宮城県",
        "municipality": "登米市",
        "municipality_code": "04212",
        "urls": [
          "https://www.michi-no-eki.jp/stations/view/173",
          "http://www.thr.mlit.go.jp/road/koutsu/Michi-no-Eki/miyagi/mi02.html",
          "http://moku2land.com/"
        ]
      }
    },
    {
      "type": "Feature",
      "geometry": {
        "type": "Point",
        "coordinates": [
          141.1878908,
          38.6271176
        ]
      },
      "properties": {
        "name": "米山",
        "pref": "宮城県",
        "municipality": "登米市",
        "municipality_code": "04212",
        "urls": [
          "https://www.michi-no-eki.jp/stations/view/178",
          "http://www.thr.mlit.go.jp/road/koutsu/Michi-no-Eki/miyagi/mi07.html",
          "http://www.yoneyamayy.info/"
        ]
      }
    },
    {
      "type": "Feature",
      "geometry": {
        "type": "Point",
        "coordinates": [
          140.844319,
          38.794418
        ]
      },
      "properties": {
        "name": "路田里はなやま",
        "pref": "宮城県",
        "municipality": "栗原市",
        "municipality_code": "04213",
        "urls": [
          "https://www.michi-no-eki.jp/stations/view/175",
          "http://www.thr.mlit.go.jp/road/koutsu/Michi-no-Eki/miyagi/mi04.html",
          "http://r-sato0.wixsite.com/michinoeki-hanayama"
        ]
      }
    },
    {
      "type": "Feature",
      "geometry": {
        "type": "Point",
        "coordinates": [
          140.833294,
          38.70744
        ]
      },
      "properties": {
        "name": "あ・ら・伊達な道の駅",
        "pref": "宮城県",
        "municipality": "大崎市",
        "municipality_code": "04215",
        "urls": [
          "https://www.michi-no-eki.jp/stations/view/179",
          "http://www.thr.mlit.go.jp/road/koutsu/Michi-no-Eki/miyagi/mi08.html",
          "http://ala-date.com"
        ]
      }
    },
    {
      "type": "Feature",
      "geometry": {
        "type": "Point",
        "coordinates": [
          140.938388,
          38.521611
        ]
      },
      "properties": {
        "name": "三本木",
        "pref": "宮城県",
        "municipality": "大崎市",
        "municipality_code": "04215",
        "urls": [
          "https://www.michi-no-eki.jp/stations/view/174",
          "http://www.thr.mlit.go.jp/road/koutsu/Michi-no-Eki/miyagi/mi03.html",
          "http://www.sanbongi.jp/"
        ]
      }
    },
    {
      "type": "Feature",
      "geometry": {
        "type": "Point",
        "coordinates": [
          140.505066,
          37.971123
        ]
      },
      "properties": {
        "name": "七ヶ宿",
        "pref": "宮城県",
        "municipality": "刈田郡七ヶ宿町",
        "municipality_code": "04302",
        "urls": [
          "https://www.michi-no-eki.jp/stations/view/172",
          "http://www.thr.mlit.go.jp/road/koutsu/Michi-no-Eki/miyagi/mi01.html",
          "http://www.town.shichikashuku.miyagi.jp/sightseeing/food/michinoeki.html"
        ]
      }
    },
    {
      "type": "Feature",
      "geometry": {
        "type": "Point",
        "coordinates": [
          140.717279,
          38.118639
        ]
      },
      "properties": {
        "name": "村田",
        "pref": "宮城県",
        "municipality": "柴田郡村田町",
        "municipality_code": "04322",
        "urls": [
          "https://www.michi-no-eki.jp/stations/view/183",
          "http://www.thr.mlit.go.jp/road/koutsu/Michi-no-Eki/miyagi/mi12.html",
          "http://www.muratamachi.info"
        ]
      }
    },
    {
      "type": "Feature",
      "geometry": {
        "type": "Point",
        "coordinates": [
          140.992791,
          38.424053
        ]
      },
      "properties": {
        "name": "おおさと",
        "pref": "宮城県",
        "municipality": "黒川郡大郷町",
        "municipality_code": "04422",
        "urls": [
          "https://www.michi-no-eki.jp/stations/view/177",
          "http://www.thr.mlit.go.jp/road/koutsu/Michi-no-Eki/miyagi/mi06.html",
          "http://www.oosato-rs.co.jp/"
        ]
      }
    },
    {
      "type": "Feature",
      "geometry": {
        "type": "Point",
        "coordinates": [
          140.061005,
          39.7527085
        ]
      },
      "properties": {
        "name": "あきた港",
        "pref": "秋田県",
        "municipality": "秋田市",
        "municipality_code": "05201",
        "urls": [
          "https://www.michi-no-eki.jp/stations/view/211",
          "http://www.thr.mlit.go.jp/road/koutsu/Michi-no-Eki/akita/ak28.html",
          "http://www.selion-akita.com/"
        ]
      }
    },
    {
      "type": "Feature",
      "geometry": {
        "type": "Point",
        "coordinates": [
          140.260873,
          40.21843
        ]
      },
      "properties": {
        "name": "ふたつい",
        "pref": "秋田県",
        "municipality": "能代市",
        "municipality_code": "05202",
        "urls": [
          "https://www.michi-no-eki.jp/stations/view/185",
          "http://www.thr.mlit.go.jp/road/koutsu/Michi-no-Eki/akita/ak02.html",
          "http://www.shirakami.or.jp/~futatsui-kankou/kankomap/michinoeki.html"
        ]
      }
    },
    {
      "type": "Feature",
      "geometry": {
        "type": "Point",
        "coordinates": [
          140.6258076,
          39.2893172
        ]
      },
      "properties": {
        "name": "さんない",
        "pref": "秋田県",
        "municipality": "横手市",
        "municipality_code": "05203",
        "urls": [
          "https://www.michi-no-eki.jp/stations/view/201",
          "http://www.thr.mlit.go.jp/road/koutsu/Michi-no-Eki/akita/ak18.html",
          "http://a-woodyland.jp/"
        ]
      }
    },
    {
      "type": "Feature",
      "geometry": {
        "type": "Point",
        "coordinates": [
          140.521447,
          39.226174
        ]
      },
      "properties": {
        "name": "十文字",
        "pref": "秋田県",
        "municipality": "横手市",
        "municipality_code": "05203",
        "urls": [
          "https://www.michi-no-eki.jp/stations/view/209",
          "http://www.thr.mlit.go.jp/road/koutsu/Michi-no-Eki/akita/ak26.html"
        ]
      }
    },
    {
      "type": "Feature",
      "geometry": {
        "type": "Point",
        "coordinates": [
          140.585214,
          40.219348
        ]
      },
      "properties": {
        "name": "ひない",
        "pref": "秋田県",
        "municipality": "大館市",
        "municipality_code": "05204",
        "urls": [
          "https://www.michi-no-eki.jp/stations/view/204",
          "http://www.thr.mlit.go.jp/road/koutsu/Michi-no-Eki/akita/ak21.html"
        ]
      }
    },
    {
      "type": "Feature",
      "geometry": {
        "type": "Point",
        "coordinates": [
          140.624428999999,
          40.4210338
        ]
      },
      "properties": {
        "name": "やたて峠",
        "pref": "秋田県",
        "municipality": "大館市",
        "municipality_code": "05204",
        "urls": [
          "https://www.michi-no-eki.jp/stations/view/187",
          "http://www.thr.mlit.go.jp/road/koutsu/Michi-no-Eki/akita/ak04.html",
          "http://ohdate-yatate.com"
        ]
      }
    },
    {
      "type": "Feature",
      "geometry": {
        "type": "Point",
        "coordinates": [
          139.848335,
          39.88194527800005
        ]
      },
      "properties": {
        "name": "おが",
        "pref": "秋田県",
        "municipality": "男鹿市",
        "municipality_code": "05206",
        "urls": [
          "https://www.michi-no-eki.jp/stations/view/14183",
          "http://michinoekioga.co.jp/",
          "http://michinoekioga.co.jp/"
        ]
      }
    },
    {
      "type": "Feature",
      "geometry": {
        "type": "Point",
        "coordinates": [
          140.460393,
          39.0651389
        ]
      },
      "properties": {
        "name": "おがち",
        "pref": "秋田県",
        "municipality": "湯沢市",
        "municipality_code": "05207",
        "urls": [
          "https://www.michi-no-eki.jp/stations/view/196",
          "http://www.thr.mlit.go.jp/road/koutsu/Michi-no-Eki/akita/ak13.html",
          "http://www.michinoeki-ogachi.co.jp/"
        ]
      }
    },
    {
      "type": "Feature",
      "geometry": {
        "type": "Point",
        "coordinates": [
          140.82593,
          40.295831
        ]
      },
      "properties": {
        "name": "おおゆ",
        "pref": "秋田県",
        "municipality": "鹿角市",
        "municipality_code": "05209",
        "urls": [
          "https://www.michi-no-eki.jp/stations/view/14169"
        ]
      }
    },
    {
      "type": "Feature",
      "geometry": {
        "type": "Point",
        "coordinates": [
          140.7852155,
          40.1818401
        ]
      },
      "properties": {
        "name": "かづの",
        "pref": "秋田県",
        "municipality": "鹿角市",
        "municipality_code": "05209",
        "urls": [
          "https://www.michi-no-eki.jp/stations/view/189",
          "http://www.thr.mlit.go.jp/road/koutsu/Michi-no-Eki/akita/ak06.html",
          "http://www.ink.or.jp/~antler/"
        ]
      }
    },
    {
      "type": "Feature",
      "geometry": {
        "type": "Point",
        "coordinates": [
          140.0901559,
          39.4428837
        ]
      },
      "properties": {
        "name": "おおうち",
        "pref": "秋田県",
        "municipality": "由利本荘市",
        "municipality_code": "05210",
        "urls": [
          "https://www.michi-no-eki.jp/stations/view/202",
          "http://www.thr.mlit.go.jp/road/koutsu/Michi-no-Eki/akita/ak19.html"
        ]
      }
    },
    {
      "type": "Feature",
      "geometry": {
        "type": "Point",
        "coordinates": [
          140.014564,
          39.36288
        ]
      },
      "properties": {
        "name": "にしめ",
        "pref": "秋田県",
        "municipality": "由利本荘市",
        "municipality_code": "05210",
        "urls": [
          "https://www.michi-no-eki.jp/stations/view/186",
          "http://www.thr.mlit.go.jp/road/koutsu/Michi-no-Eki/akita/ak03.html",
          "http://eki.nisime.net/"
        ]
      }
    },
    {
      "type": "Feature",
      "geometry": {
        "type": "Point",
        "coordinates": [
          140.052932999999,
          39.5420844
        ]
      },
      "properties": {
        "name": "岩城",
        "pref": "秋田県",
        "municipality": "由利本荘市",
        "municipality_code": "05210",
        "urls": [
          "https://www.michi-no-eki.jp/stations/view/198",
          "http://www.thr.mlit.go.jp/road/koutsu/Michi-no-Eki/akita/ak15.html",
          "http://www.iwaki-park.co.jp/"
        ]
      }
    },
    {
      "type": "Feature",
      "geometry": {
        "type": "Point",
        "coordinates": [
          140.285026,
          39.3016038
        ]
      },
      "properties": {
        "name": "東由利",
        "pref": "秋田県",
        "municipality": "由利本荘市",
        "municipality_code": "05210",
        "urls": [
          "https://www.michi-no-eki.jp/stations/view/192",
          "http://www.thr.mlit.go.jp/road/koutsu/Michi-no-Eki/akita/ak09.html",
          "http://www.ont.ne.jp/~k-yurari/eki.html"
        ]
      }
    },
    {
      "type": "Feature",
      "geometry": {
        "type": "Point",
        "coordinates": [
          140.2915146,
          39.1095406
        ]
      },
      "properties": {
        "name": "清水の里・鳥海郷",
        "pref": "秋田県",
        "municipality": "由利本荘市",
        "municipality_code": "05210",
        "urls": [
          "https://www.michi-no-eki.jp/stations/view/206",
          "http://www.thr.mlit.go.jp/road/koutsu/Michi-no-Eki/akita/ak23.html"
        ]
      }
    },
    {
      "type": "Feature",
      "geometry": {
        "type": "Point",
        "coordinates": [
          140.077799,
          39.864734
        ]
      },
      "properties": {
        "name": "しょうわ",
        "pref": "秋田県",
        "municipality": "潟上市",
        "municipality_code": "05211",
        "urls": [
          "https://www.michi-no-eki.jp/stations/view/199",
          "http://www.thr.mlit.go.jp/road/koutsu/Michi-no-Eki/akita/ak16.html",
          "http://www.blume-messe.com/"
        ]
      }
    },
    {
      "type": "Feature",
      "geometry": {
        "type": "Point",
        "coordinates": [
          140.0095627,
          39.8568152
        ]
      },
      "properties": {
        "name": "てんのう",
        "pref": "秋田県",
        "municipality": "潟上市",
        "municipality_code": "05211",
        "urls": [
          "https://www.michi-no-eki.jp/stations/view/197",
          "http://www.thr.mlit.go.jp/road/koutsu/Michi-no-Eki/akita/ak14.html",
          "http://www.kurara-spa.co.jp/"
        ]
      }
    },
    {
      "type": "Feature",
      "geometry": {
        "type": "Point",
        "coordinates": [
          140.3767219,
          39.5221473
        ]
      },
      "properties": {
        "name": "かみおか",
        "pref": "秋田県",
        "municipality": "大仙市",
        "municipality_code": "05212",
        "urls": [
          "https://www.michi-no-eki.jp/stations/view/190",
          "http://www.thr.mlit.go.jp/road/koutsu/Michi-no-Eki/akita/ak07.html",
          "http://www.chayakko.jp/"
        ]
      }
    },
    {
      "type": "Feature",
      "geometry": {
        "type": "Point",
        "coordinates": [
          140.533182099999,
          39.5385396
        ]
      },
      "properties": {
        "name": "なかせん",
        "pref": "秋田県",
        "municipality": "大仙市",
        "municipality_code": "05212",
        "urls": [
          "https://www.michi-no-eki.jp/stations/view/195",
          "http://www.thr.mlit.go.jp/road/koutsu/Michi-no-Eki/akita/ak12.html",
          "http://nakasen.hana.jp"
        ]
      }
    },
    {
      "type": "Feature",
      "geometry": {
        "type": "Point",
        "coordinates": [
          140.362517,
          39.61884
        ]
      },
      "properties": {
        "name": "協和",
        "pref": "秋田県",
        "municipality": "大仙市",
        "municipality_code": "05212",
        "urls": [
          "https://www.michi-no-eki.jp/stations/view/208",
          "http://www.thr.mlit.go.jp/road/koutsu/Michi-no-Eki/akita/ak25.html"
        ]
      }
    },
    {
      "type": "Feature",
      "geometry": {
        "type": "Point",
        "coordinates": [
          140.456774,
          39.901824
        ]
      },
      "properties": {
        "name": "あに",
        "pref": "秋田県",
        "municipality": "北秋田市",
        "municipality_code": "05213",
        "urls": [
          "https://www.michi-no-eki.jp/stations/view/203",
          "http://www.thr.mlit.go.jp/road/koutsu/Michi-no-Eki/akita/ak20.html"
        ]
      }
    },
    {
      "type": "Feature",
      "geometry": {
        "type": "Point",
        "coordinates": [
          140.375856,
          40.251513
        ]
      },
      "properties": {
        "name": "たかのす",
        "pref": "秋田県",
        "municipality": "北秋田市",
        "municipality_code": "05213",
        "urls": [
          "https://www.michi-no-eki.jp/stations/view/184",
          "http://www.thr.mlit.go.jp/road/koutsu/Michi-no-Eki/akita/ak01.html",
          "http://www.city.kitaakita.akita.jp/industdb/shotengaidb/212.html"
        ]
      }
    },
    {
      "type": "Feature",
      "geometry": {
        "type": "Point",
        "coordinates": [
          140.371628,
          40.19197
        ]
      },
      "properties": {
        "name": "大館能代空港",
        "pref": "秋田県",
        "municipality": "北秋田市",
        "municipality_code": "05213",
        "urls": [
          "https://www.michi-no-eki.jp/stations/view/213",
          "http://www.thr.mlit.go.jp/road/koutsu/Michi-no-Eki/akita/ak30.html"
        ]
      }
    },
    {
      "type": "Feature",
      "geometry": {
        "type": "Point",
        "coordinates": [
          139.9001819,
          39.220129
        ]
      },
      "properties": {
        "name": "象潟",
        "pref": "秋田県",
        "municipality": "にかほ市",
        "municipality_code": "05214",
        "urls": [
          "https://www.michi-no-eki.jp/stations/view/194",
          "http://www.thr.mlit.go.jp/road/koutsu/Michi-no-Eki/akita/ak11.html"
        ]
      }
    },
    {
      "type": "Feature",
      "geometry": {
        "type": "Point",
        "coordinates": [
          140.781686,
          40.356598
        ]
      },
      "properties": {
        "name": "こさか七滝",
        "pref": "秋田県",
        "municipality": "鹿角郡小坂町",
        "municipality_code": "05303",
        "urls": [
          "https://www.michi-no-eki.jp/stations/view/212",
          "http://www.thr.mlit.go.jp/road/koutsu/Michi-no-Eki/akita/ak29.html"
        ]
      }
    },
    {
      "type": "Feature",
      "geometry": {
        "type": "Point",
        "coordinates": [
          140.297203,
          40.063515
        ]
      },
      "properties": {
        "name": "かみこあに",
        "pref": "秋田県",
        "municipality": "北秋田郡上小阿仁村",
        "municipality_code": "05327",
        "urls": [
          "https://www.michi-no-eki.jp/stations/view/193",
          "http://www.thr.mlit.go.jp/road/koutsu/Michi-no-Eki/akita/ak10.html",
          "http://www.michinoeki-kamikoani.jp/"
        ]
      }
    },
    {
      "type": "Feature",
      "geometry": {
        "type": "Point",
        "coordinates": [
          140.08035,
          40.022308
        ]
      },
      "properties": {
        "name": "ことおか",
        "pref": "秋田県",
        "municipality": "山本郡三種町",
        "municipality_code": "05348",
        "urls": [
          "https://www.michi-no-eki.jp/stations/view/191",
          "http://www.thr.mlit.go.jp/road/koutsu/Michi-no-Eki/akita/ak08.html",
          "http://www.town.mitane.akita.jp/kyuhp/kotooka/mapp06.htm"
        ]
      }
    },
    {
      "type": "Feature",
      "geometry": {
        "type": "Point",
        "coordinates": [
          139.948678,
          40.421583
        ]
      },
      "properties": {
        "name": "はちもり",
        "pref": "秋田県",
        "municipality": "山本郡八峰町",
        "municipality_code": "05349",
        "urls": [
          "https://www.michi-no-eki.jp/stations/view/188",
          "http://www.thr.mlit.go.jp/road/koutsu/Michi-no-Eki/akita/ak05.html"
        ]
      }
    },
    {
      "type": "Feature",
      "geometry": {
        "type": "Point",
        "coordinates": [
          140.028074,
          40.2668499
        ]
      },
      "properties": {
        "name": "みねはま",
        "pref": "秋田県",
        "municipality": "山本郡八峰町",
        "municipality_code": "05349",
        "urls": [
          "https://www.michi-no-eki.jp/stations/view/200",
          "http://www.thr.mlit.go.jp/road/koutsu/Michi-no-Eki/akita/ak17.html"
        ]
      }
    },
    {
      "type": "Feature",
      "geometry": {
        "type": "Point",
        "coordinates": [
          140.1442137,
          39.9470864
        ]
      },
      "properties": {
        "name": "五城目",
        "pref": "秋田県",
        "municipality": "南秋田郡五城目町",
        "municipality_code": "05361",
        "urls": [
          "https://www.michi-no-eki.jp/stations/view/205",
          "http://www.thr.mlit.go.jp/road/koutsu/Michi-no-Eki/akita/ak22.html",
          "http://ktmhp.com/hp/hotin-chokai/page1"
        ]
      }
    },
    {
      "type": "Feature",
      "geometry": {
        "type": "Point",
        "coordinates": [
          139.9515185,
          40.0153495
        ]
      },
      "properties": {
        "name": "おおがた",
        "pref": "秋田県",
        "municipality": "南秋田郡大潟村",
        "municipality_code": "05368",
        "urls": [
          "https://www.michi-no-eki.jp/stations/view/210",
          "http://www.thr.mlit.go.jp/road/koutsu/Michi-no-Eki/akita/ak27.html",
          "http://www.sanchokukatanomise.com/index.html"
        ]
      }
    },
    {
      "type": "Feature",
      "geometry": {
        "type": "Point",
        "coordinates": [
          140.5675681,
          39.3789953
        ]
      },
      "properties": {
        "name": "雁の里せんなん",
        "pref": "秋田県",
        "municipality": "仙北郡美郷町",
        "municipality_code": "05434",
        "urls": [
          "https://www.michi-no-eki.jp/stations/view/207",
          "http://www.thr.mlit.go.jp/road/koutsu/Michi-no-Eki/akita/ak24.html",
          "http://www.gantaro.jp/"
        ]
      }
    },
    {
      "type": "Feature",
      "geometry": {
        "type": "Point",
        "coordinates": [
          140.412438,
          39.200532
        ]
      },
      "properties": {
        "name": "うご",
        "pref": "秋田県",
        "municipality": "雄勝郡羽後町",
        "municipality_code": "05463",
        "urls": [
          "https://www.michi-no-eki.jp/stations/view/11974",
          "http://www.thr.mlit.go.jp/road/koutsu/Michi-no-Eki/akita/ak31.html",
          "http://www.hanuinosato.jp/"
        ]
      }
    },
    {
      "type": "Feature",
      "geometry": {
        "type": "Point",
        "coordinates": [
          139.984182299999,
          37.8776582
        ]
      },
      "properties": {
        "name": "田沢",
        "pref": "山形県",
        "municipality": "米沢市",
        "municipality_code": "06202",
        "urls": [
          "https://www.michi-no-eki.jp/stations/view/223",
          "http://www.thr.mlit.go.jp/road/koutsu/Michi-no-Eki/yamagata/ya10.html",
          "http://www.tazawa-forest.com/nagomi/"
        ]
      }
    },
    {
      "type": "Feature",
      "geometry": {
        "type": "Point",
        "coordinates": [
          140.137017,
          37.922055
        ]
      },
      "properties": {
        "name": "米沢",
        "pref": "山形県",
        "municipality": "米沢市",
        "municipality_code": "06202",
        "urls": [
          "https://www.michi-no-eki.jp/stations/view/14170"
        ]
      }
    },
    {
      "type": "Feature",
      "geometry": {
        "type": "Point",
        "coordinates": [
          139.558108599999,
          38.580422
        ]
      },
      "properties": {
        "name": "あつみ",
        "pref": "山形県",
        "municipality": "鶴岡市",
        "municipality_code": "06203",
        "urls": [
          "https://www.michi-no-eki.jp/stations/view/217",
          "http://www.thr.mlit.go.jp/road/koutsu/Michi-no-Eki/yamagata/ya04.html",
          "http://www.at-syarin.com"
        ]
      }
    },
    {
      "type": "Feature",
      "geometry": {
        "type": "Point",
        "coordinates": [
          139.874501,
          38.5869944
        ]
      },
      "properties": {
        "name": "月山",
        "pref": "山形県",
        "municipality": "鶴岡市",
        "municipality_code": "06203",
        "urls": [
          "https://www.michi-no-eki.jp/stations/view/214",
          "http://www.thr.mlit.go.jp/road/koutsu/Michi-no-Eki/yamagata/ya01.html",
          "http://www.gassanasahi-hakubutsumura.co.jp/"
        ]
      }
    },
    {
      "type": "Feature",
      "geometry": {
        "type": "Point",
        "coordinates": [
          140.269891,
          38.399013
        ]
      },
      "properties": {
        "name": "寒河江",
        "pref": "山形県",
        "municipality": "寒河江市",
        "municipality_code": "06206",
        "urls": [
          "https://www.michi-no-eki.jp/stations/view/216",
          "http://www.thr.mlit.go.jp/road/koutsu/Michi-no-Eki/yamagata/ya03.html",
          "http://www.michinoeki-sagae.com/"
        ]
      }
    },
    {
      "type": "Feature",
      "geometry": {
        "type": "Point",
        "coordinates": [
          140.3823105,
          38.4871462
        ]
      },
      "properties": {
        "name": "むらやま",
        "pref": "山形県",
        "municipality": "村山市",
        "municipality_code": "06208",
        "urls": [
          "https://www.michi-no-eki.jp/stations/view/220",
          "http://www.thr.mlit.go.jp/road/koutsu/Michi-no-Eki/yamagata/ya07.html"
        ]
      }
    },
    {
      "type": "Feature",
      "geometry": {
        "type": "Point",
        "coordinates": [
          140.043516,
          38.108211
        ]
      },
      "properties": {
        "name": "川のみなと長井",
        "pref": "山形県",
        "municipality": "長井市",
        "municipality_code": "06209",
        "urls": [
          "https://www.michi-no-eki.jp/stations/view/14136",
          "http://www.thr.mlit.go.jp/road/koutsu/Michi-no-Eki/yamagata/ya20.html",
          "http://kawanominato.jp/"
        ]
      }
    },
    {
      "type": "Feature",
      "geometry": {
        "type": "Point",
        "coordinates": [
          140.387127,
          38.354481
        ]
      },
      "properties": {
        "name": "天童温泉",
        "pref": "山形県",
        "municipality": "天童市",
        "municipality_code": "06210",
        "urls": [
          "https://www.michi-no-eki.jp/stations/view/228",
          "http://www.thr.mlit.go.jp/road/koutsu/Michi-no-Eki/yamagata/ya15.html"
        ]
      }
    },
    {
      "type": "Feature",
      "geometry": {
        "type": "Point",
        "coordinates": [
          140.3636879,
          38.6569024
        ]
      },
      "properties": {
        "name": "尾花沢",
        "pref": "山形県",
        "municipality": "尾花沢市",
        "municipality_code": "06212",
        "urls": [
          "https://www.michi-no-eki.jp/stations/view/229",
          "http://www.thr.mlit.go.jp/road/koutsu/Michi-no-Eki/yamagata/ya16.html",
          "http://www.mitinoku.or.jp/nemaru/"
        ]
      }
    },
    {
      "type": "Feature",
      "geometry": {
        "type": "Point",
        "coordinates": [
          140.328447,
          38.41304
        ]
      },
      "properties": {
        "name": "河北",
        "pref": "山形県",
        "municipality": "西村山郡河北町",
        "municipality_code": "06321",
        "urls": [
          "https://www.michi-no-eki.jp/stations/view/215",
          "http://www.thr.mlit.go.jp/road/koutsu/Michi-no-Eki/yamagata/ya02.html",
          "http://www.michinoeki-kahoku.com/"
        ]
      }
    },
    {
      "type": "Feature",
      "geometry": {
        "type": "Point",
        "coordinates": [
          140.099237,
          38.436059
        ]
      },
      "properties": {
        "name": "にしかわ",
        "pref": "山形県",
        "municipality": "西村山郡西川町",
        "municipality_code": "06322",
        "urls": [
          "https://www.michi-no-eki.jp/stations/view/218",
          "http://www.thr.mlit.go.jp/road/koutsu/Michi-no-Eki/yamagata/ya05.html",
          "http://www.gassan.co.jp/meisuikan/"
        ]
      }
    },
    {
      "type": "Feature",
      "geometry": {
        "type": "Point",
        "coordinates": [
          140.1692573,
          38.32738812
        ]
      },
      "properties": {
        "name": "あさひまち",
        "pref": "山形県",
        "municipality": "西村山郡朝日町",
        "municipality_code": "06323",
        "urls": [
          "https://www.michi-no-eki.jp/stations/view/7982",
          "http://www.thr.mlit.go.jp/road/koutsu/Michi-no-Eki/yamagata/ya18.html",
          "http://ringo-no-mori.jp/"
        ]
      }
    },
    {
      "type": "Feature",
      "geometry": {
        "type": "Point",
        "coordinates": [
          140.213291,
          38.367756
        ]
      },
      "properties": {
        "name": "おおえ",
        "pref": "山形県",
        "municipality": "西村山郡大江町",
        "municipality_code": "06324",
        "urls": [
          "https://www.michi-no-eki.jp/stations/view/225",
          "http://www.thr.mlit.go.jp/road/koutsu/Michi-no-Eki/yamagata/ya12.html"
        ]
      }
    },
    {
      "type": "Feature",
      "geometry": {
        "type": "Point",
        "coordinates": [
          140.161431,
          38.728688
        ]
      },
      "properties": {
        "name": "とざわ",
        "pref": "山形県",
        "municipality": "最上郡戸沢村",
        "municipality_code": "06367",
        "urls": [
          "https://www.michi-no-eki.jp/stations/view/221",
          "http://www.thr.mlit.go.jp/road/koutsu/Michi-no-Eki/yamagata/ya08.html",
          "http://www.kouraikan.com/tozawa.html"
        ]
      }
    },
    {
      "type": "Feature",
      "geometry": {
        "type": "Point",
        "coordinates": [
          140.217442,
          38.006775
        ]
      },
      "properties": {
        "name": "たかはた",
        "pref": "山形県",
        "municipality": "東置賜郡高畠町",
        "municipality_code": "06381",
        "urls": [
          "https://www.michi-no-eki.jp/stations/view/227",
          "http://www.thr.mlit.go.jp/road/koutsu/Michi-no-Eki/yamagata/ya14.html",
          "http://www.rstakahata.com/"
        ]
      }
    },
    {
      "type": "Feature",
      "geometry": {
        "type": "Point",
        "coordinates": [
          139.7306094,
          38.0719561
        ]
      },
      "properties": {
        "name": "白い森おぐに",
        "pref": "山形県",
        "municipality": "西置賜郡小国町",
        "municipality_code": "06401",
        "urls": [
          "https://www.michi-no-eki.jp/stations/view/224",
          "http://www.thr.mlit.go.jp/road/koutsu/Michi-no-Eki/yamagata/ya11.html",
          "http://www.town.oguni.yamagata.jp/guide/facilities/meal/michinoeki.html"
        ]
      }
    },
    {
      "type": "Feature",
      "geometry": {
        "type": "Point",
        "coordinates": [
          140.097322399999,
          38.2181108
        ]
      },
      "properties": {
        "name": "白鷹ヤナ公園",
        "pref": "山形県",
        "municipality": "西置賜郡白鷹町",
        "municipality_code": "06402",
        "urls": [
          "https://www.michi-no-eki.jp/stations/view/230",
          "http://www.thr.mlit.go.jp/road/koutsu/Michi-no-Eki/yamagata/ya17.html",
          "http://www.sgic.jp/ayuchaya/"
        ]
      }
    },
    {
      "type": "Feature",
      "geometry": {
        "type": "Point",
        "coordinates": [
          139.994671,
          38.026065
        ]
      },
      "properties": {
        "name": "いいで",
        "pref": "山形県",
        "municipality": "西置賜郡飯豊町",
        "municipality_code": "06403",
        "urls": [
          "https://www.michi-no-eki.jp/stations/view/219",
          "http://www.thr.mlit.go.jp/road/koutsu/Michi-no-Eki/yamagata/ya06.html",
          "http://mezami113.com/"
        ]
      }
    },
    {
      "type": "Feature",
      "geometry": {
        "type": "Point",
        "coordinates": [
          139.8463299,
          38.7828046
        ]
      },
      "properties": {
        "name": "庄内みかわ",
        "pref": "山形県",
        "municipality": "東田川郡三川町",
        "municipality_code": "06426",
        "urls": [
          "https://www.michi-no-eki.jp/stations/view/226",
          "http://www.thr.mlit.go.jp/road/koutsu/Michi-no-Eki/yamagata/ya13.html",
          "http://www.iroribinosato.info/"
        ]
      }
    },
    {
      "type": "Feature",
      "geometry": {
        "type": "Point",
        "coordinates": [
          139.984412,
          38.794158
        ]
      },
      "properties": {
        "name": "しょうない",
        "pref": "山形県",
        "municipality": "東田川郡庄内町",
        "municipality_code": "06428",
        "urls": [
          "https://www.michi-no-eki.jp/stations/view/11975",
          "http://www.thr.mlit.go.jp/road/koutsu/Michi-no-Eki/yamagata/ya19.html",
          "http://www.town.shonai.lg.jp/fusyaichiba/"
        ]
      }
    },
    {
      "type": "Feature",
      "geometry": {
        "type": "Point",
        "coordinates": [
          139.875583,
          39.060163
        ]
      },
      "properties": {
        "name": "鳥海",
        "pref": "山形県",
        "municipality": "飽海郡遊佐町",
        "municipality_code": "06461",
        "urls": [
          "https://www.michi-no-eki.jp/stations/view/222",
          "http://www.thr.mlit.go.jp/road/koutsu/Michi-no-Eki/yamagata/ya09.html",
          "http://chokai-flat.com/"
        ]
      }
    },
    {
      "type": "Feature",
      "geometry": {
        "type": "Point",
        "coordinates": [
          140.334294,
          37.65512
        ]
      },
      "properties": {
        "name": "つちゆ",
        "pref": "福島県",
        "municipality": "福島市",
        "municipality_code": "07201",
        "urls": [
          "https://www.michi-no-eki.jp/stations/view/231",
          "http://www.thr.mlit.go.jp/road/koutsu/Michi-no-Eki/fukusima/fu01.html",
          "http://f-road.info/eki-menu/eki/tsuchiyu/index.html"
        ]
      }
    },
    {
      "type": "Feature",
      "geometry": {
        "type": "Point",
        "coordinates": [
          140.992995,
          37.107429
        ]
      },
      "properties": {
        "name": "よつくら港",
        "pref": "福島県",
        "municipality": "いわき市",
        "municipality_code": "07204",
        "urls": [
          "https://www.michi-no-eki.jp/stations/view/249",
          "http://www.thr.mlit.go.jp/road/koutsu/Michi-no-Eki/fukusima/fu19.html",
          "http://www.429-love.jp/"
        ]
      }
    },
    {
      "type": "Feature",
      "geometry": {
        "type": "Point",
        "coordinates": [
          139.878264299999,
          37.7019379
        ]
      },
      "properties": {
        "name": "喜多の郷",
        "pref": "福島県",
        "municipality": "喜多方市",
        "municipality_code": "07208",
        "urls": [
          "https://www.michi-no-eki.jp/stations/view/235",
          "http://www.thr.mlit.go.jp/road/koutsu/Michi-no-Eki/fukusima/fu05.html",
          "http://www.furusatosinkou.co.jp"
        ]
      }
    },
    {
      "type": "Feature",
      "geometry": {
        "type": "Point",
        "coordinates": [
          140.947952399999,
          37.7611089
        ]
      },
      "properties": {
        "name": "そうま",
        "pref": "福島県",
        "municipality": "相馬市",
        "municipality_code": "07209",
        "urls": [
          "https://www.michi-no-eki.jp/stations/view/238",
          "http://www.thr.mlit.go.jp/road/koutsu/Michi-no-Eki/fukusima/fu08.html",
          "http://f-road.info/eki-menu/eki/souma/index.html"
        ]
      }
    },
    {
      "type": "Feature",
      "geometry": {
        "type": "Point",
        "coordinates": [
          140.5902479,
          37.53478
        ]
      },
      "properties": {
        "name": "さくらの郷",
        "pref": "福島県",
        "municipality": "二本松市",
        "municipality_code": "07210",
        "urls": [
          "https://www.michi-no-eki.jp/stations/view/256",
          "http://www.thr.mlit.go.jp/road/koutsu/Michi-no-Eki/fukusima/fu26.html",
          "http://gmmuta.wix.com/sakura-no-sato"
        ]
      }
    },
    {
      "type": "Feature",
      "geometry": {
        "type": "Point",
        "coordinates": [
          140.5773494,
          37.5699562
        ]
      },
      "properties": {
        "name": "ふくしま東和",
        "pref": "福島県",
        "municipality": "二本松市",
        "municipality_code": "07210",
        "urls": [
          "https://www.michi-no-eki.jp/stations/view/241",
          "http://www.thr.mlit.go.jp/road/koutsu/Michi-no-Eki/fukusima/fu11.html",
          "http://www.touwanosato.net/"
        ]
      }
    },
    {
      "type": "Feature",
      "geometry": {
        "type": "Point",
        "coordinates": [
          140.483688,
          37.635666
        ]
      },
      "properties": {
        "name": "安達",
        "pref": "福島県",
        "municipality": "二本松市",
        "municipality_code": "07210",
        "urls": [
          "https://www.michi-no-eki.jp/stations/view/234",
          "http://www.thr.mlit.go.jp/road/koutsu/Michi-no-Eki/fukusima/fu04.html",
          "http://www.michinoeki-adachi.jp/"
        ]
      }
    },
    {
      "type": "Feature",
      "geometry": {
        "type": "Point",
        "coordinates": [
          140.983582,
          37.635707
        ]
      },
      "properties": {
        "name": "南相馬",
        "pref": "福島県",
        "municipality": "南相馬市",
        "municipality_code": "07212",
        "urls": [
          "https://www.michi-no-eki.jp/stations/view/246",
          "http://www.thr.mlit.go.jp/road/koutsu/Michi-no-Eki/fukusima/fu16.html",
          "http://www.nomaoinosato.co.jp/"
        ]
      }
    },
    {
      "type": "Feature",
      "geometry": {
        "type": "Point",
        "coordinates": [
          140.58845,
          37.766524
        ]
      },
      "properties": {
        "name": "伊達の郷 りょうぜん",
        "pref": "福島県",
        "municipality": "伊達市",
        "municipality_code": "07213",
        "urls": [
          "https://www.michi-no-eki.jp/stations/view/14171"
        ]
      }
    },
    {
      "type": "Feature",
      "geometry": {
        "type": "Point",
        "coordinates": [
          140.545612,
          37.872681
        ]
      },
      "properties": {
        "name": "国見 あつかしの郷",
        "pref": "福島県",
        "municipality": "伊達郡国見町",
        "municipality_code": "07303",
        "urls": [
          "https://www.michi-no-eki.jp/stations/view/14134",
          "http://www.thr.mlit.go.jp/road/koutsu/Michi-no-Eki/fukusima/fu30.html",
          "http://www.michinoeki923.com/"
        ]
      }
    },
    {
      "type": "Feature",
      "geometry": {
        "type": "Point",
        "coordinates": [
          140.5766931,
          37.6678183
        ]
      },
      "properties": {
        "name": "川俣",
        "pref": "福島県",
        "municipality": "伊達郡川俣町",
        "municipality_code": "07308",
        "urls": [
          "https://www.michi-no-eki.jp/stations/view/232",
          "http://www.thr.mlit.go.jp/road/koutsu/Michi-no-Eki/fukusima/fu02.html",
          "http://www.town.kawamata.lg.jp/site/kanko-event/silkpia-shisetsuannai.html"
        ]
      }
    },
    {
      "type": "Feature",
      "geometry": {
        "type": "Point",
        "coordinates": [
          140.244785699999,
          37.2436602999999
        ]
      },
      "properties": {
        "name": "季の里天栄",
        "pref": "福島県",
        "municipality": "岩瀬郡天栄村",
        "municipality_code": "07344",
        "urls": [
          "https://www.michi-no-eki.jp/stations/view/253",
          "http://www.thr.mlit.go.jp/road/koutsu/Michi-no-Eki/fukusima/fu23.html"
        ]
      }
    },
    {
      "type": "Feature",
      "geometry": {
        "type": "Point",
        "coordinates": [
          140.063392199999,
          37.2399765
        ]
      },
      "properties": {
        "name": "羽鳥湖高原",
        "pref": "福島県",
        "municipality": "岩瀬郡天栄村",
        "municipality_code": "07344",
        "urls": [
          "https://www.michi-no-eki.jp/stations/view/245",
          "http://www.thr.mlit.go.jp/road/koutsu/Michi-no-Eki/fukusima/fu15.html",
          "http://www.hatoriko.jp/around/eki.html"
        ]
      }
    },
    {
      "type": "Feature",
      "geometry": {
        "type": "Point",
        "coordinates": [
          139.916342799999,
          37.2035393
        ]
      },
      "properties": {
        "name": "しもごう",
        "pref": "福島県",
        "municipality": "南会津郡下郷町",
        "municipality_code": "07362",
        "urls": [
          "https://www.michi-no-eki.jp/stations/view/247",
          "http://www.thr.mlit.go.jp/road/koutsu/Michi-no-Eki/fukusima/fu17.html",
          "http://www.aizu-concierge.com/map/spot/10119/"
        ]
      }
    },
    {
      "type": "Feature",
      "geometry": {
        "type": "Point",
        "coordinates": [
          139.395721,
          37.032756
        ]
      },
      "properties": {
        "name": "尾瀬檜枝岐",
        "pref": "福島県",
        "municipality": "南会津郡檜枝岐村",
        "municipality_code": "07364",
        "urls": [
          "https://www.michi-no-eki.jp/stations/view/14158",
          "http://www.thr.mlit.go.jp/road/koutsu/Michi-no-Eki/fukusima/fu32.html"
        ]
      }
    },
    {
      "type": "Feature",
      "geometry": {
        "type": "Point",
        "coordinates": [
          139.5426599,
          37.2219817
        ]
      },
      "properties": {
        "name": "きらら289",
        "pref": "福島県",
        "municipality": "南会津郡南会津町",
        "municipality_code": "07368",
        "urls": [
          "https://www.michi-no-eki.jp/stations/view/254",
          "http://www.thr.mlit.go.jp/road/koutsu/Michi-no-Eki/fukusima/fu24.html",
          "http://www.kirara289.jp/"
        ]
      }
    },
    {
      "type": "Feature",
      "geometry": {
        "type": "Point",
        "coordinates": [
          139.7275995,
          37.0865496
        ]
      },
      "properties": {
        "name": "たじま",
        "pref": "福島県",
        "municipality": "南会津郡南会津町",
        "municipality_code": "07368",
        "urls": [
          "https://www.michi-no-eki.jp/stations/view/233",
          "http://www.thr.mlit.go.jp/road/koutsu/Michi-no-Eki/fukusima/fu03.html",
          "http://aizukogen-yume.jp/tajima/index.php"
        ]
      }
    },
    {
      "type": "Feature",
      "geometry": {
        "type": "Point",
        "coordinates": [
          139.6154861,
          37.0688217
        ]
      },
      "properties": {
        "name": "番屋",
        "pref": "福島県",
        "municipality": "南会津郡南会津町",
        "municipality_code": "07368",
        "urls": [
          "https://www.michi-no-eki.jp/stations/view/252",
          "http://www.thr.mlit.go.jp/road/koutsu/Michi-no-Eki/fukusima/fu22.html",
          "http://www.kanko-aizu.com/kau/3213/"
        ]
      }
    },
    {
      "type": "Feature",
      "geometry": {
        "type": "Point",
        "coordinates": [
          140.0437534,
          37.6650583
        ]
      },
      "properties": {
        "name": "裏磐梯",
        "pref": "福島県",
        "municipality": "耶麻郡北塩原村",
        "municipality_code": "07402",
        "urls": [
          "https://www.michi-no-eki.jp/stations/view/236",
          "http://www.thr.mlit.go.jp/road/koutsu/Michi-no-Eki/fukusima/fu06.html",
          "http://www.michinoeki-urabandai.com/"
        ]
      }
    },
    {
      "type": "Feature",
      "geometry": {
        "type": "Point",
        "coordinates": [
          139.642595199999,
          37.5858675
        ]
      },
      "properties": {
        "name": "にしあいづ",
        "pref": "福島県",
        "municipality": "耶麻郡西会津町",
        "municipality_code": "07405",
        "urls": [
          "https://www.michi-no-eki.jp/stations/view/242",
          "http://www.thr.mlit.go.jp/road/koutsu/Michi-no-Eki/fukusima/fu12.html",
          "http://www.w-aizu.jp/yorisse/"
        ]
      }
    },
    {
      "type": "Feature",
      "geometry": {
        "type": "Point",
        "coordinates": [
          139.9866329,
          37.5628041
        ]
      },
      "properties": {
        "name": "ばんだい",
        "pref": "福島県",
        "municipality": "耶麻郡磐梯町",
        "municipality_code": "07407",
        "urls": [
          "https://www.michi-no-eki.jp/stations/view/250",
          "http://www.thr.mlit.go.jp/road/koutsu/Michi-no-Eki/fukusima/fu20.html",
          "http://www.michinoekibandai.com/"
        ]
      }
    },
    {
      "type": "Feature",
      "geometry": {
        "type": "Point",
        "coordinates": [
          140.107459,
          37.538341
        ]
      },
      "properties": {
        "name": "猪苗代",
        "pref": "福島県",
        "municipality": "耶麻郡猪苗代町",
        "municipality_code": "07408",
        "urls": [
          "https://www.michi-no-eki.jp/stations/view/11976",
          "http://www.thr.mlit.go.jp/road/koutsu/Michi-no-Eki/fukusima/fu29.html",
          "http://www.michinoeki-inawashiro.co.jp/"
        ]
      }
    },
    {
      "type": "Feature",
      "geometry": {
        "type": "Point",
        "coordinates": [
          139.8631361,
          37.5569993
        ]
      },
      "properties": {
        "name": "あいづ 湯川・会津坂下",
        "pref": "福島県",
        "municipality": "河沼郡湯川村",
        "municipality_code": "07422",
        "urls": [
          "https://www.michi-no-eki.jp/stations/view/257",
          "http://www.thr.mlit.go.jp/road/koutsu/Michi-no-Eki/fukusima/fu27.html",
          "http://heso-aizu.jp/"
        ]
      }
    },
    {
      "type": "Feature",
      "geometry": {
        "type": "Point",
        "coordinates": [
          139.722175399999,
          37.527693
        ]
      },
      "properties": {
        "name": "会津柳津",
        "pref": "福島県",
        "municipality": "河沼郡柳津町",
        "municipality_code": "07423",
        "urls": [
          "https://www.michi-no-eki.jp/stations/view/240",
          "http://www.thr.mlit.go.jp/road/koutsu/Michi-no-Eki/fukusima/fu10.html",
          "http://yanaizu-kousya.info/seiryu.shtml"
        ]
      }
    },
    {
      "type": "Feature",
      "geometry": {
        "type": "Point",
        "coordinates": [
          139.670801999999,
          37.4777576
        ]
      },
      "properties": {
        "name": "尾瀬街道みしま宿",
        "pref": "福島県",
        "municipality": "大沼郡三島町",
        "municipality_code": "07444",
        "urls": [
          "https://www.michi-no-eki.jp/stations/view/243",
          "http://www.thr.mlit.go.jp/road/koutsu/Michi-no-Eki/fukusima/fu13.html",
          "http://www.okuaizu.net/spot/1421/"
        ]
      }
    },
    {
      "type": "Feature",
      "geometry": {
        "type": "Point",
        "coordinates": [
          139.530582699999,
          37.4719243
        ]
      },
      "properties": {
        "name": "奥会津かねやま",
        "pref": "福島県",
        "municipality": "大沼郡金山町",
        "municipality_code": "07445",
        "urls": [
          "https://www.michi-no-eki.jp/stations/view/255",
          "http://www.thr.mlit.go.jp/road/koutsu/Michi-no-Eki/fukusima/fu25.html",
          "http://www.aizukaneyama.co.jp/"
        ]
      }
    },
    {
      "type": "Feature",
      "geometry": {
        "type": "Point",
        "coordinates": [
          139.630138999999,
          37.325463
        ]
      },
      "properties": {
        "name": "からむし織の里しょうわ",
        "pref": "福島県",
        "municipality": "大沼郡昭和村",
        "municipality_code": "07446",
        "urls": [
          "https://www.michi-no-eki.jp/stations/view/258",
          "http://www.thr.mlit.go.jp/road/koutsu/Michi-no-Eki/fukusima/fu28.html",
          "http://www.vill.showa.fukushima.jp/sato.stm"
        ]
      }
    },
    {
      "type": "Feature",
      "geometry": {
        "type": "Point",
        "coordinates": [
          140.4145197,
          36.9506187
        ]
      },
      "properties": {
        "name": "はなわ",
        "pref": "福島県",
        "municipality": "東白川郡塙町",
        "municipality_code": "07483",
        "urls": [
          "https://www.michi-no-eki.jp/stations/view/239",
          "http://www.thr.mlit.go.jp/road/koutsu/Michi-no-Eki/fukusima/fu09.html",
          "http://www.michinoeki-hanawa.jp/"
        ]
      }
    },
    {
      "type": "Feature",
      "geometry": {
        "type": "Point",
        "coordinates": [
          140.4181372,
          37.2228324
        ]
      },
      "properties": {
        "name": "たまかわ",
        "pref": "福島県",
        "municipality": "石川郡玉川村",
        "municipality_code": "07502",
        "urls": [
          "https://www.michi-no-eki.jp/stations/view/244",
          "http://www.thr.mlit.go.jp/road/koutsu/Michi-no-Eki/fukusima/fu14.html",
          "http://www.kobushinosato.com/"
        ]
      }
    },
    {
      "type": "Feature",
      "geometry": {
        "type": "Point",
        "coordinates": [
          140.560032099999,
          37.2505454
        ]
      },
      "properties": {
        "name": "ひらた",
        "pref": "福島県",
        "municipality": "石川郡平田村",
        "municipality_code": "07503",
        "urls": [
          "https://www.michi-no-eki.jp/stations/view/248",
          "http://www.thr.mlit.go.jp/road/koutsu/Michi-no-Eki/fukusima/fu18.html",
          "http://www.michinoeki-hirata.com/"
        ]
      }
    },
    {
      "type": "Feature",
      "geometry": {
        "type": "Point",
        "coordinates": [
          140.5297735,
          37.0931301
        ]
      },
      "properties": {
        "name": "ふるどの",
        "pref": "福島県",
        "municipality": "石川郡古殿町",
        "municipality_code": "07505",
        "urls": [
          "https://www.michi-no-eki.jp/stations/view/251",
          "http://www.thr.mlit.go.jp/road/koutsu/Michi-no-Eki/fukusima/fu21.html",
          "http://ofukuro-eki.com/"
        ]
      }
    },
    {
      "type": "Feature",
      "geometry": {
        "type": "Point",
        "coordinates": [
          140.9976258,
          37.2500062
        ]
      },
      "properties": {
        "name": "ならは",
        "pref": "福島県",
        "municipality": "双葉郡楢葉町",
        "municipality_code": "07542",
        "urls": [
          "https://www.michi-no-eki.jp/stations/view/237",
          "http://www.thr.mlit.go.jp/road/koutsu/Michi-no-Eki/fukusima/fu07.html"
        ]
      }
    },
    {
      "type": "Feature",
      "geometry": {
        "type": "Point",
        "coordinates": [
          140.735624,
          37.697267
        ]
      },
      "properties": {
        "name": "いいたて村の道の駅までい館",
        "pref": "福島県",
        "municipality": "相馬郡飯舘村",
        "municipality_code": "07564",
        "urls": [
          "https://www.michi-no-eki.jp/stations/view/14157",
          "http://www.thr.mlit.go.jp/road/koutsu/Michi-no-Eki/fukusima/fu31.html",
          "http://www.vill.iitate.fukushima.jp/site/kanko/1404.html"
        ]
      }
    },
    {
      "type": "Feature",
      "geometry": {
        "type": "Point",
        "coordinates": [
          140.6151942,
          36.4923537
        ]
      },
      "properties": {
        "name": "日立おさかなセンター",
        "pref": "茨城県",
        "municipality": "日立市",
        "municipality_code": "08202",
        "urls": [
          "https://www.michi-no-eki.jp/stations/view/269",
          "http://www.ktr.mlit.go.jp/honkyoku/road/Michi-no-Eki/station/iba_osakana/index.html",
          "http://www.hitachi-osakana-center.com/"
        ]
      }
    },
    {
      "type": "Feature",
      "geometry": {
        "type": "Point",
        "coordinates": [
          139.789732,
          36.191431
        ]
      },
      "properties": {
        "name": "まくらがの里 こが",
        "pref": "茨城県",
        "municipality": "古河市",
        "municipality_code": "08204",
        "urls": [
          "https://www.michi-no-eki.jp/stations/view/268",
          "http://www.ktr.mlit.go.jp/honkyoku/road/Michi-no-Eki/station/iba_koga/index.html",
          "http://www.dynac-japan.com/michinoeki-koga/index.html"
        ]
      }
    },
    {
      "type": "Feature",
      "geometry": {
        "type": "Point",
        "coordinates": [
          139.9865962,
          36.2158407
        ]
      },
      "properties": {
        "name": "しもつま",
        "pref": "茨城県",
        "municipality": "下妻市",
        "municipality_code": "08210",
        "urls": [
          "https://www.michi-no-eki.jp/stations/view/264",
          "http://www.ktr.mlit.go.jp/honkyoku/road/Michi-no-Eki/station/iba_simotsuma/index.html",
          "http://www.city.shimotsuma.lg.jp/page/dir001734.html"
        ]
      }
    },
    {
      "type": "Feature",
      "geometry": {
        "type": "Point",
        "coordinates": [
          140.5096817,
          36.7057462
        ]
      },
      "properties": {
        "name": "さとみ",
        "pref": "茨城県",
        "municipality": "常陸太田市",
        "municipality_code": "08212",
        "urls": [
          "https://www.michi-no-eki.jp/stations/view/261",
          "http://www.ktr.mlit.go.jp/honkyoku/road/Michi-no-Eki/station/iba_satomi/index.html",
          "http://www.hitachiota-michinoeki.jp/page/dir000003.html"
        ]
      }
    },
    {
      "type": "Feature",
      "geometry": {
        "type": "Point",
        "coordinates": [
          140.5254761,
          36.5103878
        ]
      },
      "properties": {
        "name": "ひたちおおた",
        "pref": "茨城県",
        "municipality": "常陸太田市",
        "municipality_code": "08212",
        "urls": [
          "https://www.michi-no-eki.jp/stations/view/9730",
          "http://www.ktr.mlit.go.jp/honkyoku/road/Michi-no-Eki/station/iba_hitachiota/index.html",
          "http://www.hitachiota-michinoeki.jp/page/dir000002.html"
        ]
      }
    },
    {
      "type": "Feature",
      "geometry": {
        "type": "Point",
        "coordinates": [
          140.589244799999,
          35.9461322
        ]
      },
      "properties": {
        "name": "いたこ",
        "pref": "茨城県",
        "municipality": "潮来市",
        "municipality_code": "08223",
        "urls": [
          "https://www.michi-no-eki.jp/stations/view/266",
          "http://www.ktr.mlit.go.jp/honkyoku/road/Michi-no-Eki/station/iba_itako/index.html",
          "http://www.michinoeki-itako.jp"
        ]
      }
    },
    {
      "type": "Feature",
      "geometry": {
        "type": "Point",
        "coordinates": [
          140.2800036,
          36.6558574
        ]
      },
      "properties": {
        "name": "みわ",
        "pref": "茨城県",
        "municipality": "常陸大宮市",
        "municipality_code": "08225",
        "urls": [
          "https://www.michi-no-eki.jp/stations/view/260",
          "http://www.ktr.mlit.go.jp/honkyoku/road/Michi-no-Eki/station/iba_miwa/index.html",
          "http://miwa.s55.biz/"
        ]
      }
    },
    {
      "type": "Feature",
      "geometry": {
        "type": "Point",
        "coordinates": [
          140.4096155,
          36.5969609
        ]
      },
      "properties": {
        "name": "常陸大宮",
        "pref": "茨城県",
        "municipality": "常陸大宮市",
        "municipality_code": "08225",
        "urls": [
          "https://www.michi-no-eki.jp/stations/view/9728",
          "http://www.ktr.mlit.go.jp/honkyoku/road/Michi-no-Eki/station/iba_hoomiya/index.html",
          "http://www.michieki-hitachiomiya.jp/"
        ]
      }
    },
    {
      "type": "Feature",
      "geometry": {
        "type": "Point",
        "coordinates": [
          140.4037633,
          36.0963942
        ]
      },
      "properties": {
        "name": "たまつくり",
        "pref": "茨城県",
        "municipality": "行方市",
        "municipality_code": "08233",
        "urls": [
          "https://www.michi-no-eki.jp/stations/view/265",
          "http://www.ktr.mlit.go.jp/honkyoku/road/Michi-no-Eki/station/iba_tamatsukuri/index.html",
          "http://www.namegata-koikoi.com/"
        ]
      }
    },
    {
      "type": "Feature",
      "geometry": {
        "type": "Point",
        "coordinates": [
          140.3330587,
          36.5449685
        ]
      },
      "properties": {
        "name": "かつら",
        "pref": "茨城県",
        "municipality": "東茨城郡城里町",
        "municipality_code": "08310",
        "urls": [
          "https://www.michi-no-eki.jp/stations/view/259",
          "http://www.ktr.mlit.go.jp/honkyoku/road/Michi-no-Eki/station/iba_katsura/index.html",
          "http://www.m-katsura.com/"
        ]
      }
    },
    {
      "type": "Feature",
      "geometry": {
        "type": "Point",
        "coordinates": [
          140.3592347,
          36.7685851
        ]
      },
      "properties": {
        "name": "奥久慈だいご",
        "pref": "茨城県",
        "municipality": "久慈郡大子町",
        "municipality_code": "08364",
        "urls": [
          "https://www.michi-no-eki.jp/stations/view/263",
          "http://www.ktr.mlit.go.jp/honkyoku/road/Michi-no-Eki/station/iba_okukuji/index.html",
          "http://www.town.daigo.ibaraki.jp/sp/page/page000026.html"
        ]
      }
    },
    {
      "type": "Feature",
      "geometry": {
        "type": "Point",
        "coordinates": [
          139.758331699999,
          36.0952767
        ]
      },
      "properties": {
        "name": "ごか",
        "pref": "茨城県",
        "municipality": "猿島郡五霞町",
        "municipality_code": "08542",
        "urls": [
          "https://www.michi-no-eki.jp/stations/view/267",
          "http://www.ktr.mlit.go.jp/honkyoku/road/Michi-no-Eki/station/iba_goka/index.html",
          "http://roadgoka.gozaru.jp/",
          "http://www.facebook.com/road.goka"
        ]
      }
    },
    {
      "type": "Feature",
      "geometry": {
        "type": "Point",
        "coordinates": [
          139.795303,
          36.102676
        ]
      },
      "properties": {
        "name": "さかい",
        "pref": "茨城県",
        "municipality": "猿島郡境町",
        "municipality_code": "08546",
        "urls": [
          "https://www.michi-no-eki.jp/stations/view/262",
          "http://www.ktr.mlit.go.jp/honkyoku/road/Michi-no-Eki/station/iba_sakai/index.html"
        ]
      }
    },
    {
      "type": "Feature",
      "geometry": {
        "type": "Point",
        "coordinates": [
          139.8313127,
          36.633391
        ]
      },
      "properties": {
        "name": "うつのみや ろまんちっく村",
        "pref": "栃木県",
        "municipality": "宇都宮市",
        "municipality_code": "09201",
        "urls": [
          "https://www.michi-no-eki.jp/stations/view/290",
          "http://www.ktr.mlit.go.jp/honkyoku/road/Michi-no-Eki/station/tochi_roman/index.html",
          "http://www.romanticmura.com/"
        ]
      }
    },
    {
      "type": "Feature",
      "geometry": {
        "type": "Point",
        "coordinates": [
          139.7431798,
          36.4666875
        ]
      },
      "properties": {
        "name": "にしかた",
        "pref": "栃木県",
        "municipality": "栃木市",
        "municipality_code": "09203",
        "urls": [
          "https://www.michi-no-eki.jp/stations/view/286",
          "http://www.ktr.mlit.go.jp/honkyoku/road/Michi-no-Eki/station/tochi_nishikata/index.html",
          "http://michinoeki-nishikata.com/"
        ]
      }
    },
    {
      "type": "Feature",
      "geometry": {
        "type": "Point",
        "coordinates": [
          139.625248,
          36.296714
        ]
      },
      "properties": {
        "name": "みかも",
        "pref": "栃木県",
        "municipality": "栃木市",
        "municipality_code": "09203",
        "urls": [
          "https://www.michi-no-eki.jp/stations/view/282",
          "http://www.ktr.mlit.go.jp/honkyoku/road/Michi-no-Eki/station/tochi_mikamo/index.html",
          "http://mikamo.proteck.co.jp/"
        ]
      }
    },
    {
      "type": "Feature",
      "geometry": {
        "type": "Point",
        "coordinates": [
          139.5720735,
          36.3438044
        ]
      },
      "properties": {
        "name": "どまんなか たぬま",
        "pref": "栃木県",
        "municipality": "佐野市",
        "municipality_code": "09204",
        "urls": [
          "https://www.michi-no-eki.jp/stations/view/278",
          "http://www.ktr.mlit.go.jp/honkyoku/road/Michi-no-Eki/station/tochi_tanuma/index.html",
          "http://domannaka.co.jp/"
        ]
      }
    },
    {
      "type": "Feature",
      "geometry": {
        "type": "Point",
        "coordinates": [
          139.6878876,
          36.72453076
        ]
      },
      "properties": {
        "name": "日光",
        "pref": "栃木県",
        "municipality": "日光市",
        "municipality_code": "09206",
        "urls": [
          "https://www.michi-no-eki.jp/stations/view/7984",
          "http://www.ktr.mlit.go.jp/honkyoku/road/Michi-no-Eki/station/tochi_nikko/index.html",
          "http://www.nikko-honjin.jp/"
        ]
      }
    },
    {
      "type": "Feature",
      "geometry": {
        "type": "Point",
        "coordinates": [
          139.686957,
          36.930014
        ]
      },
      "properties": {
        "name": "湯西川",
        "pref": "栃木県",
        "municipality": "日光市",
        "municipality_code": "09206",
        "urls": [
          "https://www.michi-no-eki.jp/stations/view/284",
          "http://www.ktr.mlit.go.jp/honkyoku/road/Michi-no-Eki/station/tochi_yunishigawa/index.html",
          "http://www.michinoeki-yunishigawa.jp/"
        ]
      }
    },
    {
      "type": "Feature",
      "geometry": {
        "type": "Point",
        "coordinates": [
          139.7607461,
          36.3081818
        ]
      },
      "properties": {
        "name": "思川",
        "pref": "栃木県",
        "municipality": "小山市",
        "municipality_code": "09208",
        "urls": [
          "https://www.michi-no-eki.jp/stations/view/283",
          "http://www.ktr.mlit.go.jp/honkyoku/road/Michi-no-Eki/station/tochi_omoigawa/index.html",
          "http://www.michinoekiomoigawa.co.jp/"
        ]
      }
    },
    {
      "type": "Feature",
      "geometry": {
        "type": "Point",
        "coordinates": [
          139.964996,
          36.3673361
        ]
      },
      "properties": {
        "name": "にのみや",
        "pref": "栃木県",
        "municipality": "真岡市",
        "municipality_code": "09209",
        "urls": [
          "https://www.michi-no-eki.jp/stations/view/271",
          "http://www.ktr.mlit.go.jp/honkyoku/road/Michi-no-Eki/station/tochi_ninomiya/index.html",
          "http://michinoeki-ninomiya.jp/"
        ]
      }
    },
    {
      "type": "Feature",
      "geometry": {
        "type": "Point",
        "coordinates": [
          140.0873784,
          36.8630177
        ]
      },
      "properties": {
        "name": "那須与一の郷",
        "pref": "栃木県",
        "municipality": "大田原市",
        "municipality_code": "09210",
        "urls": [
          "https://www.michi-no-eki.jp/stations/view/280",
          "http://www.ktr.mlit.go.jp/honkyoku/road/Michi-no-Eki/station/tochi_yoichi/index.html",
          "http://www.nasuno-yoichi.jp/"
        ]
      }
    },
    {
      "type": "Feature",
      "geometry": {
        "type": "Point",
        "coordinates": [
          139.9216154,
          36.805614
        ]
      },
      "properties": {
        "name": "やいた",
        "pref": "栃木県",
        "municipality": "矢板市",
        "municipality_code": "09211",
        "urls": [
          "https://www.michi-no-eki.jp/stations/view/288",
          "http://www.ktr.mlit.go.jp/honkyoku/road/Michi-no-Eki/station/tochi_yaita/index.html",
          "http://www.michinoeki-yaita.com/"
        ]
      }
    },
    {
      "type": "Feature",
      "geometry": {
        "type": "Point",
        "coordinates": [
          139.984479,
          37.000375
        ]
      },
      "properties": {
        "name": "明治の森・黒磯",
        "pref": "栃木県",
        "municipality": "那須塩原市",
        "municipality_code": "09213",
        "urls": [
          "https://www.michi-no-eki.jp/stations/view/274",
          "http://www.ktr.mlit.go.jp/honkyoku/road/Michi-no-Eki/station/tochi_kuroiso/index.html",
          "http://www.nasushioagri.or.jp/mysite2/index.html"
        ]
      }
    },
    {
      "type": "Feature",
      "geometry": {
        "type": "Point",
        "coordinates": [
          139.8993301,
          36.9557969
        ]
      },
      "properties": {
        "name": "湯の香しおばら",
        "pref": "栃木県",
        "municipality": "那須塩原市",
        "municipality_code": "09213",
        "urls": [
          "https://www.michi-no-eki.jp/stations/view/272",
          "http://www.ktr.mlit.go.jp/honkyoku/road/Michi-no-Eki/station/tochi_siobara/index.html",
          "http://www.agripal-shiobara.com/"
        ]
      }
    },
    {
      "type": "Feature",
      "geometry": {
        "type": "Point",
        "coordinates": [
          139.969139,
          36.899706
        ]
      },
      "properties": {
        "name": "那須野が原博物館",
        "pref": "栃木県",
        "municipality": "那須塩原市",
        "municipality_code": "09213",
        "urls": [
          "https://www.michi-no-eki.jp/stations/view/281",
          "http://www.ktr.mlit.go.jp/honkyoku/road/Michi-no-Eki/station/tochi_nasuno/index.html",
          "http://www2.city.nasushiobara.lg.jp/hakubutsukan/"
        ]
      }
    },
    {
      "type": "Feature",
      "geometry": {
        "type": "Point",
        "coordinates": [
          140.0326363,
          36.7154994
        ]
      },
      "properties": {
        "name": "きつれがわ",
        "pref": "栃木県",
        "municipality": "さくら市",
        "municipality_code": "09214",
        "urls": [
          "https://www.michi-no-eki.jp/stations/view/277",
          "http://www.ktr.mlit.go.jp/honkyoku/road/Michi-no-Eki/station/tochi_kitsuregawa/index.html",
          "http://www.city.tochigi-sakura.lg.jp/site/michi-kitsuregawa/",
          "http://michinoeki-kitsuregawa.jp"
        ]
      }
    },
    {
      "type": "Feature",
      "geometry": {
        "type": "Point",
        "coordinates": [
          139.8837638,
          36.3972222
        ]
      },
      "properties": {
        "name": "しもつけ",
        "pref": "栃木県",
        "municipality": "下野市",
        "municipality_code": "09216",
        "urls": [
          "https://www.michi-no-eki.jp/stations/view/287",
          "http://www.ktr.mlit.go.jp/honkyoku/road/Michi-no-Eki/station/tochi_shimotsuke/index.html",
          "http://www.kanpi-shimotsuke.co.jp/"
        ]
      }
    },
    {
      "type": "Feature",
      "geometry": {
        "type": "Point",
        "coordinates": [
          140.071976,
          36.431168
        ]
      },
      "properties": {
        "name": "ましこ",
        "pref": "栃木県",
        "municipality": "芳賀郡益子町",
        "municipality_code": "09342",
        "urls": [
          "https://www.michi-no-eki.jp/stations/view/11977",
          "http://www.ktr.mlit.go.jp/honkyoku/road/Michi-no-Eki/station/tochi_masiko/index.html",
          "http://m-mashiko.com/"
        ]
      }
    },
    {
      "type": "Feature",
      "geometry": {
        "type": "Point",
        "coordinates": [
          140.1728576,
          36.5278259
        ]
      },
      "properties": {
        "name": "もてぎ",
        "pref": "栃木県",
        "municipality": "芳賀郡茂木町",
        "municipality_code": "09343",
        "urls": [
          "https://www.michi-no-eki.jp/stations/view/270",
          "http://www.ktr.mlit.go.jp/honkyoku/road/Michi-no-Eki/station/tochi_motegi/index.html",
          "http://www.motegiplaza.com/"
        ]
      }
    },
    {
      "type": "Feature",
      "geometry": {
        "type": "Point",
        "coordinates": [
          140.10118,
          36.543766
        ]
      },
      "properties": {
        "name": "サシバの里いちかい",
        "pref": "栃木県",
        "municipality": "芳賀郡市貝町",
        "municipality_code": "09344",
        "urls": [
          "https://www.michi-no-eki.jp/stations/view/291",
          "http://www.ktr.mlit.go.jp/honkyoku/road/Michi-no-Eki/station/tochi_ichikai/index.html",
          "http://michinoeki-ichikai.jp"
        ]
      }
    },
    {
      "type": "Feature",
      "geometry": {
        "type": "Point",
        "coordinates": [
          140.0581962,
          36.5523813
        ]
      },
      "properties": {
        "name": "はが",
        "pref": "栃木県",
        "municipality": "芳賀郡芳賀町",
        "municipality_code": "09345",
        "urls": [
          "https://www.michi-no-eki.jp/stations/view/279",
          "http://www.ktr.mlit.go.jp/honkyoku/road/Michi-no-Eki/station/tochi_haga/index.html",
          "http://www.michinoeki-haga.gr.jp/"
        ]
      }
    },
    {
      "type": "Feature",
      "geometry": {
        "type": "Point",
        "coordinates": [
          139.8069587,
          36.4552686
        ]
      },
      "properties": {
        "name": "みぶ",
        "pref": "栃木県",
        "municipality": "下都賀郡壬生町",
        "municipality_code": "09361",
        "urls": [
          "https://www.michi-no-eki.jp/stations/view/285",
          "http://www.ktr.mlit.go.jp/honkyoku/road/Michi-no-Eki/station/tochi_mibu/index.html",
          "http://michinoeki-mibu-tokimeki.com/"
        ]
      }
    },
    {
      "type": "Feature",
      "geometry": {
        "type": "Point",
        "coordinates": [
          139.781406899999,
          36.7646574
        ]
      },
      "properties": {
        "name": "湧水の郷しおや",
        "pref": "栃木県",
        "municipality": "塩谷郡塩谷町",
        "municipality_code": "09384",
        "urls": [
          "https://www.michi-no-eki.jp/stations/view/289",
          "http://www.ktr.mlit.go.jp/honkyoku/road/Michi-no-Eki/station/tochi_shioya/index.html",
          "http://www.town.shioya.tochigi.jp/forms/menutop/menutop.aspx?menu_id=899"
        ]
      }
    },
    {
      "type": "Feature",
      "geometry": {
        "type": "Point",
        "coordinates": [
          140.157412,
          36.9540486
        ]
      },
      "properties": {
        "name": "東山道伊王野",
        "pref": "栃木県",
        "municipality": "那須郡那須町",
        "municipality_code": "09407",
        "urls": [
          "https://www.michi-no-eki.jp/stations/view/276",
          "http://www.ktr.mlit.go.jp/honkyoku/road/Michi-no-Eki/station/tochi_iouno/index.html",
          "http://michinoeki-tosando.jp/"
        ]
      }
    },
    {
      "type": "Feature",
      "geometry": {
        "type": "Point",
        "coordinates": [
          140.013703599999,
          37.0415321
        ]
      },
      "properties": {
        "name": "那須高原友愛の森",
        "pref": "栃木県",
        "municipality": "那須郡那須町",
        "municipality_code": "09407",
        "urls": [
          "https://www.michi-no-eki.jp/stations/view/273",
          "http://www.ktr.mlit.go.jp/honkyoku/road/Michi-no-Eki/station/tochi_yuuai/index.html",
          "http://www.yuainomori.com/"
        ]
      }
    },
    {
      "type": "Feature",
      "geometry": {
        "type": "Point",
        "coordinates": [
          140.1498715,
          36.7476018
        ]
      },
      "properties": {
        "name": "ばとう",
        "pref": "栃木県",
        "municipality": "那須郡那珂川町",
        "municipality_code": "09411",
        "urls": [
          "https://www.michi-no-eki.jp/stations/view/275",
          "http://www.ktr.mlit.go.jp/honkyoku/road/Michi-no-Eki/station/tochi_batou/index.html",
          "http://nakagawa.shokokai-tochigi.or.jp/contents/michinoeki.html"
        ]
      }
    },
    {
      "type": "Feature",
      "geometry": {
        "type": "Point",
        "coordinates": [
          139.136429,
          36.4590603
        ]
      },
      "properties": {
        "name": "ぐりーんふらわー牧場・大胡",
        "pref": "群馬県",
        "municipality": "前橋市",
        "municipality_code": "10201",
        "urls": [
          "https://www.michi-no-eki.jp/stations/view/293",
          "http://www.ktr.mlit.go.jp/honkyoku/road/Michi-no-Eki/station/gunma_oogo/index.html"
        ]
      }
    },
    {
      "type": "Feature",
      "geometry": {
        "type": "Point",
        "coordinates": [
          139.0942386,
          36.4693828
        ]
      },
      "properties": {
        "name": "ふじみ",
        "pref": "群馬県",
        "municipality": "前橋市",
        "municipality_code": "10201",
        "urls": [
          "https://www.michi-no-eki.jp/stations/view/316",
          "http://www.ktr.mlit.go.jp/honkyoku/road/Michi-no-Eki/station/gunma_fujimi/index.html",
          "http://www.michi-fujimi.com/"
        ]
      }
    },
    {
      "type": "Feature",
      "geometry": {
        "type": "Point",
        "coordinates": [
          139.128455499999,
          36.4236952
        ]
      },
      "properties": {
        "name": "赤城の恵",
        "pref": "群馬県",
        "municipality": "前橋市",
        "municipality_code": "10201",
        "urls": [
          "https://www.michi-no-eki.jp/stations/view/312",
          "http://www.ktr.mlit.go.jp/honkyoku/road/Michi-no-Eki/station/gunma_akagi/index.html",
          "http://www.maebashi-cvb.com/gourmet&product/mitinoeki/megumi.htm"
        ]
      }
    },
    {
      "type": "Feature",
      "geometry": {
        "type": "Point",
        "coordinates": [
          138.7931396,
          36.4245108
        ]
      },
      "properties": {
        "name": "くらぶち小栗の里",
        "pref": "群馬県",
        "municipality": "高崎市",
        "municipality_code": "10202",
        "urls": [
          "https://www.michi-no-eki.jp/stations/view/320",
          "http://www.ktr.mlit.go.jp/honkyoku/road/Michi-no-Eki/station/gunma_kurabuchi/index.html",
          "http://www.kurabuchi-oguri.com/"
        ]
      }
    },
    {
      "type": "Feature",
      "geometry": {
        "type": "Point",
        "coordinates": [
          139.2719912,
          36.491184
        ]
      },
      "properties": {
        "name": "くろほね・やまびこ",
        "pref": "群馬県",
        "municipality": "桐生市",
        "municipality_code": "10203",
        "urls": [
          "https://www.michi-no-eki.jp/stations/view/301",
          "http://www.ktr.mlit.go.jp/honkyoku/road/Michi-no-Eki/station/gunma_kurohone/index.html",
          "http://www15.wind.ne.jp/~kurohone-y/"
        ]
      }
    },
    {
      "type": "Feature",
      "geometry": {
        "type": "Point",
        "coordinates": [
          139.2964207,
          36.2646406
        ]
      },
      "properties": {
        "name": "おおた",
        "pref": "群馬県",
        "municipality": "太田市",
        "municipality_code": "10205",
        "urls": [
          "https://www.michi-no-eki.jp/stations/view/317",
          "http://www.ktr.mlit.go.jp/honkyoku/road/Michi-no-Eki/station/gunma_oota/index.html",
          "http://michinoeki-ota.com/"
        ]
      }
    },
    {
      "type": "Feature",
      "geometry": {
        "type": "Point",
        "coordinates": [
          139.120031299999,
          36.6616976
        ]
      },
      "properties": {
        "name": "白沢",
        "pref": "群馬県",
        "municipality": "沼田市",
        "municipality_code": "10206",
        "urls": [
          "https://www.michi-no-eki.jp/stations/view/299",
          "http://www.ktr.mlit.go.jp/honkyoku/road/Michi-no-Eki/station/gunma_sirasawa/index.html",
          "http://www.boukyou.com/"
        ]
      }
    },
    {
      "type": "Feature",
      "geometry": {
        "type": "Point",
        "coordinates": [
          138.952806199999,
          36.5481138
        ]
      },
      "properties": {
        "name": "おのこ",
        "pref": "群馬県",
        "municipality": "渋川市",
        "municipality_code": "10208",
        "urls": [
          "https://www.michi-no-eki.jp/stations/view/295",
          "http://www.ktr.mlit.go.jp/honkyoku/road/Michi-no-Eki/station/gunma_onoko/index.html",
          "http://onoko.jp/"
        ]
      }
    },
    {
      "type": "Feature",
      "geometry": {
        "type": "Point",
        "coordinates": [
          139.016362699999,
          36.5151403
        ]
      },
      "properties": {
        "name": "こもち",
        "pref": "群馬県",
        "municipality": "渋川市",
        "municipality_code": "10208",
        "urls": [
          "https://www.michi-no-eki.jp/stations/view/303",
          "http://www.ktr.mlit.go.jp/honkyoku/road/Michi-no-Eki/station/gunma_komochi/index.html",
          "http://komochi.com"
        ]
      }
    },
    {
      "type": "Feature",
      "geometry": {
        "type": "Point",
        "coordinates": [
          139.0716443,
          36.2721362
        ]
      },
      "properties": {
        "name": "ららん藤岡",
        "pref": "群馬県",
        "municipality": "藤岡市",
        "municipality_code": "10209",
        "urls": [
          "https://www.michi-no-eki.jp/stations/view/302",
          "http://www.ktr.mlit.go.jp/honkyoku/road/Michi-no-Eki/station/gunma_fujioka/index.html",
          "http://www.laranfujioka.com/"
        ]
      }
    },
    {
      "type": "Feature",
      "geometry": {
        "type": "Point",
        "coordinates": [
          139.0403486,
          36.1430927
        ]
      },
      "properties": {
        "name": "上州おにし",
        "pref": "群馬県",
        "municipality": "藤岡市",
        "municipality_code": "10209",
        "urls": [
          "https://www.michi-no-eki.jp/stations/view/296",
          "http://www.ktr.mlit.go.jp/honkyoku/road/Michi-no-Eki/station/gunma_onisi/index.html",
          "http://www.ktr.mlit.go.jp/honkyoku/road/Michi-no-Eki/station/gunma_onisi/index.html"
        ]
      }
    },
    {
      "type": "Feature",
      "geometry": {
        "type": "Point",
        "coordinates": [
          138.765967,
          36.2996438
        ]
      },
      "properties": {
        "name": "みょうぎ",
        "pref": "群馬県",
        "municipality": "富岡市",
        "municipality_code": "10210",
        "urls": [
          "https://www.michi-no-eki.jp/stations/view/305",
          "http://www.ktr.mlit.go.jp/honkyoku/road/Michi-no-Eki/station/gunma_myougi/index.html",
          "http://www.myogi-bc.jp/"
        ]
      }
    },
    {
      "type": "Feature",
      "geometry": {
        "type": "Point",
        "coordinates": [
          139.372848699999,
          36.5525594
        ]
      },
      "properties": {
        "name": "富弘美術館",
        "pref": "群馬県",
        "municipality": "みどり市",
        "municipality_code": "10212",
        "urls": [
          "https://www.michi-no-eki.jp/stations/view/308",
          "http://www.ktr.mlit.go.jp/honkyoku/road/Michi-no-Eki/station/gunma_tomihiro/index.html",
          "http://www.city.midori.gunma.jp/tomihiro/"
        ]
      }
    },
    {
      "type": "Feature",
      "geometry": {
        "type": "Point",
        "coordinates": [
          139.035164,
          36.4413405
        ]
      },
      "properties": {
        "name": "よしおか温泉",
        "pref": "群馬県",
        "municipality": "北群馬郡吉岡町",
        "municipality_code": "10345",
        "urls": [
          "https://www.michi-no-eki.jp/stations/view/311",
          "http://www.ktr.mlit.go.jp/honkyoku/road/Michi-no-Eki/station/gunma_yoshioka/index.html",
          "http://www.yoshioka-onsen.jp/"
        ]
      }
    },
    {
      "type": "Feature",
      "geometry": {
        "type": "Point",
        "coordinates": [
          138.784106,
          36.080532
        ]
      },
      "properties": {
        "name": "上野",
        "pref": "群馬県",
        "municipality": "多野郡上野村",
        "municipality_code": "10366",
        "urls": [
          "https://www.michi-no-eki.jp/stations/view/292",
          "http://www.ktr.mlit.go.jp/honkyoku/road/Michi-no-Eki/station/gunma_ueno/index.html"
        ]
      }
    },
    {
      "type": "Feature",
      "geometry": {
        "type": "Point",
        "coordinates": [
          138.897830099999,
          36.1092423
        ]
      },
      "properties": {
        "name": "万葉の里",
        "pref": "群馬県",
        "municipality": "多野郡神流町",
        "municipality_code": "10367",
        "urls": [
          "https://www.michi-no-eki.jp/stations/view/306",
          "http://www.ktr.mlit.go.jp/honkyoku/road/Michi-no-Eki/station/gunma_manba/index.html",
          "http://town.kanna.gunma.jp/kanko/?page_id=30"
        ]
      }
    },
    {
      "type": "Feature",
      "geometry": {
        "type": "Point",
        "coordinates": [
          138.8020175,
          36.2240358
        ]
      },
      "properties": {
        "name": "しもにた",
        "pref": "群馬県",
        "municipality": "甘楽郡下仁田町",
        "municipality_code": "10382",
        "urls": [
          "https://www.michi-no-eki.jp/stations/view/307",
          "http://www.ktr.mlit.go.jp/honkyoku/road/Michi-no-Eki/station/gunma_simonita/index.html",
          "http://shimonitanegi.com/"
        ]
      }
    },
    {
      "type": "Feature",
      "geometry": {
        "type": "Point",
        "coordinates": [
          138.741707899999,
          36.1782734
        ]
      },
      "properties": {
        "name": "オアシスなんもく",
        "pref": "群馬県",
        "municipality": "甘楽郡南牧村",
        "municipality_code": "10383",
        "urls": [
          "https://www.michi-no-eki.jp/stations/view/315",
          "http://www.ktr.mlit.go.jp/honkyoku/road/Michi-no-Eki/station/gunma_oasis/index.html",
          "http://www.nanmoku.ne.jp/modules/oasis/index.php?content_id=4"
        ]
      }
    },
    {
      "type": "Feature",
      "geometry": {
        "type": "Point",
        "coordinates": [
          138.9166528,
          36.2337493
        ]
      },
      "properties": {
        "name": "甘楽",
        "pref": "群馬県",
        "municipality": "甘楽郡甘楽町",
        "municipality_code": "10384",
        "urls": [
          "https://www.michi-no-eki.jp/stations/view/313",
          "http://www.ktr.mlit.go.jp/honkyoku/road/Michi-no-Eki/station/gunma_kanra/index.html",
          "http://www.town.kanra.gunma.jp/kanko/spot/busan/index.html"
        ]
      }
    },
    {
      "type": "Feature",
      "geometry": {
        "type": "Point",
        "coordinates": [
          138.638618,
          36.607483
        ]
      },
      "properties": {
        "name": "六合",
        "pref": "群馬県",
        "municipality": "吾妻郡中之条町",
        "municipality_code": "10421",
        "urls": [
          "https://www.michi-no-eki.jp/stations/view/294",
          "http://www.ktr.mlit.go.jp/honkyoku/road/Michi-no-Eki/station/gunma_kuni/index.html",
          "http://www.nakanojo-kanko.jp/miru-taiken/michinoeki-kuni.shtml"
        ]
      }
    },
    {
      "type": "Feature",
      "geometry": {
        "type": "Point",
        "coordinates": [
          138.8297562,
          36.6089289
        ]
      },
      "properties": {
        "name": "霊山たけやま",
        "pref": "群馬県",
        "municipality": "吾妻郡中之条町",
        "municipality_code": "10421",
        "urls": [
          "https://www.michi-no-eki.jp/stations/view/310",
          "http://www.ktr.mlit.go.jp/honkyoku/road/Michi-no-Eki/station/gunma_takeyama/index.html",
          "http://www.town.nakanojo.gunma.jp/takeyama/"
        ]
      }
    },
    {
      "type": "Feature",
      "geometry": {
        "type": "Point",
        "coordinates": [
          138.6842731,
          36.5475134
        ]
      },
      "properties": {
        "name": "八ッ場ふるさと館",
        "pref": "群馬県",
        "municipality": "吾妻郡長野原町",
        "municipality_code": "10424",
        "urls": [
          "https://www.michi-no-eki.jp/stations/view/318",
          "http://www.ktr.mlit.go.jp/honkyoku/road/Michi-no-Eki/station/gunma_yanba/index.html",
          "http://yambamichinoeki.com/"
        ]
      }
    },
    {
      "type": "Feature",
      "geometry": {
        "type": "Point",
        "coordinates": [
          138.590048,
          36.614528
        ]
      },
      "properties": {
        "name": "草津運動茶屋公園",
        "pref": "群馬県",
        "municipality": "吾妻郡草津町",
        "municipality_code": "10426",
        "urls": [
          "https://www.michi-no-eki.jp/stations/view/300",
          "http://www.ktr.mlit.go.jp/honkyoku/road/Michi-no-Eki/station/gunma_kusatsu/index.html",
          "https://www.kusatsu-kokusai.com/common/ranking"
        ]
      }
    },
    {
      "type": "Feature",
      "geometry": {
        "type": "Point",
        "coordinates": [
          138.954256699999,
          36.6224975
        ]
      },
      "properties": {
        "name": "中山盆地",
        "pref": "群馬県",
        "municipality": "吾妻郡高山村",
        "municipality_code": "10428",
        "urls": [
          "https://www.michi-no-eki.jp/stations/view/319",
          "http://www.ktr.mlit.go.jp/honkyoku/road/Michi-no-Eki/station/gunma_nakayama/index.html",
          "http://www.takayama-kanko.jp/"
        ]
      }
    },
    {
      "type": "Feature",
      "geometry": {
        "type": "Point",
        "coordinates": [
          138.73569,
          36.57048
        ]
      },
      "properties": {
        "name": "あがつま峡",
        "pref": "群馬県",
        "municipality": "吾妻郡東吾妻町",
        "municipality_code": "10429",
        "urls": [
          "https://www.michi-no-eki.jp/stations/view/321",
          "http://www.ktr.mlit.go.jp/honkyoku/road/Michi-no-Eki/station/gunma_agatsuma/index.html",
          "http://agatsumakyo.jp/"
        ]
      }
    },
    {
      "type": "Feature",
      "geometry": {
        "type": "Point",
        "coordinates": [
          139.225238,
          36.773231
        ]
      },
      "properties": {
        "name": "尾瀬かたしな",
        "pref": "群馬県",
        "municipality": "利根郡片品村",
        "municipality_code": "10443",
        "urls": [
          "https://www.michi-no-eki.jp/stations/view/14172"
        ]
      }
    },
    {
      "type": "Feature",
      "geometry": {
        "type": "Point",
        "coordinates": [
          139.107301099999,
          36.6870421
        ]
      },
      "properties": {
        "name": "川場田園プラザ",
        "pref": "群馬県",
        "municipality": "利根郡川場村",
        "municipality_code": "10444",
        "urls": [
          "https://www.michi-no-eki.jp/stations/view/297",
          "http://www.ktr.mlit.go.jp/honkyoku/road/Michi-no-Eki/station/gunma_kawaba/index.html",
          "http://www.denenplaza.co.jp/"
        ]
      }
    },
    {
      "type": "Feature",
      "geometry": {
        "type": "Point",
        "coordinates": [
          139.0689353,
          36.612775
        ]
      },
      "properties": {
        "name": "あぐりーむ昭和",
        "pref": "群馬県",
        "municipality": "利根郡昭和村",
        "municipality_code": "10448",
        "urls": [
          "https://www.michi-no-eki.jp/stations/view/314",
          "http://www.ktr.mlit.go.jp/honkyoku/road/Michi-no-Eki/station/gunma_agurimu/index.html",
          "http://agream-showa.jp/"
        ]
      }
    },
    {
      "type": "Feature",
      "geometry": {
        "type": "Point",
        "coordinates": [
          138.9083498,
          36.69608
        ]
      },
      "properties": {
        "name": "たくみの里",
        "pref": "群馬県",
        "municipality": "利根郡みなかみ町",
        "municipality_code": "10449",
        "urls": [
          "https://www.michi-no-eki.jp/stations/view/309",
          "http://www.ktr.mlit.go.jp/honkyoku/road/Michi-no-Eki/station/gunma_takumi/index.html",
          "http://takuminosato.or.jp/"
        ]
      }
    },
    {
      "type": "Feature",
      "geometry": {
        "type": "Point",
        "coordinates": [
          138.96767,
          36.7645152
        ]
      },
      "properties": {
        "name": "みなかみ水紀行館",
        "pref": "群馬県",
        "municipality": "利根郡みなかみ町",
        "municipality_code": "10449",
        "urls": [
          "https://www.michi-no-eki.jp/stations/view/298",
          "http://www.ktr.mlit.go.jp/honkyoku/road/Michi-no-Eki/station/gunma_minakami/index.html",
          "http://www9.wind.ne.jp/mizukikou/frame.htm"
        ]
      }
    },
    {
      "type": "Feature",
      "geometry": {
        "type": "Point",
        "coordinates": [
          138.9812566,
          36.6976003
        ]
      },
      "properties": {
        "name": "月夜野矢瀬親水公園",
        "pref": "群馬県",
        "municipality": "利根郡みなかみ町",
        "municipality_code": "10449",
        "urls": [
          "https://www.michi-no-eki.jp/stations/view/304",
          "http://www.ktr.mlit.go.jp/honkyoku/road/Michi-no-Eki/station/gunma_tsukiyono/index.html",
          "http://www.tsukiyono-harvest.com/"
        ]
      }
    },
    {
      "type": "Feature",
      "geometry": {
        "type": "Point",
        "coordinates": [
          139.0945846,
          36.30833423
        ]
      },
      "properties": {
        "name": "玉村宿",
        "pref": "群馬県",
        "municipality": "佐波郡玉村町",
        "municipality_code": "10464",
        "urls": [
          "https://www.michi-no-eki.jp/stations/view/7986",
          "http://www.ktr.mlit.go.jp/honkyoku/road/Michi-no-Eki/station/gunma_tamamura/index.html",
          "http://www.tamamura-juku.com/"
        ]
      }
    },
    {
      "type": "Feature",
      "geometry": {
        "type": "Point",
        "coordinates": [
          139.3693257,
          36.2145575
        ]
      },
      "properties": {
        "name": "めぬま",
        "pref": "埼玉県",
        "municipality": "熊谷市",
        "municipality_code": "11202",
        "urls": [
          "https://www.michi-no-eki.jp/stations/view/332",
          "http://www.ktr.mlit.go.jp/honkyoku/road/Michi-no-Eki/station/sai_menuma/index.html",
          "http://mitinoekimenuma.web.fc2.com/"
        ]
      }
    },
    {
      "type": "Feature",
      "geometry": {
        "type": "Point",
        "coordinates": [
          139.765768999999,
          35.848019
        ]
      },
      "properties": {
        "name": "川口・あんぎょう",
        "pref": "埼玉県",
        "municipality": "川口市",
        "municipality_code": "11203",
        "urls": [
          "https://www.michi-no-eki.jp/stations/view/324",
          "http://www.ktr.mlit.go.jp/honkyoku/road/Michi-no-Eki/station/sai_kawaguchi/index.html",
          "http://www.jurian.or.jp"
        ]
      }
    },
    {
      "type": "Feature",
      "geometry": {
        "type": "Point",
        "coordinates": [
          139.012633599999,
          35.9544145
        ]
      },
      "properties": {
        "name": "あらかわ",
        "pref": "埼玉県",
        "municipality": "秩父市",
        "municipality_code": "11207",
        "urls": [
          "https://www.michi-no-eki.jp/stations/view/322",
          "http://www.ktr.mlit.go.jp/honkyoku/road/Michi-no-Eki/station/sai_arakawa/index.html",
          "http://www.michinoeki－network.jp."
        ]
      }
    },
    {
      "type": "Feature",
      "geometry": {
        "type": "Point",
        "coordinates": [
          139.0893968,
          35.9974408
        ]
      },
      "properties": {
        "name": "ちちぶ",
        "pref": "埼玉県",
        "municipality": "秩父市",
        "municipality_code": "11207",
        "urls": [
          "https://www.michi-no-eki.jp/stations/view/333",
          "http://www.ktr.mlit.go.jp/honkyoku/road/Michi-no-Eki/station/sai_titibu/index.html",
          "http://www.michinoeki－network.jp."
        ]
      }
    },
    {
      "type": "Feature",
      "geometry": {
        "type": "Point",
        "coordinates": [
          138.9381995,
          35.9503803
        ]
      },
      "properties": {
        "name": "大滝温泉",
        "pref": "埼玉県",
        "municipality": "秩父市",
        "municipality_code": "11207",
        "urls": [
          "https://www.michi-no-eki.jp/stations/view/325",
          "http://www.ktr.mlit.go.jp/honkyoku/road/Michi-no-Eki/station/sai_ootaki/index.html",
          "http://www.ootakionsen.co.jp/"
        ]
      }
    },
    {
      "type": "Feature",
      "geometry": {
        "type": "Point",
        "coordinates": [
          139.0401091,
          36.0490086
        ]
      },
      "properties": {
        "name": "龍勢会館",
        "pref": "埼玉県",
        "municipality": "秩父市",
        "municipality_code": "11207",
        "urls": [
          "https://www.michi-no-eki.jp/stations/view/327",
          "http://www.ktr.mlit.go.jp/honkyoku/road/Michi-no-Eki/station/sai_ryusei/index.html",
          "http://www.ryuseinomachi.co.jp/ryusei/index.htm"
        ]
      }
    },
    {
      "type": "Feature",
      "geometry": {
        "type": "Point",
        "coordinates": [
          139.662783399999,
          36.2110887
        ]
      },
      "properties": {
        "name": "きたかわべ",
        "pref": "埼玉県",
        "municipality": "加須市",
        "municipality_code": "11210",
        "urls": [
          "https://www.michi-no-eki.jp/stations/view/337",
          "http://www.ktr.mlit.go.jp/honkyoku/road/Michi-no-Eki/station/sai_kitakawabe/index.html",
          "https://www.city.kazo.lg.jp/cont/s552000/d058100/hpg000006237.html"
        ]
      }
    },
    {
      "type": "Feature",
      "geometry": {
        "type": "Point",
        "coordinates": [
          139.6451589,
          36.170307
        ]
      },
      "properties": {
        "name": "童謡のふる里おおとね",
        "pref": "埼玉県",
        "municipality": "加須市",
        "municipality_code": "11210",
        "urls": [
          "https://www.michi-no-eki.jp/stations/view/328",
          "http://www.ktr.mlit.go.jp/honkyoku/road/Michi-no-Eki/station/sai_ootone/index.html",
          "http://komekomeclub.jp/"
        ]
      }
    },
    {
      "type": "Feature",
      "geometry": {
        "type": "Point",
        "coordinates": [
          139.7947804,
          35.9967914
        ]
      },
      "properties": {
        "name": "庄和",
        "pref": "埼玉県",
        "municipality": "春日部市",
        "municipality_code": "11214",
        "urls": [
          "https://www.michi-no-eki.jp/stations/view/338",
          "http://www.ktr.mlit.go.jp/honkyoku/road/Michi-no-Eki/station/sai_syowa/index.html",
          "http://www.michinoeki-showa.or.jp"
        ]
      }
    },
    {
      "type": "Feature",
      "geometry": {
        "type": "Point",
        "coordinates": [
          139.5107702,
          36.1887372
        ]
      },
      "properties": {
        "name": "はにゅう",
        "pref": "埼玉県",
        "municipality": "羽生市",
        "municipality_code": "11216",
        "urls": [
          "https://www.michi-no-eki.jp/stations/view/339",
          "http://www.ktr.mlit.go.jp/honkyoku/road/Michi-no-Eki/station/sai_hanyu/index.html",
          "http://www.city.hanyu.lg.jp/docs/2013072500024/"
        ]
      }
    },
    {
      "type": "Feature",
      "geometry": {
        "type": "Point",
        "coordinates": [
          139.241279699999,
          36.2185243
        ]
      },
      "properties": {
        "name": "おかべ",
        "pref": "埼玉県",
        "municipality": "深谷市",
        "municipality_code": "11218",
        "urls": [
          "https://www.michi-no-eki.jp/stations/view/326",
          "http://www.ktr.mlit.go.jp/honkyoku/road/Michi-no-Eki/station/sai_okabe/index.html",
          "http://www.rakuten.co.jp/genkioukoku/"
        ]
      }
    },
    {
      "type": "Feature",
      "geometry": {
        "type": "Point",
        "coordinates": [
          139.2890291,
          36.1515097
        ]
      },
      "properties": {
        "name": "かわもと",
        "pref": "埼玉県",
        "municipality": "深谷市",
        "municipality_code": "11218",
        "urls": [
          "https://www.michi-no-eki.jp/stations/view/331",
          "http://www.ktr.mlit.go.jp/honkyoku/road/Michi-no-Eki/station/sai_kawamoto/index.html",
          "http://www.city.fukaya.saitama.jp/shisetsu/michinoeki/1499131548292.html"
        ]
      }
    },
    {
      "type": "Feature",
      "geometry": {
        "type": "Point",
        "coordinates": [
          139.227294,
          36.1218906
        ]
      },
      "properties": {
        "name": "はなぞの",
        "pref": "埼玉県",
        "municipality": "深谷市",
        "municipality_code": "11218",
        "urls": [
          "https://www.michi-no-eki.jp/stations/view/329",
          "http://www.ktr.mlit.go.jp/honkyoku/road/Michi-no-Eki/station/sai_hanazono/index.html",
          "http://www.michinoeki-hanazono.jp/"
        ]
      }
    },
    {
      "type": "Feature",
      "geometry": {
        "type": "Point",
        "coordinates": [
          139.2811686,
          36.0523844
        ]
      },
      "properties": {
        "name": "おがわまち",
        "pref": "埼玉県",
        "municipality": "比企郡小川町",
        "municipality_code": "11343",
        "urls": [
          "https://www.michi-no-eki.jp/stations/view/323",
          "http://www.ktr.mlit.go.jp/honkyoku/road/Michi-no-Eki/station/sai_ogawamachi/index.html",
          "http://saitamacraft.com/"
        ]
      }
    },
    {
      "type": "Feature",
      "geometry": {
        "type": "Point",
        "coordinates": [
          139.457688299999,
          36.0363563
        ]
      },
      "properties": {
        "name": "いちごの里 よしみ",
        "pref": "埼玉県",
        "municipality": "比企郡吉見町",
        "municipality_code": "11347",
        "urls": [
          "https://www.michi-no-eki.jp/stations/view/336",
          "http://www.ktr.mlit.go.jp/honkyoku/road/Michi-no-Eki/station/sai_yosimi/index.html",
          "http://www.ichigonosato.com/"
        ]
      }
    },
    {
      "type": "Feature",
      "geometry": {
        "type": "Point",
        "coordinates": [
          139.1355565,
          35.9769074
        ]
      },
      "properties": {
        "name": "果樹公園あしがくぼ",
        "pref": "埼玉県",
        "municipality": "秩父郡横瀬町",
        "municipality_code": "11361",
        "urls": [
          "https://www.michi-no-eki.jp/stations/view/335",
          "http://www.ktr.mlit.go.jp/honkyoku/road/Michi-no-Eki/station/sai_asigakubo/index.html",
          "http://www.yokoze.org/shisetsu/michinoeki_kajukoen_ashigakubo/"
        ]
      }
    },
    {
      "type": "Feature",
      "geometry": {
        "type": "Point",
        "coordinates": [
          139.1096496,
          36.0769587
        ]
      },
      "properties": {
        "name": "みなの",
        "pref": "埼玉県",
        "municipality": "秩父郡皆野町",
        "municipality_code": "11362",
        "urls": [
          "https://www.michi-no-eki.jp/stations/view/340",
          "http://www.ktr.mlit.go.jp/honkyoku/road/Michi-no-Eki/station/sai_minano/index.html",
          "http://www.town.minano.saitama.jp/section/kankou/965.htm"
        ]
      }
    },
    {
      "type": "Feature",
      "geometry": {
        "type": "Point",
        "coordinates": [
          138.970964399999,
          36.0047724
        ]
      },
      "properties": {
        "name": "両神温泉薬師の湯",
        "pref": "埼玉県",
        "municipality": "秩父郡小鹿野町",
        "municipality_code": "11365",
        "urls": [
          "https://www.michi-no-eki.jp/stations/view/330",
          "http://www.ktr.mlit.go.jp/honkyoku/road/Michi-no-Eki/station/sai_ryokami/index.html",
          "http://www.kanko-ogano.jp/spa/"
        ]
      }
    },
    {
      "type": "Feature",
      "geometry": {
        "type": "Point",
        "coordinates": [
          139.203506,
          36.052482
        ]
      },
      "properties": {
        "name": "和紙の里ひがしちちぶ",
        "pref": "埼玉県",
        "municipality": "秩父郡東秩父村",
        "municipality_code": "11369",
        "urls": [
          "https://www.michi-no-eki.jp/stations/view/14140",
          "http://www.ktr.mlit.go.jp/honkyoku/road/Michi-no-Eki/station/sai_higasichichibu/index.html",
          "http://www.washinosato.co.jp"
        ]
      }
    },
    {
      "type": "Feature",
      "geometry": {
        "type": "Point",
        "coordinates": [
          139.769259599999,
          36.0246324
        ]
      },
      "properties": {
        "name": "アグリパークゆめすぎと",
        "pref": "埼玉県",
        "municipality": "北葛飾郡杉戸町",
        "municipality_code": "11464",
        "urls": [
          "https://www.michi-no-eki.jp/stations/view/334",
          "http://www.ktr.mlit.go.jp/honkyoku/road/Michi-no-Eki/station/sai_yumesugito/index.html",
          "http://www.pikaru.co.jp/index.html"
        ]
      }
    },
    {
      "type": "Feature",
      "geometry": {
        "type": "Point",
        "coordinates": [
          139.9194133,
          35.7488419
        ]
      },
      "properties": {
        "name": "いちかわ",
        "pref": "千葉県",
        "municipality": "市川市",
        "municipality_code": "12203",
        "urls": [
          "https://www.michi-no-eki.jp/stations/view/14173"
        ]
      }
    },
    {
      "type": "Feature",
      "geometry": {
        "type": "Point",
        "coordinates": [
          139.8216178,
          34.9398785
        ]
      },
      "properties": {
        "name": "南房パラダイス",
        "pref": "千葉県",
        "municipality": "館山市",
        "municipality_code": "12205",
        "urls": [
          "https://www.michi-no-eki.jp/stations/view/360",
          "http://www.ktr.mlit.go.jp/honkyoku/road/Michi-no-Eki/station/chiba_nambou/index.html",
          "http://www.city.tateyama.chiba.jp/shoukan/page100128.html"
        ]
      }
    },
    {
      "type": "Feature",
      "geometry": {
        "type": "Point",
        "coordinates": [
          140.052479,
          35.359948
        ]
      },
      "properties": {
        "name": "木更津うまくたの里",
        "pref": "千葉県",
        "municipality": "木更津市",
        "municipality_code": "12206",
        "urls": [
          "https://www.michi-no-eki.jp/stations/view/14159",
          "http://www.ktr.mlit.go.jp/honkyoku/road/Michi-no-Eki/station/chiba_umakuta/index.html",
          "http://chiba-kisarazu.com/"
        ]
      }
    },
    {
      "type": "Feature",
      "geometry": {
        "type": "Point",
        "coordinates": [
          140.3836754,
          35.5772141
        ]
      },
      "properties": {
        "name": "みのりの郷東金",
        "pref": "千葉県",
        "municipality": "東金市",
        "municipality_code": "12213",
        "urls": [
          "https://www.michi-no-eki.jp/stations/view/9733",
          "http://www.ktr.mlit.go.jp/honkyoku/road/Michi-no-Eki/station/chiba_tougane/index.html",
          "http://minorinosato-togane.com/"
        ]
      }
    },
    {
      "type": "Feature",
      "geometry": {
        "type": "Point",
        "coordinates": [
          140.675557,
          35.71785572
        ]
      },
      "properties": {
        "name": "季楽里あさひ",
        "pref": "千葉県",
        "municipality": "旭市",
        "municipality_code": "12215",
        "urls": [
          "https://www.michi-no-eki.jp/stations/view/7988",
          "http://www.ktr.mlit.go.jp/honkyoku/road/Michi-no-Eki/station/chiba_kirari/index.html",
          "http://www.kirari-asahi.com",
          "http://www.city.asahi.lg.jp/"
        ]
      }
    },
    {
      "type": "Feature",
      "geometry": {
        "type": "Point",
        "coordinates": [
          140.0232539,
          35.8577705
        ]
      },
      "properties": {
        "name": "しょうなん",
        "pref": "千葉県",
        "municipality": "柏市",
        "municipality_code": "12217",
        "urls": [
          "https://www.michi-no-eki.jp/stations/view/348",
          "http://www.ktr.mlit.go.jp/honkyoku/road/Michi-no-Eki/station/chiba_syounan/index.html",
          "http://www.michinoeki-shonan.jp/"
        ]
      }
    },
    {
      "type": "Feature",
      "geometry": {
        "type": "Point",
        "coordinates": [
          140.109646,
          35.4638588
        ]
      },
      "properties": {
        "name": "あずの里いちはら",
        "pref": "千葉県",
        "municipality": "市原市",
        "municipality_code": "12219",
        "urls": [
          "https://www.michi-no-eki.jp/stations/view/351",
          "http://www.ktr.mlit.go.jp/honkyoku/road/Michi-no-Eki/station/chiba_ichihara/index.html",
          "http://www.ichihara-kankou.or.jp/azunosato/index.html"
        ]
      }
    },
    {
      "type": "Feature",
      "geometry": {
        "type": "Point",
        "coordinates": [
          140.106748599999,
          35.7584154
        ]
      },
      "properties": {
        "name": "やちよ",
        "pref": "千葉県",
        "municipality": "八千代市",
        "municipality_code": "12221",
        "urls": [
          "https://www.michi-no-eki.jp/stations/view/343",
          "http://www.ktr.mlit.go.jp/honkyoku/road/Michi-no-Eki/station/chiba_yachiyo/index.html",
          "http://www.yachiyo-fs.net/",
          "http://yachiyo-agri.org/"
        ]
      }
    },
    {
      "type": "Feature",
      "geometry": {
        "type": "Point",
        "coordinates": [
          140.077089099999,
          35.0638015
        ]
      },
      "properties": {
        "name": "鴨川オーシャンパーク",
        "pref": "千葉県",
        "municipality": "鴨川市",
        "municipality_code": "12223",
        "urls": [
          "https://www.michi-no-eki.jp/stations/view/345",
          "http://www.ktr.mlit.go.jp/honkyoku/road/Michi-no-Eki/station/chiba_kamogawa/index.html",
          "http://kamogawaocean-park.com/"
        ]
      }
    },
    {
      "type": "Feature",
      "geometry": {
        "type": "Point",
        "coordinates": [
          140.069545,
          35.198557
        ]
      },
      "properties": {
        "name": "ふれあいパーク・きみつ",
        "pref": "千葉県",
        "municipality": "君津市",
        "municipality_code": "12225",
        "urls": [
          "https://www.michi-no-eki.jp/stations/view/347",
          "http://www.ktr.mlit.go.jp/honkyoku/road/Michi-no-Eki/station/chiba_kimitsu/index.html"
        ]
      }
    },
    {
      "type": "Feature",
      "geometry": {
        "type": "Point",
        "coordinates": [
          139.8603645,
          35.0577165
        ]
      },
      "properties": {
        "name": "おおつの里",
        "pref": "千葉県",
        "municipality": "南房総市",
        "municipality_code": "12234",
        "urls": [
          "https://www.michi-no-eki.jp/stations/view/355",
          "http://www.ktr.mlit.go.jp/honkyoku/road/Michi-no-Eki/station/chiba_ootsu/index.html",
          "http://www.hana-kurabu.jp/"
        ]
      }
    },
    {
      "type": "Feature",
      "geometry": {
        "type": "Point",
        "coordinates": [
          139.9520926,
          34.9299008
        ]
      },
      "properties": {
        "name": "ちくら・潮風王国",
        "pref": "千葉県",
        "municipality": "南房総市",
        "municipality_code": "12234",
        "urls": [
          "https://www.michi-no-eki.jp/stations/view/353",
          "http://www.ktr.mlit.go.jp/honkyoku/road/Michi-no-Eki/station/chiba_chikura/index.html",
          "http://shiokaze-oukoku.jp/"
        ]
      }
    },
    {
      "type": "Feature",
      "geometry": {
        "type": "Point",
        "coordinates": [
          139.8371306,
          35.0376773
        ]
      },
      "properties": {
        "name": "とみうら",
        "pref": "千葉県",
        "municipality": "南房総市",
        "municipality_code": "12234",
        "urls": [
          "https://www.michi-no-eki.jp/stations/view/341",
          "http://www.ktr.mlit.go.jp/honkyoku/road/Michi-no-Eki/station/chiba_tomiura/index.html",
          "http://www.biwakurabu.jp/"
        ]
      }
    },
    {
      "type": "Feature",
      "geometry": {
        "type": "Point",
        "coordinates": [
          139.975265499999,
          35.0087388
        ]
      },
      "properties": {
        "name": "ローズマリー公園",
        "pref": "千葉県",
        "municipality": "南房総市",
        "municipality_code": "12234",
        "urls": [
          "https://www.michi-no-eki.jp/stations/view/346",
          "http://www.ktr.mlit.go.jp/honkyoku/road/Michi-no-Eki/station/chiba_maruyama/index.html",
          "http://rosemary-park.jp/"
        ]
      }
    },
    {
      "type": "Feature",
      "geometry": {
        "type": "Point",
        "coordinates": [
          139.8948453,
          35.0341006
        ]
      },
      "properties": {
        "name": "三芳村",
        "pref": "千葉県",
        "municipality": "南房総市",
        "municipality_code": "12234",
        "urls": [
          "https://www.michi-no-eki.jp/stations/view/342",
          "http://www.ktr.mlit.go.jp/honkyoku/road/Michi-no-Eki/station/chiba_miyosi/index.html",
          "http://www.hinanosato.jp/"
        ]
      }
    },
    {
      "type": "Feature",
      "geometry": {
        "type": "Point",
        "coordinates": [
          140.02057,
          35.042582
        ]
      },
      "properties": {
        "name": "和田浦 WA・O！",
        "pref": "千葉県",
        "municipality": "南房総市",
        "municipality_code": "12234",
        "urls": [
          "https://www.michi-no-eki.jp/stations/view/363",
          "http://www.ktr.mlit.go.jp/honkyoku/road/Michi-no-Eki/station/chiba_wadaura/index.html",
          "http://wa-o.awa.jp/"
        ]
      }
    },
    {
      "type": "Feature",
      "geometry": {
        "type": "Point",
        "coordinates": [
          139.8556137,
          35.1005082
        ]
      },
      "properties": {
        "name": "富楽里とみやま",
        "pref": "千葉県",
        "municipality": "南房総市",
        "municipality_code": "12234",
        "urls": [
          "https://www.michi-no-eki.jp/stations/view/354",
          "http://www.ktr.mlit.go.jp/honkyoku/road/Michi-no-Eki/station/chiba_tomiyama/index.html",
          "http://furari.awa.or.jp/"
        ]
      }
    },
    {
      "type": "Feature",
      "geometry": {
        "type": "Point",
        "coordinates": [
          139.877387399999,
          34.9062489
        ]
      },
      "properties": {
        "name": "白浜野島崎",
        "pref": "千葉県",
        "municipality": "南房総市",
        "municipality_code": "12234",
        "urls": [
          "https://www.michi-no-eki.jp/stations/view/359",
          "http://www.ktr.mlit.go.jp/honkyoku/road/Michi-no-Eki/station/chiba_shirahama/index.html"
        ]
      }
    },
    {
      "type": "Feature",
      "geometry": {
        "type": "Point",
        "coordinates": [
          140.4699424,
          35.805852
        ]
      },
      "properties": {
        "name": "くりもと",
        "pref": "千葉県",
        "municipality": "香取市",
        "municipality_code": "12236",
        "urls": [
          "https://www.michi-no-eki.jp/stations/view/352",
          "http://www.ktr.mlit.go.jp/honkyoku/road/Michi-no-Eki/station/chiba_kurimoto/index.html",
          "http://www.benikomachi.jp/"
        ]
      }
    },
    {
      "type": "Feature",
      "geometry": {
        "type": "Point",
        "coordinates": [
          140.505908,
          35.896313
        ]
      },
      "properties": {
        "name": "水の郷さわら",
        "pref": "千葉県",
        "municipality": "香取市",
        "municipality_code": "12236",
        "urls": [
          "https://www.michi-no-eki.jp/stations/view/361",
          "http://www.ktr.mlit.go.jp/honkyoku/road/Michi-no-Eki/station/chiba_sawara/index.html",
          "http://ｗｗｗ.e-sawara.com"
        ]
      }
    },
    {
      "type": "Feature",
      "geometry": {
        "type": "Point",
        "coordinates": [
          140.5015935,
          35.6017957
        ]
      },
      "properties": {
        "name": "オライはすぬま",
        "pref": "千葉県",
        "municipality": "山武市",
        "municipality_code": "12237",
        "urls": [
          "https://www.michi-no-eki.jp/stations/view/356",
          "http://www.ktr.mlit.go.jp/honkyoku/road/Michi-no-Eki/station/chiba_hasunuma/index.html",
          "http://oraihasunuma.com/"
        ]
      }
    },
    {
      "type": "Feature",
      "geometry": {
        "type": "Point",
        "coordinates": [
          140.3797,
          35.90023
        ]
      },
      "properties": {
        "name": "発酵の里こうざき",
        "pref": "千葉県",
        "municipality": "香取郡神崎町",
        "municipality_code": "12342",
        "urls": [
          "https://www.michi-no-eki.jp/stations/view/364",
          "http://www.ktr.mlit.go.jp/honkyoku/road/Michi-no-Eki/station/chiba_kouzaki/index.html",
          "http://www.hakkounosato.com/"
        ]
      }
    },
    {
      "type": "Feature",
      "geometry": {
        "type": "Point",
        "coordinates": [
          140.4752846,
          35.7312831
        ]
      },
      "properties": {
        "name": "多古",
        "pref": "千葉県",
        "municipality": "香取郡多古町",
        "municipality_code": "12347",
        "urls": [
          "https://www.michi-no-eki.jp/stations/view/350",
          "http://www.ktr.mlit.go.jp/honkyoku/road/Michi-no-Eki/station/chiba_tako/index.html",
          "http://michinoeki-tako.com/"
        ]
      }
    },
    {
      "type": "Feature",
      "geometry": {
        "type": "Point",
        "coordinates": [
          140.410030099999,
          35.6950636
        ]
      },
      "properties": {
        "name": "風和里しばやま",
        "pref": "千葉県",
        "municipality": "山武郡芝山町",
        "municipality_code": "12409",
        "urls": [
          "https://www.michi-no-eki.jp/stations/view/362",
          "http://www.ktr.mlit.go.jp/honkyoku/road/Michi-no-Eki/station/chiba_fuwari/index.html",
          "http://fuwari-shibayama.blog.ocn.ne.jp/"
        ]
      }
    },
    {
      "type": "Feature",
      "geometry": {
        "type": "Point",
        "coordinates": [
          140.3036799,
          35.352183
        ]
      },
      "properties": {
        "name": "つどいの郷むつざわ",
        "pref": "千葉県",
        "municipality": "長生郡睦沢町",
        "municipality_code": "12422",
        "urls": [
          "https://www.michi-no-eki.jp/stations/view/358",
          "http://www.ktr.mlit.go.jp/honkyoku/road/Michi-no-Eki/station/chiba_mutsuzawa/index.html"
        ]
      }
    },
    {
      "type": "Feature",
      "geometry": {
        "type": "Point",
        "coordinates": [
          140.206659899999,
          35.4573078
        ]
      },
      "properties": {
        "name": "ながら",
        "pref": "千葉県",
        "municipality": "長生郡長柄町",
        "municipality_code": "12426",
        "urls": [
          "https://www.michi-no-eki.jp/stations/view/357",
          "http://www.ktr.mlit.go.jp/honkyoku/road/Michi-no-Eki/station/chiba_nagara/index.html",
          "http://www.nagaramitinoeki.com/"
        ]
      }
    },
    {
      "type": "Feature",
      "geometry": {
        "type": "Point",
        "coordinates": [
          140.258616,
          35.254825
        ]
      },
      "properties": {
        "name": "たけゆらの里おおたき",
        "pref": "千葉県",
        "municipality": "夷隅郡大多喜町",
        "municipality_code": "12441",
        "urls": [
          "https://www.michi-no-eki.jp/stations/view/349",
          "http://www.ktr.mlit.go.jp/honkyoku/road/Michi-no-Eki/station/chiba_ootaki/index.html",
          "http://www.takeyura.net/"
        ]
      }
    },
    {
      "type": "Feature",
      "geometry": {
        "type": "Point",
        "coordinates": [
          139.8371002,
          35.1279707
        ]
      },
      "properties": {
        "name": "きょなん",
        "pref": "千葉県",
        "municipality": "安房郡鋸南町",
        "municipality_code": "12463",
        "urls": [
          "https://www.michi-no-eki.jp/stations/view/344",
          "http://www.ktr.mlit.go.jp/honkyoku/road/Michi-no-Eki/station/chiba_kyonan/index.html",
          "http://www.town.kyonan.chiba.jp/kyonan/categories/machi-04/"
        ]
      }
    },
    {
      "type": "Feature",
      "geometry": {
        "type": "Point",
        "coordinates": [
          139.8439449,
          35.1430213
        ]
      },
      "properties": {
        "name": "保田小学校",
        "pref": "千葉県",
        "municipality": "安房郡鋸南町",
        "municipality_code": "12463",
        "urls": [
          "https://www.michi-no-eki.jp/stations/view/7991",
          "http://www.ktr.mlit.go.jp/honkyoku/road/Michi-no-Eki/station/chiba_hota/index.html",
          "http://hotasho.jp/",
          "https://www.facebook.com/hotasho.jp/"
        ]
      }
    },
    {
      "type": "Feature",
      "geometry": {
        "type": "Point",
        "coordinates": [
          139.341474899999,
          35.6866238
        ]
      },
      "properties": {
        "name": "八王子滝山",
        "pref": "東京都",
        "municipality": "八王子市",
        "municipality_code": "13201",
        "urls": [
          "https://www.michi-no-eki.jp/stations/view/365",
          "http://www.ktr.mlit.go.jp/honkyoku/road/Michi-no-Eki/station/tokyo_hachioji/index.html",
          "http://www.michinoeki-hachioji.net/"
        ]
      }
    },
    {
      "type": "Feature",
      "geometry": {
        "type": "Point",
        "coordinates": [
          139.0314839,
          35.3798757
        ]
      },
      "properties": {
        "name": "山北",
        "pref": "神奈川県",
        "municipality": "足柄上郡山北町",
        "municipality_code": "14364",
        "urls": [
          "https://www.michi-no-eki.jp/stations/view/367",
          "http://www.ktr.mlit.go.jp/honkyoku/road/Michi-no-Eki/station/kana_yamakita/index.html",
          "http://www.yamakita.net/shopping/detail.php?id=15"
        ]
      }
    },
    {
      "type": "Feature",
      "geometry": {
        "type": "Point",
        "coordinates": [
          139.0156098,
          35.1867643
        ]
      },
      "properties": {
        "name": "箱根峠",
        "pref": "神奈川県",
        "municipality": "足柄下郡箱根町",
        "municipality_code": "14382",
        "urls": [
          "https://www.michi-no-eki.jp/stations/view/366",
          "http://www.ktr.mlit.go.jp/honkyoku/road/Michi-no-Eki/station/kana_hakone/index.html",
          "https://www.hakone.or.jp/501"
        ]
      }
    },
    {
      "type": "Feature",
      "geometry": {
        "type": "Point",
        "coordinates": [
          139.2771732,
          35.4825222
        ]
      },
      "properties": {
        "name": "清川",
        "pref": "神奈川県",
        "municipality": "愛甲郡清川村",
        "municipality_code": "14402",
        "urls": [
          "https://www.michi-no-eki.jp/stations/view/9735",
          "http://www.ktr.mlit.go.jp/honkyoku/road/Michi-no-Eki/station/kana_kiyokawa/index.html",
          "http://michinoeki.kiyokawamura.jp/"
        ]
      }
    },
    {
      "type": "Feature",
      "geometry": {
        "type": "Point",
        "coordinates": [
          139.020212,
          37.866345
        ]
      },
      "properties": {
        "name": "新潟ふるさと村",
        "pref": "新潟県",
        "municipality": "新潟市",
        "municipality_code": "15100",
        "urls": [
          "https://www.michi-no-eki.jp/stations/view/419",
          "https://www.hokuriku-michinoeki.jp/contents/station/?sta=000005",
          "http://furusatomura.pref.niigata.jp/"
        ]
      }
    },
    {
      "type": "Feature",
      "geometry": {
        "type": "Point",
        "coordinates": [
          139.078895,
          37.7925908
        ]
      },
      "properties": {
        "name": "花夢里にいつ",
        "pref": "新潟県",
        "municipality": "新潟市",
        "municipality_code": "15100",
        "urls": [
          "https://www.michi-no-eki.jp/stations/view/444",
          "https://www.hokuriku-michinoeki.jp/contents/station/?sta=000030",
          "http://www.niigata-kankou.or.jp/sys/data?page-id=5595"
        ]
      }
    },
    {
      "type": "Feature",
      "geometry": {
        "type": "Point",
        "coordinates": [
          139.22301,
          37.957911
        ]
      },
      "properties": {
        "name": "豊栄",
        "pref": "新潟県",
        "municipality": "新潟市",
        "municipality_code": "15100",
        "urls": [
          "https://www.michi-no-eki.jp/stations/view/415",
          "https://www.hokuriku-michinoeki.jp/contents/station/?sta=000001",
          "http://www.niigata-kankou.or.jp/sys/data?page-id=7001"
        ]
      }
    },
    {
      "type": "Feature",
      "geometry": {
        "type": "Point",
        "coordinates": [
          139.0072657,
          37.4595997
        ]
      },
      "properties": {
        "name": "R290とちお",
        "pref": "新潟県",
        "municipality": "長岡市",
        "municipality_code": "15202",
        "urls": [
          "https://www.michi-no-eki.jp/stations/view/438",
          "https://www.hokuriku-michinoeki.jp/contents/station/?sta=000024",
          "http://r290tochio.jp/"
        ]
      }
    },
    {
      "type": "Feature",
      "geometry": {
        "type": "Point",
        "coordinates": [
          138.7590595,
          37.5816068
        ]
      },
      "properties": {
        "name": "良寛の里 わしま",
        "pref": "新潟県",
        "municipality": "長岡市",
        "municipality_code": "15202",
        "urls": [
          "https://www.michi-no-eki.jp/stations/view/429",
          "https://www.hokuriku-michinoeki.jp/contents/station/?sta=000015",
          "http://www.motenashiya.com/"
        ]
      }
    },
    {
      "type": "Feature",
      "geometry": {
        "type": "Point",
        "coordinates": [
          138.8676387,
          37.2608955
        ]
      },
      "properties": {
        "name": "越後川口",
        "pref": "新潟県",
        "municipality": "長岡市",
        "municipality_code": "15202",
        "urls": [
          "https://www.michi-no-eki.jp/stations/view/446",
          "https://www.hokuriku-michinoeki.jp/contents/station/?sta=000032",
          "http://agrinosato.com/"
        ]
      }
    },
    {
      "type": "Feature",
      "geometry": {
        "type": "Point",
        "coordinates": [
          139.026294,
          37.647125
        ]
      },
      "properties": {
        "name": "庭園の郷 保内",
        "pref": "新潟県",
        "municipality": "三条市",
        "municipality_code": "15204",
        "urls": [
          "https://www.michi-no-eki.jp/stations/view/14142",
          "https://www.hokuriku-michinoeki.jp/contents/station/?sta=000077",
          "http://honai-gardens.com"
        ]
      }
    },
    {
      "type": "Feature",
      "geometry": {
        "type": "Point",
        "coordinates": [
          139.1020031,
          37.5418094
        ]
      },
      "properties": {
        "name": "漢学の里しただ",
        "pref": "新潟県",
        "municipality": "三条市",
        "municipality_code": "15204",
        "urls": [
          "https://www.michi-no-eki.jp/stations/view/433",
          "https://www.hokuriku-michinoeki.jp/contents/station/?sta=000019",
          "http://www.michinoeki-shitada.com/"
        ]
      }
    },
    {
      "type": "Feature",
      "geometry": {
        "type": "Point",
        "coordinates": [
          138.9334638,
          37.6492628
        ]
      },
      "properties": {
        "name": "燕三条地場産センター",
        "pref": "新潟県",
        "municipality": "三条市",
        "municipality_code": "15204",
        "urls": [
          "https://www.michi-no-eki.jp/stations/view/9737",
          "https://www.hokuriku-michinoeki.jp/contents/station/?sta=000038",
          "http://www.tsjiba.or.jp/michi/"
        ]
      }
    },
    {
      "type": "Feature",
      "geometry": {
        "type": "Point",
        "coordinates": [
          138.634207899999,
          37.2133616
        ]
      },
      "properties": {
        "name": "じょんのびの里高柳",
        "pref": "新潟県",
        "municipality": "柏崎市",
        "municipality_code": "15205",
        "urls": [
          "https://www.michi-no-eki.jp/stations/view/443",
          "https://www.hokuriku-michinoeki.jp/contents/station/?sta=000029",
          "http://www.jon-nobi.com/"
        ]
      }
    },
    {
      "type": "Feature",
      "geometry": {
        "type": "Point",
        "coordinates": [
          138.6621316,
          37.4506748
        ]
      },
      "properties": {
        "name": "西山ふるさと公苑",
        "pref": "新潟県",
        "municipality": "柏崎市",
        "municipality_code": "15205",
        "urls": [
          "https://www.michi-no-eki.jp/stations/view/436",
          "https://www.hokuriku-michinoeki.jp/contents/station/?sta=000022",
          "https://www.city.kashiwazaki.lg.jp/n_furusato/kanko/tomaru/miti/nishiyama/1502241023.html"
        ]
      }
    },
    {
      "type": "Feature",
      "geometry": {
        "type": "Point",
        "coordinates": [
          138.4899212,
          37.3465151
        ]
      },
      "properties": {
        "name": "風の丘米山",
        "pref": "新潟県",
        "municipality": "柏崎市",
        "municipality_code": "15205",
        "urls": [
          "https://www.michi-no-eki.jp/stations/view/434",
          "https://www.hokuriku-michinoeki.jp/contents/station/?sta=000020"
        ]
      }
    },
    {
      "type": "Feature",
      "geometry": {
        "type": "Point",
        "coordinates": [
          139.3724223,
          38.0023437
        ]
      },
      "properties": {
        "name": "加治川",
        "pref": "新潟県",
        "municipality": "新発田市",
        "municipality_code": "15206",
        "urls": [
          "https://www.michi-no-eki.jp/stations/view/416",
          "https://www.hokuriku-michinoeki.jp/contents/station/?sta=000002",
          "http://www.sakurakan38.com/"
        ]
      }
    },
    {
      "type": "Feature",
      "geometry": {
        "type": "Point",
        "coordinates": [
          138.822908,
          37.305143
        ]
      },
      "properties": {
        "name": "ちぢみの里おぢや",
        "pref": "新潟県",
        "municipality": "小千谷市",
        "municipality_code": "15208",
        "urls": [
          "https://www.michi-no-eki.jp/stations/view/423",
          "https://www.hokuriku-michinoeki.jp/contents/station/?sta=000009",
          "http://www.chijiminosato-nsd.com/"
        ]
      }
    },
    {
      "type": "Feature",
      "geometry": {
        "type": "Point",
        "coordinates": [
          138.6138286,
          37.1326116
        ]
      },
      "properties": {
        "name": "まつだいふるさと会館",
        "pref": "新潟県",
        "municipality": "十日町市",
        "municipality_code": "15210",
        "urls": [
          "https://www.michi-no-eki.jp/stations/view/430",
          "https://www.hokuriku-michinoeki.jp/contents/station/?sta=000016",
          "http://www.tokamachishikankou.jp/matudai/cgi-bin/kaikan/index.cgi"
        ]
      }
    },
    {
      "type": "Feature",
      "geometry": {
        "type": "Point",
        "coordinates": [
          138.761379,
          37.1384419
        ]
      },
      "properties": {
        "name": "クロス10十日町",
        "pref": "新潟県",
        "municipality": "十日町市",
        "municipality_code": "15210",
        "urls": [
          "https://www.michi-no-eki.jp/stations/view/432",
          "https://www.hokuriku-michinoeki.jp/contents/station/?sta=000018",
          "http://cross10.or.jp"
        ]
      }
    },
    {
      "type": "Feature",
      "geometry": {
        "type": "Point",
        "coordinates": [
          138.6863544,
          37.1990419
        ]
      },
      "properties": {
        "name": "瀬替えの郷せんだ",
        "pref": "新潟県",
        "municipality": "十日町市",
        "municipality_code": "15210",
        "urls": [
          "https://www.michi-no-eki.jp/stations/view/441",
          "https://www.hokuriku-michinoeki.jp/contents/station/?sta=000027",
          "http://kirari21.sakura.ne.jp/"
        ]
      }
    },
    {
      "type": "Feature",
      "geometry": {
        "type": "Point",
        "coordinates": [
          138.883471,
          37.546709
        ]
      },
      "properties": {
        "name": "パティオにいがた",
        "pref": "新潟県",
        "municipality": "見附市",
        "municipality_code": "15211",
        "urls": [
          "https://www.michi-no-eki.jp/stations/view/450",
          "https://www.hokuriku-michinoeki.jp/contents/station/?sta=000036",
          "http://patio-niigata.jp/"
        ]
      }
    },
    {
      "type": "Feature",
      "geometry": {
        "type": "Point",
        "coordinates": [
          139.5224236,
          38.2821299
        ]
      },
      "properties": {
        "name": "朝日",
        "pref": "新潟県",
        "municipality": "村上市",
        "municipality_code": "15212",
        "urls": [
          "https://www.michi-no-eki.jp/stations/view/418",
          "https://www.hokuriku-michinoeki.jp/contents/station/?sta=000004",
          "http://www.asahimidori.com/"
        ]
      }
    },
    {
      "type": "Feature",
      "geometry": {
        "type": "Point",
        "coordinates": [
          139.4610655,
          38.1724825
        ]
      },
      "properties": {
        "name": "神林",
        "pref": "新潟県",
        "municipality": "村上市",
        "municipality_code": "15212",
        "urls": [
          "https://www.michi-no-eki.jp/stations/view/417",
          "https://www.hokuriku-michinoeki.jp/contents/station/?sta=000003",
          "http://www.city.murakami.lg.jp/site/kanko/bussan-mitinoeki.html"
        ]
      }
    },
    {
      "type": "Feature",
      "geometry": {
        "type": "Point",
        "coordinates": [
          139.458521099999,
          38.3751788
        ]
      },
      "properties": {
        "name": "笹川流れ",
        "pref": "新潟県",
        "municipality": "村上市",
        "municipality_code": "15212",
        "urls": [
          "https://www.michi-no-eki.jp/stations/view/425",
          "https://www.hokuriku-michinoeki.jp/contents/station/?sta=000011",
          "http://www.sasagawanagare.jp/"
        ]
      }
    },
    {
      "type": "Feature",
      "geometry": {
        "type": "Point",
        "coordinates": [
          138.8251803,
          37.6628849
        ]
      },
      "properties": {
        "name": "国上",
        "pref": "新潟県",
        "municipality": "燕市",
        "municipality_code": "15213",
        "urls": [
          "https://www.michi-no-eki.jp/stations/view/445",
          "https://www.hokuriku-michinoeki.jp/contents/station/?sta=000031",
          "http://michinoeki-kugami.com"
        ]
      }
    },
    {
      "type": "Feature",
      "geometry": {
        "type": "Point",
        "coordinates": [
          138.003775,
          37.113566
        ]
      },
      "properties": {
        "name": "能生",
        "pref": "新潟県",
        "municipality": "糸魚川市",
        "municipality_code": "15216",
        "urls": [
          "https://www.michi-no-eki.jp/stations/view/420",
          "https://www.hokuriku-michinoeki.jp/contents/station/?sta=000006",
          "http://www.marine-dream.net/"
        ]
      }
    },
    {
      "type": "Feature",
      "geometry": {
        "type": "Point",
        "coordinates": [
          137.730283999999,
          37.0031567
        ]
      },
      "properties": {
        "name": "親不知ピアパーク",
        "pref": "新潟県",
        "municipality": "糸魚川市",
        "municipality_code": "15216",
        "urls": [
          "https://www.michi-no-eki.jp/stations/view/440",
          "https://www.hokuriku-michinoeki.jp/contents/station/?sta=000026",
          "http://e-oyasirazu.com/"
        ]
      }
    },
    {
      "type": "Feature",
      "geometry": {
        "type": "Point",
        "coordinates": [
          137.644765,
          36.979982
        ]
      },
      "properties": {
        "name": "越後市振の関",
        "pref": "新潟県",
        "municipality": "糸魚川市",
        "municipality_code": "15216",
        "urls": [
          "https://www.michi-no-eki.jp/stations/view/431",
          "https://www.hokuriku-michinoeki.jp/contents/station/?sta=000017",
          "http://www.ichiburi-seki.com/"
        ]
      }
    },
    {
      "type": "Feature",
      "geometry": {
        "type": "Point",
        "coordinates": [
          138.2258864,
          37.0261176
        ]
      },
      "properties": {
        "name": "あらい",
        "pref": "新潟県",
        "municipality": "妙高市",
        "municipality_code": "15217",
        "urls": [
          "https://www.michi-no-eki.jp/stations/view/437",
          "https://www.hokuriku-michinoeki.jp/contents/station/?sta=000023",
          "http://www.eki-arai.com/"
        ]
      }
    },
    {
      "type": "Feature",
      "geometry": {
        "type": "Point",
        "coordinates": [
          138.0866912,
          37.163533
        ]
      },
      "properties": {
        "name": "うみてらす名立",
        "pref": "新潟県",
        "municipality": "上越市",
        "municipality_code": "15222",
        "urls": [
          "https://www.michi-no-eki.jp/stations/view/448",
          "https://www.hokuriku-michinoeki.jp/contents/station/?sta=000034",
          "http://www.umiterasu.co.jp/"
        ]
      }
    },
    {
      "type": "Feature",
      "geometry": {
        "type": "Point",
        "coordinates": [
          138.3769706,
          37.2416518
        ]
      },
      "properties": {
        "name": "よしかわ杜氏の郷",
        "pref": "新潟県",
        "municipality": "上越市",
        "municipality_code": "15222",
        "urls": [
          "https://www.michi-no-eki.jp/stations/view/447",
          "https://www.hokuriku-michinoeki.jp/contents/station/?sta=000033",
          "http://www.yoshikawa-touji.co.jp/michino_eki.html"
        ]
      }
    },
    {
      "type": "Feature",
      "geometry": {
        "type": "Point",
        "coordinates": [
          138.470325,
          37.095594
        ]
      },
      "properties": {
        "name": "雪のふるさと やすづか",
        "pref": "新潟県",
        "municipality": "上越市",
        "municipality_code": "15222",
        "urls": [
          "https://www.michi-no-eki.jp/stations/view/442",
          "https://www.hokuriku-michinoeki.jp/contents/station/?sta=000028",
          "https://www.461888.jp"
        ]
      }
    },
    {
      "type": "Feature",
      "geometry": {
        "type": "Point",
        "coordinates": [
          138.4441345,
          38.0456376
        ]
      },
      "properties": {
        "name": "芸能とトキの里",
        "pref": "新潟県",
        "municipality": "佐渡市",
        "municipality_code": "15224",
        "urls": [
          "https://www.michi-no-eki.jp/stations/view/439",
          "https://www.hokuriku-michinoeki.jp/contents/station/?sta=000025",
          "https://www.visitsado.com/spot/detail0873/"
        ]
      }
    },
    {
      "type": "Feature",
      "geometry": {
        "type": "Point",
        "coordinates": [
          139.057244,
          37.355921
        ]
      },
      "properties": {
        "name": "いりひろせ",
        "pref": "新潟県",
        "municipality": "魚沼市",
        "municipality_code": "15225",
        "urls": [
          "https://www.michi-no-eki.jp/stations/view/435",
          "https://www.hokuriku-michinoeki.jp/contents/station/?sta=000021",
          "http://www.irihirose.jp/"
        ]
      }
    },
    {
      "type": "Feature",
      "geometry": {
        "type": "Point",
        "coordinates": [
          138.9830342,
          37.2238403
        ]
      },
      "properties": {
        "name": "ゆのたに",
        "pref": "新潟県",
        "municipality": "魚沼市",
        "municipality_code": "15225",
        "urls": [
          "https://www.michi-no-eki.jp/stations/view/428",
          "https://www.hokuriku-michinoeki.jp/contents/station/?sta=000014",
          "http://www.miyukinosato.com"
        ]
      }
    },
    {
      "type": "Feature",
      "geometry": {
        "type": "Point",
        "coordinates": [
          138.819214,
          37.0030693
        ]
      },
      "properties": {
        "name": "南魚沼",
        "pref": "新潟県",
        "municipality": "南魚沼市",
        "municipality_code": "15226",
        "urls": [
          "https://www.michi-no-eki.jp/stations/view/449",
          "https://www.hokuriku-michinoeki.jp/contents/station/?sta=000035",
          "http://www.michinoeki-minamiuonuma.jp"
        ]
      }
    },
    {
      "type": "Feature",
      "geometry": {
        "type": "Point",
        "coordinates": [
          139.4529738,
          38.0634898
        ]
      },
      "properties": {
        "name": "胎内",
        "pref": "新潟県",
        "municipality": "胎内市",
        "municipality_code": "15227",
        "urls": [
          "https://www.michi-no-eki.jp/stations/view/427",
          "https://www.hokuriku-michinoeki.jp/contents/station/?sta=000013",
          "http://www.tainai.info/"
        ]
      }
    },
    {
      "type": "Feature",
      "geometry": {
        "type": "Point",
        "coordinates": [
          139.3600965,
          37.7177569
        ]
      },
      "properties": {
        "name": "みかわ",
        "pref": "新潟県",
        "municipality": "東蒲原郡阿賀町",
        "municipality_code": "15385",
        "urls": [
          "https://www.michi-no-eki.jp/stations/view/421",
          "https://www.hokuriku-michinoeki.jp/contents/station/?sta=000007"
        ]
      }
    },
    {
      "type": "Feature",
      "geometry": {
        "type": "Point",
        "coordinates": [
          139.3071892,
          37.7380141
        ]
      },
      "properties": {
        "name": "阿賀の里",
        "pref": "新潟県",
        "municipality": "東蒲原郡阿賀町",
        "municipality_code": "15385",
        "urls": [
          "https://www.michi-no-eki.jp/stations/view/424",
          "https://www.hokuriku-michinoeki.jp/contents/station/?sta=000010",
          "http://aganosato.web.fc2.com/"
        ]
      }
    },
    {
      "type": "Feature",
      "geometry": {
        "type": "Point",
        "coordinates": [
          138.678708799999,
          37.5388864
        ]
      },
      "properties": {
        "name": "越後出雲崎 天領の里",
        "pref": "新潟県",
        "municipality": "三島郡出雲崎町",
        "municipality_code": "15405",
        "urls": [
          "https://www.michi-no-eki.jp/stations/view/426",
          "https://www.hokuriku-michinoeki.jp/contents/station/?sta=000012",
          "http://www.shidax.co.jp/tenryo/"
        ]
      }
    },
    {
      "type": "Feature",
      "geometry": {
        "type": "Point",
        "coordinates": [
          138.777174999999,
          36.8996915
        ]
      },
      "properties": {
        "name": "みつまた",
        "pref": "新潟県",
        "municipality": "南魚沼郡湯沢町",
        "municipality_code": "15461",
        "urls": [
          "https://www.michi-no-eki.jp/stations/view/451",
          "https://www.hokuriku-michinoeki.jp/contents/station/?sta=000037",
          "http://michieki-mitsumata.jp/"
        ]
      }
    },
    {
      "type": "Feature",
      "geometry": {
        "type": "Point",
        "coordinates": [
          139.567001,
          38.091473
        ]
      },
      "properties": {
        "name": "関川",
        "pref": "新潟県",
        "municipality": "岩船郡関川村",
        "municipality_code": "15581",
        "urls": [
          "https://www.michi-no-eki.jp/stations/view/422",
          "https://www.hokuriku-michinoeki.jp/contents/station/?sta=000008",
          "http://www.sekikawa.org/road_st/road_st.html"
        ]
      }
    },
    {
      "type": "Feature",
      "geometry": {
        "type": "Point",
        "coordinates": [
          137.2381219,
          36.4885782
        ]
      },
      "properties": {
        "name": "細入",
        "pref": "富山県",
        "municipality": "富山市",
        "municipality_code": "16201",
        "urls": [
          "https://www.michi-no-eki.jp/stations/view/452",
          "https://www.hokuriku-michinoeki.jp/contents/station/?sta=000039",
          "http://www.tenkomori.info/rinrintop.html"
        ]
      }
    },
    {
      "type": "Feature",
      "geometry": {
        "type": "Point",
        "coordinates": [
          136.9693519,
          36.7367136
        ]
      },
      "properties": {
        "name": "万葉の里 高岡",
        "pref": "富山県",
        "municipality": "高岡市",
        "municipality_code": "16202",
        "urls": [
          "https://www.michi-no-eki.jp/stations/view/464",
          "https://www.hokuriku-michinoeki.jp/contents/station/?sta=000051",
          "http://www.manyonosato.com"
        ]
      }
    },
    {
      "type": "Feature",
      "geometry": {
        "type": "Point",
        "coordinates": [
          137.041623,
          36.814906
        ]
      },
      "properties": {
        "name": "雨晴",
        "pref": "富山県",
        "municipality": "高岡市",
        "municipality_code": "16202",
        "urls": [
          "https://www.michi-no-eki.jp/stations/view/14177"
        ]
      }
    },
    {
      "type": "Feature",
      "geometry": {
        "type": "Point",
        "coordinates": [
          136.98721,
          36.864417
        ]
      },
      "properties": {
        "name": "氷見",
        "pref": "富山県",
        "municipality": "氷見市",
        "municipality_code": "16205",
        "urls": [
          "https://www.michi-no-eki.jp/stations/view/463",
          "https://www.hokuriku-michinoeki.jp/contents/station/?sta=000050",
          "http://himi-banya.jp/"
        ]
      }
    },
    {
      "type": "Feature",
      "geometry": {
        "type": "Point",
        "coordinates": [
          137.3444564,
          36.7743768
        ]
      },
      "properties": {
        "name": "ウェーブパークなめりかわ",
        "pref": "富山県",
        "municipality": "滑川市",
        "municipality_code": "16206",
        "urls": [
          "https://www.michi-no-eki.jp/stations/view/462",
          "https://www.hokuriku-michinoeki.jp/contents/station/?sta=000049",
          "http://hotaruikamuseum.com/"
        ]
      }
    },
    {
      "type": "Feature",
      "geometry": {
        "type": "Point",
        "coordinates": [
          137.541559199999,
          36.8604263
        ]
      },
      "properties": {
        "name": "うなづき",
        "pref": "富山県",
        "municipality": "黒部市",
        "municipality_code": "16207",
        "urls": [
          "https://www.michi-no-eki.jp/stations/view/460",
          "https://www.hokuriku-michinoeki.jp/contents/station/?sta=000047",
          "http://www.unazuki-beer.jp/baiten.html"
        ]
      }
    },
    {
      "type": "Feature",
      "geometry": {
        "type": "Point",
        "coordinates": [
          136.9799087,
          36.5743326
        ]
      },
      "properties": {
        "name": "庄川",
        "pref": "富山県",
        "municipality": "砺波市",
        "municipality_code": "16208",
        "urls": [
          "https://www.michi-no-eki.jp/stations/view/459",
          "https://www.hokuriku-michinoeki.jp/contents/station/?sta=000046",
          "http://www.shogawakyou.com/michino-eki/"
        ]
      }
    },
    {
      "type": "Feature",
      "geometry": {
        "type": "Point",
        "coordinates": [
          136.960092,
          36.6414874
        ]
      },
      "properties": {
        "name": "砺波",
        "pref": "富山県",
        "municipality": "砺波市",
        "municipality_code": "16208",
        "urls": [
          "https://www.michi-no-eki.jp/stations/view/453",
          "https://www.hokuriku-michinoeki.jp/contents/station/?sta=000040",
          "http://www.tonami-kankou.org/michinoeki/"
        ]
      }
    },
    {
      "type": "Feature",
      "geometry": {
        "type": "Point",
        "coordinates": [
          136.8766877,
          36.6894706
        ]
      },
      "properties": {
        "name": "メルヘンおやべ",
        "pref": "富山県",
        "municipality": "小矢部市",
        "municipality_code": "16209",
        "urls": [
          "https://www.michi-no-eki.jp/stations/view/465",
          "https://www.hokuriku-michinoeki.jp/contents/station/?sta=000052",
          "http://www.michinoeki-meruhen-oyabe.com"
        ]
      }
    },
    {
      "type": "Feature",
      "geometry": {
        "type": "Point",
        "coordinates": [
          136.9739623,
          36.445401
        ]
      },
      "properties": {
        "name": "たいら",
        "pref": "富山県",
        "municipality": "南砺市",
        "municipality_code": "16210",
        "urls": [
          "https://www.michi-no-eki.jp/stations/view/458",
          "https://www.hokuriku-michinoeki.jp/contents/station/?sta=000045",
          "http://gokayama-washinosato.com/"
        ]
      }
    },
    {
      "type": "Feature",
      "geometry": {
        "type": "Point",
        "coordinates": [
          136.871469,
          36.377491
        ]
      },
      "properties": {
        "name": "上平",
        "pref": "富山県",
        "municipality": "南砺市",
        "municipality_code": "16210",
        "urls": [
          "https://www.michi-no-eki.jp/stations/view/454",
          "https://www.hokuriku-michinoeki.jp/contents/station/?sta=000041",
          "http://www2.tst.ne.jp/sasara/"
        ]
      }
    },
    {
      "type": "Feature",
      "geometry": {
        "type": "Point",
        "coordinates": [
          136.977887,
          36.5615090999999
        ]
      },
      "properties": {
        "name": "井波",
        "pref": "富山県",
        "municipality": "南砺市",
        "municipality_code": "16210",
        "urls": [
          "https://www.michi-no-eki.jp/stations/view/456",
          "https://www.hokuriku-michinoeki.jp/contents/station/?sta=000043",
          "http://www.kibori.co.jp/"
        ]
      }
    },
    {
      "type": "Feature",
      "geometry": {
        "type": "Point",
        "coordinates": [
          137.026689,
          36.524368
        ]
      },
      "properties": {
        "name": "利賀",
        "pref": "富山県",
        "municipality": "南砺市",
        "municipality_code": "16210",
        "urls": [
          "https://www.michi-no-eki.jp/stations/view/455",
          "https://www.hokuriku-michinoeki.jp/contents/station/?sta=000042"
        ]
      }
    },
    {
      "type": "Feature",
      "geometry": {
        "type": "Point",
        "coordinates": [
          136.861891799999,
          36.5664199
        ]
      },
      "properties": {
        "name": "福光",
        "pref": "富山県",
        "municipality": "南砺市",
        "municipality_code": "16210",
        "urls": [
          "https://www.michi-no-eki.jp/stations/view/457",
          "https://www.hokuriku-michinoeki.jp/contents/station/?sta=000044",
          "http://www.fukumitsu.net"
        ]
      }
    },
    {
      "type": "Feature",
      "geometry": {
        "type": "Point",
        "coordinates": [
          137.084967799999,
          36.7520114
        ]
      },
      "properties": {
        "name": "カモンパーク新湊",
        "pref": "富山県",
        "municipality": "射水市",
        "municipality_code": "16211",
        "urls": [
          "https://www.michi-no-eki.jp/stations/view/461",
          "https://www.hokuriku-michinoeki.jp/contents/station/?sta=000048",
          "http://www.shinminato.co.jp/"
        ]
      }
    },
    {
      "type": "Feature",
      "geometry": {
        "type": "Point",
        "coordinates": [
          137.0465297,
          37.0288253
        ]
      },
      "properties": {
        "name": "いおり",
        "pref": "石川県",
        "municipality": "七尾市",
        "municipality_code": "17202",
        "urls": [
          "https://www.michi-no-eki.jp/stations/view/468",
          "https://www.hokuriku-michinoeki.jp/contents/station/?sta=000055",
          "http://www.city.nanao.lg.jp/kankou/kanko/kanko/odekakeguide/asobu/ipark.html"
        ]
      }
    },
    {
      "type": "Feature",
      "geometry": {
        "type": "Point",
        "coordinates": [
          136.863246,
          37.130547
        ]
      },
      "properties": {
        "name": "なかじまロマン峠",
        "pref": "石川県",
        "municipality": "七尾市",
        "municipality_code": "17202",
        "urls": [
          "https://www.michi-no-eki.jp/stations/view/471",
          "https://www.hokuriku-michinoeki.jp/contents/station/?sta=000058",
          "http://www.city.nanao.lg.jp/kankou/kanko/kanko/odekakeguide/asobu/romancetoge.html"
        ]
      }
    },
    {
      "type": "Feature",
      "geometry": {
        "type": "Point",
        "coordinates": [
          136.9982406,
          37.1373588
        ]
      },
      "properties": {
        "name": "のとじま",
        "pref": "石川県",
        "municipality": "七尾市",
        "municipality_code": "17202",
        "urls": [
          "https://www.michi-no-eki.jp/stations/view/481",
          "https://www.hokuriku-michinoeki.jp/contents/station/?sta=000068",
          "http://notojima.main.jp/"
        ]
      }
    },
    {
      "type": "Feature",
      "geometry": {
        "type": "Point",
        "coordinates": [
          136.968983999999,
          37.0489849
        ]
      },
      "properties": {
        "name": "能登食祭市場",
        "pref": "石川県",
        "municipality": "七尾市",
        "municipality_code": "17202",
        "urls": [
          "https://www.michi-no-eki.jp/stations/view/484",
          "https://www.hokuriku-michinoeki.jp/contents/station/?sta=000071",
          "http://www.shokusai.co.jp/"
        ]
      }
    },
    {
      "type": "Feature",
      "geometry": {
        "type": "Point",
        "coordinates": [
          136.4623598,
          36.3700059
        ]
      },
      "properties": {
        "name": "こまつ木場潟",
        "pref": "石川県",
        "municipality": "小松市",
        "municipality_code": "17203",
        "urls": [
          "https://www.michi-no-eki.jp/stations/view/485",
          "https://www.hokuriku-michinoeki.jp/contents/station/?sta=000072",
          "http://www.michinoeki-kibagata.com/"
        ]
      }
    },
    {
      "type": "Feature",
      "geometry": {
        "type": "Point",
        "coordinates": [
          136.9571283,
          37.2950414
        ]
      },
      "properties": {
        "name": "のと里山空港",
        "pref": "石川県",
        "municipality": "輪島市",
        "municipality_code": "17204",
        "urls": [
          "https://www.michi-no-eki.jp/stations/view/478",
          "https://www.hokuriku-michinoeki.jp/contents/station/?sta=000065",
          "http://www.noto-airport.jp/"
        ]
      }
    },
    {
      "type": "Feature",
      "geometry": {
        "type": "Point",
        "coordinates": [
          136.997631,
          37.424166
        ]
      },
      "properties": {
        "name": "千枚田ポケットパーク",
        "pref": "石川県",
        "municipality": "輪島市",
        "municipality_code": "17204",
        "urls": [
          "https://www.michi-no-eki.jp/stations/view/466",
          "https://www.hokuriku-michinoeki.jp/contents/station/?sta=000053",
          "http://wajimanavi.lg.jp/www/view/detail.jsp?id=1440"
        ]
      }
    },
    {
      "type": "Feature",
      "geometry": {
        "type": "Point",
        "coordinates": [
          136.7094471,
          37.2482394
        ]
      },
      "properties": {
        "name": "赤神",
        "pref": "石川県",
        "municipality": "輪島市",
        "municipality_code": "17204",
        "urls": [
          "https://www.michi-no-eki.jp/stations/view/472",
          "https://www.hokuriku-michinoeki.jp/contents/station/?sta=000059",
          "http://wajimanavi.lg.jp/www/view/detail.jsp?id=988"
        ]
      }
    },
    {
      "type": "Feature",
      "geometry": {
        "type": "Point",
        "coordinates": [
          136.905971,
          37.388618
        ]
      },
      "properties": {
        "name": "輪島",
        "pref": "石川県",
        "municipality": "輪島市",
        "municipality_code": "17204",
        "urls": [
          "https://www.michi-no-eki.jp/stations/view/474",
          "https://www.hokuriku-michinoeki.jp/contents/station/?sta=000061",
          "http://wajimanavi.lg.jp/www/view/detail.jsp?id=967"
        ]
      }
    },
    {
      "type": "Feature",
      "geometry": {
        "type": "Point",
        "coordinates": [
          137.269964,
          37.441561
        ]
      },
      "properties": {
        "name": "すずなり",
        "pref": "石川県",
        "municipality": "珠洲市",
        "municipality_code": "17205",
        "urls": [
          "https://www.michi-no-eki.jp/stations/view/487",
          "https://www.hokuriku-michinoeki.jp/contents/station/?sta=000074",
          "http://www.notohantou.jp/"
        ]
      }
    },
    {
      "type": "Feature",
      "geometry": {
        "type": "Point",
        "coordinates": [
          137.113786,
          37.486335
        ]
      },
      "properties": {
        "name": "すず塩田村",
        "pref": "石川県",
        "municipality": "珠洲市",
        "municipality_code": "17205",
        "urls": [
          "https://www.michi-no-eki.jp/stations/view/482",
          "https://www.hokuriku-michinoeki.jp/contents/station/?sta=000069",
          "http://enden.jp/"
        ]
      }
    },
    {
      "type": "Feature",
      "geometry": {
        "type": "Point",
        "coordinates": [
          137.324423,
          37.525975
        ]
      },
      "properties": {
        "name": "狼煙",
        "pref": "石川県",
        "municipality": "珠洲市",
        "municipality_code": "17205",
        "urls": [
          "https://www.michi-no-eki.jp/stations/view/486",
          "https://www.hokuriku-michinoeki.jp/contents/station/?sta=000073",
          "http://noroshi.co.jp/"
        ]
      }
    },
    {
      "type": "Feature",
      "geometry": {
        "type": "Point",
        "coordinates": [
          136.3675157,
          36.2377003
        ]
      },
      "properties": {
        "name": "山中温泉 ゆけむり健康村",
        "pref": "石川県",
        "municipality": "加賀市",
        "municipality_code": "17206",
        "urls": [
          "https://www.michi-no-eki.jp/stations/view/480",
          "https://www.hokuriku-michinoeki.jp/contents/station/?sta=000067",
          "http://www.hot-ishikawa.jp/sys/data?page-id=6675"
        ]
      }
    },
    {
      "type": "Feature",
      "geometry": {
        "type": "Point",
        "coordinates": [
          136.768455,
          36.886027
        ]
      },
      "properties": {
        "name": "のと千里浜",
        "pref": "石川県",
        "municipality": "羽咋市",
        "municipality_code": "17207",
        "urls": [
          "https://www.michi-no-eki.jp/stations/view/14144",
          "https://www.hokuriku-michinoeki.jp/contents/station/?sta=000078",
          "http://noto-chirihama.com/"
        ]
      }
    },
    {
      "type": "Feature",
      "geometry": {
        "type": "Point",
        "coordinates": [
          136.724691,
          36.786301
        ]
      },
      "properties": {
        "name": "高松",
        "pref": "石川県",
        "municipality": "かほく市",
        "municipality_code": "17209",
        "urls": [
          "https://www.michi-no-eki.jp/stations/view/467",
          "https://www.hokuriku-michinoeki.jp/contents/station/?sta=000054",
          "http://tak-rest.com/"
        ]
      }
    },
    {
      "type": "Feature",
      "geometry": {
        "type": "Point",
        "coordinates": [
          136.553443,
          36.506041
        ]
      },
      "properties": {
        "name": "めぐみ白山",
        "pref": "石川県",
        "municipality": "白山市",
        "municipality_code": "17210",
        "urls": [
          "https://www.michi-no-eki.jp/stations/view/14178"
        ]
      }
    },
    {
      "type": "Feature",
      "geometry": {
        "type": "Point",
        "coordinates": [
          136.599083299999,
          36.3604418
        ]
      },
      "properties": {
        "name": "一向一揆の里",
        "pref": "石川県",
        "municipality": "白山市",
        "municipality_code": "17210",
        "urls": [
          "https://www.michi-no-eki.jp/stations/view/477",
          "https://www.hokuriku-michinoeki.jp/contents/station/?sta=000064",
          "http://www.asagaotv.ne.jp/~seseragi/"
        ]
      }
    },
    {
      "type": "Feature",
      "geometry": {
        "type": "Point",
        "coordinates": [
          136.649386899999,
          36.2881213
        ]
      },
      "properties": {
        "name": "瀬女",
        "pref": "石川県",
        "municipality": "白山市",
        "municipality_code": "17210",
        "urls": [
          "https://www.michi-no-eki.jp/stations/view/476",
          "https://www.hokuriku-michinoeki.jp/contents/station/?sta=000063",
          "http://www.urara-hakusanbito.com/spot/view/339"
        ]
      }
    },
    {
      "type": "Feature",
      "geometry": {
        "type": "Point",
        "coordinates": [
          136.630473,
          36.436858
        ]
      },
      "properties": {
        "name": "しらやまさん",
        "pref": "石川県",
        "municipality": "能美市",
        "municipality_code": "17211",
        "urls": [
          "https://www.michi-no-eki.jp/stations/view/470",
          "https://www.hokuriku-michinoeki.jp/contents/station/?sta=000057",
          "http://www.geocities.jp/miti_shirayamasan/index.html"
        ]
      }
    },
    {
      "type": "Feature",
      "geometry": {
        "type": "Point",
        "coordinates": [
          136.768516,
          36.662745
        ]
      },
      "properties": {
        "name": "倶利伽羅 源平の郷",
        "pref": "石川県",
        "municipality": "河北郡津幡町",
        "municipality_code": "17361",
        "urls": [
          "https://www.michi-no-eki.jp/stations/view/479",
          "https://www.hokuriku-michinoeki.jp/contents/station/?sta=000066",
          "http://kurikara.org"
        ]
      }
    },
    {
      "type": "Feature",
      "geometry": {
        "type": "Point",
        "coordinates": [
          136.648897,
          36.6591958
        ]
      },
      "properties": {
        "name": "内灘サンセットパーク",
        "pref": "石川県",
        "municipality": "河北郡内灘町",
        "municipality_code": "17365",
        "urls": [
          "https://www.michi-no-eki.jp/stations/view/483",
          "https://www.hokuriku-michinoeki.jp/contents/station/?sta=000070",
          "http://uchinada-sp.com/"
        ]
      }
    },
    {
      "type": "Feature",
      "geometry": {
        "type": "Point",
        "coordinates": [
          136.780021,
          37.0068731
        ]
      },
      "properties": {
        "name": "ころ柿の里しか",
        "pref": "石川県",
        "municipality": "羽咋郡志賀町",
        "municipality_code": "17384",
        "urls": [
          "https://www.michi-no-eki.jp/stations/view/475",
          "https://www.hokuriku-michinoeki.jp/contents/station/?sta=000062",
          "http://www.syunsaikan-shika.jp/"
        ]
      }
    },
    {
      "type": "Feature",
      "geometry": {
        "type": "Point",
        "coordinates": [
          136.724883,
          37.140177
        ]
      },
      "properties": {
        "name": "とぎ海街道",
        "pref": "石川県",
        "municipality": "羽咋郡志賀町",
        "municipality_code": "17384",
        "urls": [
          "https://www.michi-no-eki.jp/stations/view/473",
          "https://www.hokuriku-michinoeki.jp/contents/station/?sta=000060",
          "http://www.togi-umikaido.com/"
        ]
      }
    },
    {
      "type": "Feature",
      "geometry": {
        "type": "Point",
        "coordinates": [
          136.904789,
          36.969954
        ]
      },
      "properties": {
        "name": "織姫の里なかのと",
        "pref": "石川県",
        "municipality": "鹿島郡中能登町",
        "municipality_code": "17407",
        "urls": [
          "https://www.michi-no-eki.jp/stations/view/488",
          "https://www.hokuriku-michinoeki.jp/contents/station/?sta=000075",
          "http://orihime-nakanoto.jp/"
        ]
      }
    },
    {
      "type": "Feature",
      "geometry": {
        "type": "Point",
        "coordinates": [
          136.9056837,
          37.2283748
        ]
      },
      "properties": {
        "name": "あなみず",
        "pref": "石川県",
        "municipality": "鳳珠郡穴水町",
        "municipality_code": "17461",
        "urls": [
          "https://www.michi-no-eki.jp/stations/view/9739",
          "https://www.hokuriku-michinoeki.jp/contents/station/?sta=000076",
          "http://www.pref.ishikawa.jp/douken/page2/main27.html"
        ]
      }
    },
    {
      "type": "Feature",
      "geometry": {
        "type": "Point",
        "coordinates": [
          137.011255099999,
          37.3313915
        ]
      },
      "properties": {
        "name": "桜峠",
        "pref": "石川県",
        "municipality": "鳳珠郡能登町",
        "municipality_code": "17463",
        "urls": [
          "https://www.michi-no-eki.jp/stations/view/469",
          "https://www.hokuriku-michinoeki.jp/contents/station/?sta=000056",
          "http://michinoekisakuratoge.hp.gogo.jp/pc/"
        ]
      }
    },
    {
      "type": "Feature",
      "geometry": {
        "type": "Point",
        "coordinates": [
          136.29458,
          36.020564
        ]
      },
      "properties": {
        "name": "一乗谷あさくら水の駅",
        "pref": "福井県",
        "municipality": "福井市",
        "municipality_code": "18201",
        "urls": [
          "https://www.michi-no-eki.jp/stations/view/623",
          "http://www.kkr.mlit.go.jp/road/michi_no_eki/contents/fukui/ichijoudaniasakura.html",
          "http://www4.fctv.ne.jp/~jouhou/"
        ]
      }
    },
    {
      "type": "Feature",
      "geometry": {
        "type": "Point",
        "coordinates": [
          135.7630954,
          35.4919688
        ]
      },
      "properties": {
        "name": "若狭おばま",
        "pref": "福井県",
        "municipality": "小浜市",
        "municipality_code": "18204",
        "urls": [
          "https://www.michi-no-eki.jp/stations/view/618",
          "http://www.kkr.mlit.go.jp/road/michi_no_eki/contents/fukui/wakasaobama.html",
          "http://obamakankokyoku.com/station/"
        ]
      }
    },
    {
      "type": "Feature",
      "geometry": {
        "type": "Point",
        "coordinates": [
          136.6614651,
          35.904237
        ]
      },
      "properties": {
        "name": "九頭竜",
        "pref": "福井県",
        "municipality": "大野市",
        "municipality_code": "18205",
        "urls": [
          "https://www.michi-no-eki.jp/stations/view/611",
          "http://www.kkr.mlit.go.jp/road/michi_no_eki/contents/fukui/kuzuryu.html",
          "http://www.kuzuryu2300.com/"
        ]
      }
    },
    {
      "type": "Feature",
      "geometry": {
        "type": "Point",
        "coordinates": [
          136.180677318771,
          35.9486607158321
        ]
      },
      "properties": {
        "name": "西山公園",
        "pref": "福井県",
        "municipality": "鯖江市",
        "municipality_code": "18207",
        "urls": [
          "https://www.michi-no-eki.jp/stations/view/620",
          "http://www.kkr.mlit.go.jp/road/michi_no_eki/contents/fukui/nisiyamakouen.html",
          "http://www.nishiyama-park.jp/"
        ]
      }
    },
    {
      "type": "Feature",
      "geometry": {
        "type": "Point",
        "coordinates": [
          136.22097197012133,
          36.17097015647466
        ]
      },
      "properties": {
        "name": "さかい",
        "pref": "福井県",
        "municipality": "坂井市",
        "municipality_code": "18210",
        "urls": [
          "https://www.michi-no-eki.jp/stations/view/616",
          "http://www.kkr.mlit.go.jp/road/michi_no_eki/contents/fukui/sakai.html",
          "http://www.inesu.jp/"
        ]
      }
    },
    {
      "type": "Feature",
      "geometry": {
        "type": "Point",
        "coordinates": [
          136.1390707,
          36.1895672
        ]
      },
      "properties": {
        "name": "みくに",
        "pref": "福井県",
        "municipality": "坂井市",
        "municipality_code": "18210",
        "urls": [
          "https://www.michi-no-eki.jp/stations/view/614",
          "http://www.kkr.mlit.go.jp/road/michi_no_eki/contents/fukui/mikuni.html",
          "http://www2.hitwave.or.jp/sanri/"
        ]
      }
    },
    {
      "type": "Feature",
      "geometry": {
        "type": "Point",
        "coordinates": [
          136.3986545,
          36.0800489
        ]
      },
      "properties": {
        "name": "禅の里",
        "pref": "福井県",
        "municipality": "吉田郡永平寺町",
        "municipality_code": "18322",
        "urls": [
          "https://www.michi-no-eki.jp/stations/view/9740",
          "http://www.kkr.mlit.go.jp/road/michi_no_eki/contents/fukui/zennosato.html",
          "http://michinoeki-zennosato.com/"
        ]
      }
    },
    {
      "type": "Feature",
      "geometry": {
        "type": "Point",
        "coordinates": [
          136.091944,
          35.796725
        ]
      },
      "properties": {
        "name": "河野",
        "pref": "福井県",
        "municipality": "南条郡南越前町",
        "municipality_code": "18404",
        "urls": [
          "https://www.michi-no-eki.jp/stations/view/610",
          "http://www.kkr.mlit.go.jp/road/michi_no_eki/contents/fukui/kouno.html",
          "http://www.fuku-e.com/010_spot/index.php?id=411"
        ]
      }
    },
    {
      "type": "Feature",
      "geometry": {
        "type": "Point",
        "coordinates": [
          136.119514,
          35.969483
        ]
      },
      "properties": {
        "name": "パークイン丹生ヶ丘",
        "pref": "福井県",
        "municipality": "丹生郡越前町",
        "municipality_code": "18423",
        "urls": [
          "https://www.michi-no-eki.jp/stations/view/612",
          "http://www.kkr.mlit.go.jp/road/michi_no_eki/contents/fukui/parkinnyugaoka.html",
          "http://www.e-clean-system.com/"
        ]
      }
    },
    {
      "type": "Feature",
      "geometry": {
        "type": "Point",
        "coordinates": [
          135.997047,
          35.91988
        ]
      },
      "properties": {
        "name": "越前",
        "pref": "福井県",
        "municipality": "丹生郡越前町",
        "municipality_code": "18423",
        "urls": [
          "https://www.michi-no-eki.jp/stations/view/621",
          "http://www.kkr.mlit.go.jp/road/michi_no_eki/contents/fukui/echizen.html",
          "http://www.echizen-kk.jp/michinoeki.html"
        ]
      }
    },
    {
      "type": "Feature",
      "geometry": {
        "type": "Point",
        "coordinates": [
          135.595496429361,
          35.4890515714959
        ]
      },
      "properties": {
        "name": "シーサイド高浜",
        "pref": "福井県",
        "municipality": "大飯郡高浜町",
        "municipality_code": "18481",
        "urls": [
          "https://www.michi-no-eki.jp/stations/view/617",
          "http://www.kkr.mlit.go.jp/road/michi_no_eki/contents/fukui/seasidetakahama.html",
          "https://peraichi.com/landing_pages/view/michinoeki-seasidetakahama"
        ]
      }
    },
    {
      "type": "Feature",
      "geometry": {
        "type": "Point",
        "coordinates": [
          135.6299804,
          35.4812687
        ]
      },
      "properties": {
        "name": "うみんぴあ大飯",
        "pref": "福井県",
        "municipality": "大飯郡おおい町",
        "municipality_code": "18483",
        "urls": [
          "https://www.michi-no-eki.jp/stations/view/619",
          "http://www.kkr.mlit.go.jp/road/michi_no_eki/contents/fukui/uminpiaooi.html",
          "http://michinoeki-ohi.com/"
        ]
      }
    },
    {
      "type": "Feature",
      "geometry": {
        "type": "Point",
        "coordinates": [
          135.5842232,
          35.3946307
        ]
      },
      "properties": {
        "name": "名田庄",
        "pref": "福井県",
        "municipality": "大飯郡おおい町",
        "municipality_code": "18483",
        "urls": [
          "https://www.michi-no-eki.jp/stations/view/613",
          "http://www.kkr.mlit.go.jp/road/michi_no_eki/contents/fukui/natasyou.html",
          "http://www.wakasa-ohi.jp/"
        ]
      }
    },
    {
      "type": "Feature",
      "geometry": {
        "type": "Point",
        "coordinates": [
          135.894361,
          35.56019
        ]
      },
      "properties": {
        "name": "三方五湖",
        "pref": "福井県",
        "municipality": "三方上中郡若狭町",
        "municipality_code": "18501",
        "urls": [
          "https://www.michi-no-eki.jp/stations/view/622",
          "http://www.kkr.mlit.go.jp/road/michi_no_eki/contents/fukui/mikatagoko.html",
          "http://www.facebook.com/Rsmikatagoko"
        ]
      }
    },
    {
      "type": "Feature",
      "geometry": {
        "type": "Point",
        "coordinates": [
          135.906077,
          35.440696
        ]
      },
      "properties": {
        "name": "若狭熊川宿",
        "pref": "福井県",
        "municipality": "三方上中郡若狭町",
        "municipality_code": "18501",
        "urls": [
          "https://www.michi-no-eki.jp/stations/view/615",
          "http://www.kkr.mlit.go.jp/road/michi_no_eki/contents/fukui/wakasakumakawasyuku.html",
          "http://kumagawa-juku.com/"
        ]
      }
    },
    {
      "type": "Feature",
      "geometry": {
        "type": "Point",
        "coordinates": [
          138.8019802,
          35.4591861
        ]
      },
      "properties": {
        "name": "富士吉田",
        "pref": "山梨県",
        "municipality": "富士吉田市",
        "municipality_code": "19202",
        "urls": [
          "https://www.michi-no-eki.jp/stations/view/379",
          "http://www.ktr.mlit.go.jp/honkyoku/road/Michi-no-Eki/station/yama_fujiyosida/index.html",
          "http://fujiyoshida.net/spot/180"
        ]
      }
    },
    {
      "type": "Feature",
      "geometry": {
        "type": "Point",
        "coordinates": [
          138.931227,
          35.582917
        ]
      },
      "properties": {
        "name": "つる",
        "pref": "山梨県",
        "municipality": "都留市",
        "municipality_code": "19204",
        "urls": [
          "https://www.michi-no-eki.jp/stations/view/11978",
          "http://www.ktr.mlit.go.jp/honkyoku/road/Michi-no-Eki/station/yama_tsuru/index.html",
          "http://www.1000nentsuru.com/"
        ]
      }
    },
    {
      "type": "Feature",
      "geometry": {
        "type": "Point",
        "coordinates": [
          138.755249899999,
          35.8625522
        ]
      },
      "properties": {
        "name": "みとみ",
        "pref": "山梨県",
        "municipality": "山梨市",
        "municipality_code": "19205",
        "urls": [
          "https://www.michi-no-eki.jp/stations/view/371",
          "http://www.ktr.mlit.go.jp/honkyoku/road/Michi-no-Eki/station/yama_mitomi/index.html",
          "http://michinoeki-mitomi.fruits.jp/"
        ]
      }
    },
    {
      "type": "Feature",
      "geometry": {
        "type": "Point",
        "coordinates": [
          138.718367899999,
          35.7544617
        ]
      },
      "properties": {
        "name": "花かげの郷まきおか",
        "pref": "山梨県",
        "municipality": "山梨市",
        "municipality_code": "19205",
        "urls": [
          "https://www.michi-no-eki.jp/stations/view/377",
          "http://www.ktr.mlit.go.jp/honkyoku/road/Michi-no-Eki/station/yama_makioka/index.html",
          "http://michinoeki-hanakage.fruits.jp/"
        ]
      }
    },
    {
      "type": "Feature",
      "geometry": {
        "type": "Point",
        "coordinates": [
          138.4385896,
          35.7484117
        ]
      },
      "properties": {
        "name": "にらさき",
        "pref": "山梨県",
        "municipality": "韮崎市",
        "municipality_code": "19207",
        "urls": [
          "https://www.michi-no-eki.jp/stations/view/374",
          "http://www.ktr.mlit.go.jp/honkyoku/road/Michi-no-Eki/station/yama_nirasaki/index.html",
          "http://www.yamanashi-kankou.jp/kankou/specialty/n_7083.html"
        ]
      }
    },
    {
      "type": "Feature",
      "geometry": {
        "type": "Point",
        "coordinates": [
          138.471158999999,
          35.6380315
        ]
      },
      "properties": {
        "name": "しらね",
        "pref": "山梨県",
        "municipality": "南アルプス市",
        "municipality_code": "19208",
        "urls": [
          "https://www.michi-no-eki.jp/stations/view/381",
          "http://www.ktr.mlit.go.jp/honkyoku/road/Michi-no-Eki/station/yama_sirane/index.html",
          "http://www.city.minami-alps.yamanashi.jp/sisetsu/michinoeki-shirane"
        ]
      }
    },
    {
      "type": "Feature",
      "geometry": {
        "type": "Point",
        "coordinates": [
          138.3167144,
          35.8789005
        ]
      },
      "properties": {
        "name": "こぶちさわ",
        "pref": "山梨県",
        "municipality": "北杜市",
        "municipality_code": "19209",
        "urls": [
          "https://www.michi-no-eki.jp/stations/view/382",
          "http://www.ktr.mlit.go.jp/honkyoku/road/Michi-no-Eki/station/yama_kobuchisawa/index.html",
          "http://michinoeki.spatio.jp/"
        ]
      }
    },
    {
      "type": "Feature",
      "geometry": {
        "type": "Point",
        "coordinates": [
          138.3306551,
          35.8103246
        ]
      },
      "properties": {
        "name": "はくしゅう",
        "pref": "山梨県",
        "municipality": "北杜市",
        "municipality_code": "19209",
        "urls": [
          "https://www.michi-no-eki.jp/stations/view/378",
          "http://www.ktr.mlit.go.jp/honkyoku/road/Michi-no-Eki/station/yama_hakusyu/index.html",
          "http://www.hokuto-kanko.jp/guide/roadside_station_hakushu"
        ]
      }
    },
    {
      "type": "Feature",
      "geometry": {
        "type": "Point",
        "coordinates": [
          138.4277858,
          35.8657383
        ]
      },
      "properties": {
        "name": "南きよさと",
        "pref": "山梨県",
        "municipality": "北杜市",
        "municipality_code": "19209",
        "urls": [
          "https://www.michi-no-eki.jp/stations/view/380",
          "http://www.ktr.mlit.go.jp/honkyoku/road/Michi-no-Eki/station/yama_kiyosato/index.html",
          "http://www.alps-hs.co.jp/minamikiyosato.html"
        ]
      }
    },
    {
      "type": "Feature",
      "geometry": {
        "type": "Point",
        "coordinates": [
          138.7927141,
          35.6359342
        ]
      },
      "properties": {
        "name": "甲斐大和",
        "pref": "山梨県",
        "municipality": "甲州市",
        "municipality_code": "19213",
        "urls": [
          "https://www.michi-no-eki.jp/stations/view/369",
          "http://www.ktr.mlit.go.jp/honkyoku/road/Michi-no-Eki/station/yama_kaiyamato/index.html",
          "http://www.kcnet.ne.jp/~michi-ky/index.html"
        ]
      }
    },
    {
      "type": "Feature",
      "geometry": {
        "type": "Point",
        "coordinates": [
          138.545212099999,
          35.5849397
        ]
      },
      "properties": {
        "name": "とよとみ",
        "pref": "山梨県",
        "municipality": "中央市",
        "municipality_code": "19214",
        "urls": [
          "https://www.michi-no-eki.jp/stations/view/373",
          "http://www.ktr.mlit.go.jp/honkyoku/road/Michi-no-Eki/station/yama_toyotomi/index.html",
          "http://sannichi.lekumo.biz/toyotomi/"
        ]
      }
    },
    {
      "type": "Feature",
      "geometry": {
        "type": "Point",
        "coordinates": [
          138.512894,
          35.469985
        ]
      },
      "properties": {
        "name": "しもべ",
        "pref": "山梨県",
        "municipality": "南巨摩郡身延町",
        "municipality_code": "19365",
        "urls": [
          "https://www.michi-no-eki.jp/stations/view/372",
          "http://www.ktr.mlit.go.jp/honkyoku/road/Michi-no-Eki/station/yama_simobe/index.html",
          "http://michinoeki-shimobe.com/"
        ]
      }
    },
    {
      "type": "Feature",
      "geometry": {
        "type": "Point",
        "coordinates": [
          138.437249,
          35.418592
        ]
      },
      "properties": {
        "name": "みのぶ・富士川観光センター",
        "pref": "山梨県",
        "municipality": "南巨摩郡身延町",
        "municipality_code": "19365",
        "urls": [
          "https://www.michi-no-eki.jp/stations/view/383",
          "http://www.ktr.mlit.go.jp/honkyoku/road/Michi-no-Eki/station/yama_fujikawa/index.html",
          "http://www.fujikawa-k-center.jp/"
        ]
      }
    },
    {
      "type": "Feature",
      "geometry": {
        "type": "Point",
        "coordinates": [
          138.4850509,
          35.2417855
        ]
      },
      "properties": {
        "name": "とみざわ",
        "pref": "山梨県",
        "municipality": "南巨摩郡南部町",
        "municipality_code": "19366",
        "urls": [
          "https://www.michi-no-eki.jp/stations/view/368",
          "http://www.ktr.mlit.go.jp/honkyoku/road/Michi-no-Eki/station/yama_tomizawa/index.html",
          "http://www.shokokai.or.jp/19/193661S0013/index.htm"
        ]
      }
    },
    {
      "type": "Feature",
      "geometry": {
        "type": "Point",
        "coordinates": [
          138.446941,
          35.306755
        ]
      },
      "properties": {
        "name": "なんぶ",
        "pref": "山梨県",
        "municipality": "南巨摩郡南部町",
        "municipality_code": "19366",
        "urls": [
          "https://www.michi-no-eki.jp/stations/view/14174"
        ]
      }
    },
    {
      "type": "Feature",
      "geometry": {
        "type": "Point",
        "coordinates": [
          138.472064,
          35.557015
        ]
      },
      "properties": {
        "name": "富士川",
        "pref": "山梨県",
        "municipality": "南巨摩郡富士川町",
        "municipality_code": "19368",
        "urls": [
          "https://www.michi-no-eki.jp/stations/view/385",
          "http://www.ktr.mlit.go.jp/honkyoku/road/Michi-no-Eki/station/yama_fujikawa2/index.html",
          "http://www.michinoeki-fujikawa.jp/"
        ]
      }
    },
    {
      "type": "Feature",
      "geometry": {
        "type": "Point",
        "coordinates": [
          138.989848,
          35.503387
        ]
      },
      "properties": {
        "name": "どうし",
        "pref": "山梨県",
        "municipality": "南都留郡道志村",
        "municipality_code": "19422",
        "urls": [
          "https://www.michi-no-eki.jp/stations/view/375",
          "http://www.ktr.mlit.go.jp/honkyoku/road/Michi-no-Eki/station/yama_dousi/index.html",
          "http://www.michieki-r413.com/"
        ]
      }
    },
    {
      "type": "Feature",
      "geometry": {
        "type": "Point",
        "coordinates": [
          138.698504,
          35.480152
        ]
      },
      "properties": {
        "name": "なるさわ",
        "pref": "山梨県",
        "municipality": "南都留郡鳴沢村",
        "municipality_code": "19429",
        "urls": [
          "https://www.michi-no-eki.jp/stations/view/370",
          "http://www.ktr.mlit.go.jp/honkyoku/road/Michi-no-Eki/station/yama_narusawa/index.html",
          "http://www.vill.narusawa.yamanashi.jp/forms/info/info.aspx?info_id=7302"
        ]
      }
    },
    {
      "type": "Feature",
      "geometry": {
        "type": "Point",
        "coordinates": [
          138.734304899999,
          35.5043462
        ]
      },
      "properties": {
        "name": "かつやま",
        "pref": "山梨県",
        "municipality": "南都留郡富士河口湖町",
        "municipality_code": "19430",
        "urls": [
          "https://www.michi-no-eki.jp/stations/view/376",
          "http://www.ktr.mlit.go.jp/honkyoku/road/Michi-no-Eki/station/yama_katsuyama/index.html",
          "http://www.katuyama.info/kanko/eki.html"
        ]
      }
    },
    {
      "type": "Feature",
      "geometry": {
        "type": "Point",
        "coordinates": [
          138.949946,
          35.75396
        ]
      },
      "properties": {
        "name": "こすげ",
        "pref": "山梨県",
        "municipality": "北都留郡小菅村",
        "municipality_code": "19442",
        "urls": [
          "https://www.michi-no-eki.jp/stations/view/386",
          "http://www.ktr.mlit.go.jp/honkyoku/road/Michi-no-Eki/station/yama_kosuge/index.html",
          "http://kosuge-eki.jp/"
        ]
      }
    },
    {
      "type": "Feature",
      "geometry": {
        "type": "Point",
        "coordinates": [
          138.923819,
          35.78926
        ]
      },
      "properties": {
        "name": "たばやま",
        "pref": "山梨県",
        "municipality": "北都留郡丹波山村",
        "municipality_code": "19443",
        "urls": [
          "https://www.michi-no-eki.jp/stations/view/384",
          "http://www.ktr.mlit.go.jp/honkyoku/road/Michi-no-Eki/station/yama_tabayama/index.html",
          "http://www.nomekoiyu.com/"
        ]
      }
    },
    {
      "type": "Feature",
      "geometry": {
        "type": "Point",
        "coordinates": [
          138.0161699,
          36.6037997
        ]
      },
      "properties": {
        "name": "中条",
        "pref": "長野県",
        "municipality": "長野市",
        "municipality_code": "20201",
        "urls": [
          "https://www.michi-no-eki.jp/stations/view/392",
          "http://www.ktr.mlit.go.jp/honkyoku/road/Michi-no-Eki/station/nagano_nakajyo/index.html",
          "http://www.nakajyo-actio.jp/"
        ]
      }
    },
    {
      "type": "Feature",
      "geometry": {
        "type": "Point",
        "coordinates": [
          138.052742,
          36.585417
        ]
      },
      "properties": {
        "name": "信州新町",
        "pref": "長野県",
        "municipality": "長野市",
        "municipality_code": "20201",
        "urls": [
          "https://www.michi-no-eki.jp/stations/view/387",
          "http://www.ktr.mlit.go.jp/honkyoku/road/Michi-no-Eki/station/nagano_sinmachi/index.html",
          "http://sinmachi.blog.fc2.com/"
        ]
      }
    },
    {
      "type": "Feature",
      "geometry": {
        "type": "Point",
        "coordinates": [
          137.9581356,
          36.5263933
        ]
      },
      "properties": {
        "name": "長野市大岡特産センター",
        "pref": "長野県",
        "municipality": "長野市",
        "municipality_code": "20201",
        "urls": [
          "https://www.michi-no-eki.jp/stations/view/388",
          "http://www.ktr.mlit.go.jp/honkyoku/road/Michi-no-Eki/station/nagano_oooka/index.html",
          "http://www.city.nagano.nagano.jp/soshiki/oooka/12733.html"
        ]
      }
    },
    {
      "type": "Feature",
      "geometry": {
        "type": "Point",
        "coordinates": [
          137.902754299999,
          36.148281
        ]
      },
      "properties": {
        "name": "今井 恵みの里",
        "pref": "長野県",
        "municipality": "松本市",
        "municipality_code": "20202",
        "urls": [
          "https://www.michi-no-eki.jp/stations/view/414",
          "http://www.ktr.mlit.go.jp/honkyoku/road/Michi-no-Eki/station/nagano_imai/index.html",
          "http://www.imai-megumi.com/"
        ]
      }
    },
    {
      "type": "Feature",
      "geometry": {
        "type": "Point",
        "coordinates": [
          137.752097199999,
          36.1533265
        ]
      },
      "properties": {
        "name": "風穴の里",
        "pref": "長野県",
        "municipality": "松本市",
        "municipality_code": "20202",
        "urls": [
          "https://www.michi-no-eki.jp/stations/view/400",
          "http://www.ktr.mlit.go.jp/honkyoku/road/Michi-no-Eki/station/nagano_fuuketsu/index.html",
          "http://www.fu-ketsu.com"
        ]
      }
    },
    {
      "type": "Feature",
      "geometry": {
        "type": "Point",
        "coordinates": [
          138.205586,
          36.407122
        ]
      },
      "properties": {
        "name": "上田 道と川の駅",
        "pref": "長野県",
        "municipality": "上田市",
        "municipality_code": "20203",
        "urls": [
          "https://www.michi-no-eki.jp/stations/view/402",
          "http://www.ktr.mlit.go.jp/honkyoku/road/Michi-no-Eki/station/nagano_ueda/index.html",
          "http://www.otoginosato.jp/"
        ]
      }
    },
    {
      "type": "Feature",
      "geometry": {
        "type": "Point",
        "coordinates": [
          138.1403249,
          36.2306352
        ]
      },
      "properties": {
        "name": "美ヶ原高原",
        "pref": "長野県",
        "municipality": "上田市",
        "municipality_code": "20203",
        "urls": [
          "https://www.michi-no-eki.jp/stations/view/413",
          "http://www.ktr.mlit.go.jp/honkyoku/road/Michi-no-Eki/station/nagano_utukushi/index.html",
          "http://m-utsukushigahara.jp/"
        ]
      }
    },
    {
      "type": "Feature",
      "geometry": {
        "type": "Point",
        "coordinates": [
          137.9309442,
          35.3213462
        ]
      },
      "properties": {
        "name": "遠山郷",
        "pref": "長野県",
        "municipality": "飯田市",
        "municipality_code": "20205",
        "urls": [
          "https://www.michi-no-eki.jp/stations/view/500",
          "http://www.cbr.mlit.go.jp/michinoeki/nagano/nagano11.html",
          "http://www.tohyamago.com/kankou/kagura/index.php"
        ]
      }
    },
    {
      "type": "Feature",
      "geometry": {
        "type": "Point",
        "coordinates": [
          138.0837089,
          35.809814
        ]
      },
      "properties": {
        "name": "南アルプスむら長谷",
        "pref": "長野県",
        "municipality": "伊那市",
        "municipality_code": "20209",
        "urls": [
          "https://www.michi-no-eki.jp/stations/view/495",
          "http://www.cbr.mlit.go.jp/michinoeki/nagano/nagano06.html",
          "http://www.inacity.jp/shisetsu/kankoshisetsu/minamialpsmura.html"
        ]
      }
    },
    {
      "type": "Feature",
      "geometry": {
        "type": "Point",
        "coordinates": [
          138.322323999999,
          36.8005161
        ]
      },
      "properties": {
        "name": "ふるさと豊田",
        "pref": "長野県",
        "municipality": "中野市",
        "municipality_code": "20211",
        "urls": [
          "https://www.michi-no-eki.jp/stations/view/395",
          "http://www.ktr.mlit.go.jp/honkyoku/road/Michi-no-Eki/station/nagano_toyoda/index.html",
          "http://www.furusato-toyota.com/michinoeki-furusato-toyota"
        ]
      }
    },
    {
      "type": "Feature",
      "geometry": {
        "type": "Point",
        "coordinates": [
          137.895563,
          36.6053378
        ]
      },
      "properties": {
        "name": "ぽかぽかランド美麻",
        "pref": "長野県",
        "municipality": "大町市",
        "municipality_code": "20212",
        "urls": [
          "https://www.michi-no-eki.jp/stations/view/407",
          "http://www.ktr.mlit.go.jp/honkyoku/road/Michi-no-Eki/station/nagano_miasa/index.html",
          "http://miasa-pokapokaland.com/"
        ]
      }
    },
    {
      "type": "Feature",
      "geometry": {
        "type": "Point",
        "coordinates": [
          138.3877614,
          36.8815106
        ]
      },
      "properties": {
        "name": "花の駅 千曲川",
        "pref": "長野県",
        "municipality": "飯山市",
        "municipality_code": "20213",
        "urls": [
          "https://www.michi-no-eki.jp/stations/view/410",
          "http://www.ktr.mlit.go.jp/honkyoku/road/Michi-no-Eki/station/nagano_chikuma/index.html",
          "http://www.chikumagawa.net/",
          "https://www.facebook.com/hananoeki.chikumagawa/"
        ]
      }
    },
    {
      "type": "Feature",
      "geometry": {
        "type": "Point",
        "coordinates": [
          137.814405,
          35.965946
        ]
      },
      "properties": {
        "name": "奈良井木曽の大橋",
        "pref": "長野県",
        "municipality": "塩尻市",
        "municipality_code": "20215",
        "urls": [
          "https://www.michi-no-eki.jp/stations/view/491",
          "http://www.cbr.mlit.go.jp/michinoeki/nagano/nagano03.html",
          "http://www.naraijuku.com/2010/10/post-54.html"
        ]
      }
    },
    {
      "type": "Feature",
      "geometry": {
        "type": "Point",
        "coordinates": [
          137.988190799999,
          36.1063465999999
        ]
      },
      "properties": {
        "name": "小坂田公園",
        "pref": "長野県",
        "municipality": "塩尻市",
        "municipality_code": "20215",
        "urls": [
          "https://www.michi-no-eki.jp/stations/view/390",
          "http://www.ktr.mlit.go.jp/honkyoku/road/Michi-no-Eki/station/nagano_osakada/index.html",
          "http://www.ekiichi.com/"
        ]
      }
    },
    {
      "type": "Feature",
      "geometry": {
        "type": "Point",
        "coordinates": [
          137.841959099999,
          35.9862023
        ]
      },
      "properties": {
        "name": "木曽ならかわ",
        "pref": "長野県",
        "municipality": "塩尻市",
        "municipality_code": "20215",
        "urls": [
          "https://www.michi-no-eki.jp/stations/view/496",
          "http://www.cbr.mlit.go.jp/michinoeki/nagano/nagano07.html",
          "http://www.kiso.or.jp/"
        ]
      }
    },
    {
      "type": "Feature",
      "geometry": {
        "type": "Point",
        "coordinates": [
          138.404306799999,
          36.2575102
        ]
      },
      "properties": {
        "name": "ほっとぱ〜く・浅科",
        "pref": "長野県",
        "municipality": "佐久市",
        "municipality_code": "20217",
        "urls": [
          "https://www.michi-no-eki.jp/stations/view/397",
          "http://www.ktr.mlit.go.jp/honkyoku/road/Michi-no-Eki/station/nagano_asasina/index.html",
          "http://hotpark-asashina.com/"
        ]
      }
    },
    {
      "type": "Feature",
      "geometry": {
        "type": "Point",
        "coordinates": [
          138.440822,
          36.236692
        ]
      },
      "properties": {
        "name": "ヘルシーテラス佐久南",
        "pref": "長野県",
        "municipality": "佐久市",
        "municipality_code": "20217",
        "urls": [
          "https://www.michi-no-eki.jp/stations/view/14138",
          "http://www.ktr.mlit.go.jp/honkyoku/road/Michi-no-Eki/station/nagano_sakuminami/index.html",
          "http://www.healthyterrace-saku.jp/"
        ]
      }
    },
    {
      "type": "Feature",
      "geometry": {
        "type": "Point",
        "coordinates": [
          138.3595655,
          36.3347839
        ]
      },
      "properties": {
        "name": "みまき",
        "pref": "長野県",
        "municipality": "東御市",
        "municipality_code": "20219",
        "urls": [
          "https://www.michi-no-eki.jp/stations/view/393",
          "http://www.ktr.mlit.go.jp/honkyoku/road/Michi-no-Eki/station/nagano_mimaki/index.html",
          "http://www.tomikan.jp/topics/michi-2.html"
        ]
      }
    },
    {
      "type": "Feature",
      "geometry": {
        "type": "Point",
        "coordinates": [
          138.373897299999,
          36.3557148
        ]
      },
      "properties": {
        "name": "雷電くるみの里",
        "pref": "長野県",
        "municipality": "東御市",
        "municipality_code": "20219",
        "urls": [
          "https://www.michi-no-eki.jp/stations/view/409",
          "http://www.ktr.mlit.go.jp/honkyoku/road/Michi-no-Eki/station/nagano_raiden/index.html",
          "http://raidenkurumi.jp/"
        ]
      }
    },
    {
      "type": "Feature",
      "geometry": {
        "type": "Point",
        "coordinates": [
          137.877719999999,
          36.2934956
        ]
      },
      "properties": {
        "name": "アルプス安曇野 ほりがねの里",
        "pref": "長野県",
        "municipality": "安曇野市",
        "municipality_code": "20220",
        "urls": [
          "https://www.michi-no-eki.jp/stations/view/398",
          "http://www.ktr.mlit.go.jp/honkyoku/road/Michi-no-Eki/station/nagano_horigane/index.html",
          "http://horigane.or.jp/"
        ]
      }
    },
    {
      "type": "Feature",
      "geometry": {
        "type": "Point",
        "coordinates": [
          138.331675,
          36.276288
        ]
      },
      "properties": {
        "name": "女神の里 たてしな",
        "pref": "長野県",
        "municipality": "北佐久郡立科町",
        "municipality_code": "20324",
        "urls": [
          "https://www.michi-no-eki.jp/stations/view/14175",
          "http://www.ktr.mlit.go.jp/honkyoku/road/Michi-no-Eki/station/nagano_tateshina/index.html",
          "http://www.cbr.mlit.go.jp/michinoeki/nagano/nagano15.pdf"
        ]
      }
    },
    {
      "type": "Feature",
      "geometry": {
        "type": "Point",
        "coordinates": [
          138.140884,
          36.372865
        ]
      },
      "properties": {
        "name": "あおき",
        "pref": "長野県",
        "municipality": "小県郡青木村",
        "municipality_code": "20349",
        "urls": [
          "https://www.michi-no-eki.jp/stations/view/411",
          "http://www.ktr.mlit.go.jp/honkyoku/road/Michi-no-Eki/station/nagano_aoki/index.html",
          "http://michinoeki-aoki.eek.jp/",
          "http://www.vill.aoki.nagano.jp/sights/index.html"
        ]
      }
    },
    {
      "type": "Feature",
      "geometry": {
        "type": "Point",
        "coordinates": [
          138.2575884,
          36.2729409
        ]
      },
      "properties": {
        "name": "マルメロの駅ながと",
        "pref": "長野県",
        "municipality": "小県郡長和町",
        "municipality_code": "20350",
        "urls": [
          "https://www.michi-no-eki.jp/stations/view/396",
          "http://www.ktr.mlit.go.jp/honkyoku/road/Michi-no-Eki/station/nagano_nagato/index.html",
          "http://nagawamachi.jp/publics/index/29/"
        ]
      }
    },
    {
      "type": "Feature",
      "geometry": {
        "type": "Point",
        "coordinates": [
          138.2769108,
          35.8632686
        ]
      },
      "properties": {
        "name": "信州蔦木宿",
        "pref": "長野県",
        "municipality": "諏訪郡富士見町",
        "municipality_code": "20362",
        "urls": [
          "https://www.michi-no-eki.jp/stations/view/403",
          "http://www.ktr.mlit.go.jp/honkyoku/road/Michi-no-Eki/station/nagano_tsutaki/index.html",
          "http://www.tsutakijuku.jp/"
        ]
      }
    },
    {
      "type": "Feature",
      "geometry": {
        "type": "Point",
        "coordinates": [
          137.939944,
          35.691023
        ]
      },
      "properties": {
        "name": "田切の里",
        "pref": "長野県",
        "municipality": "上伊那郡飯島町",
        "municipality_code": "20384",
        "urls": [
          "https://www.michi-no-eki.jp/stations/view/11981",
          "http://www.cbr.mlit.go.jp/michinoeki/nagano/nagano14.html",
          "http://tagiri-sato.com/"
        ]
      }
    },
    {
      "type": "Feature",
      "geometry": {
        "type": "Point",
        "coordinates": [
          137.9100456,
          35.6620051
        ]
      },
      "properties": {
        "name": "花の里いいじま",
        "pref": "長野県",
        "municipality": "上伊那郡飯島町",
        "municipality_code": "20384",
        "urls": [
          "https://www.michi-no-eki.jp/stations/view/499",
          "http://www.cbr.mlit.go.jp/michinoeki/nagano/nagano10.html",
          "http://www.cek.ne.jp/~mitieki/"
        ]
      }
    },
    {
      "type": "Feature",
      "geometry": {
        "type": "Point",
        "coordinates": [
          137.94389,
          35.88666750000005
        ]
      },
      "properties": {
        "name": "大芝高原",
        "pref": "長野県",
        "municipality": "上伊那郡南箕輪村",
        "municipality_code": "20385",
        "urls": [
          "https://www.michi-no-eki.jp/stations/view/14184"
        ]
      }
    },
    {
      "type": "Feature",
      "geometry": {
        "type": "Point",
        "coordinates": [
          137.745387,
          35.257481
        ]
      },
      "properties": {
        "name": "信州新野千石平",
        "pref": "長野県",
        "municipality": "下伊那郡阿南町",
        "municipality_code": "20404",
        "urls": [
          "https://www.michi-no-eki.jp/stations/view/498",
          "http://www.cbr.mlit.go.jp/michinoeki/nagano/nagano09.html",
          "http://goheimochi.biz/"
        ]
      }
    },
    {
      "type": "Feature",
      "geometry": {
        "type": "Point",
        "coordinates": [
          137.631746,
          35.324356
        ]
      },
      "properties": {
        "name": "信州平谷",
        "pref": "長野県",
        "municipality": "下伊那郡平谷村",
        "municipality_code": "20409",
        "urls": [
          "https://www.michi-no-eki.jp/stations/view/493",
          "http://www.cbr.mlit.go.jp/michinoeki/nagano/nagano04.html",
          "http://hiraya-himawarinoyu.com/ichiba.php"
        ]
      }
    },
    {
      "type": "Feature",
      "geometry": {
        "type": "Point",
        "coordinates": [
          137.7942491,
          35.4171252
        ]
      },
      "properties": {
        "name": "信濃路下條",
        "pref": "長野県",
        "municipality": "下伊那郡下條村",
        "municipality_code": "20411",
        "urls": [
          "https://www.michi-no-eki.jp/stations/view/494",
          "http://www.cbr.mlit.go.jp/michinoeki/nagano/nagano05.html",
          "http://www.mis.janis.or.jp/~sobanoshiro/"
        ]
      }
    },
    {
      "type": "Feature",
      "geometry": {
        "type": "Point",
        "coordinates": [
          137.7094452780001,
          35.273888889000034
        ]
      },
      "properties": {
        "name": "南信州うるぎ",
        "pref": "長野県",
        "municipality": "下伊那郡売木村",
        "municipality_code": "20412",
        "urls": [
          "https://www.michi-no-eki.jp/stations/view/14185"
        ]
      }
    },
    {
      "type": "Feature",
      "geometry": {
        "type": "Point",
        "coordinates": [
          137.891347,
          35.544442
        ]
      },
      "properties": {
        "name": "南信州 とよおかマルシェ",
        "pref": "長野県",
        "municipality": "下伊那郡豊丘村",
        "municipality_code": "20416",
        "urls": [
          "https://www.michi-no-eki.jp/stations/view/14176"
        ]
      }
    },
    {
      "type": "Feature",
      "geometry": {
        "type": "Point",
        "coordinates": [
          138.03694666700005,
          35.56500111100006
        ]
      },
      "properties": {
        "name": "歌舞伎の里大鹿",
        "pref": "長野県",
        "municipality": "下伊那郡大鹿村",
        "municipality_code": "20417",
        "urls": [
          "https://www.michi-no-eki.jp/stations/view/14186"
        ]
      }
    },
    {
      "type": "Feature",
      "geometry": {
        "type": "Point",
        "coordinates": [
          137.785829199999,
          35.9307238
        ]
      },
      "properties": {
        "name": "木曽川源流の里 きそむら",
        "pref": "長野県",
        "municipality": "木曽郡木祖村",
        "municipality_code": "20425",
        "urls": [
          "https://www.michi-no-eki.jp/stations/view/502",
          "http://www.cbr.mlit.go.jp/michinoeki/nagano/nagano13.html",
          "http://www.genryu-no-sato.com/"
        ]
      }
    },
    {
      "type": "Feature",
      "geometry": {
        "type": "Point",
        "coordinates": [
          137.653466999999,
          35.6820939
        ]
      },
      "properties": {
        "name": "大桑",
        "pref": "長野県",
        "municipality": "木曽郡大桑村",
        "municipality_code": "20430",
        "urls": [
          "https://www.michi-no-eki.jp/stations/view/490",
          "http://www.cbr.mlit.go.jp/michinoeki/nagano/nagano02.html",
          "http://www.michinoeki-ookuwa.jp/"
        ]
      }
    },
    {
      "type": "Feature",
      "geometry": {
        "type": "Point",
        "coordinates": [
          137.6480735,
          35.8225594
        ]
      },
      "properties": {
        "name": "三岳",
        "pref": "長野県",
        "municipality": "木曽郡木曽町",
        "municipality_code": "20432",
        "urls": [
          "https://www.michi-no-eki.jp/stations/view/497",
          "http://www.cbr.mlit.go.jp/michinoeki/nagano/nagano08.html"
        ]
      }
    },
    {
      "type": "Feature",
      "geometry": {
        "type": "Point",
        "coordinates": [
          137.7400334,
          35.8664703
        ]
      },
      "properties": {
        "name": "日義木曽駒高原",
        "pref": "長野県",
        "municipality": "木曽郡木曽町",
        "municipality_code": "20432",
        "urls": [
          "https://www.michi-no-eki.jp/stations/view/489",
          "http://www.cbr.mlit.go.jp/michinoeki/nagano/nagano01.html",
          "http://www.michinoeki-kisokoma.jp/"
        ]
      }
    },
    {
      "type": "Feature",
      "geometry": {
        "type": "Point",
        "coordinates": [
          137.6822766,
          35.8176611
        ]
      },
      "properties": {
        "name": "木曽福島",
        "pref": "長野県",
        "municipality": "木曽郡木曽町",
        "municipality_code": "20432",
        "urls": [
          "https://www.michi-no-eki.jp/stations/view/501",
          "http://www.cbr.mlit.go.jp/michinoeki/nagano/nagano12.html",
          "http://www.michinoeki-kisofukushima.jp/"
        ]
      }
    },
    {
      "type": "Feature",
      "geometry": {
        "type": "Point",
        "coordinates": [
          137.93138916700002,
          36.424168889000036
        ]
      },
      "properties": {
        "name": "いくさかの郷",
        "pref": "長野県",
        "municipality": "東筑摩郡生坂村",
        "municipality_code": "20448",
        "urls": [
          "https://www.michi-no-eki.jp/stations/view/14192"
        ]
      }
    },
    {
      "type": "Feature",
      "geometry": {
        "type": "Point",
        "coordinates": [
          138.012123699999,
          36.4263776
        ]
      },
      "properties": {
        "name": "さかきた",
        "pref": "長野県",
        "municipality": "東筑摩郡筑北村",
        "municipality_code": "20452",
        "urls": [
          "https://www.michi-no-eki.jp/stations/view/406",
          "http://www.ktr.mlit.go.jp/honkyoku/road/Michi-no-Eki/station/nagano_sakakita/index.html",
          "http://www.vill.chikuhoku.lg.jp/villager-sightseeing/events/spot/post-72.php"
        ]
      }
    },
    {
      "type": "Feature",
      "geometry": {
        "type": "Point",
        "coordinates": [
          137.8846375,
          36.3970744
        ]
      },
      "properties": {
        "name": "池田",
        "pref": "長野県",
        "municipality": "北安曇郡池田町",
        "municipality_code": "20481",
        "urls": [
          "https://www.michi-no-eki.jp/stations/view/391",
          "http://www.ktr.mlit.go.jp/honkyoku/road/Michi-no-Eki/station/nagano_ikeda/index.html",
          "http://www.herbcenter.or.jp/"
        ]
      }
    },
    {
      "type": "Feature",
      "geometry": {
        "type": "Point",
        "coordinates": [
          137.867643,
          36.396278
        ]
      },
      "properties": {
        "name": "安曇野松川",
        "pref": "長野県",
        "municipality": "北安曇郡松川村",
        "municipality_code": "20482",
        "urls": [
          "https://www.michi-no-eki.jp/stations/view/399",
          "http://www.ktr.mlit.go.jp/honkyoku/road/Michi-no-Eki/station/nagano_matsukawa/index.html",
          "http://suzumushi.jp/yottetei/"
        ]
      }
    },
    {
      "type": "Feature",
      "geometry": {
        "type": "Point",
        "coordinates": [
          137.8473274,
          36.65359
        ]
      },
      "properties": {
        "name": "白馬",
        "pref": "長野県",
        "municipality": "北安曇郡白馬村",
        "municipality_code": "20485",
        "urls": [
          "https://www.michi-no-eki.jp/stations/view/394",
          "http://www.ktr.mlit.go.jp/honkyoku/road/Michi-no-Eki/station/nagano_hakuba/index.html",
          "http://hakubakousha.com/index.php/michino-eki"
        ]
      }
    },
    {
      "type": "Feature",
      "geometry": {
        "type": "Point",
        "coordinates": [
          137.900440399999,
          36.8452608
        ]
      },
      "properties": {
        "name": "小谷",
        "pref": "長野県",
        "municipality": "北安曇郡小谷村",
        "municipality_code": "20486",
        "urls": [
          "https://www.michi-no-eki.jp/stations/view/405",
          "http://www.ktr.mlit.go.jp/honkyoku/road/Michi-no-Eki/station/nagano_otani/index.html",
          "http://www.otarimura.co.jp/"
        ]
      }
    },
    {
      "type": "Feature",
      "geometry": {
        "type": "Point",
        "coordinates": [
          138.2948649,
          36.689123
        ]
      },
      "properties": {
        "name": "オアシスおぶせ",
        "pref": "長野県",
        "municipality": "上高井郡小布施町",
        "municipality_code": "20541",
        "urls": [
          "https://www.michi-no-eki.jp/stations/view/408",
          "http://www.ktr.mlit.go.jp/honkyoku/road/Michi-no-Eki/station/nagano_obuse/index.html",
          "http://www.obusehwo.jp/"
        ]
      }
    },
    {
      "type": "Feature",
      "geometry": {
        "type": "Point",
        "coordinates": [
          138.404622099999,
          36.7413505
        ]
      },
      "properties": {
        "name": "北信州やまのうち",
        "pref": "長野県",
        "municipality": "下高井郡山ノ内町",
        "municipality_code": "20561",
        "urls": [
          "https://www.michi-no-eki.jp/stations/view/401",
          "http://www.ktr.mlit.go.jp/honkyoku/road/Michi-no-Eki/station/nagano_yamanouchi/index.html",
          "http://www.town.yamanouchi.nagano.jp/michinoeki/index.html"
        ]
      }
    },
    {
      "type": "Feature",
      "geometry": {
        "type": "Point",
        "coordinates": [
          138.388223,
          36.8521479
        ]
      },
      "properties": {
        "name": "FARMUS 木島平",
        "pref": "長野県",
        "municipality": "下高井郡木島平村",
        "municipality_code": "20562",
        "urls": [
          "https://www.michi-no-eki.jp/stations/view/7993",
          "http://www.ktr.mlit.go.jp/honkyoku/road/Michi-no-Eki/station/nagano_kijimadaira/index.html",
          "http://www.farmus.jp/"
        ]
      }
    },
    {
      "type": "Feature",
      "geometry": {
        "type": "Point",
        "coordinates": [
          138.1901619,
          36.8182909
        ]
      },
      "properties": {
        "name": "しなの",
        "pref": "長野県",
        "municipality": "上水内郡信濃町",
        "municipality_code": "20583",
        "urls": [
          "https://www.michi-no-eki.jp/stations/view/404",
          "http://www.ktr.mlit.go.jp/honkyoku/road/Michi-no-Eki/station/nagano_sinano/index.html",
          "http://f-tenbou.com/"
        ]
      }
    },
    {
      "type": "Feature",
      "geometry": {
        "type": "Point",
        "coordinates": [
          137.990556299999,
          36.6132998
        ]
      },
      "properties": {
        "name": "おがわ",
        "pref": "長野県",
        "municipality": "上水内郡小川村",
        "municipality_code": "20588",
        "urls": [
          "https://www.michi-no-eki.jp/stations/view/412",
          "http://www.ktr.mlit.go.jp/honkyoku/road/Michi-no-Eki/station/nagano_ogawa/index.html"
        ]
      }
    },
    {
      "type": "Feature",
      "geometry": {
        "type": "Point",
        "coordinates": [
          138.581679799999,
          36.9884835
        ]
      },
      "properties": {
        "name": "信越さかえ",
        "pref": "長野県",
        "municipality": "下水内郡栄村",
        "municipality_code": "20602",
        "urls": [
          "https://www.michi-no-eki.jp/stations/view/389",
          "http://www.ktr.mlit.go.jp/honkyoku/road/Michi-no-Eki/station/nagano_sakae/index.html",
          "http://www.vill.sakae.nagano.jp/bussan/matatabi/"
        ]
      }
    },
    {
      "type": "Feature",
      "geometry": {
        "type": "Point",
        "coordinates": [
          136.7313569,
          35.3700936
        ]
      },
      "properties": {
        "name": "柳津",
        "pref": "岐阜県",
        "municipality": "岐阜市",
        "municipality_code": "21201",
        "urls": [
          "https://www.michi-no-eki.jp/stations/view/546",
          "http://www.cbr.mlit.go.jp/michinoeki/gifu/gifu45.html",
          "http://www.yanaizu.jp/"
        ]
      }
    },
    {
      "type": "Feature",
      "geometry": {
        "type": "Point",
        "coordinates": [
          137.166209699999,
          36.1339762
        ]
      },
      "properties": {
        "name": "ななもり清見",
        "pref": "岐阜県",
        "municipality": "高山市",
        "municipality_code": "21203",
        "urls": [
          "https://www.michi-no-eki.jp/stations/view/523",
          "http://www.cbr.mlit.go.jp/michinoeki/gifu/gifu22.html",
          "http://www.nanamori.jp/"
        ]
      }
    },
    {
      "type": "Feature",
      "geometry": {
        "type": "Point",
        "coordinates": [
          137.3505722,
          36.0879645
        ]
      },
      "properties": {
        "name": "ひだ朝日村",
        "pref": "岐阜県",
        "municipality": "高山市",
        "municipality_code": "21203",
        "urls": [
          "https://www.michi-no-eki.jp/stations/view/528",
          "http://www.cbr.mlit.go.jp/michinoeki/gifu/gifu27.html",
          "http://www.gix.or.jp/~z33asahi/"
        ]
      }
    },
    {
      "type": "Feature",
      "geometry": {
        "type": "Point",
        "coordinates": [
          137.082694599999,
          35.9406247
        ]
      },
      "properties": {
        "name": "パスカル清見",
        "pref": "岐阜県",
        "municipality": "高山市",
        "municipality_code": "21203",
        "urls": [
          "https://www.michi-no-eki.jp/stations/view/504",
          "http://www.cbr.mlit.go.jp/michinoeki/gifu/gifu02.html",
          "http://pascalkiyomi.jp"
        ]
      }
    },
    {
      "type": "Feature",
      "geometry": {
        "type": "Point",
        "coordinates": [
          137.2256962,
          36.0618682
        ]
      },
      "properties": {
        "name": "モンデウス飛騨位山",
        "pref": "岐阜県",
        "municipality": "高山市",
        "municipality_code": "21203",
        "urls": [
          "https://www.michi-no-eki.jp/stations/view/518",
          "http://www.cbr.mlit.go.jp/michinoeki/gifu/gifu17.html",
          "http://www.montdeus.jp/"
        ]
      }
    },
    {
      "type": "Feature",
      "geometry": {
        "type": "Point",
        "coordinates": [
          137.499654,
          36.249002
        ]
      },
      "properties": {
        "name": "奥飛騨温泉郷上宝",
        "pref": "岐阜県",
        "municipality": "高山市",
        "municipality_code": "21203",
        "urls": [
          "https://www.michi-no-eki.jp/stations/view/510",
          "http://www.cbr.mlit.go.jp/michinoeki/gifu/gifu08.html",
          "http://www6.ocn.ne.jp/~ooacp"
        ]
      }
    },
    {
      "type": "Feature",
      "geometry": {
        "type": "Point",
        "coordinates": [
          136.9656118,
          36.0212127
        ]
      },
      "properties": {
        "name": "桜の郷 荘川",
        "pref": "岐阜県",
        "municipality": "高山市",
        "municipality_code": "21203",
        "urls": [
          "https://www.michi-no-eki.jp/stations/view/533",
          "http://www.cbr.mlit.go.jp/michinoeki/gifu/gifu32.html",
          "http://kankou.city.takayama.lg.jp/2000002/2000509/2000512.html"
        ]
      }
    },
    {
      "type": "Feature",
      "geometry": {
        "type": "Point",
        "coordinates": [
          137.4407412,
          36.0464759
        ]
      },
      "properties": {
        "name": "飛騨たかね工房",
        "pref": "岐阜県",
        "municipality": "高山市",
        "municipality_code": "21203",
        "urls": [
          "https://www.michi-no-eki.jp/stations/view/531",
          "http://www.cbr.mlit.go.jp/michinoeki/gifu/gifu30.html",
          "http://www.takanekankou.or.jp/takanekobo/"
        ]
      }
    },
    {
      "type": "Feature",
      "geometry": {
        "type": "Point",
        "coordinates": [
          137.2916605,
          36.0068712
        ]
      },
      "properties": {
        "name": "飛騨街道 なぎさ",
        "pref": "岐阜県",
        "municipality": "高山市",
        "municipality_code": "21203",
        "urls": [
          "https://www.michi-no-eki.jp/stations/view/527",
          "http://www.cbr.mlit.go.jp/michinoeki/gifu/gifu26.html",
          "http://www.nagisa-kuguno.com/"
        ]
      }
    },
    {
      "type": "Feature",
      "geometry": {
        "type": "Point",
        "coordinates": [
          136.8541224,
          35.5151834
        ]
      },
      "properties": {
        "name": "むげ川",
        "pref": "岐阜県",
        "municipality": "関市",
        "municipality_code": "21205",
        "urls": [
          "https://www.michi-no-eki.jp/stations/view/534",
          "http://www.cbr.mlit.go.jp/michinoeki/gifu/gifu33.html",
          "http://www.city.seki.lg.jp/kanko/0000000933.html"
        ]
      }
    },
    {
      "type": "Feature",
      "geometry": {
        "type": "Point",
        "coordinates": [
          136.7982998,
          35.5963612
        ]
      },
      "properties": {
        "name": "ラステンほらど",
        "pref": "岐阜県",
        "municipality": "関市",
        "municipality_code": "21205",
        "urls": [
          "https://www.michi-no-eki.jp/stations/view/508",
          "http://www.cbr.mlit.go.jp/michinoeki/gifu/gifu06.html",
          "http://sekikanko.jp/modules/content/index.php?lid=116"
        ]
      }
    },
    {
      "type": "Feature",
      "geometry": {
        "type": "Point",
        "coordinates": [
          136.997291799999,
          35.552245
        ]
      },
      "properties": {
        "name": "平成",
        "pref": "岐阜県",
        "municipality": "関市",
        "municipality_code": "21205",
        "urls": [
          "https://www.michi-no-eki.jp/stations/view/514",
          "http://www.cbr.mlit.go.jp/michinoeki/gifu/gifu13.html",
          "http://www.michinoeki-heisei.nksv.net/index.php"
        ]
      }
    },
    {
      "type": "Feature",
      "geometry": {
        "type": "Point",
        "coordinates": [
          137.534574,
          35.5704301
        ]
      },
      "properties": {
        "name": "きりら坂下",
        "pref": "岐阜県",
        "municipality": "中津川市",
        "municipality_code": "21206",
        "urls": [
          "https://www.michi-no-eki.jp/stations/view/524",
          "http://www.cbr.mlit.go.jp/michinoeki/gifu/gifu23.html",
          "http://kirira-sakashita.jp/"
        ]
      }
    },
    {
      "type": "Feature",
      "geometry": {
        "type": "Point",
        "coordinates": [
          137.501864,
          35.602352
        ]
      },
      "properties": {
        "name": "五木のやかた・かわうえ",
        "pref": "岐阜県",
        "municipality": "中津川市",
        "municipality_code": "21206",
        "urls": [
          "https://www.michi-no-eki.jp/stations/view/547",
          "http://www.cbr.mlit.go.jp/michinoeki/gifu/gifu46.html",
          "http://www.kawaue.jp/~logo2001/kh.mitinoeki.html"
        ]
      }
    },
    {
      "type": "Feature",
      "geometry": {
        "type": "Point",
        "coordinates": [
          137.3747534,
          35.7087822
        ]
      },
      "properties": {
        "name": "加子母",
        "pref": "岐阜県",
        "municipality": "中津川市",
        "municipality_code": "21206",
        "urls": [
          "https://www.michi-no-eki.jp/stations/view/541",
          "http://www.cbr.mlit.go.jp/michinoeki/gifu/gifu40.html",
          "http://kashimozanmai.com/"
        ]
      }
    },
    {
      "type": "Feature",
      "geometry": {
        "type": "Point",
        "coordinates": [
          137.4415533,
          35.6426846
        ]
      },
      "properties": {
        "name": "花街道付知",
        "pref": "岐阜県",
        "municipality": "中津川市",
        "municipality_code": "21206",
        "urls": [
          "https://www.michi-no-eki.jp/stations/view/506",
          "http://www.cbr.mlit.go.jp/michinoeki/gifu/gifu04.html",
          "http://www.michinoeki-hanakaido.jp/"
        ]
      }
    },
    {
      "type": "Feature",
      "geometry": {
        "type": "Point",
        "coordinates": [
          137.550438799999,
          35.586112
        ]
      },
      "properties": {
        "name": "賤母",
        "pref": "岐阜県",
        "municipality": "中津川市",
        "municipality_code": "21206",
        "urls": [
          "https://www.michi-no-eki.jp/stations/view/492",
          "http://www.cbr.mlit.go.jp/michinoeki/gifu/gifu09.html",
          "http://sizumo.jp/"
        ]
      }
    },
    {
      "type": "Feature",
      "geometry": {
        "type": "Point",
        "coordinates": [
          136.913733,
          35.554599
        ]
      },
      "properties": {
        "name": "美濃にわか茶屋",
        "pref": "岐阜県",
        "municipality": "美濃市",
        "municipality_code": "21207",
        "urls": [
          "https://www.michi-no-eki.jp/stations/view/550",
          "http://www.cbr.mlit.go.jp/michinoeki/gifu/gifu49.html",
          "http://www.mino-niwakachaya.com/"
        ]
      }
    },
    {
      "type": "Feature",
      "geometry": {
        "type": "Point",
        "coordinates": [
          137.3064444,
          35.3282547
        ]
      },
      "properties": {
        "name": "おばあちゃん市・山岡",
        "pref": "岐阜県",
        "municipality": "恵那市",
        "municipality_code": "21210",
        "urls": [
          "https://www.michi-no-eki.jp/stations/view/543",
          "http://www.cbr.mlit.go.jp/michinoeki/gifu/gifu42.html",
          "http://oba-chan.enat.jp/"
        ]
      }
    },
    {
      "type": "Feature",
      "geometry": {
        "type": "Point",
        "coordinates": [
          137.358747399999,
          35.4057084
        ]
      },
      "properties": {
        "name": "そばの郷 らっせぃみさと",
        "pref": "岐阜県",
        "municipality": "恵那市",
        "municipality_code": "21210",
        "urls": [
          "https://www.michi-no-eki.jp/stations/view/529",
          "http://www.cbr.mlit.go.jp/michinoeki/gifu/gifu28.html",
          "http://rassei.com/"
        ]
      }
    },
    {
      "type": "Feature",
      "geometry": {
        "type": "Point",
        "coordinates": [
          137.471578,
          35.323636
        ]
      },
      "properties": {
        "name": "上矢作ラ・フォーレ福寿の里",
        "pref": "岐阜県",
        "municipality": "恵那市",
        "municipality_code": "21210",
        "urls": [
          "https://www.michi-no-eki.jp/stations/view/517",
          "http://www.cbr.mlit.go.jp/michinoeki/gifu/gifu16.html",
          "http://1st.geocities.jp/kamiyahagi5559/"
        ]
      }
    },
    {
      "type": "Feature",
      "geometry": {
        "type": "Point",
        "coordinates": [
          137.0306176,
          35.4736126
        ]
      },
      "properties": {
        "name": "日本昭和村",
        "pref": "岐阜県",
        "municipality": "美濃加茂市",
        "municipality_code": "21211",
        "urls": [
          "https://www.michi-no-eki.jp/stations/view/536",
          "http://www.cbr.mlit.go.jp/michinoeki/gifu/gifu35.html",
          "http://www.nihon-showamura.co.jp/"
        ]
      }
    },
    {
      "type": "Feature",
      "geometry": {
        "type": "Point",
        "coordinates": [
          137.2231904,
          35.336059
        ]
      },
      "properties": {
        "name": "土岐美濃焼街道",
        "pref": "岐阜県",
        "municipality": "土岐市",
        "municipality_code": "21212",
        "urls": [
          "https://www.michi-no-eki.jp/stations/view/521",
          "http://www.cbr.mlit.go.jp/michinoeki/gifu/gifu20.html",
          "http://www.donburi-kaikan.com/"
        ]
      }
    },
    {
      "type": "Feature",
      "geometry": {
        "type": "Point",
        "coordinates": [
          137.188130799999,
          35.3941426
        ]
      },
      "properties": {
        "name": "志野・織部",
        "pref": "岐阜県",
        "municipality": "土岐市",
        "municipality_code": "21212",
        "urls": [
          "https://www.michi-no-eki.jp/stations/view/540",
          "http://www.cbr.mlit.go.jp/michinoeki/gifu/gifu39.html",
          "http://shino-oribe.co.jp/"
        ]
      }
    },
    {
      "type": "Feature",
      "geometry": {
        "type": "Point",
        "coordinates": [
          137.101163,
          35.430055
        ]
      },
      "properties": {
        "name": "可児ッテ「ＣＡＮＩＴＴＥ」",
        "pref": "岐阜県",
        "municipality": "可児市",
        "municipality_code": "21214",
        "urls": [
          "https://www.michi-no-eki.jp/stations/view/553",
          "http://www.cbr.mlit.go.jp/michinoeki/gifu/gifu52.html",
          "http://canitte.jp/"
        ]
      }
    },
    {
      "type": "Feature",
      "geometry": {
        "type": "Point",
        "coordinates": [
          137.192351,
          36.220446
        ]
      },
      "properties": {
        "name": "アルプ飛騨古川",
        "pref": "岐阜県",
        "municipality": "飛騨市",
        "municipality_code": "21217",
        "urls": [
          "https://www.michi-no-eki.jp/stations/view/515",
          "http://www.cbr.mlit.go.jp/michinoeki/gifu/gifu14.html",
          "https://www.hida-kankou.jp/gourmet/1000000011/"
        ]
      }
    },
    {
      "type": "Feature",
      "geometry": {
        "type": "Point",
        "coordinates": [
          137.3071895,
          36.3290175
        ]
      },
      "properties": {
        "name": "宙ドーム・神岡",
        "pref": "岐阜県",
        "municipality": "飛騨市",
        "municipality_code": "21217",
        "urls": [
          "https://www.michi-no-eki.jp/stations/view/548",
          "http://www.cbr.mlit.go.jp/michinoeki/gifu/gifu47.html",
          "http://www.skydome.jp/"
        ]
      }
    },
    {
      "type": "Feature",
      "geometry": {
        "type": "Point",
        "coordinates": [
          137.150621,
          36.213988
        ]
      },
      "properties": {
        "name": "飛騨古川いぶし",
        "pref": "岐阜県",
        "municipality": "飛騨市",
        "municipality_code": "21217",
        "urls": [
          "https://www.michi-no-eki.jp/stations/view/544",
          "http://www.cbr.mlit.go.jp/michinoeki/gifu/gifu43.html",
          "https://www.hida-kankou.jp/spot/1265/"
        ]
      }
    },
    {
      "type": "Feature",
      "geometry": {
        "type": "Point",
        "coordinates": [
          136.589241,
          35.660163
        ]
      },
      "properties": {
        "name": "うすずみ桜の里・ねお",
        "pref": "岐阜県",
        "municipality": "本巣市",
        "municipality_code": "21218",
        "urls": [
          "https://www.michi-no-eki.jp/stations/view/539",
          "http://www.cbr.mlit.go.jp/michinoeki/gifu/gifu38.html",
          "http://www.usuzumi.or.jp/sakura-sato/"
        ]
      }
    },
    {
      "type": "Feature",
      "geometry": {
        "type": "Point",
        "coordinates": [
          136.6760471,
          35.4725539
        ]
      },
      "properties": {
        "name": "富有柿の里いとぬき",
        "pref": "岐阜県",
        "municipality": "本巣市",
        "municipality_code": "21218",
        "urls": [
          "https://www.michi-no-eki.jp/stations/view/522",
          "http://www.cbr.mlit.go.jp/michinoeki/gifu/gifu21.html",
          "http://www.motosukankou.gr.jp/03_buy/03_03.html"
        ]
      }
    },
    {
      "type": "Feature",
      "geometry": {
        "type": "Point",
        "coordinates": [
          136.667187,
          35.500115
        ]
      },
      "properties": {
        "name": "織部の里・もとす",
        "pref": "岐阜県",
        "municipality": "本巣市",
        "municipality_code": "21218",
        "urls": [
          "https://www.michi-no-eki.jp/stations/view/530",
          "http://www.cbr.mlit.go.jp/michinoeki/gifu/gifu29.html",
          "http://oribe.or.jp/"
        ]
      }
    },
    {
      "type": "Feature",
      "geometry": {
        "type": "Point",
        "coordinates": [
          136.901735,
          35.8160909
        ]
      },
      "properties": {
        "name": "古今伝授の里やまと",
        "pref": "岐阜県",
        "municipality": "郡上市",
        "municipality_code": "21219",
        "urls": [
          "https://www.michi-no-eki.jp/stations/view/535",
          "http://www.cbr.mlit.go.jp/michinoeki/gifu/gifu34.html",
          "http://www.gujo-tv.ne.jp/~kuturogi/"
        ]
      }
    },
    {
      "type": "Feature",
      "geometry": {
        "type": "Point",
        "coordinates": [
          137.067786699999,
          35.7425082
        ]
      },
      "properties": {
        "name": "和良",
        "pref": "岐阜県",
        "municipality": "郡上市",
        "municipality_code": "21219",
        "urls": [
          "https://www.michi-no-eki.jp/stations/view/538",
          "http://www.cbr.mlit.go.jp/michinoeki/gifu/gifu37.html",
          "http://gujo-wara.jp/info-sightseeing/185-road-station-wara-and-wara-dome.html"
        ]
      }
    },
    {
      "type": "Feature",
      "geometry": {
        "type": "Point",
        "coordinates": [
          136.8910742,
          35.9876432
        ]
      },
      "properties": {
        "name": "大日岳",
        "pref": "岐阜県",
        "municipality": "郡上市",
        "municipality_code": "21219",
        "urls": [
          "https://www.michi-no-eki.jp/stations/view/532",
          "http://www.cbr.mlit.go.jp/michinoeki/gifu/gifu31.html",
          "http://www.gujokankou.com/spot/04takasu/1278.html"
        ]
      }
    },
    {
      "type": "Feature",
      "geometry": {
        "type": "Point",
        "coordinates": [
          137.0284298,
          35.8447929
        ]
      },
      "properties": {
        "name": "明宝",
        "pref": "岐阜県",
        "municipality": "郡上市",
        "municipality_code": "21219",
        "urls": [
          "https://www.michi-no-eki.jp/stations/view/505",
          "http://www.cbr.mlit.go.jp/michinoeki/gifu/gifu03.html",
          "http://www.gujokankou.com/spot/06meihou/1265.html"
        ]
      }
    },
    {
      "type": "Feature",
      "geometry": {
        "type": "Point",
        "coordinates": [
          136.854767,
          35.881564
        ]
      },
      "properties": {
        "name": "清流の里しろとり",
        "pref": "岐阜県",
        "municipality": "郡上市",
        "municipality_code": "21219",
        "urls": [
          "https://www.michi-no-eki.jp/stations/view/11980",
          "http://www.cbr.mlit.go.jp/michinoeki/gifu/gifu55.html",
          "http://www.okumino-shirotori.com/shirotori.html",
          "http://okumino-shirotori.com/pg453.html"
        ]
      }
    },
    {
      "type": "Feature",
      "geometry": {
        "type": "Point",
        "coordinates": [
          136.891924,
          35.889671
        ]
      },
      "properties": {
        "name": "白尾ふれあいパーク",
        "pref": "岐阜県",
        "municipality": "郡上市",
        "municipality_code": "21219",
        "urls": [
          "https://www.michi-no-eki.jp/stations/view/549",
          "http://www.cbr.mlit.go.jp/michinoeki/gifu/gifu48.html",
          "http://okumino-shirotori.com/pg455.html"
        ]
      }
    },
    {
      "type": "Feature",
      "geometry": {
        "type": "Point",
        "coordinates": [
          136.8321178,
          35.9233631
        ]
      },
      "properties": {
        "name": "白鳥",
        "pref": "岐阜県",
        "municipality": "郡上市",
        "municipality_code": "21219",
        "urls": [
          "https://www.michi-no-eki.jp/stations/view/509",
          "http://www.cbr.mlit.go.jp/michinoeki/gifu/gifu07.html",
          "http://okumino-shirotori.com/nagataki.html"
        ]
      }
    },
    {
      "type": "Feature",
      "geometry": {
        "type": "Point",
        "coordinates": [
          136.9431417,
          35.6092047
        ]
      },
      "properties": {
        "name": "美並",
        "pref": "岐阜県",
        "municipality": "郡上市",
        "municipality_code": "21219",
        "urls": [
          "https://www.michi-no-eki.jp/stations/view/503",
          "http://www.cbr.mlit.go.jp/michinoeki/gifu/gifu01.html",
          "http://www.minami-kanko.com/sightseeing/buy/post-9.html"
        ]
      }
    },
    {
      "type": "Feature",
      "geometry": {
        "type": "Point",
        "coordinates": [
          137.2943447,
          35.9314581
        ]
      },
      "properties": {
        "name": "南飛騨小坂",
        "pref": "岐阜県",
        "municipality": "下呂市",
        "municipality_code": "21220",
        "urls": [
          "https://www.michi-no-eki.jp/stations/view/519",
          "http://www.cbr.mlit.go.jp/michinoeki/gifu/gifu18.html",
          "http://hida-osaka.jp/cominfo.html?an=hanamomo"
        ]
      }
    },
    {
      "type": "Feature",
      "geometry": {
        "type": "Point",
        "coordinates": [
          137.1471787,
          35.6689112
        ]
      },
      "properties": {
        "name": "飛騨金山ぬく森の里温泉",
        "pref": "岐阜県",
        "municipality": "下呂市",
        "municipality_code": "21220",
        "urls": [
          "https://www.michi-no-eki.jp/stations/view/516",
          "http://www.cbr.mlit.go.jp/michinoeki/gifu/gifu15.html",
          "http://nukumorinosato.com/"
        ]
      }
    },
    {
      "type": "Feature",
      "geometry": {
        "type": "Point",
        "coordinates": [
          137.187413,
          35.819913
        ]
      },
      "properties": {
        "name": "馬瀬 美輝の里",
        "pref": "岐阜県",
        "municipality": "下呂市",
        "municipality_code": "21220",
        "urls": [
          "https://www.michi-no-eki.jp/stations/view/526",
          "http://www.cbr.mlit.go.jp/michinoeki/gifu/gifu25.html",
          "http://www.mikinosato.co.jp/"
        ]
      }
    },
    {
      "type": "Feature",
      "geometry": {
        "type": "Point",
        "coordinates": [
          136.671057099999,
          35.2747147
        ]
      },
      "properties": {
        "name": "クレール平田",
        "pref": "岐阜県",
        "municipality": "海津市",
        "municipality_code": "21221",
        "urls": [
          "https://www.michi-no-eki.jp/stations/view/525",
          "http://www.cbr.mlit.go.jp/michinoeki/gifu/gifu24.html",
          "http://www.clairhirata.com/"
        ]
      }
    },
    {
      "type": "Feature",
      "geometry": {
        "type": "Point",
        "coordinates": [
          136.600691,
          35.215087
        ]
      },
      "properties": {
        "name": "月見の里 南濃",
        "pref": "岐阜県",
        "municipality": "海津市",
        "municipality_code": "21221",
        "urls": [
          "https://www.michi-no-eki.jp/stations/view/545",
          "http://www.cbr.mlit.go.jp/michinoeki/gifu/gifu44.html",
          "http://www.city.kaizu.lg.jp/sightseeing-event/roadside-station/tsukiminosato.html"
        ]
      }
    },
    {
      "type": "Feature",
      "geometry": {
        "type": "Point",
        "coordinates": [
          136.413732,
          35.602032
        ]
      },
      "properties": {
        "name": "夜叉ヶ池の里さかうち",
        "pref": "岐阜県",
        "municipality": "揖斐郡揖斐川町",
        "municipality_code": "21401",
        "urls": [
          "https://www.michi-no-eki.jp/stations/view/542",
          "http://www.cbr.mlit.go.jp/michinoeki/gifu/gifu41.html",
          "https://www.town.ibigawa.lg.jp/kankoujyouhou/0000006114.html"
        ]
      }
    },
    {
      "type": "Feature",
      "geometry": {
        "type": "Point",
        "coordinates": [
          136.585563699999,
          35.5314813
        ]
      },
      "properties": {
        "name": "夢さんさん谷汲",
        "pref": "岐阜県",
        "municipality": "揖斐郡揖斐川町",
        "municipality_code": "21401",
        "urls": [
          "https://www.michi-no-eki.jp/stations/view/520",
          "http://www.cbr.mlit.go.jp/michinoeki/gifu/gifu19.html",
          "https://www.town.ibigawa.lg.jp/kankoujyouhou/0000006111.html"
        ]
      }
    },
    {
      "type": "Feature",
      "geometry": {
        "type": "Point",
        "coordinates": [
          136.462913399999,
          35.5774127
        ]
      },
      "properties": {
        "name": "星のふる里 ふじはし",
        "pref": "岐阜県",
        "municipality": "揖斐郡揖斐川町",
        "municipality_code": "21401",
        "urls": [
          "https://www.michi-no-eki.jp/stations/view/512",
          "http://www.cbr.mlit.go.jp/michinoeki/gifu/gifu11.html",
          "http://www.ibikogen.com/michinoeki.html"
        ]
      }
    },
    {
      "type": "Feature",
      "geometry": {
        "type": "Point",
        "coordinates": [
          136.628084,
          35.431918
        ]
      },
      "properties": {
        "name": "パレットピアおおの",
        "pref": "岐阜県",
        "municipality": "揖斐郡大野町",
        "municipality_code": "21403",
        "urls": [
          "https://www.michi-no-eki.jp/stations/view/14160"
        ]
      }
    },
    {
      "type": "Feature",
      "geometry": {
        "type": "Point",
        "coordinates": [
          136.559813999999,
          35.419442
        ]
      },
      "properties": {
        "name": "池田温泉",
        "pref": "岐阜県",
        "municipality": "揖斐郡池田町",
        "municipality_code": "21404",
        "urls": [
          "https://www.michi-no-eki.jp/stations/view/554",
          "http://www.cbr.mlit.go.jp/michinoeki/gifu/gifu53.html",
          "http://www.town.ikeda.gifu.jp/kankou/kankou2/kankou2-5.htm"
        ]
      }
    },
    {
      "type": "Feature",
      "geometry": {
        "type": "Point",
        "coordinates": [
          136.980146,
          35.4743201
        ]
      },
      "properties": {
        "name": "半布里の郷 とみか",
        "pref": "岐阜県",
        "municipality": "加茂郡富加町",
        "municipality_code": "21502",
        "urls": [
          "https://www.michi-no-eki.jp/stations/view/552",
          "http://www.cbr.mlit.go.jp/michinoeki/gifu/gifu51.html",
          "http://www.hanyuri.com/"
        ]
      }
    },
    {
      "type": "Feature",
      "geometry": {
        "type": "Point",
        "coordinates": [
          137.11445,
          35.533911
        ]
      },
      "properties": {
        "name": "ロック・ガーデン ひちそう",
        "pref": "岐阜県",
        "municipality": "加茂郡七宗町",
        "municipality_code": "21504",
        "urls": [
          "https://www.michi-no-eki.jp/stations/view/511",
          "http://www.cbr.mlit.go.jp/michinoeki/gifu/gifu10.html"
        ]
      }
    },
    {
      "type": "Feature",
      "geometry": {
        "type": "Point",
        "coordinates": [
          137.2189831,
          35.5954472
        ]
      },
      "properties": {
        "name": "清流白川 クオーレの里",
        "pref": "岐阜県",
        "municipality": "加茂郡白川町",
        "municipality_code": "21506",
        "urls": [
          "https://www.michi-no-eki.jp/stations/view/555",
          "http://www.cbr.mlit.go.jp/michinoeki/gifu/gifu54.html",
          "http://e-900.com/michinoeki.html"
        ]
      }
    },
    {
      "type": "Feature",
      "geometry": {
        "type": "Point",
        "coordinates": [
          137.173860699999,
          35.6040087
        ]
      },
      "properties": {
        "name": "美濃白川",
        "pref": "岐阜県",
        "municipality": "加茂郡白川町",
        "municipality_code": "21506",
        "urls": [
          "https://www.michi-no-eki.jp/stations/view/507",
          "http://www.cbr.mlit.go.jp/michinoeki/gifu/gifu05.html",
          "http://www.minoshirakawa-piacere.com/"
        ]
      }
    },
    {
      "type": "Feature",
      "geometry": {
        "type": "Point",
        "coordinates": [
          137.352420599999,
          35.6677832
        ]
      },
      "properties": {
        "name": "茶の里東白川",
        "pref": "岐阜県",
        "municipality": "加茂郡東白川村",
        "municipality_code": "21507",
        "urls": [
          "https://www.michi-no-eki.jp/stations/view/537",
          "http://www.cbr.mlit.go.jp/michinoeki/gifu/gifu36.html",
          "http://oishii22.jp/"
        ]
      }
    },
    {
      "type": "Feature",
      "geometry": {
        "type": "Point",
        "coordinates": [
          136.9015389,
          36.2789273
        ]
      },
      "properties": {
        "name": "白川郷",
        "pref": "岐阜県",
        "municipality": "大野郡白川村",
        "municipality_code": "21604",
        "urls": [
          "https://www.michi-no-eki.jp/stations/view/513",
          "http://www.cbr.mlit.go.jp/michinoeki/gifu/gifu12.html",
          "http://www.shirakawa-go.gr.jp/details/?i=55"
        ]
      }
    },
    {
      "type": "Feature",
      "geometry": {
        "type": "Point",
        "coordinates": [
          136.901648,
          36.17388
        ]
      },
      "properties": {
        "name": "飛騨白山",
        "pref": "岐阜県",
        "municipality": "大野郡白川村",
        "municipality_code": "21604",
        "urls": [
          "https://www.michi-no-eki.jp/stations/view/551",
          "http://www.cbr.mlit.go.jp/michinoeki/gifu/gifu50.html",
          "http://hidahakusan.jp/"
        ]
      }
    },
    {
      "type": "Feature",
      "geometry": {
        "type": "Point",
        "coordinates": [
          138.300822,
          34.92545
        ]
      },
      "properties": {
        "name": "宇津ノ谷峠",
        "pref": "静岡県",
        "municipality": "静岡市駿河区",
        "municipality_code": "22102",
        "urls": [
          "https://www.michi-no-eki.jp/stations/view/559",
          "http://www.cbr.mlit.go.jp/michinoeki/shizuoka/shizuoka04_1.html",
          "http://www.cbr.mlit.go.jp/michinoeki/shizuoka/shizuoka04_2.html",
          "http://utsunoya.com/"
        ]
      }
    },
    {
      "type": "Feature",
      "geometry": {
        "type": "Point",
        "coordinates": [
          137.8720545,
          34.9054921
        ]
      },
      "properties": {
        "name": "いっぷく処横川",
        "pref": "静岡県",
        "municipality": "浜松市",
        "municipality_code": "22130",
        "urls": [
          "https://www.michi-no-eki.jp/stations/view/560",
          "http://www.cbr.mlit.go.jp/michinoeki/shizuoka/shizuoka05.html",
          "http://tenryu-daisuki.com/sightseeing/?p=154"
        ]
      }
    },
    {
      "type": "Feature",
      "geometry": {
        "type": "Point",
        "coordinates": [
          137.733227899999,
          34.9608241
        ]
      },
      "properties": {
        "name": "くんま水車の里",
        "pref": "静岡県",
        "municipality": "浜松市",
        "municipality_code": "22130",
        "urls": [
          "https://www.michi-no-eki.jp/stations/view/557",
          "http://www.cbr.mlit.go.jp/michinoeki/shizuoka/shizuoka02.html",
          "http://kunma.jp/suisha/"
        ]
      }
    },
    {
      "type": "Feature",
      "geometry": {
        "type": "Point",
        "coordinates": [
          137.8150063,
          34.911788
        ]
      },
      "properties": {
        "name": "天竜相津 花桃の里",
        "pref": "静岡県",
        "municipality": "浜松市",
        "municipality_code": "22130",
        "urls": [
          "https://www.michi-no-eki.jp/stations/view/568",
          "http://www.cbr.mlit.go.jp/michinoeki/shizuoka/shizuoka13.html",
          "http://hanamomo-sato.com/"
        ]
      }
    },
    {
      "type": "Feature",
      "geometry": {
        "type": "Point",
        "coordinates": [
          138.7868,
          34.9713
        ]
      },
      "properties": {
        "name": "くるら戸田",
        "pref": "静岡県",
        "municipality": "沼津市",
        "municipality_code": "22203",
        "urls": [
          "https://www.michi-no-eki.jp/stations/view/578",
          "http://www.cbr.mlit.go.jp/michinoeki/shizuoka/shizuoka23.html",
          "http://www.kururaheda.com/"
        ]
      }
    },
    {
      "type": "Feature",
      "geometry": {
        "type": "Point",
        "coordinates": [
          138.5912918,
          35.4133187
        ]
      },
      "properties": {
        "name": "朝霧高原",
        "pref": "静岡県",
        "municipality": "富士宮市",
        "municipality_code": "22207",
        "urls": [
          "https://www.michi-no-eki.jp/stations/view/564",
          "http://www.cbr.mlit.go.jp/michinoeki/shizuoka/shizuoka09.html",
          "http://www.asagiri-kogen.com/"
        ]
      }
    },
    {
      "type": "Feature",
      "geometry": {
        "type": "Point",
        "coordinates": [
          139.094386,
          34.9846432
        ]
      },
      "properties": {
        "name": "伊東マリンタウン",
        "pref": "静岡県",
        "municipality": "伊東市",
        "municipality_code": "22208",
        "urls": [
          "https://www.michi-no-eki.jp/stations/view/569",
          "http://www.cbr.mlit.go.jp/michinoeki/shizuoka/shizuoka14.html",
          "http://www.ito-marinetown.co.jp/"
        ]
      }
    },
    {
      "type": "Feature",
      "geometry": {
        "type": "Point",
        "coordinates": [
          138.089691099999,
          34.9598856
        ]
      },
      "properties": {
        "name": "川根温泉",
        "pref": "静岡県",
        "municipality": "島田市",
        "municipality_code": "22209",
        "urls": [
          "https://www.michi-no-eki.jp/stations/view/565",
          "http://www.cbr.mlit.go.jp/michinoeki/shizuoka/shizuoka10.html",
          "http://kawaneonsen.jp/"
        ]
      }
    },
    {
      "type": "Feature",
      "geometry": {
        "type": "Point",
        "coordinates": [
          138.6470417,
          35.1334097
        ]
      },
      "properties": {
        "name": "富士",
        "pref": "静岡県",
        "municipality": "富士市",
        "municipality_code": "22210",
        "urls": [
          "https://www.michi-no-eki.jp/stations/view/556",
          "http://www.cbr.mlit.go.jp/michinoeki/shizuoka/shizuoka01.html",
          "http://www.ckk.or.jp/fuji/"
        ]
      }
    },
    {
      "type": "Feature",
      "geometry": {
        "type": "Point",
        "coordinates": [
          138.6186186,
          35.1618278
        ]
      },
      "properties": {
        "name": "富士川楽座",
        "pref": "静岡県",
        "municipality": "富士市",
        "municipality_code": "22210",
        "urls": [
          "https://www.michi-no-eki.jp/stations/view/566",
          "http://www.cbr.mlit.go.jp/michinoeki/shizuoka/shizuoka11.html",
          "http://www.fujikawarakuza.co.jp/"
        ]
      }
    },
    {
      "type": "Feature",
      "geometry": {
        "type": "Point",
        "coordinates": [
          138.076063999999,
          34.7942015
        ]
      },
      "properties": {
        "name": "掛川",
        "pref": "静岡県",
        "municipality": "掛川市",
        "municipality_code": "22213",
        "urls": [
          "https://www.michi-no-eki.jp/stations/view/571",
          "http://www.cbr.mlit.go.jp/michinoeki/shizuoka/shizuoka16.html",
          "http://www.city.kakegawa.shizuoka.jp/kankou/spot/annaiomiyage/michinoeki.html"
        ]
      }
    },
    {
      "type": "Feature",
      "geometry": {
        "type": "Point",
        "coordinates": [
          138.251557899999,
          34.9507285
        ]
      },
      "properties": {
        "name": "玉露の里",
        "pref": "静岡県",
        "municipality": "藤枝市",
        "municipality_code": "22214",
        "urls": [
          "https://www.michi-no-eki.jp/stations/view/567",
          "http://www.cbr.mlit.go.jp/michinoeki/shizuoka/shizuoka12.html",
          "http://www.shizutetsu-restaurant.com/?page_id=60"
        ]
      }
    },
    {
      "type": "Feature",
      "geometry": {
        "type": "Point",
        "coordinates": [
          138.9508766,
          34.6748202
        ]
      },
      "properties": {
        "name": "開国下田みなと",
        "pref": "静岡県",
        "municipality": "下田市",
        "municipality_code": "22219",
        "urls": [
          "https://www.michi-no-eki.jp/stations/view/570",
          "http://www.cbr.mlit.go.jp/michinoeki/shizuoka/shizuoka15.html",
          "http://www.kaikokushimodaminato.co.jp/"
        ]
      }
    },
    {
      "type": "Feature",
      "geometry": {
        "type": "Point",
        "coordinates": [
          137.499226799999,
          34.6772824
        ]
      },
      "properties": {
        "name": "潮見坂",
        "pref": "静岡県",
        "municipality": "湖西市",
        "municipality_code": "22221",
        "urls": [
          "https://www.michi-no-eki.jp/stations/view/573",
          "http://www.cbr.mlit.go.jp/michinoeki/shizuoka/shizuoka18.html",
          "http://www.shiomizaka.com/"
        ]
      }
    },
    {
      "type": "Feature",
      "geometry": {
        "type": "Point",
        "coordinates": [
          138.921934999999,
          34.8558282
        ]
      },
      "properties": {
        "name": "天城越え",
        "pref": "静岡県",
        "municipality": "伊豆市",
        "municipality_code": "22222",
        "urls": [
          "https://www.michi-no-eki.jp/stations/view/562",
          "http://www.cbr.mlit.go.jp/michinoeki/shizuoka/shizuoka07.html",
          "http://www.city.izu.shizuoka.jp/form1.php?pid=1001"
        ]
      }
    },
    {
      "type": "Feature",
      "geometry": {
        "type": "Point",
        "coordinates": [
          138.110751,
          34.640677
        ]
      },
      "properties": {
        "name": "風のマルシェ 御前崎",
        "pref": "静岡県",
        "municipality": "御前崎市",
        "municipality_code": "22223",
        "urls": [
          "https://www.michi-no-eki.jp/stations/view/577",
          "http://www.cbr.mlit.go.jp/michinoeki/shizuoka/shizuoka22.html",
          "http://www.omaezaki-marche.com/"
        ]
      }
    },
    {
      "type": "Feature",
      "geometry": {
        "type": "Point",
        "coordinates": [
          138.941064699999,
          35.0117848999999
        ]
      },
      "properties": {
        "name": "伊豆のへそ",
        "pref": "静岡県",
        "municipality": "伊豆の国市",
        "municipality_code": "22225",
        "urls": [
          "https://www.michi-no-eki.jp/stations/view/574",
          "http://www.cbr.mlit.go.jp/michinoeki/shizuoka/shizuoka19.html",
          "http://www.city.izunokuni.shizuoka.jp/kankou/kanko/michinoekiizunoheso.html"
        ]
      }
    },
    {
      "type": "Feature",
      "geometry": {
        "type": "Point",
        "coordinates": [
          138.866579799999,
          34.6497101
        ]
      },
      "properties": {
        "name": "下賀茂温泉 湯の花",
        "pref": "静岡県",
        "municipality": "賀茂郡南伊豆町",
        "municipality_code": "22304",
        "urls": [
          "https://www.michi-no-eki.jp/stations/view/575",
          "http://www.cbr.mlit.go.jp/michinoeki/shizuoka/shizuoka20.html",
          "http://yunohana-shop.com/",
          "http://www.minami-izu.jp/entry.html?id=4932"
        ]
      }
    },
    {
      "type": "Feature",
      "geometry": {
        "type": "Point",
        "coordinates": [
          138.8253994,
          34.7577828
        ]
      },
      "properties": {
        "name": "花の三聖苑伊豆松崎",
        "pref": "静岡県",
        "municipality": "賀茂郡松崎町",
        "municipality_code": "22305",
        "urls": [
          "https://www.michi-no-eki.jp/stations/view/558",
          "http://www.cbr.mlit.go.jp/michinoeki/shizuoka/shizuoka03.html",
          "http://www.izu-matsuzaki.com/publics/index/55/"
        ]
      }
    },
    {
      "type": "Feature",
      "geometry": {
        "type": "Point",
        "coordinates": [
          138.926014,
          35.075604
        ]
      },
      "properties": {
        "name": "伊豆ゲートウェイ函南",
        "pref": "静岡県",
        "municipality": "田方郡函南町",
        "municipality_code": "22325",
        "urls": [
          "https://www.michi-no-eki.jp/stations/view/14146",
          "http://www.cbr.mlit.go.jp/michinoeki/shizuoka/shizuoka24.html",
          "http://www.town.kannami.shizuoka.jp/gyosei/machizukuri-toshi/michinoeki/index.html",
          "https://www.izugateway.com/"
        ]
      }
    },
    {
      "type": "Feature",
      "geometry": {
        "type": "Point",
        "coordinates": [
          138.858767299999,
          35.3627022
        ]
      },
      "properties": {
        "name": "すばしり",
        "pref": "静岡県",
        "municipality": "駿東郡小山町",
        "municipality_code": "22344",
        "urls": [
          "https://www.michi-no-eki.jp/stations/view/576",
          "http://www.cbr.mlit.go.jp/michinoeki/shizuoka/shizuoka21.html",
          "http://www.subashiri.jp/index.html"
        ]
      }
    },
    {
      "type": "Feature",
      "geometry": {
        "type": "Point",
        "coordinates": [
          138.9500838,
          35.3444505
        ]
      },
      "properties": {
        "name": "ふじおやま",
        "pref": "静岡県",
        "municipality": "駿東郡小山町",
        "municipality_code": "22344",
        "urls": [
          "https://www.michi-no-eki.jp/stations/view/572",
          "http://www.cbr.mlit.go.jp/michinoeki/shizuoka/shizuoka17.html",
          "http://www4.tokai.or.jp/fujioyama246/"
        ]
      }
    },
    {
      "type": "Feature",
      "geometry": {
        "type": "Point",
        "coordinates": [
          138.1078277,
          35.0704474
        ]
      },
      "properties": {
        "name": "フォーレなかかわね茶茗舘",
        "pref": "静岡県",
        "municipality": "榛原郡川根本町",
        "municipality_code": "22429",
        "urls": [
          "https://www.michi-no-eki.jp/stations/view/561",
          "http://www.cbr.mlit.go.jp/michinoeki/shizuoka/shizuoka06.html",
          "http://www.okuooi.gr.jp/wordpress/chameikan/"
        ]
      }
    },
    {
      "type": "Feature",
      "geometry": {
        "type": "Point",
        "coordinates": [
          138.136841685983,
          35.1084211207701
        ]
      },
      "properties": {
        "name": "奥大井音戯の郷",
        "pref": "静岡県",
        "municipality": "榛原郡川根本町",
        "municipality_code": "22429",
        "urls": [
          "https://www.michi-no-eki.jp/stations/view/563",
          "http://www.cbr.mlit.go.jp/michinoeki/shizuoka/shizuoka08.html",
          "http://www.otoginosato.com/"
        ]
      }
    },
    {
      "type": "Feature",
      "geometry": {
        "type": "Point",
        "coordinates": [
          137.2168536,
          34.9142483
        ]
      },
      "properties": {
        "name": "藤川宿",
        "pref": "愛知県",
        "municipality": "岡崎市",
        "municipality_code": "23202",
        "urls": [
          "https://www.michi-no-eki.jp/stations/view/593",
          "http://www.cbr.mlit.go.jp/michinoeki/aichi/aichi15.html",
          "http://fujikawa37.com/index.html"
        ]
      }
    },
    {
      "type": "Feature",
      "geometry": {
        "type": "Point",
        "coordinates": [
          137.115081799999,
          35.2423483
        ]
      },
      "properties": {
        "name": "瀬戸しなの",
        "pref": "愛知県",
        "municipality": "瀬戸市",
        "municipality_code": "23204",
        "urls": [
          "https://www.michi-no-eki.jp/stations/view/592",
          "http://www.cbr.mlit.go.jp/michinoeki/aichi/aichi14.html",
          "http://www.setoshinano.jp/"
        ]
      }
    },
    {
      "type": "Feature",
      "geometry": {
        "type": "Point",
        "coordinates": [
          137.503069357672,
          35.2139047729337
        ]
      },
      "properties": {
        "name": "どんぐりの里 いなぶ",
        "pref": "愛知県",
        "municipality": "豊田市",
        "municipality_code": "23211",
        "urls": [
          "https://www.michi-no-eki.jp/stations/view/584",
          "http://www.cbr.mlit.go.jp/michinoeki/aichi/aichi06.html",
          "http://www.dongurinosato.com/"
        ]
      }
    },
    {
      "type": "Feature",
      "geometry": {
        "type": "Point",
        "coordinates": [
          137.058186449845,
          34.9305143344235
        ]
      },
      "properties": {
        "name": "デンパーク安城",
        "pref": "愛知県",
        "municipality": "安城市",
        "municipality_code": "23212",
        "urls": [
          "https://www.michi-no-eki.jp/stations/view/586",
          "http://www.cbr.mlit.go.jp/michinoeki/aichi/aichi08.html",
          "http://www.denpark.jp/"
        ]
      }
    },
    {
      "type": "Feature",
      "geometry": {
        "type": "Point",
        "coordinates": [
          137.0831113,
          34.8767959
        ]
      },
      "properties": {
        "name": "にしお岡ノ山",
        "pref": "愛知県",
        "municipality": "西尾市",
        "municipality_code": "23213",
        "urls": [
          "https://www.michi-no-eki.jp/stations/view/591",
          "http://www.cbr.mlit.go.jp/michinoeki/aichi/aichi13.html",
          "http://okanoyama.com/"
        ]
      }
    },
    {
      "type": "Feature",
      "geometry": {
        "type": "Point",
        "coordinates": [
          137.420692,
          34.9631966
        ]
      },
      "properties": {
        "name": "つくで手作り村",
        "pref": "愛知県",
        "municipality": "新城市",
        "municipality_code": "23221",
        "urls": [
          "https://www.michi-no-eki.jp/stations/view/587",
          "http://www.cbr.mlit.go.jp/michinoeki/aichi/aichi09.html",
          "http://www.tsukude.com/"
        ]
      }
    },
    {
      "type": "Feature",
      "geometry": {
        "type": "Point",
        "coordinates": [
          137.5337,
          34.91757
        ]
      },
      "properties": {
        "name": "もっくる新城",
        "pref": "愛知県",
        "municipality": "新城市",
        "municipality_code": "23221",
        "urls": [
          "https://www.michi-no-eki.jp/stations/view/594",
          "http://www.cbr.mlit.go.jp/michinoeki/aichi/aichi16.html",
          "http://mokkulu.jp/"
        ]
      }
    },
    {
      "type": "Feature",
      "geometry": {
        "type": "Point",
        "coordinates": [
          137.613393099999,
          34.9025911
        ]
      },
      "properties": {
        "name": "鳳来三河三石",
        "pref": "愛知県",
        "municipality": "新城市",
        "municipality_code": "23221",
        "urls": [
          "https://www.michi-no-eki.jp/stations/view/580",
          "http://www.cbr.mlit.go.jp/michinoeki/aichi/aichi02.html",
          "https://www.okuminavi.jp/search/detail.php?id=169"
        ]
      }
    },
    {
      "type": "Feature",
      "geometry": {
        "type": "Point",
        "coordinates": [
          137.1893809,
          34.6077776
        ]
      },
      "properties": {
        "name": "あかばねロコステーション",
        "pref": "愛知県",
        "municipality": "田原市",
        "municipality_code": "23231",
        "urls": [
          "https://www.michi-no-eki.jp/stations/view/589",
          "http://www.cbr.mlit.go.jp/michinoeki/aichi/aichi11.html",
          "http://taharamichinoeki.com/"
        ]
      }
    },
    {
      "type": "Feature",
      "geometry": {
        "type": "Point",
        "coordinates": [
          137.020198234393,
          34.5836256978391
        ]
      },
      "properties": {
        "name": "伊良湖クリスタルポルト",
        "pref": "愛知県",
        "municipality": "田原市",
        "municipality_code": "23231",
        "urls": [
          "https://www.michi-no-eki.jp/stations/view/582",
          "http://www.cbr.mlit.go.jp/michinoeki/aichi/aichi04.html",
          "http://irago.net/port/"
        ]
      }
    },
    {
      "type": "Feature",
      "geometry": {
        "type": "Point",
        "coordinates": [
          137.272428,
          34.6613618
        ]
      },
      "properties": {
        "name": "田原めっくんはうす",
        "pref": "愛知県",
        "municipality": "田原市",
        "municipality_code": "23231",
        "urls": [
          "https://www.michi-no-eki.jp/stations/view/581",
          "http://www.cbr.mlit.go.jp/michinoeki/aichi/aichi03.html",
          "http://taharamichinoeki.com/"
        ]
      }
    },
    {
      "type": "Feature",
      "geometry": {
        "type": "Point",
        "coordinates": [
          136.6949567,
          35.1442911
        ]
      },
      "properties": {
        "name": "立田ふれあいの里",
        "pref": "愛知県",
        "municipality": "愛西市",
        "municipality_code": "23232",
        "urls": [
          "https://www.michi-no-eki.jp/stations/view/588",
          "http://www.cbr.mlit.go.jp/michinoeki/aichi/aichi10.html",
          "http://www.tatsuta-fureai.com/"
        ]
      }
    },
    {
      "type": "Feature",
      "geometry": {
        "type": "Point",
        "coordinates": [
          137.138304,
          34.8485237
        ]
      },
      "properties": {
        "name": "筆柿の里・幸田",
        "pref": "愛知県",
        "municipality": "額田郡幸田町",
        "municipality_code": "23501",
        "urls": [
          "https://www.michi-no-eki.jp/stations/view/590",
          "http://www.cbr.mlit.go.jp/michinoeki/aichi/aichi12.html",
          "http://www.fudegaki-sato.com/"
        ]
      }
    },
    {
      "type": "Feature",
      "geometry": {
        "type": "Point",
        "coordinates": [
          137.6091672,
          35.1975534
        ]
      },
      "properties": {
        "name": "つぐ高原グリーンパーク",
        "pref": "愛知県",
        "municipality": "北設楽郡設楽町",
        "municipality_code": "23561",
        "urls": [
          "https://www.michi-no-eki.jp/stations/view/583",
          "http://www.cbr.mlit.go.jp/michinoeki/aichi/aichi05.html",
          "http://www.green-park.net/"
        ]
      }
    },
    {
      "type": "Feature",
      "geometry": {
        "type": "Point",
        "coordinates": [
          137.5347209,
          35.1729675
        ]
      },
      "properties": {
        "name": "アグリステーションなぐら",
        "pref": "愛知県",
        "municipality": "北設楽郡設楽町",
        "municipality_code": "23561",
        "urls": [
          "https://www.michi-no-eki.jp/stations/view/585",
          "http://www.cbr.mlit.go.jp/michinoeki/aichi/aichi07.html",
          "http://aguri.hs.plala.or.jp/"
        ]
      }
    },
    {
      "type": "Feature",
      "geometry": {
        "type": "Point",
        "coordinates": [
          137.6826773,
          35.1791637
        ]
      },
      "properties": {
        "name": "豊根グリーンポート宮嶋",
        "pref": "愛知県",
        "municipality": "北設楽郡豊根村",
        "municipality_code": "23563",
        "urls": [
          "https://www.michi-no-eki.jp/stations/view/579",
          "http://www.cbr.mlit.go.jp/michinoeki/aichi/aichi01.html",
          "http://www.chausuyama.jp/miyajima"
        ]
      }
    },
    {
      "type": "Feature",
      "geometry": {
        "type": "Point",
        "coordinates": [
          136.5179906,
          34.7967069
        ]
      },
      "properties": {
        "name": "津かわげ",
        "pref": "三重県",
        "municipality": "津市",
        "municipality_code": "24201",
        "urls": [
          "https://www.michi-no-eki.jp/stations/view/9741",
          "http://www.cbr.mlit.go.jp/michinoeki/mie/mie16.html",
          "http://www.tsukawage.com/",
          "http://www.cbr.mlit.go.jp/michinoeki/pdf/kawage.pdf"
        ]
      }
    },
    {
      "type": "Feature",
      "geometry": {
        "type": "Point",
        "coordinates": [
          136.306807199999,
          34.5116756
        ]
      },
      "properties": {
        "name": "美杉",
        "pref": "三重県",
        "municipality": "津市",
        "municipality_code": "24201",
        "urls": [
          "https://www.michi-no-eki.jp/stations/view/604",
          "http://www.cbr.mlit.go.jp/michinoeki/mie/mie10.html",
          "https://www.kankomie.or.jp/spot/detail_3967.html"
        ]
      }
    },
    {
      "type": "Feature",
      "geometry": {
        "type": "Point",
        "coordinates": [
          136.3982131,
          34.4603762
        ]
      },
      "properties": {
        "name": "茶倉駅",
        "pref": "三重県",
        "municipality": "松阪市",
        "municipality_code": "24204",
        "urls": [
          "https://www.michi-no-eki.jp/stations/view/602",
          "http://www.cbr.mlit.go.jp/michinoeki/mie/mie08.html",
          "http://chakra-village.jp/eki/topeki.html"
        ]
      }
    },
    {
      "type": "Feature",
      "geometry": {
        "type": "Point",
        "coordinates": [
          136.3319507,
          34.4275673
        ]
      },
      "properties": {
        "name": "飯高駅",
        "pref": "三重県",
        "municipality": "松阪市",
        "municipality_code": "24204",
        "urls": [
          "https://www.michi-no-eki.jp/stations/view/595",
          "http://www.cbr.mlit.go.jp/michinoeki/mie/mie01.html",
          "http://www.iitakaeki.com/"
        ]
      }
    },
    {
      "type": "Feature",
      "geometry": {
        "type": "Point",
        "coordinates": [
          136.3926996,
          34.849508
        ]
      },
      "properties": {
        "name": "関宿",
        "pref": "三重県",
        "municipality": "亀山市",
        "municipality_code": "24210",
        "urls": [
          "https://www.michi-no-eki.jp/stations/view/605",
          "http://www.cbr.mlit.go.jp/michinoeki/mie/mie11.html",
          "http://www.kameyama-kanko.com/home/genre/souvenir/a001/"
        ]
      }
    },
    {
      "type": "Feature",
      "geometry": {
        "type": "Point",
        "coordinates": [
          136.1042538,
          33.959915
        ]
      },
      "properties": {
        "name": "熊野きのくに",
        "pref": "三重県",
        "municipality": "熊野市",
        "municipality_code": "24212",
        "urls": [
          "https://www.michi-no-eki.jp/stations/view/601",
          "http://www.cbr.mlit.go.jp/michinoeki/mie/mie07.html",
          "http://www.kinokuni-dc.com/"
        ]
      }
    },
    {
      "type": "Feature",
      "geometry": {
        "type": "Point",
        "coordinates": [
          135.915236,
          33.876518
        ]
      },
      "properties": {
        "name": "熊野・板屋 九郎兵衛の里",
        "pref": "三重県",
        "municipality": "熊野市",
        "municipality_code": "24212",
        "urls": [
          "https://www.michi-no-eki.jp/stations/view/14179",
          "http://www.cbr.mlit.go.jp/michinoeki/mie/mie18.pdf"
        ]
      }
    },
    {
      "type": "Feature",
      "geometry": {
        "type": "Point",
        "coordinates": [
          136.092541,
          33.878939
        ]
      },
      "properties": {
        "name": "熊野・花の窟",
        "pref": "三重県",
        "municipality": "熊野市",
        "municipality_code": "24212",
        "urls": [
          "https://www.michi-no-eki.jp/stations/view/11979",
          "http://www.cbr.mlit.go.jp/michinoeki/mie/mie17.html"
        ]
      }
    },
    {
      "type": "Feature",
      "geometry": {
        "type": "Point",
        "coordinates": [
          136.7989126,
          34.3594609
        ]
      },
      "properties": {
        "name": "伊勢志摩",
        "pref": "三重県",
        "municipality": "志摩市",
        "municipality_code": "24215",
        "urls": [
          "https://www.michi-no-eki.jp/stations/view/606",
          "http://www.cbr.mlit.go.jp/michinoeki/mie/mie12.html",
          "https://www.kankomie.or.jp/spot/detail_3980.html"
        ]
      }
    },
    {
      "type": "Feature",
      "geometry": {
        "type": "Point",
        "coordinates": [
          136.1709955,
          34.8445672
        ]
      },
      "properties": {
        "name": "あやま",
        "pref": "三重県",
        "municipality": "伊賀市",
        "municipality_code": "24216",
        "urls": [
          "https://www.michi-no-eki.jp/stations/view/608",
          "http://www.cbr.mlit.go.jp/michinoeki/mie/mie14.html",
          "http://www.michinoeki-ayama.jp/"
        ]
      }
    },
    {
      "type": "Feature",
      "geometry": {
        "type": "Point",
        "coordinates": [
          136.2534017,
          34.8371363
        ]
      },
      "properties": {
        "name": "いが",
        "pref": "三重県",
        "municipality": "伊賀市",
        "municipality_code": "24216",
        "urls": [
          "https://www.michi-no-eki.jp/stations/view/609",
          "http://www.cbr.mlit.go.jp/michinoeki/mie/mie15.html",
          "http://www.anzen-kameyama.jp/original.html#02"
        ]
      }
    },
    {
      "type": "Feature",
      "geometry": {
        "type": "Point",
        "coordinates": [
          136.5030552,
          35.013663
        ]
      },
      "properties": {
        "name": "菰野",
        "pref": "三重県",
        "municipality": "三重郡菰野町",
        "municipality_code": "24341",
        "urls": [
          "https://www.michi-no-eki.jp/stations/view/596",
          "http://www.cbr.mlit.go.jp/michinoeki/mie/mie02.html",
          "http://www.kanko-komono.com/michinoeki/"
        ]
      }
    },
    {
      "type": "Feature",
      "geometry": {
        "type": "Point",
        "coordinates": [
          136.4085972,
          34.3938706
        ]
      },
      "properties": {
        "name": "奥伊勢おおだい",
        "pref": "三重県",
        "municipality": "多気郡大台町",
        "municipality_code": "24443",
        "urls": [
          "https://www.michi-no-eki.jp/stations/view/603",
          "http://www.cbr.mlit.go.jp/michinoeki/mie/mie09.html",
          "http://www.okuise-odai.jp/"
        ]
      }
    },
    {
      "type": "Feature",
      "geometry": {
        "type": "Point",
        "coordinates": [
          136.418877299999,
          34.3675907
        ]
      },
      "properties": {
        "name": "奥伊勢木つつ木館",
        "pref": "三重県",
        "municipality": "度会郡大紀町",
        "municipality_code": "24471",
        "urls": [
          "https://www.michi-no-eki.jp/stations/view/600",
          "http://www.cbr.mlit.go.jp/michinoeki/mie/mie06.html",
          "http://kitsutsuki.tk/"
        ]
      }
    },
    {
      "type": "Feature",
      "geometry": {
        "type": "Point",
        "coordinates": [
          136.214084,
          34.102363
        ]
      },
      "properties": {
        "name": "海山",
        "pref": "三重県",
        "municipality": "北牟婁郡紀北町",
        "municipality_code": "24543",
        "urls": [
          "https://www.michi-no-eki.jp/stations/view/599",
          "http://www.cbr.mlit.go.jp/michinoeki/mie/mie05.html",
          "http://michinoeki-miyama.com/"
        ]
      }
    },
    {
      "type": "Feature",
      "geometry": {
        "type": "Point",
        "coordinates": [
          136.3466595,
          34.2172444
        ]
      },
      "properties": {
        "name": "紀伊長島マンボウ",
        "pref": "三重県",
        "municipality": "北牟婁郡紀北町",
        "municipality_code": "24543",
        "urls": [
          "https://www.michi-no-eki.jp/stations/view/607",
          "http://www.cbr.mlit.go.jp/michinoeki/mie/mie13.html",
          "http://www.za.ztv.ne.jp/manbou/"
        ]
      }
    },
    {
      "type": "Feature",
      "geometry": {
        "type": "Point",
        "coordinates": [
          136.0431051,
          33.8035647
        ]
      },
      "properties": {
        "name": "パーク七里御浜",
        "pref": "三重県",
        "municipality": "南牟婁郡御浜町",
        "municipality_code": "24561",
        "urls": [
          "https://www.michi-no-eki.jp/stations/view/598",
          "http://www.cbr.mlit.go.jp/michinoeki/mie/mie04.html",
          "http://michinoeki-mihama.com/"
        ]
      }
    },
    {
      "type": "Feature",
      "geometry": {
        "type": "Point",
        "coordinates": [
          136.0284344,
          33.7698186
        ]
      },
      "properties": {
        "name": "紀宝町ウミガメ公園",
        "pref": "三重県",
        "municipality": "南牟婁郡紀宝町",
        "municipality_code": "24562",
        "urls": [
          "https://www.michi-no-eki.jp/stations/view/597",
          "http://www.cbr.mlit.go.jp/michinoeki/mie/mie03.html",
          "http://www.town.kiho.mie.jp/umigame/"
        ]
      }
    },
    {
      "type": "Feature",
      "geometry": {
        "type": "Point",
        "coordinates": [
          135.9281834,
          35.1246283
        ]
      },
      "properties": {
        "name": "びわ湖大橋米プラザ",
        "pref": "滋賀県",
        "municipality": "大津市",
        "municipality_code": "25201",
        "urls": [
          "https://www.michi-no-eki.jp/stations/view/628",
          "http://www.kkr.mlit.go.jp/road/michi_no_eki/contents/shiga/biwakoohishikomeplaza.html",
          "http://www.umino-eki.jp/biwakoohashi/index.html"
        ]
      }
    },
    {
      "type": "Feature",
      "geometry": {
        "type": "Point",
        "coordinates": [
          135.9015502,
          35.1598017
        ]
      },
      "properties": {
        "name": "妹子の郷",
        "pref": "滋賀県",
        "municipality": "大津市",
        "municipality_code": "25201",
        "urls": [
          "https://www.michi-no-eki.jp/stations/view/640",
          "http://www.kkr.mlit.go.jp/road/michi_no_eki/contents/shiga/imokonosato.html",
          "http://www.imokonosato.com/"
        ]
      }
    },
    {
      "type": "Feature",
      "geometry": {
        "type": "Point",
        "coordinates": [
          136.162805,
          35.5205935
        ]
      },
      "properties": {
        "name": "塩津海道あぢかまの里",
        "pref": "滋賀県",
        "municipality": "長浜市",
        "municipality_code": "25203",
        "urls": [
          "https://www.michi-no-eki.jp/stations/view/638",
          "http://www.kkr.mlit.go.jp/road/michi_no_eki/contents/shiga/adikama.html",
          "http://www.koti.jp/"
        ]
      }
    },
    {
      "type": "Feature",
      "geometry": {
        "type": "Point",
        "coordinates": [
          136.3054291,
          35.4300512
        ]
      },
      "properties": {
        "name": "浅井三姉妹の郷",
        "pref": "滋賀県",
        "municipality": "長浜市",
        "municipality_code": "25203",
        "urls": [
          "https://www.michi-no-eki.jp/stations/view/9742",
          "http://www.kkr.mlit.go.jp/road/michi_no_eki/contents/shiga/azaisansimai.html",
          "http://azai3-st.jp/"
        ]
      }
    },
    {
      "type": "Feature",
      "geometry": {
        "type": "Point",
        "coordinates": [
          136.190765,
          35.4450126
        ]
      },
      "properties": {
        "name": "湖北みずどりステーション",
        "pref": "滋賀県",
        "municipality": "長浜市",
        "municipality_code": "25203",
        "urls": [
          "https://www.michi-no-eki.jp/stations/view/631",
          "http://www.kkr.mlit.go.jp/road/michi_no_eki/contents/shiga/kohokumizudoristation.html",
          "http://www.mizudori-st.co.jp"
        ]
      }
    },
    {
      "type": "Feature",
      "geometry": {
        "type": "Point",
        "coordinates": [
          135.9392505,
          35.0700321
        ]
      },
      "properties": {
        "name": "草津",
        "pref": "滋賀県",
        "municipality": "草津市",
        "municipality_code": "25206",
        "urls": [
          "https://www.michi-no-eki.jp/stations/view/632",
          "http://www.kkr.mlit.go.jp/road/michi_no_eki/contents/shiga/kusatsu.html",
          "http://www.karasuma.co.jp/"
        ]
      }
    },
    {
      "type": "Feature",
      "geometry": {
        "type": "Point",
        "coordinates": [
          136.0391198,
          34.9683823
        ]
      },
      "properties": {
        "name": "こんぜの里りっとう",
        "pref": "滋賀県",
        "municipality": "栗東市",
        "municipality_code": "25208",
        "urls": [
          "https://www.michi-no-eki.jp/stations/view/630",
          "http://www.kkr.mlit.go.jp/road/michi_no_eki/contents/shiga/konzenosatorittou.html",
          "http://ritto-konze-no-sato.or.jp/"
        ]
      }
    },
    {
      "type": "Feature",
      "geometry": {
        "type": "Point",
        "coordinates": [
          136.0015367,
          35.0387341
        ]
      },
      "properties": {
        "name": "アグリの郷栗東",
        "pref": "滋賀県",
        "municipality": "栗東市",
        "municipality_code": "25208",
        "urls": [
          "https://www.michi-no-eki.jp/stations/view/634",
          "http://www.kkr.mlit.go.jp/road/michi_no_eki/contents/shiga/agurinosatorittou.html",
          "http://www.agurinosato.com/"
        ]
      }
    },
    {
      "type": "Feature",
      "geometry": {
        "type": "Point",
        "coordinates": [
          136.2956751,
          34.9277903
        ]
      },
      "properties": {
        "name": "あいの土山",
        "pref": "滋賀県",
        "municipality": "甲賀市",
        "municipality_code": "25209",
        "urls": [
          "https://www.michi-no-eki.jp/stations/view/624",
          "http://www.kkr.mlit.go.jp/road/michi_no_eki/contents/shiga/ainotsuchiyama.html",
          "http://www.ainotutiyama.co.jp/"
        ]
      }
    },
    {
      "type": "Feature",
      "geometry": {
        "type": "Point",
        "coordinates": [
          135.9156479,
          35.3510891
        ]
      },
      "properties": {
        "name": "くつき新本陣",
        "pref": "滋賀県",
        "municipality": "高島市",
        "municipality_code": "25212",
        "urls": [
          "https://www.michi-no-eki.jp/stations/view/625",
          "http://www.kkr.mlit.go.jp/road/michi_no_eki/contents/shiga/kutsukishinhonjin.html",
          "http://www.zb.ztv.ne.jp/kutsuki-sinhonjin/index.html"
        ]
      }
    },
    {
      "type": "Feature",
      "geometry": {
        "type": "Point",
        "coordinates": [
          136.0670325,
          35.3504496
        ]
      },
      "properties": {
        "name": "しんあさひ風車村",
        "pref": "滋賀県",
        "municipality": "高島市",
        "municipality_code": "25212",
        "urls": [
          "https://www.michi-no-eki.jp/stations/view/626",
          "http://www.kkr.mlit.go.jp/road/michi_no_eki/contents/shiga/shinasahi.html",
          "http://www.city.takashima.lg.jp/www/contents/1459467509397/index.html"
        ]
      }
    },
    {
      "type": "Feature",
      "geometry": {
        "type": "Point",
        "coordinates": [
          136.0830386,
          35.481102
        ]
      },
      "properties": {
        "name": "マキノ追坂峠",
        "pref": "滋賀県",
        "municipality": "高島市",
        "municipality_code": "25212",
        "urls": [
          "https://www.michi-no-eki.jp/stations/view/635",
          "http://www.kkr.mlit.go.jp/road/michi_no_eki/contents/shiga/makinoossakatouge.html",
          "http://www.ossaka-touge.com/"
        ]
      }
    },
    {
      "type": "Feature",
      "geometry": {
        "type": "Point",
        "coordinates": [
          136.0300086,
          35.3261987
        ]
      },
      "properties": {
        "name": "藤樹の里あどがわ",
        "pref": "滋賀県",
        "municipality": "高島市",
        "municipality_code": "25212",
        "urls": [
          "https://www.michi-no-eki.jp/stations/view/636",
          "http://www.kkr.mlit.go.jp/road/michi_no_eki/contents/shiga/adogawa.html",
          "http://adogawa.net/"
        ]
      }
    },
    {
      "type": "Feature",
      "geometry": {
        "type": "Point",
        "coordinates": [
          136.371792,
          35.105711
        ]
      },
      "properties": {
        "name": "奥永源寺渓流の里",
        "pref": "滋賀県",
        "municipality": "東近江市",
        "municipality_code": "25213",
        "urls": [
          "https://www.michi-no-eki.jp/stations/view/641",
          "http://www.kkr.mlit.go.jp/road/michi_no_eki/contents/shiga/okueigenji.html",
          "http://www.okueigenji-keiryunosato.com/"
        ]
      }
    },
    {
      "type": "Feature",
      "geometry": {
        "type": "Point",
        "coordinates": [
          136.2587666,
          35.1097186
        ]
      },
      "properties": {
        "name": "東近江市あいとうマーガレットステーション",
        "pref": "滋賀県",
        "municipality": "東近江市",
        "municipality_code": "25213",
        "urls": [
          "https://www.michi-no-eki.jp/stations/view/627",
          "http://www.kkr.mlit.go.jp/road/michi_no_eki/contents/shiga/margueritestation.html",
          "http://www.aito-ms.or.jp/"
        ]
      }
    },
    {
      "type": "Feature",
      "geometry": {
        "type": "Point",
        "coordinates": [
          136.3709852,
          35.3968414
        ]
      },
      "properties": {
        "name": "伊吹の里",
        "pref": "滋賀県",
        "municipality": "米原市",
        "municipality_code": "25214",
        "urls": [
          "https://www.michi-no-eki.jp/stations/view/637",
          "http://www.kkr.mlit.go.jp/road/michi_no_eki/contents/shiga/ibukinosato.html",
          "http://www.city.maibara.lg.jp/0000001621.html"
        ]
      }
    },
    {
      "type": "Feature",
      "geometry": {
        "type": "Point",
        "coordinates": [
          136.2777302,
          35.3432724
        ]
      },
      "properties": {
        "name": "近江母の郷",
        "pref": "滋賀県",
        "municipality": "米原市",
        "municipality_code": "25214",
        "urls": [
          "https://www.michi-no-eki.jp/stations/view/629",
          "http://www.kkr.mlit.go.jp/road/michi_no_eki/contents/shiga/omihahanosato.html",
          "http://www.omihahanosato.jp/"
        ]
      }
    },
    {
      "type": "Feature",
      "geometry": {
        "type": "Point",
        "coordinates": [
          136.1452664,
          35.0436549
        ]
      },
      "properties": {
        "name": "アグリパーク竜王",
        "pref": "滋賀県",
        "municipality": "蒲生郡竜王町",
        "municipality_code": "25384",
        "urls": [
          "https://www.michi-no-eki.jp/stations/view/7995",
          "http://www.kkr.mlit.go.jp/road/michi_no_eki/contents/shiga/aguriparkryuou.html",
          "http://www.biwa.ne.jp/~aguri-p/"
        ]
      }
    },
    {
      "type": "Feature",
      "geometry": {
        "type": "Point",
        "coordinates": [
          136.079297,
          35.085777
        ]
      },
      "properties": {
        "name": "竜王かがみの里",
        "pref": "滋賀県",
        "municipality": "蒲生郡竜王町",
        "municipality_code": "25384",
        "urls": [
          "https://www.michi-no-eki.jp/stations/view/633",
          "http://www.kkr.mlit.go.jp/road/michi_no_eki/contents/shiga/ryuoukagaminosato.html",
          "http://www.rmc.ne.jp/kagaminosato/"
        ]
      }
    },
    {
      "type": "Feature",
      "geometry": {
        "type": "Point",
        "coordinates": [
          136.2755566,
          35.2018443
        ]
      },
      "properties": {
        "name": "せせらぎの里こうら",
        "pref": "滋賀県",
        "municipality": "犬上郡甲良町",
        "municipality_code": "25442",
        "urls": [
          "https://www.michi-no-eki.jp/stations/view/639",
          "http://www.kkr.mlit.go.jp/road/michi_no_eki/contents/shiga/seseraginosato.html",
          "http://www.m-koura.jp/"
        ]
      }
    },
    {
      "type": "Feature",
      "geometry": {
        "type": "Point",
        "coordinates": [
          135.633108,
          35.1558354
        ]
      },
      "properties": {
        "name": "ウッディー京北",
        "pref": "京都府",
        "municipality": "京都市",
        "municipality_code": "26100",
        "urls": [
          "https://www.michi-no-eki.jp/stations/view/654",
          "http://www.kkr.mlit.go.jp/road/michi_no_eki/contents/kyoto/woodykeihoku.html",
          "http://fuw.jp/woody/"
        ]
      }
    },
    {
      "type": "Feature",
      "geometry": {
        "type": "Point",
        "coordinates": [
          134.929796,
          35.3383704
        ]
      },
      "properties": {
        "name": "農匠の郷やくの",
        "pref": "京都府",
        "municipality": "福知山市",
        "municipality_code": "26201",
        "urls": [
          "https://www.michi-no-eki.jp/stations/view/649",
          "http://www.kkr.mlit.go.jp/road/michi_no_eki/contents/kyoto/yakuno.html",
          "http://www.kyoto-kankou.or.jp/info_search/?id=5981&r=1518052953.5564"
        ]
      }
    },
    {
      "type": "Feature",
      "geometry": {
        "type": "Point",
        "coordinates": [
          135.3145072,
          35.450349
        ]
      },
      "properties": {
        "name": "舞鶴港とれとれセンター",
        "pref": "京都府",
        "municipality": "舞鶴市",
        "municipality_code": "26202",
        "urls": [
          "https://www.michi-no-eki.jp/stations/view/650",
          "http://www.kkr.mlit.go.jp/road/michi_no_eki/contents/kyoto/toretorecenter.html",
          "http://www.toretore.org/"
        ]
      }
    },
    {
      "type": "Feature",
      "geometry": {
        "type": "Point",
        "coordinates": [
          135.1939786,
          35.5383355
        ]
      },
      "properties": {
        "name": "海の京都 宮津",
        "pref": "京都府",
        "municipality": "宮津市",
        "municipality_code": "26205",
        "urls": [
          "https://www.michi-no-eki.jp/stations/view/9743",
          "http://www.kkr.mlit.go.jp/road/michi_no_eki/contents/kyoto/uminokyoutomiyazu.html",
          "http://michinoeki-miyazu.jp/"
        ]
      }
    },
    {
      "type": "Feature",
      "geometry": {
        "type": "Point",
        "coordinates": [
          135.566682,
          35.0145442
        ]
      },
      "properties": {
        "name": "ガレリアかめおか",
        "pref": "京都府",
        "municipality": "亀岡市",
        "municipality_code": "26206",
        "urls": [
          "https://www.michi-no-eki.jp/stations/view/646",
          "http://www.kkr.mlit.go.jp/road/michi_no_eki/contents/kyoto/gareriakameoka.html",
          "http://www.galleria.city.kameoka.kyoto.jp/"
        ]
      }
    },
    {
      "type": "Feature",
      "geometry": {
        "type": "Point",
        "coordinates": [
          134.9319473,
          35.6304672
        ]
      },
      "properties": {
        "name": "くみはまSANKAIKAN",
        "pref": "京都府",
        "municipality": "京丹後市",
        "municipality_code": "26212",
        "urls": [
          "https://www.michi-no-eki.jp/stations/view/655",
          "http://www.kkr.mlit.go.jp/road/michi_no_eki/contents/kyoto/kumihamasankaikan.html",
          "http://www.sankaikan.net/"
        ]
      }
    },
    {
      "type": "Feature",
      "geometry": {
        "type": "Point",
        "coordinates": [
          135.1052393,
          35.7390035
        ]
      },
      "properties": {
        "name": "てんきてんき丹後",
        "pref": "京都府",
        "municipality": "京丹後市",
        "municipality_code": "26212",
        "urls": [
          "https://www.michi-no-eki.jp/stations/view/644",
          "http://www.kkr.mlit.go.jp/road/michi_no_eki/contents/kyoto/tenkitenkitango.html",
          "http://tenkitenki-mura.jp/"
        ]
      }
    },
    {
      "type": "Feature",
      "geometry": {
        "type": "Point",
        "coordinates": [
          135.0681027,
          35.6746549
        ]
      },
      "properties": {
        "name": "丹後王国「食のみやこ」",
        "pref": "京都府",
        "municipality": "京丹後市",
        "municipality_code": "26212",
        "urls": [
          "https://www.michi-no-eki.jp/stations/view/652",
          "http://www.kkr.mlit.go.jp/road/michi_no_eki/contents/kyoto/tangooukoku.html",
          "https://tango-kingdom.com/"
        ]
      }
    },
    {
      "type": "Feature",
      "geometry": {
        "type": "Point",
        "coordinates": [
          135.517810225409,
          35.1524243822895
        ]
      },
      "properties": {
        "name": "スプリングスひよし",
        "pref": "京都府",
        "municipality": "南丹市",
        "municipality_code": "26213",
        "urls": [
          "https://www.michi-no-eki.jp/stations/view/656",
          "http://www.kkr.mlit.go.jp/road/michi_no_eki/contents/kyoto/springshiyoshi.html",
          "http://www.springs-hiyoshi.co.jp/"
        ]
      }
    },
    {
      "type": "Feature",
      "geometry": {
        "type": "Point",
        "coordinates": [
          135.482213,
          35.123886
        ]
      },
      "properties": {
        "name": "京都新光悦村",
        "pref": "京都府",
        "municipality": "南丹市",
        "municipality_code": "26213",
        "urls": [
          "https://www.michi-no-eki.jp/stations/view/651",
          "http://www.kkr.mlit.go.jp/road/michi_no_eki/contents/kyoto/shinkoetsu.html",
          "http://www.cans.zaq.ne.jp/ekikouetsu/"
        ]
      }
    },
    {
      "type": "Feature",
      "geometry": {
        "type": "Point",
        "coordinates": [
          135.588035,
          35.277121
        ]
      },
      "properties": {
        "name": "美山ふれあい広場",
        "pref": "京都府",
        "municipality": "南丹市",
        "municipality_code": "26213",
        "urls": [
          "https://www.michi-no-eki.jp/stations/view/653",
          "http://www.kkr.mlit.go.jp/road/michi_no_eki/contents/kyoto/miyamafureaihiroba.html",
          "http://www.miyamanavi.net/kan0005/"
        ]
      }
    },
    {
      "type": "Feature",
      "geometry": {
        "type": "Point",
        "coordinates": [
          136.024007,
          34.765472
        ]
      },
      "properties": {
        "name": "お茶の京都 みなみやましろ村",
        "pref": "京都府",
        "municipality": "相楽郡南山城村",
        "municipality_code": "26367",
        "urls": [
          "https://www.michi-no-eki.jp/stations/view/14148",
          "http://www.kkr.mlit.go.jp/road/michi_no_eki/contents/kyoto/ocyanokyotominamiyamashiromura.html",
          "https://michinoeki.kyoto.jp/"
        ]
      }
    },
    {
      "type": "Feature",
      "geometry": {
        "type": "Point",
        "coordinates": [
          135.4287046,
          35.154813
        ]
      },
      "properties": {
        "name": "丹波マーケス",
        "pref": "京都府",
        "municipality": "船井郡京丹波町",
        "municipality_code": "26407",
        "urls": [
          "https://www.michi-no-eki.jp/stations/view/647",
          "http://www.kkr.mlit.go.jp/road/michi_no_eki/contents/kyoto/tanbamakesu.html",
          "http://www.tamba-markeds.com/"
        ]
      }
    },
    {
      "type": "Feature",
      "geometry": {
        "type": "Point",
        "coordinates": [
          135.426755,
          35.149554
        ]
      },
      "properties": {
        "name": "京丹波 味夢の里",
        "pref": "京都府",
        "municipality": "船井郡京丹波町",
        "municipality_code": "26407",
        "urls": [
          "https://www.michi-no-eki.jp/stations/view/657",
          "http://www.kkr.mlit.go.jp/road/michi_no_eki/contents/kyoto/kyotambaajimnosato.html",
          "http://ajim.info/"
        ]
      }
    },
    {
      "type": "Feature",
      "geometry": {
        "type": "Point",
        "coordinates": [
          135.3975594,
          35.2702495
        ]
      },
      "properties": {
        "name": "和",
        "pref": "京都府",
        "municipality": "船井郡京丹波町",
        "municipality_code": "26407",
        "urls": [
          "https://www.michi-no-eki.jp/stations/view/645",
          "http://www.kkr.mlit.go.jp/road/michi_no_eki/contents/kyoto/nagomi.html",
          "http://wachi-nagomi.com/"
        ]
      }
    },
    {
      "type": "Feature",
      "geometry": {
        "type": "Point",
        "coordinates": [
          135.3613852,
          35.1672997
        ]
      },
      "properties": {
        "name": "瑞穂の里・さらびき",
        "pref": "京都府",
        "municipality": "船井郡京丹波町",
        "municipality_code": "26407",
        "urls": [
          "https://www.michi-no-eki.jp/stations/view/648",
          "http://www.kkr.mlit.go.jp/road/michi_no_eki/contents/kyoto/mizuhonosatosarabiki.html",
          "http://www.greenlandmizuho.co.jp/"
        ]
      }
    },
    {
      "type": "Feature",
      "geometry": {
        "type": "Point",
        "coordinates": [
          135.2910882,
          35.6746353
        ]
      },
      "properties": {
        "name": "舟屋の里伊根",
        "pref": "京都府",
        "municipality": "与謝郡伊根町",
        "municipality_code": "26463",
        "urls": [
          "https://www.michi-no-eki.jp/stations/view/642",
          "http://www.kkr.mlit.go.jp/road/michi_no_eki/contents/kyoto/funayanosatoine.html",
          "http://www.funaya.org/"
        ]
      }
    },
    {
      "type": "Feature",
      "geometry": {
        "type": "Point",
        "coordinates": [
          135.0936255,
          35.4815585
        ]
      },
      "properties": {
        "name": "シルクのまち かや",
        "pref": "京都府",
        "municipality": "与謝郡与謝野町",
        "municipality_code": "26465",
        "urls": [
          "https://www.michi-no-eki.jp/stations/view/643",
          "http://www.kkr.mlit.go.jp/road/michi_no_eki/contents/kyoto/silknomachikaya.html"
        ]
      }
    },
    {
      "type": "Feature",
      "geometry": {
        "type": "Point",
        "coordinates": [
          135.42543,
          34.4225565
        ]
      },
      "properties": {
        "name": "愛彩ランド",
        "pref": "大阪府",
        "municipality": "岸和田市",
        "municipality_code": "27202",
        "urls": [
          "https://www.michi-no-eki.jp/stations/view/665",
          "http://www.kkr.mlit.go.jp/road/michi_no_eki/contents/osaka/aisai_land.html"
        ]
      }
    },
    {
      "type": "Feature",
      "geometry": {
        "type": "Point",
        "coordinates": [
          135.551096,
          34.435966
        ]
      },
      "properties": {
        "name": "奥河内くろまろの郷",
        "pref": "大阪府",
        "municipality": "河内長野市",
        "municipality_code": "27216",
        "urls": [
          "https://www.michi-no-eki.jp/stations/view/14161",
          "http://www.kkr.mlit.go.jp/road/michi_no_eki/contents/osaka/kuromaronosato.html",
          "http://kuromaro.com/index.html"
        ]
      }
    },
    {
      "type": "Feature",
      "geometry": {
        "type": "Point",
        "coordinates": [
          135.4830003,
          34.423154
        ]
      },
      "properties": {
        "name": "いずみ山愛の里",
        "pref": "大阪府",
        "municipality": "和泉市",
        "municipality_code": "27219",
        "urls": [
          "https://www.michi-no-eki.jp/stations/view/663",
          "http://www.kkr.mlit.go.jp/road/michi_no_eki/contents/osaka/izumiyamaai.html",
          "http://www.izuminambu-rc.jp/michinoeki/"
        ]
      }
    },
    {
      "type": "Feature",
      "geometry": {
        "type": "Point",
        "coordinates": [
          135.587747,
          34.533043
        ]
      },
      "properties": {
        "name": "しらとりの郷・羽曳野",
        "pref": "大阪府",
        "municipality": "羽曳野市",
        "municipality_code": "27222",
        "urls": [
          "https://www.michi-no-eki.jp/stations/view/662",
          "http://www.kkr.mlit.go.jp/road/michi_no_eki/contents/osaka/shiratori_habikino.html",
          "https://www.city.habikino.lg.jp/soshiki/seikatsukankyo/kanko/shiratorinosato/255.html"
        ]
      }
    },
    {
      "type": "Feature",
      "geometry": {
        "type": "Point",
        "coordinates": [
          135.4009924,
          34.9566571
        ]
      },
      "properties": {
        "name": "能勢（くりの郷）",
        "pref": "大阪府",
        "municipality": "豊能郡能勢町",
        "municipality_code": "27322",
        "urls": [
          "https://www.michi-no-eki.jp/stations/view/660",
          "http://www.kkr.mlit.go.jp/road/michi_no_eki/contents/osaka/nose.html"
        ]
      }
    },
    {
      "type": "Feature",
      "geometry": {
        "type": "Point",
        "coordinates": [
          135.0999192,
          34.3151101
        ]
      },
      "properties": {
        "name": "とっとパーク小島",
        "pref": "大阪府",
        "municipality": "泉南郡岬町",
        "municipality_code": "27366",
        "urls": [
          "https://www.michi-no-eki.jp/stations/view/664",
          "http://www.kkr.mlit.go.jp/road/michi_no_eki/contents/osaka/tottopark.html",
          "http://minnaga.com/totopark/"
        ]
      }
    },
    {
      "type": "Feature",
      "geometry": {
        "type": "Point",
        "coordinates": [
          135.17379,
          34.325936
        ]
      },
      "properties": {
        "name": "みさき",
        "pref": "大阪府",
        "municipality": "泉南郡岬町",
        "municipality_code": "27366",
        "urls": [
          "https://www.michi-no-eki.jp/stations/view/14130",
          "http://www.kkr.mlit.go.jp/road/michi_no_eki/contents/osaka/misaki.html",
          "http://www.town.misaki.osaka.jp/sangyoshinko/sa_page/sa_page_0064.html"
        ]
      }
    },
    {
      "type": "Feature",
      "geometry": {
        "type": "Point",
        "coordinates": [
          135.6584047,
          34.5167874
        ]
      },
      "properties": {
        "name": "近つ飛鳥の里太子",
        "pref": "大阪府",
        "municipality": "南河内郡太子町",
        "municipality_code": "27381",
        "urls": [
          "https://www.michi-no-eki.jp/stations/view/659",
          "http://www.kkr.mlit.go.jp/road/michi_no_eki/contents/osaka/chikatuasukanosatotaishi.html",
          "http://www.taishi-kankou.jp/spot/shop/michinoeki.html"
        ]
      }
    },
    {
      "type": "Feature",
      "geometry": {
        "type": "Point",
        "coordinates": [
          135.617062,
          34.478438
        ]
      },
      "properties": {
        "name": "かなん",
        "pref": "大阪府",
        "municipality": "南河内郡河南町",
        "municipality_code": "27382",
        "urls": [
          "https://www.michi-no-eki.jp/stations/view/661",
          "http://www.kkr.mlit.go.jp/road/michi_no_eki/contents/osaka/kanan.html",
          "http://www.michieki.jp/kanan/"
        ]
      }
    },
    {
      "type": "Feature",
      "geometry": {
        "type": "Point",
        "coordinates": [
          135.625936427755,
          34.4642761554969
        ]
      },
      "properties": {
        "name": "ちはやあかさか",
        "pref": "大阪府",
        "municipality": "南河内郡千早赤阪村",
        "municipality_code": "27383",
        "urls": [
          "https://www.michi-no-eki.jp/stations/view/658",
          "http://www.kkr.mlit.go.jp/road/michi_no_eki/contents/osaka/chihayaakasaka.html",
          "http://www.vill.chihayaakasaka.osaka.jp/kankouannai-7.html"
        ]
      }
    },
    {
      "type": "Feature",
      "geometry": {
        "type": "Point",
        "coordinates": [
          135.097418,
          34.813904
        ]
      },
      "properties": {
        "name": "淡河",
        "pref": "兵庫県",
        "municipality": "神戸市",
        "municipality_code": "28100",
        "urls": [
          "https://www.michi-no-eki.jp/stations/view/695",
          "http://www.kkr.mlit.go.jp/road/michi_no_eki/contents/hyogo/ogo.html",
          "http://www.city.kobe.lg.jp/information/project/industry/michinoeki.ogo.html"
        ]
      }
    },
    {
      "type": "Feature",
      "geometry": {
        "type": "Point",
        "coordinates": [
          135.190522,
          34.850249
        ]
      },
      "properties": {
        "name": "神戸フルーツ・フラワーパーク 大沢",
        "pref": "兵庫県",
        "municipality": "神戸市",
        "municipality_code": "28100",
        "urls": [
          "https://www.michi-no-eki.jp/stations/view/11982",
          "http://www.kkr.mlit.go.jp/road/michi_no_eki/contents/hyogo/koubefruitflowerparkoosawa.html",
          "http://fruit-flowerpark.jp/"
        ]
      }
    },
    {
      "type": "Feature",
      "geometry": {
        "type": "Point",
        "coordinates": [
          134.461841,
          34.804286
        ]
      },
      "properties": {
        "name": "あいおい白龍城",
        "pref": "兵庫県",
        "municipality": "相生市",
        "municipality_code": "28208",
        "urls": [
          "https://www.michi-no-eki.jp/stations/view/689",
          "http://www.kkr.mlit.go.jp/road/michi_no_eki/contents/hyogo/aioipeperonjyou.html",
          "http://peironjo.jp/"
        ]
      }
    },
    {
      "type": "Feature",
      "geometry": {
        "type": "Point",
        "coordinates": [
          134.6750817,
          35.4989999
        ]
      },
      "properties": {
        "name": "神鍋高原",
        "pref": "兵庫県",
        "municipality": "豊岡市",
        "municipality_code": "28209",
        "urls": [
          "https://www.michi-no-eki.jp/stations/view/669",
          "http://www.kkr.mlit.go.jp/road/michi_no_eki/contents/hyogo/kannabe.html",
          "http://www.michinoeki-kannabe.com/"
        ]
      }
    },
    {
      "type": "Feature",
      "geometry": {
        "type": "Point",
        "coordinates": [
          134.987129,
          35.007794
        ]
      },
      "properties": {
        "name": "北はりまエコミュージアム",
        "pref": "兵庫県",
        "municipality": "西脇市",
        "municipality_code": "28213",
        "urls": [
          "https://www.michi-no-eki.jp/stations/view/688",
          "http://www.kkr.mlit.go.jp/road/michi_no_eki/contents/hyogo/kitaharimaecomum.html",
          "http://michinoeki-kitaharima.com/"
        ]
      }
    },
    {
      "type": "Feature",
      "geometry": {
        "type": "Point",
        "coordinates": [
          134.977205271411,
          34.7873424932336
        ]
      },
      "properties": {
        "name": "みき",
        "pref": "兵庫県",
        "municipality": "三木市",
        "municipality_code": "28215",
        "urls": [
          "https://www.michi-no-eki.jp/stations/view/679",
          "http://www.kkr.mlit.go.jp/road/michi_no_eki/contents/hyogo/miki.html",
          "http://www.mikiyama.co.jp/"
        ]
      }
    },
    {
      "type": "Feature",
      "geometry": {
        "type": "Point",
        "coordinates": [
          134.8159142,
          35.3824214
        ]
      },
      "properties": {
        "name": "やぶ",
        "pref": "兵庫県",
        "municipality": "養父市",
        "municipality_code": "28222",
        "urls": [
          "https://www.michi-no-eki.jp/stations/view/671",
          "http://www.kkr.mlit.go.jp/road/michi_no_eki/contents/hyogo/yabu.html",
          "http://www.michinoeki-yabu.com/"
        ]
      }
    },
    {
      "type": "Feature",
      "geometry": {
        "type": "Point",
        "coordinates": [
          134.742487,
          35.393994
        ]
      },
      "properties": {
        "name": "ようか但馬蔵",
        "pref": "兵庫県",
        "municipality": "養父市",
        "municipality_code": "28222",
        "urls": [
          "https://www.michi-no-eki.jp/stations/view/692",
          "http://www.kkr.mlit.go.jp/road/michi_no_eki/contents/hyogo/youkatajimanokura.html",
          "http://www.michinoekiyouka.co.jp/"
        ]
      }
    },
    {
      "type": "Feature",
      "geometry": {
        "type": "Point",
        "coordinates": [
          134.7839118,
          35.3793183
        ]
      },
      "properties": {
        "name": "但馬楽座",
        "pref": "兵庫県",
        "municipality": "養父市",
        "municipality_code": "28222",
        "urls": [
          "https://www.michi-no-eki.jp/stations/view/672",
          "http://www.kkr.mlit.go.jp/road/michi_no_eki/contents/hyogo/tanbarakuza.html",
          "http://www.tajima-rakuza.com/"
        ]
      }
    },
    {
      "type": "Feature",
      "geometry": {
        "type": "Point",
        "coordinates": [
          135.0098438,
          35.241267
        ]
      },
      "properties": {
        "name": "あおがき",
        "pref": "兵庫県",
        "municipality": "丹波市",
        "municipality_code": "28223",
        "urls": [
          "https://www.michi-no-eki.jp/stations/view/676",
          "http://www.kkr.mlit.go.jp/road/michi_no_eki/contents/hyogo/aogaki.html",
          "http://eki.aogaki.jp/"
        ]
      }
    },
    {
      "type": "Feature",
      "geometry": {
        "type": "Point",
        "coordinates": [
          135.1167249,
          35.1663913
        ]
      },
      "properties": {
        "name": "丹波おばあちゃんの里",
        "pref": "兵庫県",
        "municipality": "丹波市",
        "municipality_code": "28223",
        "urls": [
          "https://www.michi-no-eki.jp/stations/view/690",
          "http://www.kkr.mlit.go.jp/road/michi_no_eki/contents/hyogo/tanbaobaachan.html",
          "http://www.michi-kasuga.jp/"
        ]
      }
    },
    {
      "type": "Feature",
      "geometry": {
        "type": "Point",
        "coordinates": [
          134.6597796,
          34.2420275
        ]
      },
      "properties": {
        "name": "うずしお",
        "pref": "兵庫県",
        "municipality": "南あわじ市",
        "municipality_code": "28224",
        "urls": [
          "https://www.michi-no-eki.jp/stations/view/680",
          "http://www.kkr.mlit.go.jp/road/michi_no_eki/contents/hyogo/uzushio.html",
          "http://www.uzunokuni.com/"
        ]
      }
    },
    {
      "type": "Feature",
      "geometry": {
        "type": "Point",
        "coordinates": [
          134.719256,
          34.25564
        ]
      },
      "properties": {
        "name": "福良",
        "pref": "兵庫県",
        "municipality": "南あわじ市",
        "municipality_code": "28224",
        "urls": [
          "https://www.michi-no-eki.jp/stations/view/696",
          "http://www.kkr.mlit.go.jp/road/michi_no_eki/contents/hyogo/fukura.html",
          "http://www.city.minamiawaji.hyogo.jp/soshiki/shoukou/hukura.html"
        ]
      }
    },
    {
      "type": "Feature",
      "geometry": {
        "type": "Point",
        "coordinates": [
          134.803884,
          35.247009
        ]
      },
      "properties": {
        "name": "あさご",
        "pref": "兵庫県",
        "municipality": "朝来市",
        "municipality_code": "28225",
        "urls": [
          "https://www.michi-no-eki.jp/stations/view/667",
          "http://www.kkr.mlit.go.jp/road/michi_no_eki/contents/hyogo/asago.html",
          "https://www.city.asago.hyogo.jp/0000000338.html"
        ]
      }
    },
    {
      "type": "Feature",
      "geometry": {
        "type": "Point",
        "coordinates": [
          134.7945519,
          35.2126699
        ]
      },
      "properties": {
        "name": "フレッシュあさご",
        "pref": "兵庫県",
        "municipality": "朝来市",
        "municipality_code": "28225",
        "urls": [
          "https://www.michi-no-eki.jp/stations/view/682",
          "http://www.kkr.mlit.go.jp/road/michi_no_eki/contents/hyogo/freshasago.html",
          "http://fresh-asago.co.jp/"
        ]
      }
    },
    {
      "type": "Feature",
      "geometry": {
        "type": "Point",
        "coordinates": [
          134.8701078,
          35.3113027
        ]
      },
      "properties": {
        "name": "但馬のまほろば",
        "pref": "兵庫県",
        "municipality": "朝来市",
        "municipality_code": "28225",
        "urls": [
          "https://www.michi-no-eki.jp/stations/view/691",
          "http://www.kkr.mlit.go.jp/road/michi_no_eki/contents/hyogo/tajimanomahoroba.html",
          "http://www.green-wind.co.jp/"
        ]
      }
    },
    {
      "type": "Feature",
      "geometry": {
        "type": "Point",
        "coordinates": [
          135.0094203,
          34.6013544
        ]
      },
      "properties": {
        "name": "あわじ",
        "pref": "兵庫県",
        "municipality": "淡路市",
        "municipality_code": "28226",
        "urls": [
          "https://www.michi-no-eki.jp/stations/view/678",
          "http://www.kkr.mlit.go.jp/road/michi_no_eki/contents/hyogo/awaji.html",
          "http://www.hm.h555.net/~michinoekiawaji/"
        ]
      }
    },
    {
      "type": "Feature",
      "geometry": {
        "type": "Point",
        "coordinates": [
          134.9923784,
          34.5374471
        ]
      },
      "properties": {
        "name": "東浦ターミナルパーク",
        "pref": "兵庫県",
        "municipality": "淡路市",
        "municipality_code": "28226",
        "urls": [
          "https://www.michi-no-eki.jp/stations/view/687",
          "http://www.kkr.mlit.go.jp/road/michi_no_eki/contents/hyogo/higashiuratatarminalpark.html",
          "https://www.awajishima-kanko.jp/manual/detail.php?bid=372&lid=19&at="
        ]
      }
    },
    {
      "type": "Feature",
      "geometry": {
        "type": "Point",
        "coordinates": [
          134.4418745,
          35.1079584
        ]
      },
      "properties": {
        "name": "ちくさ",
        "pref": "兵庫県",
        "municipality": "宍粟市",
        "municipality_code": "28227",
        "urls": [
          "https://www.michi-no-eki.jp/stations/view/668",
          "http://www.kkr.mlit.go.jp/road/michi_no_eki/contents/hyogo/chikusa.html",
          "http://hanasakimura.jp/"
        ]
      }
    },
    {
      "type": "Feature",
      "geometry": {
        "type": "Point",
        "coordinates": [
          134.52218764909145,
          35.20162267787064
        ]
      },
      "properties": {
        "name": "はが",
        "pref": "兵庫県",
        "municipality": "宍粟市",
        "municipality_code": "28227",
        "urls": [
          "https://www.michi-no-eki.jp/stations/view/666",
          "http://www.kkr.mlit.go.jp/road/michi_no_eki/contents/hyogo/haga.html",
          "http://www.haga-net.co.jp/haga.php"
        ]
      }
    },
    {
      "type": "Feature",
      "geometry": {
        "type": "Point",
        "coordinates": [
          134.5398216,
          35.1483048
        ]
      },
      "properties": {
        "name": "みなみ波賀",
        "pref": "兵庫県",
        "municipality": "宍粟市",
        "municipality_code": "28227",
        "urls": [
          "https://www.michi-no-eki.jp/stations/view/673",
          "http://www.kkr.mlit.go.jp/road/michi_no_eki/contents/hyogo/minamihaga.html",
          "http://www.haga-net.co.jp/"
        ]
      }
    },
    {
      "type": "Feature",
      "geometry": {
        "type": "Point",
        "coordinates": [
          134.5882082,
          35.0885182
        ]
      },
      "properties": {
        "name": "播磨いちのみや",
        "pref": "兵庫県",
        "municipality": "宍粟市",
        "municipality_code": "28227",
        "urls": [
          "https://www.michi-no-eki.jp/stations/view/681",
          "http://www.kkr.mlit.go.jp/road/michi_no_eki/contents/hyogo/harimaichinomiya.html",
          "http://www.harima-ichinomiya.com/michinoeki/"
        ]
      }
    },
    {
      "type": "Feature",
      "geometry": {
        "type": "Point",
        "coordinates": [
          135.0756464,
          34.8940786
        ]
      },
      "properties": {
        "name": "とうじょう",
        "pref": "兵庫県",
        "municipality": "加東市",
        "municipality_code": "28228",
        "urls": [
          "https://www.michi-no-eki.jp/stations/view/685",
          "http://www.kkr.mlit.go.jp/road/michi_no_eki/contents/hyogo/toujyou.html",
          "http://www.tojo21.co.jp/"
        ]
      }
    },
    {
      "type": "Feature",
      "geometry": {
        "type": "Point",
        "coordinates": [
          134.5370837,
          34.9221217
        ]
      },
      "properties": {
        "name": "しんぐう",
        "pref": "兵庫県",
        "municipality": "たつの市",
        "municipality_code": "28229",
        "urls": [
          "https://www.michi-no-eki.jp/stations/view/674",
          "http://www.kkr.mlit.go.jp/road/michi_no_eki/contents/hyogo/shinguu.html",
          "http://www.pkp-shiteikanri.com/shinguu/index.html"
        ]
      }
    },
    {
      "type": "Feature",
      "geometry": {
        "type": "Point",
        "coordinates": [
          134.5232452,
          34.7798988
        ]
      },
      "properties": {
        "name": "みつ",
        "pref": "兵庫県",
        "municipality": "たつの市",
        "municipality_code": "28229",
        "urls": [
          "https://www.michi-no-eki.jp/stations/view/693",
          "http://www.kkr.mlit.go.jp/road/michi_no_eki/contents/hyogo/mitsu.html",
          "http://www.totonaya.com/"
        ]
      }
    },
    {
      "type": "Feature",
      "geometry": {
        "type": "Point",
        "coordinates": [
          135.3517588,
          34.9193434
        ]
      },
      "properties": {
        "name": "いながわ",
        "pref": "兵庫県",
        "municipality": "川辺郡猪名川町",
        "municipality_code": "28301",
        "urls": [
          "https://www.michi-no-eki.jp/stations/view/686",
          "http://www.kkr.mlit.go.jp/road/michi_no_eki/contents/hyogo/inagawa.html",
          "http://www.eonet.ne.jp/~eki-inagawa/"
        ]
      }
    },
    {
      "type": "Feature",
      "geometry": {
        "type": "Point",
        "coordinates": [
          134.9187617,
          35.0590116
        ]
      },
      "properties": {
        "name": "山田錦発祥のまち・多可",
        "pref": "兵庫県",
        "municipality": "多可郡多可町",
        "municipality_code": "28365",
        "urls": [
          "https://www.michi-no-eki.jp/stations/view/9744",
          "http://www.kkr.mlit.go.jp/road/michi_no_eki/contents/hyogo/Yamada-nishik-taka.html"
        ]
      }
    },
    {
      "type": "Feature",
      "geometry": {
        "type": "Point",
        "coordinates": [
          134.930123,
          35.1889597
        ]
      },
      "properties": {
        "name": "杉原紙の里・多可",
        "pref": "兵庫県",
        "municipality": "多可郡多可町",
        "municipality_code": "28365",
        "urls": [
          "https://www.michi-no-eki.jp/stations/view/675",
          "http://www.kkr.mlit.go.jp/road/michi_no_eki/contents/hyogo/rutoyonniinanakami.html",
          "http://www.sugiharagaminosato.net"
        ]
      }
    },
    {
      "type": "Feature",
      "geometry": {
        "type": "Point",
        "coordinates": [
          134.77821,
          35.091049
        ]
      },
      "properties": {
        "name": "銀の馬車道・神河",
        "pref": "兵庫県",
        "municipality": "神崎郡神河町",
        "municipality_code": "28446",
        "urls": [
          "https://www.michi-no-eki.jp/stations/view/14162",
          "http://www.kamikawa-kankonavi.jp/archives/488/"
        ]
      }
    },
    {
      "type": "Feature",
      "geometry": {
        "type": "Point",
        "coordinates": [
          134.3694431,
          35.0447889
        ]
      },
      "properties": {
        "name": "宿場町ひらふく",
        "pref": "兵庫県",
        "municipality": "佐用郡佐用町",
        "municipality_code": "28501",
        "urls": [
          "https://www.michi-no-eki.jp/stations/view/683",
          "http://www.kkr.mlit.go.jp/road/michi_no_eki/contents/hyogo/syukubamatihirafuku.html",
          "http://www.hirafuku.jp/"
        ]
      }
    },
    {
      "type": "Feature",
      "geometry": {
        "type": "Point",
        "coordinates": [
          134.5601201,
          35.6491191
        ]
      },
      "properties": {
        "name": "あまるべ",
        "pref": "兵庫県",
        "municipality": "美方郡香美町",
        "municipality_code": "28585",
        "urls": [
          "https://www.michi-no-eki.jp/stations/view/694",
          "http://www.kkr.mlit.go.jp/road/michi_no_eki/contents/hyogo/amarube.html",
          "http://michinoeki-amarube.com/"
        ]
      }
    },
    {
      "type": "Feature",
      "geometry": {
        "type": "Point",
        "coordinates": [
          134.5706767,
          35.5565686
        ]
      },
      "properties": {
        "name": "あゆの里矢田川",
        "pref": "兵庫県",
        "municipality": "美方郡香美町",
        "municipality_code": "28585",
        "urls": [
          "https://www.michi-no-eki.jp/stations/view/684",
          "http://www.kkr.mlit.go.jp/road/michi_no_eki/contents/hyogo/ayunosatoyatagawa.html",
          "http://www.ayunosato.kamicho.jp/"
        ]
      }
    },
    {
      "type": "Feature",
      "geometry": {
        "type": "Point",
        "coordinates": [
          134.5998095,
          35.411442
        ]
      },
      "properties": {
        "name": "ハチ北",
        "pref": "兵庫県",
        "municipality": "美方郡香美町",
        "municipality_code": "28585",
        "urls": [
          "https://www.michi-no-eki.jp/stations/view/677",
          "http://www.kkr.mlit.go.jp/road/michi_no_eki/contents/hyogo/hachikita.html",
          "http://www.town.mikata-kami.lg.jp/www/contents/1115976359687/index.html"
        ]
      }
    },
    {
      "type": "Feature",
      "geometry": {
        "type": "Point",
        "coordinates": [
          134.6029025,
          35.4618426
        ]
      },
      "properties": {
        "name": "村岡ファームガーデン",
        "pref": "兵庫県",
        "municipality": "美方郡香美町",
        "municipality_code": "28585",
        "urls": [
          "https://www.michi-no-eki.jp/stations/view/670",
          "http://www.kkr.mlit.go.jp/road/michi_no_eki/contents/hyogo/muraokafarmgarden.html",
          "http://www.farm-garden.jp/"
        ]
      }
    },
    {
      "type": "Feature",
      "geometry": {
        "type": "Point",
        "coordinates": [
          134.469807,
          35.610649
        ]
      },
      "properties": {
        "name": "山陰海岸ジオパーク浜坂の郷",
        "pref": "兵庫県",
        "municipality": "美方郡新温泉町",
        "municipality_code": "28586",
        "urls": [
          "https://www.michi-no-eki.jp/stations/view/14150",
          "http://www.kkr.mlit.go.jp/road/michi_no_eki/contents/hyogo/saninkaiganjioparkhamasakanosato.html",
          "http://hamasakanosato.com/"
        ]
      }
    },
    {
      "type": "Feature",
      "geometry": {
        "type": "Point",
        "coordinates": [
          135.963208,
          34.610429
        ]
      },
      "properties": {
        "name": "針Ｔ・Ｒ・Ｓ",
        "pref": "奈良県",
        "municipality": "奈良市",
        "municipality_code": "29201",
        "urls": [
          "https://www.michi-no-eki.jp/stations/view/705",
          "http://www.kkr.mlit.go.jp/road/michi_no_eki/contents/nara/hariteatimeresortstation.html",
          "http://hari-trs.com/"
        ]
      }
    },
    {
      "type": "Feature",
      "geometry": {
        "type": "Point",
        "coordinates": [
          135.7329027,
          34.2142491
        ]
      },
      "properties": {
        "name": "吉野路 大塔",
        "pref": "奈良県",
        "municipality": "五條市",
        "municipality_code": "29207",
        "urls": [
          "https://www.michi-no-eki.jp/stations/view/697",
          "http://www.kkr.mlit.go.jp/road/michi_no_eki/contents/nara/yoshinojiootou.html",
          "http://www.ootou.jp/michinoeki.html"
        ]
      }
    },
    {
      "type": "Feature",
      "geometry": {
        "type": "Point",
        "coordinates": [
          135.704788,
          34.495401
        ]
      },
      "properties": {
        "name": "かつらぎ",
        "pref": "奈良県",
        "municipality": "葛城市",
        "municipality_code": "29211",
        "urls": [
          "https://www.michi-no-eki.jp/stations/view/11983",
          "http://www.kkr.mlit.go.jp/road/michi_no_eki/contents/nara/katsuragi.html",
          "http://michinoeki-katsuragi.jp/"
        ]
      }
    },
    {
      "type": "Feature",
      "geometry": {
        "type": "Point",
        "coordinates": [
          135.6932765,
          34.5265079
        ]
      },
      "properties": {
        "name": "ふたかみパーク當麻",
        "pref": "奈良県",
        "municipality": "葛城市",
        "municipality_code": "29211",
        "urls": [
          "https://www.michi-no-eki.jp/stations/view/701",
          "http://www.kkr.mlit.go.jp/road/michi_no_eki/contents/nara/futakamiparktaima.html",
          "http://www.futakami-park.jp/"
        ]
      }
    },
    {
      "type": "Feature",
      "geometry": {
        "type": "Point",
        "coordinates": [
          135.9321879,
          34.4760734
        ]
      },
      "properties": {
        "name": "宇陀路大宇陀",
        "pref": "奈良県",
        "municipality": "宇陀市",
        "municipality_code": "29212",
        "urls": [
          "https://www.michi-no-eki.jp/stations/view/702",
          "http://www.kkr.mlit.go.jp/road/michi_no_eki/contents/nara/udajioouda.html",
          "http://www.narakotsu.co.jp/kanren/udaji-oouda/index.html"
        ]
      }
    },
    {
      "type": "Feature",
      "geometry": {
        "type": "Point",
        "coordinates": [
          136.0342371,
          34.5765439
        ]
      },
      "properties": {
        "name": "宇陀路室生",
        "pref": "奈良県",
        "municipality": "宇陀市",
        "municipality_code": "29212",
        "urls": [
          "https://www.michi-no-eki.jp/stations/view/704",
          "http://www.kkr.mlit.go.jp/road/michi_no_eki/contents/nara/udajimurou.html",
          "https://www.michi-no-eki-udajimurou.jp/"
        ]
      }
    },
    {
      "type": "Feature",
      "geometry": {
        "type": "Point",
        "coordinates": [
          135.7062481,
          34.6235384
        ]
      },
      "properties": {
        "name": "大和路へぐり",
        "pref": "奈良県",
        "municipality": "生駒郡平群町",
        "municipality_code": "29342",
        "urls": [
          "https://www.michi-no-eki.jp/stations/view/706",
          "http://www.kkr.mlit.go.jp/road/michi_no_eki/contents/nara/yamatojiheguri.html",
          "http://www.heguri-apc.jp/station/index.html"
        ]
      }
    },
    {
      "type": "Feature",
      "geometry": {
        "type": "Point",
        "coordinates": [
          135.797418,
          34.571407
        ]
      },
      "properties": {
        "name": "レスティ 唐古・鍵",
        "pref": "奈良県",
        "municipality": "磯城郡田原本町",
        "municipality_code": "29363",
        "urls": [
          "https://www.michi-no-eki.jp/stations/view/14180"
        ]
      }
    },
    {
      "type": "Feature",
      "geometry": {
        "type": "Point",
        "coordinates": [
          136.2000809,
          34.5154032
        ]
      },
      "properties": {
        "name": "伊勢本街道 御杖",
        "pref": "奈良県",
        "municipality": "宇陀郡御杖村",
        "municipality_code": "29386",
        "urls": [
          "https://www.michi-no-eki.jp/stations/view/708",
          "http://www.kkr.mlit.go.jp/road/michi_no_eki/contents/nara/isehonkaidomitsue.html"
        ]
      }
    },
    {
      "type": "Feature",
      "geometry": {
        "type": "Point",
        "coordinates": [
          135.79861138900003,
          34.464724444000055
        ]
      },
      "properties": {
        "name": "飛鳥",
        "pref": "奈良県",
        "municipality": "高市郡明日香村",
        "municipality_code": "29402",
        "urls": [
          "https://www.michi-no-eki.jp/stations/view/14187"
        ]
      }
    },
    {
      "type": "Feature",
      "geometry": {
        "type": "Point",
        "coordinates": [
          135.7969172,
          34.4122094
        ]
      },
      "properties": {
        "name": "吉野路 大淀ｉセンター",
        "pref": "奈良県",
        "municipality": "吉野郡大淀町",
        "municipality_code": "29442",
        "urls": [
          "https://www.michi-no-eki.jp/stations/view/707",
          "http://www.kkr.mlit.go.jp/road/michi_no_eki/contents/nara/yoshinojioyadoicenter.html",
          "http://yoshinoji-oyodo.com/"
        ]
      }
    },
    {
      "type": "Feature",
      "geometry": {
        "type": "Point",
        "coordinates": [
          135.8228857,
          34.3059869
        ]
      },
      "properties": {
        "name": "吉野路 黒滝",
        "pref": "奈良県",
        "municipality": "吉野郡黒滝村",
        "municipality_code": "29444",
        "urls": [
          "https://www.michi-no-eki.jp/stations/view/700",
          "http://www.kkr.mlit.go.jp/road/michi_no_eki/contents/nara/yoshinojikurotaki.html",
          "http://www.morimonogatari.com/sa/"
        ]
      }
    },
    {
      "type": "Feature",
      "geometry": {
        "type": "Point",
        "coordinates": [
          135.7931678,
          33.9882842
        ]
      },
      "properties": {
        "name": "十津川郷",
        "pref": "奈良県",
        "municipality": "吉野郡十津川村",
        "municipality_code": "29449",
        "urls": [
          "https://www.michi-no-eki.jp/stations/view/703",
          "http://www.kkr.mlit.go.jp/road/michi_no_eki/contents/nara/totukawagou.html",
          "http://www.michinoeki-totsukawago.com/"
        ]
      }
    },
    {
      "type": "Feature",
      "geometry": {
        "type": "Point",
        "coordinates": [
          136.000117,
          34.139756
        ]
      },
      "properties": {
        "name": "吉野路 上北山",
        "pref": "奈良県",
        "municipality": "吉野郡上北山村",
        "municipality_code": "29451",
        "urls": [
          "https://www.michi-no-eki.jp/stations/view/698",
          "http://www.kkr.mlit.go.jp/road/michi_no_eki/contents/nara/yoshinojikamikitayama.html"
        ]
      }
    },
    {
      "type": "Feature",
      "geometry": {
        "type": "Point",
        "coordinates": [
          135.9548858,
          34.3370408
        ]
      },
      "properties": {
        "name": "杉の湯 川上",
        "pref": "奈良県",
        "municipality": "吉野郡川上村",
        "municipality_code": "29452",
        "urls": [
          "https://www.michi-no-eki.jp/stations/view/699",
          "http://www.kkr.mlit.go.jp/road/michi_no_eki/contents/nara/suginoyukawakami.html",
          "http://www.suginoyu.com/"
        ]
      }
    },
    {
      "type": "Feature",
      "geometry": {
        "type": "Point",
        "coordinates": [
          135.5018536,
          33.7427886
        ]
      },
      "properties": {
        "name": "ふるさとセンター大塔",
        "pref": "和歌山県",
        "municipality": "田辺市",
        "municipality_code": "30206",
        "urls": [
          "https://www.michi-no-eki.jp/stations/view/711",
          "http://www.kkr.mlit.go.jp/road/michi_no_eki/contents/wakayama/furusatocenterootou.html",
          "http://www.oto-shokokai.jp/mitinoeki/"
        ]
      }
    },
    {
      "type": "Feature",
      "geometry": {
        "type": "Point",
        "coordinates": [
          135.761985,
          33.8652408
        ]
      },
      "properties": {
        "name": "奥熊野古道ほんぐう",
        "pref": "和歌山県",
        "municipality": "田辺市",
        "municipality_code": "30206",
        "urls": [
          "https://www.michi-no-eki.jp/stations/view/721",
          "http://www.kkr.mlit.go.jp/road/michi_no_eki/contents/wakayama/okukumanokodouhonguu.html",
          "http://www.za.ztv.ne.jp/teika/"
        ]
      }
    },
    {
      "type": "Feature",
      "geometry": {
        "type": "Point",
        "coordinates": [
          135.4393106,
          33.895542
        ]
      },
      "properties": {
        "name": "水の郷日高川 龍游",
        "pref": "和歌山県",
        "municipality": "田辺市",
        "municipality_code": "30206",
        "urls": [
          "https://www.michi-no-eki.jp/stations/view/723",
          "http://www.kkr.mlit.go.jp/road/michi_no_eki/contents/wakayama/mizunosatohidakagawaryuyu.html",
          "http://www.iyashi-kumano.jp/michinoeki/hidakagawaryu-yu/"
        ]
      }
    },
    {
      "type": "Feature",
      "geometry": {
        "type": "Point",
        "coordinates": [
          135.5949713,
          33.8120801
        ]
      },
      "properties": {
        "name": "熊野古道中辺路",
        "pref": "和歌山県",
        "municipality": "田辺市",
        "municipality_code": "30206",
        "urls": [
          "https://www.michi-no-eki.jp/stations/view/715",
          "http://www.kkr.mlit.go.jp/road/michi_no_eki/contents/wakayama/kumanokodonakahechi.html",
          "http://www.iyashi-kumano.jp/michinoeki/nakahechi/index.html"
        ]
      }
    },
    {
      "type": "Feature",
      "geometry": {
        "type": "Point",
        "coordinates": [
          135.5643407,
          34.0611272
        ]
      },
      "properties": {
        "name": "田辺市龍神ごまさんスカイタワー",
        "pref": "和歌山県",
        "municipality": "田辺市",
        "municipality_code": "30206",
        "urls": [
          "https://www.michi-no-eki.jp/stations/view/732",
          "http://www.kkr.mlit.go.jp/road/michi_no_eki/contents/wakayama/gomasanskytower.html",
          "http://gomasanskytower.com/"
        ]
      }
    },
    {
      "type": "Feature",
      "geometry": {
        "type": "Point",
        "coordinates": [
          135.427282,
          33.803251
        ]
      },
      "properties": {
        "name": "紀州備長炭記念公園",
        "pref": "和歌山県",
        "municipality": "田辺市",
        "municipality_code": "30206",
        "urls": [
          "https://www.michi-no-eki.jp/stations/view/718",
          "http://www.kkr.mlit.go.jp/road/michi_no_eki/contents/wakayama/kisyubinchoutankinenkouen.html",
          "http://www.tanabe-kanko.jp/midokoro/sisetsu/kishubinchotan/"
        ]
      }
    },
    {
      "type": "Feature",
      "geometry": {
        "type": "Point",
        "coordinates": [
          135.5648354,
          33.9654598
        ]
      },
      "properties": {
        "name": "龍神",
        "pref": "和歌山県",
        "municipality": "田辺市",
        "municipality_code": "30206",
        "urls": [
          "https://www.michi-no-eki.jp/stations/view/712",
          "http://www.kkr.mlit.go.jp/road/michi_no_eki/contents/wakayama/ryuujin.html",
          "http://www.iyashi-kumano.jp/michinoeki/ryu-jin/index.html"
        ]
      }
    },
    {
      "type": "Feature",
      "geometry": {
        "type": "Point",
        "coordinates": [
          135.897097,
          33.791406
        ]
      },
      "properties": {
        "name": "瀞峡街道熊野川",
        "pref": "和歌山県",
        "municipality": "新宮市",
        "municipality_code": "30207",
        "urls": [
          "https://www.michi-no-eki.jp/stations/view/719",
          "http://www.kkr.mlit.go.jp/road/michi_no_eki/contents/wakayama/dorokyokaidoukumanogawa.html"
        ]
      }
    },
    {
      "type": "Feature",
      "geometry": {
        "type": "Point",
        "coordinates": [
          135.4417553,
          34.2807411
        ]
      },
      "properties": {
        "name": "青洲の里",
        "pref": "和歌山県",
        "municipality": "紀の川市",
        "municipality_code": "30208",
        "urls": [
          "https://www.michi-no-eki.jp/stations/view/9745",
          "http://www.kkr.mlit.go.jp/road/michi_no_eki/contents/wakayama/seishunosato.html",
          "http://seishu.sakura.ne.jp/"
        ]
      }
    },
    {
      "type": "Feature",
      "geometry": {
        "type": "Point",
        "coordinates": [
          135.311361,
          34.286813
        ]
      },
      "properties": {
        "name": "ねごろ歴史の丘",
        "pref": "和歌山県",
        "municipality": "岩出市",
        "municipality_code": "30209",
        "urls": [
          "https://www.michi-no-eki.jp/stations/view/14163"
        ]
      }
    },
    {
      "type": "Feature",
      "geometry": {
        "type": "Point",
        "coordinates": [
          135.3069985,
          34.3118642
        ]
      },
      "properties": {
        "name": "根来さくらの里",
        "pref": "和歌山県",
        "municipality": "岩出市",
        "municipality_code": "30209",
        "urls": [
          "https://www.michi-no-eki.jp/stations/view/725",
          "http://www.kkr.mlit.go.jp/road/michi_no_eki/contents/wakayama/negorosakuranosato.html",
          "http://www.city.iwade.lg.jp/ja/kouenmap.html"
        ]
      }
    },
    {
      "type": "Feature",
      "geometry": {
        "type": "Point",
        "coordinates": [
          135.4738277,
          34.2977409
        ]
      },
      "properties": {
        "name": "かつらぎ西",
        "pref": "和歌山県",
        "municipality": "伊都郡かつらぎ町",
        "municipality_code": "30341",
        "urls": [
          "https://www.michi-no-eki.jp/stations/view/8001",
          "http://www.kkr.mlit.go.jp/road/michi_no_eki/contents/wakayama/katsuraginishi.html"
        ]
      }
    },
    {
      "type": "Feature",
      "geometry": {
        "type": "Point",
        "coordinates": [
          135.477346,
          34.31829
        ]
      },
      "properties": {
        "name": "くしがきの里",
        "pref": "和歌山県",
        "municipality": "伊都郡かつらぎ町",
        "municipality_code": "30341",
        "urls": [
          "https://www.michi-no-eki.jp/stations/view/14128",
          "http://www.kkr.mlit.go.jp/road/michi_no_eki/contents/wakayama/kushigakinosato.html",
          "http://seikogroup.co.jp/station"
        ]
      }
    },
    {
      "type": "Feature",
      "geometry": {
        "type": "Point",
        "coordinates": [
          135.464531,
          34.28451
        ]
      },
      "properties": {
        "name": "紀の川万葉の里",
        "pref": "和歌山県",
        "municipality": "伊都郡かつらぎ町",
        "municipality_code": "30341",
        "urls": [
          "https://www.michi-no-eki.jp/stations/view/720",
          "http://www.kkr.mlit.go.jp/road/michi_no_eki/contents/wakayama/kinokawamanyounosato.html"
        ]
      }
    },
    {
      "type": "Feature",
      "geometry": {
        "type": "Point",
        "coordinates": [
          135.555557,
          34.2932
        ]
      },
      "properties": {
        "name": "柿の郷くどやま",
        "pref": "和歌山県",
        "municipality": "伊都郡九度山町",
        "municipality_code": "30343",
        "urls": [
          "https://www.michi-no-eki.jp/stations/view/734",
          "http://www.kkr.mlit.go.jp/road/michi_no_eki/contents/wakayama/kakinosatokudoyama.html",
          "http://kakinosatokudoyama.com/"
        ]
      }
    },
    {
      "type": "Feature",
      "geometry": {
        "type": "Point",
        "coordinates": [
          135.4128144,
          34.0930462
        ]
      },
      "properties": {
        "name": "あらぎの里",
        "pref": "和歌山県",
        "municipality": "有田郡有田川町",
        "municipality_code": "30366",
        "urls": [
          "https://www.michi-no-eki.jp/stations/view/726",
          "http://www.kkr.mlit.go.jp/road/michi_no_eki/contents/wakayama/araginosato.html",
          "http://www.town.aridagawa.lg.jp/kanko_map/shop/1340.html"
        ]
      }
    },
    {
      "type": "Feature",
      "geometry": {
        "type": "Point",
        "coordinates": [
          135.4432703,
          34.0882447
        ]
      },
      "properties": {
        "name": "しみず",
        "pref": "和歌山県",
        "municipality": "有田郡有田川町",
        "municipality_code": "30366",
        "urls": [
          "https://www.michi-no-eki.jp/stations/view/709",
          "http://www.kkr.mlit.go.jp/road/michi_no_eki/contents/wakayama/shimizu.html",
          "http://www.shimizu-onsen.ne.jp/facilities/sportspark.html"
        ]
      }
    },
    {
      "type": "Feature",
      "geometry": {
        "type": "Point",
        "coordinates": [
          135.3344646,
          34.0150722
        ]
      },
      "properties": {
        "name": "しらまの里",
        "pref": "和歌山県",
        "municipality": "有田郡有田川町",
        "municipality_code": "30366",
        "urls": [
          "https://www.michi-no-eki.jp/stations/view/716",
          "http://www.kkr.mlit.go.jp/road/michi_no_eki/contents/wakayama/shiramanosato.html",
          "http://www.town.aridagawa.lg.jp/kanko_map/shop/1325.html"
        ]
      }
    },
    {
      "type": "Feature",
      "geometry": {
        "type": "Point",
        "coordinates": [
          135.2628951,
          34.0540787
        ]
      },
      "properties": {
        "name": "明恵ふるさと館",
        "pref": "和歌山県",
        "municipality": "有田郡有田川町",
        "municipality_code": "30366",
        "urls": [
          "https://www.michi-no-eki.jp/stations/view/724",
          "http://www.kkr.mlit.go.jp/road/michi_no_eki/contents/wakayama/myouehurusatokan.html",
          "http://www.town.aridagawa.lg.jp/kankokyokai/tokusanhin/chokubai/500.html"
        ]
      }
    },
    {
      "type": "Feature",
      "geometry": {
        "type": "Point",
        "coordinates": [
          135.0697275,
          33.9773454
        ]
      },
      "properties": {
        "name": "白崎海洋公園",
        "pref": "和歌山県",
        "municipality": "日高郡由良町",
        "municipality_code": "30383",
        "urls": [
          "https://www.michi-no-eki.jp/stations/view/728",
          "http://www.kkr.mlit.go.jp/road/michi_no_eki/contents/wakayama/shirasaki.html",
          "http://www.shirasaki.or.jp/"
        ]
      }
    },
    {
      "type": "Feature",
      "geometry": {
        "type": "Point",
        "coordinates": [
          135.3270776,
          33.7906972
        ]
      },
      "properties": {
        "name": "みなべうめ振興館",
        "pref": "和歌山県",
        "municipality": "日高郡みなべ町",
        "municipality_code": "30391",
        "urls": [
          "https://www.michi-no-eki.jp/stations/view/717",
          "http://www.kkr.mlit.go.jp/road/michi_no_eki/contents/wakayama/minabeumesihnkoukan.html",
          "http://www.town.minabe.lg.jp/docs/2013091100182/"
        ]
      }
    },
    {
      "type": "Feature",
      "geometry": {
        "type": "Point",
        "coordinates": [
          135.2633365,
          33.950318
        ]
      },
      "properties": {
        "name": "San Pin 中津",
        "pref": "和歌山県",
        "municipality": "日高郡日高川町",
        "municipality_code": "30392",
        "urls": [
          "https://www.michi-no-eki.jp/stations/view/710",
          "http://www.kkr.mlit.go.jp/road/michi_no_eki/contents/wakayama/sanpinnakatsu.html",
          "http://www.hidakagawa.net/sanpin-nakatsu/"
        ]
      }
    },
    {
      "type": "Feature",
      "geometry": {
        "type": "Point",
        "coordinates": [
          135.4314215,
          33.5704506
        ]
      },
      "properties": {
        "name": "志原海岸",
        "pref": "和歌山県",
        "municipality": "西牟婁郡白浜町",
        "municipality_code": "30401",
        "urls": [
          "https://www.michi-no-eki.jp/stations/view/714",
          "http://www.kkr.mlit.go.jp/road/michi_no_eki/contents/wakayama/shiharakaigan.html",
          "http://www.hikigawa-miraikan.com/"
        ]
      }
    },
    {
      "type": "Feature",
      "geometry": {
        "type": "Point",
        "coordinates": [
          135.3917584,
          33.6032763
        ]
      },
      "properties": {
        "name": "椿はなの湯",
        "pref": "和歌山県",
        "municipality": "西牟婁郡白浜町",
        "municipality_code": "30401",
        "urls": [
          "https://www.michi-no-eki.jp/stations/view/729",
          "http://www.kkr.mlit.go.jp/road/michi_no_eki/contents/wakayama/tsubaki.html",
          "http://www.tsubaki-hananoyu.com/"
        ]
      }
    },
    {
      "type": "Feature",
      "geometry": {
        "type": "Point",
        "coordinates": [
          135.4145694,
          33.69142499
        ]
      },
      "properties": {
        "name": "くちくまの",
        "pref": "和歌山県",
        "municipality": "西牟婁郡上富田町",
        "municipality_code": "30404",
        "urls": [
          "https://www.michi-no-eki.jp/stations/view/7997",
          "http://www.kkr.mlit.go.jp/road/michi_no_eki/contents/wakayama/kuchikumano.html"
        ]
      }
    },
    {
      "type": "Feature",
      "geometry": {
        "type": "Point",
        "coordinates": [
          135.599887,
          33.50583784
        ]
      },
      "properties": {
        "name": "すさみ",
        "pref": "和歌山県",
        "municipality": "西牟婁郡すさみ町",
        "municipality_code": "30406",
        "urls": [
          "https://www.michi-no-eki.jp/stations/view/7999",
          "http://www.kkr.mlit.go.jp/road/michi_no_eki/contents/wakayama/susami.html",
          "http://www.michinoeki-susami.com/"
        ]
      }
    },
    {
      "type": "Feature",
      "geometry": {
        "type": "Point",
        "coordinates": [
          135.545723,
          33.519882
        ]
      },
      "properties": {
        "name": "イノブータンランド・すさみ",
        "pref": "和歌山県",
        "municipality": "西牟婁郡すさみ町",
        "municipality_code": "30406",
        "urls": [
          "https://www.michi-no-eki.jp/stations/view/713",
          "http://www.kkr.mlit.go.jp/road/michi_no_eki/contents/wakayama/inobuutanlandsusami.html",
          "http://www.aikis.or.jp/~susami-k/midokoro/mitinoeki.html"
        ]
      }
    },
    {
      "type": "Feature",
      "geometry": {
        "type": "Point",
        "coordinates": [
          135.9366721,
          33.6443666
        ]
      },
      "properties": {
        "name": "なち",
        "pref": "和歌山県",
        "municipality": "東牟婁郡那智勝浦町",
        "municipality_code": "30421",
        "urls": [
          "https://www.michi-no-eki.jp/stations/view/730",
          "http://www.kkr.mlit.go.jp/road/michi_no_eki/contents/wakayama/nachi.html",
          "http://www.town.nachikatsuura.wakayama.jp/forms/info/info.aspx?info_id=19241"
        ]
      }
    },
    {
      "type": "Feature",
      "geometry": {
        "type": "Point",
        "coordinates": [
          135.9337127,
          33.5923615
        ]
      },
      "properties": {
        "name": "たいじ",
        "pref": "和歌山県",
        "municipality": "東牟婁郡太地町",
        "municipality_code": "30422",
        "urls": [
          "https://www.michi-no-eki.jp/stations/view/8003",
          "http://www.kkr.mlit.go.jp/road/michi_no_eki/contents/wakayama/taiji.html",
          "http://michiekitaiji.com/?"
        ]
      }
    },
    {
      "type": "Feature",
      "geometry": {
        "type": "Point",
        "coordinates": [
          135.7201178,
          33.5459472
        ]
      },
      "properties": {
        "name": "一枚岩",
        "pref": "和歌山県",
        "municipality": "東牟婁郡古座川町",
        "municipality_code": "30424",
        "urls": [
          "https://www.michi-no-eki.jp/stations/view/727",
          "http://www.kkr.mlit.go.jp/road/michi_no_eki/contents/wakayama/ichimaiiwa.html",
          "http://www.kozagawa.com/kanko/rokumei/top_roku.htm"
        ]
      }
    },
    {
      "type": "Feature",
      "geometry": {
        "type": "Point",
        "coordinates": [
          135.765646,
          33.601578
        ]
      },
      "properties": {
        "name": "瀧之拝太郎",
        "pref": "和歌山県",
        "municipality": "東牟婁郡古座川町",
        "municipality_code": "30424",
        "urls": [
          "https://www.michi-no-eki.jp/stations/view/731",
          "http://www.kkr.mlit.go.jp/road/michi_no_eki/contents/wakayama/takinohaitaro.html"
        ]
      }
    },
    {
      "type": "Feature",
      "geometry": {
        "type": "Point",
        "coordinates": [
          135.826121,
          33.539756
        ]
      },
      "properties": {
        "name": "虫喰岩",
        "pref": "和歌山県",
        "municipality": "東牟婁郡古座川町",
        "municipality_code": "30424",
        "urls": [
          "https://www.michi-no-eki.jp/stations/view/735",
          "http://www.kkr.mlit.go.jp/road/michi_no_eki/contents/wakayama/musikuiiwa.html"
        ]
      }
    },
    {
      "type": "Feature",
      "geometry": {
        "type": "Point",
        "coordinates": [
          135.946428,
          33.939828
        ]
      },
      "properties": {
        "name": "おくとろ",
        "pref": "和歌山県",
        "municipality": "東牟婁郡北山村",
        "municipality_code": "30427",
        "urls": [
          "https://www.michi-no-eki.jp/stations/view/722",
          "http://www.kkr.mlit.go.jp/road/michi_no_eki/contents/wakayama/okutoro.html"
        ]
      }
    },
    {
      "type": "Feature",
      "geometry": {
        "type": "Point",
        "coordinates": [
          135.7944057,
          33.488152
        ]
      },
      "properties": {
        "name": "くしもと橋杭岩",
        "pref": "和歌山県",
        "municipality": "東牟婁郡串本町",
        "municipality_code": "30428",
        "urls": [
          "https://www.michi-no-eki.jp/stations/view/733",
          "http://www.kkr.mlit.go.jp/road/michi_no_eki/contents/wakayama/hasiguiiwa.html"
        ]
      }
    },
    {
      "type": "Feature",
      "geometry": {
        "type": "Point",
        "coordinates": [
          134.2029535,
          35.3931217
        ]
      },
      "properties": {
        "name": "清流茶屋 かわはら",
        "pref": "鳥取県",
        "municipality": "鳥取市",
        "municipality_code": "31201",
        "urls": [
          "https://www.michi-no-eki.jp/stations/view/744",
          "http://www.cgr.mlit.go.jp/chiki/doyroj/Michi-no-Eki/cgi-bin/station_info.pl?param=3109",
          "http://yakamihime.com/"
        ]
      }
    },
    {
      "type": "Feature",
      "geometry": {
        "type": "Point",
        "coordinates": [
          134.1143157,
          35.5255359
        ]
      },
      "properties": {
        "name": "神話の里 白うさぎ",
        "pref": "鳥取県",
        "municipality": "鳥取市",
        "municipality_code": "31201",
        "urls": [
          "https://www.michi-no-eki.jp/stations/view/743",
          "http://www.cgr.mlit.go.jp/chiki/doyroj/Michi-no-Eki/cgi-bin/station_info.pl?param=3108",
          "http://sirousagi.com/"
        ]
      }
    },
    {
      "type": "Feature",
      "geometry": {
        "type": "Point",
        "coordinates": [
          133.7560998,
          35.3293041
        ]
      },
      "properties": {
        "name": "犬挟",
        "pref": "鳥取県",
        "municipality": "倉吉市",
        "municipality_code": "31203",
        "urls": [
          "https://www.michi-no-eki.jp/stations/view/741",
          "http://www.cgr.mlit.go.jp/chiki/doyroj/Michi-no-Eki/cgi-bin/station_info.pl?param=3106",
          "http://www.inubasari.com/"
        ]
      }
    },
    {
      "type": "Feature",
      "geometry": {
        "type": "Point",
        "coordinates": [
          134.3259855,
          35.56741079
        ]
      },
      "properties": {
        "name": "きなんせ岩美",
        "pref": "鳥取県",
        "municipality": "岩美郡岩美町",
        "municipality_code": "31302",
        "urls": [
          "https://www.michi-no-eki.jp/stations/view/8007",
          "http://www.cgr.mlit.go.jp/chiki/doyroj/Michi-no-Eki/cgi-bin/station_info.pl?param=3113",
          "http://kinanseiwami.jp/"
        ]
      }
    },
    {
      "type": "Feature",
      "geometry": {
        "type": "Point",
        "coordinates": [
          134.400272,
          35.343886
        ]
      },
      "properties": {
        "name": "若桜",
        "pref": "鳥取県",
        "municipality": "八頭郡若桜町",
        "municipality_code": "31325",
        "urls": [
          "https://www.michi-no-eki.jp/stations/view/745",
          "http://www.cgr.mlit.go.jp/chiki/doyroj/Michi-no-Eki/cgi-bin/station_info.pl?param=3110",
          "http://michinoeki-wakasa.com/"
        ]
      }
    },
    {
      "type": "Feature",
      "geometry": {
        "type": "Point",
        "coordinates": [
          134.3395629,
          35.3665335
        ]
      },
      "properties": {
        "name": "はっとう",
        "pref": "鳥取県",
        "municipality": "八頭郡八頭町",
        "municipality_code": "31329",
        "urls": [
          "https://www.michi-no-eki.jp/stations/view/740",
          "http://www.cgr.mlit.go.jp/chiki/doyroj/Michi-no-Eki/cgi-bin/station_info.pl?param=3105",
          "http://www.hatto-fruits.com/"
        ]
      }
    },
    {
      "type": "Feature",
      "geometry": {
        "type": "Point",
        "coordinates": [
          133.8503077,
          35.3663211
        ]
      },
      "properties": {
        "name": "三朝・楽市楽座",
        "pref": "鳥取県",
        "municipality": "東伯郡三朝町",
        "municipality_code": "31364",
        "urls": [
          "https://www.michi-no-eki.jp/stations/view/737",
          "http://www.cgr.mlit.go.jp/chiki/doyroj/Michi-no-Eki/cgi-bin/station_info.pl?param=3102"
        ]
      }
    },
    {
      "type": "Feature",
      "geometry": {
        "type": "Point",
        "coordinates": [
          133.8904755,
          35.4942979
        ]
      },
      "properties": {
        "name": "はわい",
        "pref": "鳥取県",
        "municipality": "東伯郡湯梨浜町",
        "municipality_code": "31370",
        "urls": [
          "https://www.michi-no-eki.jp/stations/view/742",
          "http://www.cgr.mlit.go.jp/chiki/doyroj/Michi-no-Eki/cgi-bin/station_info.pl?param=3107"
        ]
      }
    },
    {
      "type": "Feature",
      "geometry": {
        "type": "Point",
        "coordinates": [
          133.8926402,
          35.4646909
        ]
      },
      "properties": {
        "name": "燕趙園",
        "pref": "鳥取県",
        "municipality": "東伯郡湯梨浜町",
        "municipality_code": "31370",
        "urls": [
          "https://www.michi-no-eki.jp/stations/view/747",
          "http://www.cgr.mlit.go.jp/chiki/doyroj/Michi-no-Eki/cgi-bin/station_info.pl?param=3112",
          "http://www.encho-en.com/"
        ]
      }
    },
    {
      "type": "Feature",
      "geometry": {
        "type": "Point",
        "coordinates": [
          133.6624616,
          35.507059
        ]
      },
      "properties": {
        "name": "ポート赤碕",
        "pref": "鳥取県",
        "municipality": "東伯郡琴浦町",
        "municipality_code": "31371",
        "urls": [
          "https://www.michi-no-eki.jp/stations/view/739",
          "http://www.cgr.mlit.go.jp/chiki/doyroj/Michi-no-Eki/cgi-bin/station_info.pl?param=3104",
          "http://www.kotoura-kankou.com/port-akasaki.html"
        ]
      }
    },
    {
      "type": "Feature",
      "geometry": {
        "type": "Point",
        "coordinates": [
          133.6585,
          35.502427
        ]
      },
      "properties": {
        "name": "琴の浦",
        "pref": "鳥取県",
        "municipality": "東伯郡琴浦町",
        "municipality_code": "31371",
        "urls": [
          "https://www.michi-no-eki.jp/stations/view/14152",
          "http://www.cgr.mlit.go.jp/chiki/doyroj/Michi-no-Eki/cgi-bin/station_info.pl?param=3116",
          "http://www.kotoura-kankou.com/kankou-category/facility/michinoekikotonoura/"
        ]
      }
    },
    {
      "type": "Feature",
      "geometry": {
        "type": "Point",
        "coordinates": [
          133.8199605,
          35.4981997
        ]
      },
      "properties": {
        "name": "北条公園",
        "pref": "鳥取県",
        "municipality": "東伯郡北栄町",
        "municipality_code": "31372",
        "urls": [
          "https://www.michi-no-eki.jp/stations/view/738",
          "http://www.cgr.mlit.go.jp/chiki/doyroj/Michi-no-Eki/cgi-bin/station_info.pl?param=3103"
        ]
      }
    },
    {
      "type": "Feature",
      "geometry": {
        "type": "Point",
        "coordinates": [
          133.7617796,
          35.4987404
        ]
      },
      "properties": {
        "name": "大栄",
        "pref": "鳥取県",
        "municipality": "東伯郡北栄町",
        "municipality_code": "31372",
        "urls": [
          "https://www.michi-no-eki.jp/stations/view/736",
          "http://www.cgr.mlit.go.jp/chiki/doyroj/Michi-no-Eki/cgi-bin/station_info.pl?param=3101",
          "http://www.apionet.or.jp/odaiba/"
        ]
      }
    },
    {
      "type": "Feature",
      "geometry": {
        "type": "Point",
        "coordinates": [
          133.5020808,
          35.5046627
        ]
      },
      "properties": {
        "name": "大山恵みの里",
        "pref": "鳥取県",
        "municipality": "西伯郡大山町",
        "municipality_code": "31386",
        "urls": [
          "https://www.michi-no-eki.jp/stations/view/746",
          "http://www.cgr.mlit.go.jp/chiki/doyroj/Michi-no-Eki/cgi-bin/station_info.pl?param=3111",
          "http://www.daisen.jp/megumi/michinoeki/"
        ]
      }
    },
    {
      "type": "Feature",
      "geometry": {
        "type": "Point",
        "coordinates": [
          133.3109329,
          35.1706825
        ]
      },
      "properties": {
        "name": "にちなん日野川の郷",
        "pref": "鳥取県",
        "municipality": "日野郡日南町",
        "municipality_code": "31401",
        "urls": [
          "https://www.michi-no-eki.jp/stations/view/9746",
          "http://www.cgr.mlit.go.jp/chiki/doyroj/Michi-no-Eki/cgi-bin/station_info.pl?param=3115",
          "http://nichinan-hinogawanosato.jp/"
        ]
      }
    },
    {
      "type": "Feature",
      "geometry": {
        "type": "Point",
        "coordinates": [
          133.4740758,
          35.2961102
        ]
      },
      "properties": {
        "name": "奥大山",
        "pref": "鳥取県",
        "municipality": "日野郡江府町",
        "municipality_code": "31403",
        "urls": [
          "https://www.michi-no-eki.jp/stations/view/8009",
          "http://www.cgr.mlit.go.jp/chiki/doyroj/Michi-no-Eki/cgi-bin/station_info.pl?param=3114",
          "http://www.okudaisen.org/station/"
        ]
      }
    },
    {
      "type": "Feature",
      "geometry": {
        "type": "Point",
        "coordinates": [
          133.1365866,
          35.518244
        ]
      },
      "properties": {
        "name": "本庄",
        "pref": "島根県",
        "municipality": "松江市",
        "municipality_code": "32201",
        "urls": [
          "https://www.michi-no-eki.jp/stations/view/766",
          "http://www.cgr.mlit.go.jp/chiki/doyroj/Michi-no-Eki/cgi-bin/station_info.pl?param=3219"
        ]
      }
    },
    {
      "type": "Feature",
      "geometry": {
        "type": "Point",
        "coordinates": [
          132.9507238,
          35.4745447
        ]
      },
      "properties": {
        "name": "秋鹿なぎさ公園",
        "pref": "島根県",
        "municipality": "松江市",
        "municipality_code": "32201",
        "urls": [
          "https://www.michi-no-eki.jp/stations/view/763",
          "http://www.cgr.mlit.go.jp/chiki/doyroj/Michi-no-Eki/cgi-bin/station_info.pl?param=3216",
          "http://www.s-skss.com/nagisa/"
        ]
      }
    },
    {
      "type": "Feature",
      "geometry": {
        "type": "Point",
        "coordinates": [
          131.9768367,
          34.8203532
        ]
      },
      "properties": {
        "name": "ゆうひパーク三隅",
        "pref": "島根県",
        "municipality": "浜田市",
        "municipality_code": "32202",
        "urls": [
          "https://www.michi-no-eki.jp/stations/view/751",
          "http://www.cgr.mlit.go.jp/chiki/doyroj/Michi-no-Eki/cgi-bin/station_info.pl?param=3204",
          "http://www.all-iwami.com/modules/guide/index.php?action=SpotView&spot_id=97"
        ]
      }
    },
    {
      "type": "Feature",
      "geometry": {
        "type": "Point",
        "coordinates": [
          132.0712455,
          34.8890254
        ]
      },
      "properties": {
        "name": "ゆうひパーク浜田",
        "pref": "島根県",
        "municipality": "浜田市",
        "municipality_code": "32202",
        "urls": [
          "https://www.michi-no-eki.jp/stations/view/750",
          "http://www.cgr.mlit.go.jp/chiki/doyroj/Michi-no-Eki/cgi-bin/station_info.pl?param=3203",
          "http://www.yuhipark-hamada.com/"
        ]
      }
    },
    {
      "type": "Feature",
      "geometry": {
        "type": "Point",
        "coordinates": [
          132.6324284,
          35.2907257
        ]
      },
      "properties": {
        "name": "キララ多伎",
        "pref": "島根県",
        "municipality": "出雲市",
        "municipality_code": "32203",
        "urls": [
          "https://www.michi-no-eki.jp/stations/view/760",
          "http://www.cgr.mlit.go.jp/chiki/doyroj/Michi-no-Eki/cgi-bin/station_info.pl?param=3213",
          "http://www.kirara-taki.co.jp/index.php"
        ]
      }
    },
    {
      "type": "Feature",
      "geometry": {
        "type": "Point",
        "coordinates": [
          132.686398,
          35.3892258
        ]
      },
      "properties": {
        "name": "大社ご縁広場",
        "pref": "島根県",
        "municipality": "出雲市",
        "municipality_code": "32203",
        "urls": [
          "https://www.michi-no-eki.jp/stations/view/754",
          "http://www.cgr.mlit.go.jp/chiki/doyroj/Michi-no-Eki/cgi-bin/station_info.pl?param=3207",
          "https://www.izumo-kankou.gr.jp/171"
        ]
      }
    },
    {
      "type": "Feature",
      "geometry": {
        "type": "Point",
        "coordinates": [
          132.8692971,
          35.3956721
        ]
      },
      "properties": {
        "name": "湯の川",
        "pref": "島根県",
        "municipality": "出雲市",
        "municipality_code": "32203",
        "urls": [
          "https://www.michi-no-eki.jp/stations/view/761",
          "http://www.cgr.mlit.go.jp/chiki/doyroj/Michi-no-Eki/cgi-bin/station_info.pl?param=3214",
          "http://tokusan-hikawa.com/index.cgi"
        ]
      }
    },
    {
      "type": "Feature",
      "geometry": {
        "type": "Point",
        "coordinates": [
          132.0221317,
          34.6877695
        ]
      },
      "properties": {
        "name": "サンエイト美都",
        "pref": "島根県",
        "municipality": "益田市",
        "municipality_code": "32204",
        "urls": [
          "https://www.michi-no-eki.jp/stations/view/755",
          "http://www.cgr.mlit.go.jp/chiki/doyroj/Michi-no-Eki/cgi-bin/station_info.pl?param=3208",
          "http://mitoshin.net/"
        ]
      }
    },
    {
      "type": "Feature",
      "geometry": {
        "type": "Point",
        "coordinates": [
          132.091414707934,
          34.6434408362994
        ]
      },
      "properties": {
        "name": "匹見峡",
        "pref": "島根県",
        "municipality": "益田市",
        "municipality_code": "32204",
        "urls": [
          "https://www.michi-no-eki.jp/stations/view/767",
          "http://www.cgr.mlit.go.jp/chiki/doyroj/Michi-no-Eki/cgi-bin/station_info.pl?param=3220",
          "http://www.all-iwami.com/modules/guide/index.php?action=SpotView&spot_id=248"
        ]
      }
    },
    {
      "type": "Feature",
      "geometry": {
        "type": "Point",
        "coordinates": [
          132.5140109,
          35.2220534
        ]
      },
      "properties": {
        "name": "ロード銀山",
        "pref": "島根県",
        "municipality": "大田市",
        "municipality_code": "32205",
        "urls": [
          "https://www.michi-no-eki.jp/stations/view/771",
          "http://www.cgr.mlit.go.jp/chiki/doyroj/Michi-no-Eki/cgi-bin/station_info.pl?param=3223",
          "http://www.roadginzan.com/"
        ]
      }
    },
    {
      "type": "Feature",
      "geometry": {
        "type": "Point",
        "coordinates": [
          133.3124056,
          35.4095485
        ]
      },
      "properties": {
        "name": "あらエッサ",
        "pref": "島根県",
        "municipality": "安来市",
        "municipality_code": "32206",
        "urls": [
          "https://www.michi-no-eki.jp/stations/view/774",
          "http://www.cgr.mlit.go.jp/chiki/doyroj/Michi-no-Eki/cgi-bin/station_info.pl?param=3227",
          "http://michinoeki-araessa.jp"
        ]
      }
    },
    {
      "type": "Feature",
      "geometry": {
        "type": "Point",
        "coordinates": [
          133.1806139,
          35.3683383
        ]
      },
      "properties": {
        "name": "広瀬・富田城",
        "pref": "島根県",
        "municipality": "安来市",
        "municipality_code": "32206",
        "urls": [
          "https://www.michi-no-eki.jp/stations/view/757",
          "http://www.cgr.mlit.go.jp/chiki/doyroj/Michi-no-Eki/cgi-bin/station_info.pl?param=3210"
        ]
      }
    },
    {
      "type": "Feature",
      "geometry": {
        "type": "Point",
        "coordinates": [
          132.29894,
          35.0451252
        ]
      },
      "properties": {
        "name": "サンピコごうつ",
        "pref": "島根県",
        "municipality": "江津市",
        "municipality_code": "32207",
        "urls": [
          "https://www.michi-no-eki.jp/stations/view/772",
          "http://www.cgr.mlit.go.jp/chiki/doyroj/Michi-no-Eki/cgi-bin/station_info.pl?param=3224",
          "http://www.all-iwami.com/modules/guide/index.php?action=SpotView&spot_id=85"
        ]
      }
    },
    {
      "type": "Feature",
      "geometry": {
        "type": "Point",
        "coordinates": [
          132.9620748,
          35.2203028
        ]
      },
      "properties": {
        "name": "おろちの里",
        "pref": "島根県",
        "municipality": "雲南市",
        "municipality_code": "32209",
        "urls": [
          "https://www.michi-no-eki.jp/stations/view/773",
          "http://www.cgr.mlit.go.jp/chiki/doyroj/Michi-no-Eki/cgi-bin/station_info.pl?param=3226",
          "http://orochinosato.com/"
        ]
      }
    },
    {
      "type": "Feature",
      "geometry": {
        "type": "Point",
        "coordinates": [
          132.912142,
          35.318905
        ]
      },
      "properties": {
        "name": "さくらの里きすき",
        "pref": "島根県",
        "municipality": "雲南市",
        "municipality_code": "32209",
        "urls": [
          "https://www.michi-no-eki.jp/stations/view/765",
          "http://www.cgr.mlit.go.jp/chiki/doyroj/Michi-no-Eki/cgi-bin/station_info.pl?param=3218",
          "http://www.unnan-kankou.jp/contents/buy/340"
        ]
      }
    },
    {
      "type": "Feature",
      "geometry": {
        "type": "Point",
        "coordinates": [
          132.8302795,
          35.167018
        ]
      },
      "properties": {
        "name": "たたらば壱番地",
        "pref": "島根県",
        "municipality": "雲南市",
        "municipality_code": "32209",
        "urls": [
          "https://www.michi-no-eki.jp/stations/view/775",
          "http://www.cgr.mlit.go.jp/chiki/doyroj/Michi-no-Eki/cgi-bin/station_info.pl?param=3228",
          "http://www.unnan-kankou.jp/contents/buy/337"
        ]
      }
    },
    {
      "type": "Feature",
      "geometry": {
        "type": "Point",
        "coordinates": [
          132.817038,
          35.2109317
        ]
      },
      "properties": {
        "name": "掛合の里",
        "pref": "島根県",
        "municipality": "雲南市",
        "municipality_code": "32209",
        "urls": [
          "https://www.michi-no-eki.jp/stations/view/748",
          "http://www.cgr.mlit.go.jp/chiki/doyroj/Michi-no-Eki/cgi-bin/station_info.pl?param=3201",
          "http://www.unnan-kankou.jp/contents/buy/339"
        ]
      }
    },
    {
      "type": "Feature",
      "geometry": {
        "type": "Point",
        "coordinates": [
          133.1278312,
          35.0959542
        ]
      },
      "properties": {
        "name": "奥出雲おろちループ",
        "pref": "島根県",
        "municipality": "仁多郡奥出雲町",
        "municipality_code": "32343",
        "urls": [
          "https://www.michi-no-eki.jp/stations/view/756",
          "http://www.cgr.mlit.go.jp/chiki/doyroj/Michi-no-Eki/cgi-bin/station_info.pl?param=3209",
          "http://www.okuizumo.ne.jp/~oroch_loop/"
        ]
      }
    },
    {
      "type": "Feature",
      "geometry": {
        "type": "Point",
        "coordinates": [
          133.0867723,
          35.2272046
        ]
      },
      "properties": {
        "name": "酒蔵奥出雲交流館",
        "pref": "島根県",
        "municipality": "仁多郡奥出雲町",
        "municipality_code": "32343",
        "urls": [
          "https://www.michi-no-eki.jp/stations/view/768",
          "http://www.cgr.mlit.go.jp/chiki/doyroj/Michi-no-Eki/cgi-bin/station_info.pl?param=3221",
          "http://www.okuizumogokochi.jp/325"
        ]
      }
    },
    {
      "type": "Feature",
      "geometry": {
        "type": "Point",
        "coordinates": [
          132.7138075,
          34.9990459
        ]
      },
      "properties": {
        "name": "赤来高原",
        "pref": "島根県",
        "municipality": "飯石郡飯南町",
        "municipality_code": "32386",
        "urls": [
          "https://www.michi-no-eki.jp/stations/view/758",
          "http://www.cgr.mlit.go.jp/chiki/doyroj/Michi-no-Eki/cgi-bin/station_info.pl?param=3211",
          "http://www.satoyamania.net/spot/2017/10/post-3.html"
        ]
      }
    },
    {
      "type": "Feature",
      "geometry": {
        "type": "Point",
        "coordinates": [
          132.7856173,
          35.0897856
        ]
      },
      "properties": {
        "name": "頓原",
        "pref": "島根県",
        "municipality": "飯石郡飯南町",
        "municipality_code": "32386",
        "urls": [
          "https://www.michi-no-eki.jp/stations/view/749",
          "http://www.cgr.mlit.go.jp/chiki/doyroj/Michi-no-Eki/cgi-bin/station_info.pl?param=3202",
          "http://www.r-yamanami.com/"
        ]
      }
    },
    {
      "type": "Feature",
      "geometry": {
        "type": "Point",
        "coordinates": [
          132.4729896,
          34.9660004
        ]
      },
      "properties": {
        "name": "インフォメーションセンターかわもと",
        "pref": "島根県",
        "municipality": "邑智郡川本町",
        "municipality_code": "32441",
        "urls": [
          "https://www.michi-no-eki.jp/stations/view/769",
          "http://www.cgr.mlit.go.jp/chiki/doyroj/Michi-no-Eki/cgi-bin/station_info.pl?param=3222",
          "http://plus-max.com/info/"
        ]
      }
    },
    {
      "type": "Feature",
      "geometry": {
        "type": "Point",
        "coordinates": [
          132.6417383,
          34.9675792
        ]
      },
      "properties": {
        "name": "グリーンロード大和",
        "pref": "島根県",
        "municipality": "邑智郡美郷町",
        "municipality_code": "32448",
        "urls": [
          "https://www.michi-no-eki.jp/stations/view/753",
          "http://www.cgr.mlit.go.jp/chiki/doyroj/Michi-no-Eki/cgi-bin/station_info.pl?param=3206",
          "http://www.all-iwami.com/modules/guide/index.php?action=SpotView&spot_id=51"
        ]
      }
    },
    {
      "type": "Feature",
      "geometry": {
        "type": "Point",
        "coordinates": [
          132.51885,
          34.854446
        ]
      },
      "properties": {
        "name": "瑞穂",
        "pref": "島根県",
        "municipality": "邑智郡邑南町",
        "municipality_code": "32449",
        "urls": [
          "https://www.michi-no-eki.jp/stations/view/752",
          "http://www.cgr.mlit.go.jp/chiki/doyroj/Michi-no-Eki/cgi-bin/station_info.pl?param=3205",
          "http://www.all-iwami.com/modules/guide/index.php?action=SpotView&spot_id=116"
        ]
      }
    },
    {
      "type": "Feature",
      "geometry": {
        "type": "Point",
        "coordinates": [
          131.8080661,
          34.553541
        ]
      },
      "properties": {
        "name": "シルクウェイにちはら",
        "pref": "島根県",
        "municipality": "鹿足郡津和野町",
        "municipality_code": "32501",
        "urls": [
          "https://www.michi-no-eki.jp/stations/view/762",
          "http://www.cgr.mlit.go.jp/chiki/doyroj/Michi-no-Eki/cgi-bin/station_info.pl?param=3215",
          "http://www.silkway.co.jp/"
        ]
      }
    },
    {
      "type": "Feature",
      "geometry": {
        "type": "Point",
        "coordinates": [
          131.760771,
          34.4501785
        ]
      },
      "properties": {
        "name": "津和野温泉なごみの里",
        "pref": "島根県",
        "municipality": "鹿足郡津和野町",
        "municipality_code": "32501",
        "urls": [
          "https://www.michi-no-eki.jp/stations/view/764",
          "http://www.cgr.mlit.go.jp/chiki/doyroj/Michi-no-Eki/cgi-bin/station_info.pl?param=3217",
          "http://www.nagomi-nosato.com/"
        ]
      }
    },
    {
      "type": "Feature",
      "geometry": {
        "type": "Point",
        "coordinates": [
          131.8677416,
          34.4422853
        ]
      },
      "properties": {
        "name": "かきのきむら",
        "pref": "島根県",
        "municipality": "鹿足郡吉賀町",
        "municipality_code": "32505",
        "urls": [
          "https://www.michi-no-eki.jp/stations/view/759",
          "http://www.cgr.mlit.go.jp/chiki/doyroj/Michi-no-Eki/cgi-bin/station_info.pl?param=3212",
          "http://www.kakinokimura.com/"
        ]
      }
    },
    {
      "type": "Feature",
      "geometry": {
        "type": "Point",
        "coordinates": [
          131.9438432,
          34.3529102
        ]
      },
      "properties": {
        "name": "むいかいち温泉",
        "pref": "島根県",
        "municipality": "鹿足郡吉賀町",
        "municipality_code": "32505",
        "urls": [
          "https://www.michi-no-eki.jp/stations/view/770",
          "http://www.cgr.mlit.go.jp/chiki/doyroj/Michi-no-Eki/cgi-bin/station_info.pl?param=3225",
          "http://www.muikaichi.jp/"
        ]
      }
    },
    {
      "type": "Feature",
      "geometry": {
        "type": "Point",
        "coordinates": [
          133.9228946,
          35.0560424
        ]
      },
      "properties": {
        "name": "久米の里",
        "pref": "岡山県",
        "municipality": "津山市",
        "municipality_code": "33203",
        "urls": [
          "https://www.michi-no-eki.jp/stations/view/788",
          "http://www.cgr.mlit.go.jp/chiki/doyroj/Michi-no-Eki/cgi-bin/station_info.pl?param=3313",
          "http://www.michinoeki-kumenosato.com/"
        ]
      }
    },
    {
      "type": "Feature",
      "geometry": {
        "type": "Point",
        "coordinates": [
          133.926904,
          34.520201
        ]
      },
      "properties": {
        "name": "みやま公園",
        "pref": "岡山県",
        "municipality": "玉野市",
        "municipality_code": "33204",
        "urls": [
          "https://www.michi-no-eki.jp/stations/view/780",
          "http://www.cgr.mlit.go.jp/chiki/doyroj/Michi-no-Eki/cgi-bin/station_info.pl?param=3305",
          "http://m-y.jp/"
        ]
      }
    },
    {
      "type": "Feature",
      "geometry": {
        "type": "Point",
        "coordinates": [
          133.500244,
          34.473317
        ]
      },
      "properties": {
        "name": "笠岡ベイファーム",
        "pref": "岡山県",
        "municipality": "笠岡市",
        "municipality_code": "33205",
        "urls": [
          "https://www.michi-no-eki.jp/stations/view/791",
          "http://www.cgr.mlit.go.jp/chiki/doyroj/Michi-no-Eki/cgi-bin/station_info.pl?param=3316",
          "http://www.k-bay.jp/"
        ]
      }
    },
    {
      "type": "Feature",
      "geometry": {
        "type": "Point",
        "coordinates": [
          133.3317222,
          34.9320499
        ]
      },
      "properties": {
        "name": "鯉が窪",
        "pref": "岡山県",
        "municipality": "新見市",
        "municipality_code": "33210",
        "urls": [
          "https://www.michi-no-eki.jp/stations/view/783",
          "http://www.cgr.mlit.go.jp/chiki/doyroj/Michi-no-Eki/cgi-bin/station_info.pl?param=3308",
          "http://koi.niimi-tessei.co.jp/"
        ]
      }
    },
    {
      "type": "Feature",
      "geometry": {
        "type": "Point",
        "coordinates": [
          134.1657126,
          34.65635976
        ]
      },
      "properties": {
        "name": "一本松展望園",
        "pref": "岡山県",
        "municipality": "瀬戸内市",
        "municipality_code": "33212",
        "urls": [
          "https://www.michi-no-eki.jp/stations/view/781",
          "http://www.cgr.mlit.go.jp/chiki/doyroj/Michi-no-Eki/cgi-bin/station_info.pl?param=3306",
          "http://www.blueline-michieki.com/ipponmatsu/"
        ]
      }
    },
    {
      "type": "Feature",
      "geometry": {
        "type": "Point",
        "coordinates": [
          134.2053097,
          34.6935595
        ]
      },
      "properties": {
        "name": "黒井山グリーンパーク",
        "pref": "岡山県",
        "municipality": "瀬戸内市",
        "municipality_code": "33212",
        "urls": [
          "https://www.michi-no-eki.jp/stations/view/782",
          "http://www.cgr.mlit.go.jp/chiki/doyroj/Michi-no-Eki/cgi-bin/station_info.pl?param=3307",
          "http://www.blueline-michieki.com/kuroisan/"
        ]
      }
    },
    {
      "type": "Feature",
      "geometry": {
        "type": "Point",
        "coordinates": [
          133.667559857008,
          35.2949044550575
        ]
      },
      "properties": {
        "name": "蒜山高原",
        "pref": "岡山県",
        "municipality": "真庭市",
        "municipality_code": "33214",
        "urls": [
          "https://www.michi-no-eki.jp/stations/view/784",
          "http://www.cgr.mlit.go.jp/chiki/doyroj/Michi-no-Eki/cgi-bin/station_info.pl?param=3309",
          "http://cms.top-page.jp/p/maniwa/3/1/43/"
        ]
      }
    },
    {
      "type": "Feature",
      "geometry": {
        "type": "Point",
        "coordinates": [
          133.7255327,
          34.9910404
        ]
      },
      "properties": {
        "name": "醍醐の里",
        "pref": "岡山県",
        "municipality": "真庭市",
        "municipality_code": "33214",
        "urls": [
          "https://www.michi-no-eki.jp/stations/view/789",
          "http://www.cgr.mlit.go.jp/chiki/doyroj/Michi-no-Eki/cgi-bin/station_info.pl?param=3314",
          "http://www.daigonosato.jp/"
        ]
      }
    },
    {
      "type": "Feature",
      "geometry": {
        "type": "Point",
        "coordinates": [
          133.6239421,
          35.2768308
        ]
      },
      "properties": {
        "name": "風の家",
        "pref": "岡山県",
        "municipality": "真庭市",
        "municipality_code": "33214",
        "urls": [
          "https://www.michi-no-eki.jp/stations/view/785",
          "http://www.cgr.mlit.go.jp/chiki/doyroj/Michi-no-Eki/cgi-bin/station_info.pl?param=3310",
          "http://www.h2.dion.ne.jp/~kazenoie/"
        ]
      }
    },
    {
      "type": "Feature",
      "geometry": {
        "type": "Point",
        "coordinates": [
          134.1508967,
          35.014721
        ]
      },
      "properties": {
        "name": "彩菜茶屋",
        "pref": "岡山県",
        "municipality": "美作市",
        "municipality_code": "33215",
        "urls": [
          "https://www.michi-no-eki.jp/stations/view/786",
          "http://www.cgr.mlit.go.jp/chiki/doyroj/Michi-no-Eki/cgi-bin/station_info.pl?param=3311",
          "http://www.sai2.jp/"
        ]
      }
    },
    {
      "type": "Feature",
      "geometry": {
        "type": "Point",
        "coordinates": [
          133.571876,
          35.175467
        ]
      },
      "properties": {
        "name": "メルヘンの里新庄",
        "pref": "岡山県",
        "municipality": "真庭郡新庄村",
        "municipality_code": "33586",
        "urls": [
          "https://www.michi-no-eki.jp/stations/view/777",
          "http://www.cgr.mlit.go.jp/chiki/doyroj/Michi-no-Eki/cgi-bin/station_info.pl?param=3302",
          "http://www.meruhen-plaza.jp/"
        ]
      }
    },
    {
      "type": "Feature",
      "geometry": {
        "type": "Point",
        "coordinates": [
          133.9228551,
          35.2233861
        ]
      },
      "properties": {
        "name": "奥津温泉",
        "pref": "岡山県",
        "municipality": "苫田郡鏡野町",
        "municipality_code": "33606",
        "urls": [
          "https://www.michi-no-eki.jp/stations/view/787",
          "http://www.cgr.mlit.go.jp/chiki/doyroj/Michi-no-Eki/cgi-bin/station_info.pl?param=3312",
          "http://www.mirakuru.ne.jp/mitinoeki/"
        ]
      }
    },
    {
      "type": "Feature",
      "geometry": {
        "type": "Point",
        "coordinates": [
          134.3352197,
          35.1801962
        ]
      },
      "properties": {
        "name": "あわくらんど",
        "pref": "岡山県",
        "municipality": "英田郡西粟倉村",
        "municipality_code": "33643",
        "urls": [
          "https://www.michi-no-eki.jp/stations/view/778",
          "http://www.cgr.mlit.go.jp/chiki/doyroj/Michi-no-Eki/cgi-bin/station_info.pl?param=3303",
          "http://nishiawakura-kanko.com/kyukei/kyukei02.html"
        ]
      }
    },
    {
      "type": "Feature",
      "geometry": {
        "type": "Point",
        "coordinates": [
          133.947028,
          34.91226658
        ]
      },
      "properties": {
        "name": "くめなん",
        "pref": "岡山県",
        "municipality": "久米郡久米南町",
        "municipality_code": "33663",
        "urls": [
          "https://www.michi-no-eki.jp/stations/view/779",
          "http://www.cgr.mlit.go.jp/chiki/doyroj/Michi-no-Eki/cgi-bin/station_info.pl?param=3304",
          "https://www.michinoeki-kumenan.jp/",
          "http://www.town.kumenan.okayama.jp/shisetsu/michinoeki.html"
        ]
      }
    },
    {
      "type": "Feature",
      "geometry": {
        "type": "Point",
        "coordinates": [
          133.8139708,
          34.8922864
        ]
      },
      "properties": {
        "name": "かもがわ円城",
        "pref": "岡山県",
        "municipality": "加賀郡吉備中央町",
        "municipality_code": "33681",
        "urls": [
          "https://www.michi-no-eki.jp/stations/view/776",
          "http://www.cgr.mlit.go.jp/chiki/doyroj/Michi-no-Eki/cgi-bin/station_info.pl?param=3301",
          "https://www.town.kibichuo.lg.jp/site/kanko/47.html"
        ]
      }
    },
    {
      "type": "Feature",
      "geometry": {
        "type": "Point",
        "coordinates": [
          133.7053268,
          34.8164407
        ]
      },
      "properties": {
        "name": "かよう",
        "pref": "岡山県",
        "municipality": "加賀郡吉備中央町",
        "municipality_code": "33681",
        "urls": [
          "https://www.michi-no-eki.jp/stations/view/790",
          "http://www.cgr.mlit.go.jp/chiki/doyroj/Michi-no-Eki/cgi-bin/station_info.pl?param=3315",
          "http://www.town.kibichuo.lg.jp/site/kanko/48.html"
        ]
      }
    },
    {
      "type": "Feature",
      "geometry": {
        "type": "Point",
        "coordinates": [
          132.9121681,
          34.3439384
        ]
      },
      "properties": {
        "name": "たけはら",
        "pref": "広島県",
        "municipality": "竹原市",
        "municipality_code": "34203",
        "urls": [
          "https://www.michi-no-eki.jp/stations/view/806",
          "http://www.cgr.mlit.go.jp/chiki/doyroj/Michi-no-Eki/cgi-bin/station_info.pl?param=3415",
          "http://michinoekitakehara.com/"
        ]
      }
    },
    {
      "type": "Feature",
      "geometry": {
        "type": "Point",
        "coordinates": [
          133.1038862,
          34.3968282
        ]
      },
      "properties": {
        "name": "みはら神明の里",
        "pref": "広島県",
        "municipality": "三原市",
        "municipality_code": "34204",
        "urls": [
          "https://www.michi-no-eki.jp/stations/view/807",
          "http://www.cgr.mlit.go.jp/chiki/doyroj/Michi-no-Eki/cgi-bin/station_info.pl?param=3416",
          "http://www.shinmeinosato.jp/"
        ]
      }
    },
    {
      "type": "Feature",
      "geometry": {
        "type": "Point",
        "coordinates": [
          132.913945,
          34.5064709
        ]
      },
      "properties": {
        "name": "よがんす白竜",
        "pref": "広島県",
        "municipality": "三原市",
        "municipality_code": "34204",
        "urls": [
          "https://www.michi-no-eki.jp/stations/view/797",
          "http://www.cgr.mlit.go.jp/chiki/doyroj/Michi-no-Eki/cgi-bin/station_info.pl?param=3406",
          "https://www.facebook.com/4GANSU"
        ]
      }
    },
    {
      "type": "Feature",
      "geometry": {
        "type": "Point",
        "coordinates": [
          133.1446622,
          34.5115157
        ]
      },
      "properties": {
        "name": "クロスロードみつぎ",
        "pref": "広島県",
        "municipality": "尾道市",
        "municipality_code": "34205",
        "urls": [
          "https://www.michi-no-eki.jp/stations/view/802",
          "http://www.cgr.mlit.go.jp/chiki/doyroj/Michi-no-Eki/cgi-bin/station_info.pl?param=3411",
          "http://www.crossroad-mitsugi.com/"
        ]
      }
    },
    {
      "type": "Feature",
      "geometry": {
        "type": "Point",
        "coordinates": [
          133.3173083,
          34.394684
        ]
      },
      "properties": {
        "name": "アリストぬまくま",
        "pref": "広島県",
        "municipality": "福山市",
        "municipality_code": "34207",
        "urls": [
          "https://www.michi-no-eki.jp/stations/view/798",
          "http://www.cgr.mlit.go.jp/chiki/doyroj/Michi-no-Eki/cgi-bin/station_info.pl?param=3407",
          "http://www.arist-numakuma.gr.jp/"
        ]
      }
    },
    {
      "type": "Feature",
      "geometry": {
        "type": "Point",
        "coordinates": [
          133.235633,
          34.56977
        ]
      },
      "properties": {
        "name": "びんご府中",
        "pref": "広島県",
        "municipality": "府中市",
        "municipality_code": "34208",
        "urls": [
          "https://www.michi-no-eki.jp/stations/view/11984",
          "http://www.cgr.mlit.go.jp/chiki/doyroj/Michi-no-Eki/cgi-bin/station_info.pl?param=3419",
          "https://www.facebook.com/道の駅びんご府中-1219558084783102/?fref=ts"
        ]
      }
    },
    {
      "type": "Feature",
      "geometry": {
        "type": "Point",
        "coordinates": [
          132.8494852,
          34.8990665
        ]
      },
      "properties": {
        "name": "ふぉレスト君田",
        "pref": "広島県",
        "municipality": "三次市",
        "municipality_code": "34209",
        "urls": [
          "https://www.michi-no-eki.jp/stations/view/801",
          "http://www.cgr.mlit.go.jp/chiki/doyroj/Michi-no-Eki/cgi-bin/station_info.pl?param=3410",
          "http://www.kimita-onsen.com/kanko/forest.html"
        ]
      }
    },
    {
      "type": "Feature",
      "geometry": {
        "type": "Point",
        "coordinates": [
          132.7970555,
          34.8557897
        ]
      },
      "properties": {
        "name": "ゆめランド布野",
        "pref": "広島県",
        "municipality": "三次市",
        "municipality_code": "34209",
        "urls": [
          "https://www.michi-no-eki.jp/stations/view/800",
          "http://www.cgr.mlit.go.jp/chiki/doyroj/Michi-no-Eki/cgi-bin/station_info.pl?param=3409",
          "http://www.pionet.ne.jp/~funo-fureai/index.html"
        ]
      }
    },
    {
      "type": "Feature",
      "geometry": {
        "type": "Point",
        "coordinates": [
          132.8815981,
          35.024058
        ]
      },
      "properties": {
        "name": "たかの",
        "pref": "広島県",
        "municipality": "庄原市",
        "municipality_code": "34210",
        "urls": [
          "https://www.michi-no-eki.jp/stations/view/808",
          "http://www.cgr.mlit.go.jp/chiki/doyroj/Michi-no-Eki/cgi-bin/station_info.pl?param=3417",
          "http://www.takanoyama.jp/"
        ]
      }
    },
    {
      "type": "Feature",
      "geometry": {
        "type": "Point",
        "coordinates": [
          133.0713142,
          34.784591
        ]
      },
      "properties": {
        "name": "リストアステーション",
        "pref": "広島県",
        "municipality": "庄原市",
        "municipality_code": "34210",
        "urls": [
          "https://www.michi-no-eki.jp/stations/view/792",
          "http://www.cgr.mlit.go.jp/chiki/doyroj/Michi-no-Eki/cgi-bin/station_info.pl?param=3401",
          "https://shobara-info.com/290"
        ]
      }
    },
    {
      "type": "Feature",
      "geometry": {
        "type": "Point",
        "coordinates": [
          133.2757124,
          34.88967
        ]
      },
      "properties": {
        "name": "遊YOUさろん東城",
        "pref": "広島県",
        "municipality": "庄原市",
        "municipality_code": "34210",
        "urls": [
          "https://www.michi-no-eki.jp/stations/view/793",
          "http://www.cgr.mlit.go.jp/chiki/doyroj/Michi-no-Eki/cgi-bin/station_info.pl?param=3402",
          "http://www.yousalon.sakura.ne.jp"
        ]
      }
    },
    {
      "type": "Feature",
      "geometry": {
        "type": "Point",
        "coordinates": [
          132.7759856,
          34.5322334
        ]
      },
      "properties": {
        "name": "湖畔の里福富",
        "pref": "広島県",
        "municipality": "東広島市",
        "municipality_code": "34212",
        "urls": [
          "https://www.michi-no-eki.jp/stations/view/805",
          "http://www.cgr.mlit.go.jp/chiki/doyroj/Michi-no-Eki/cgi-bin/station_info.pl?param=3414",
          "http://fukutomi.info/"
        ]
      }
    },
    {
      "type": "Feature",
      "geometry": {
        "type": "Point",
        "coordinates": [
          132.1042513,
          34.389119
        ]
      },
      "properties": {
        "name": "スパ羅漢",
        "pref": "広島県",
        "municipality": "廿日市市",
        "municipality_code": "34213",
        "urls": [
          "https://www.michi-no-eki.jp/stations/view/799",
          "http://www.cgr.mlit.go.jp/chiki/doyroj/Michi-no-Eki/cgi-bin/station_info.pl?param=3408",
          "http://www.sparakan.com/"
        ]
      }
    },
    {
      "type": "Feature",
      "geometry": {
        "type": "Point",
        "coordinates": [
          132.6810513,
          34.7210499
        ]
      },
      "properties": {
        "name": "北の関宿安芸高田",
        "pref": "広島県",
        "municipality": "安芸高田市",
        "municipality_code": "34214",
        "urls": [
          "https://www.michi-no-eki.jp/stations/view/804",
          "http://www.cgr.mlit.go.jp/chiki/doyroj/Michi-no-Eki/cgi-bin/station_info.pl?param=3413",
          "http://www.kitanosekijyuku.jp/"
        ]
      }
    },
    {
      "type": "Feature",
      "geometry": {
        "type": "Point",
        "coordinates": [
          132.2698295,
          34.5744153
        ]
      },
      "properties": {
        "name": "来夢とごうち",
        "pref": "広島県",
        "municipality": "山県郡安芸太田町",
        "municipality_code": "34368",
        "urls": [
          "https://www.michi-no-eki.jp/stations/view/796",
          "http://www.cgr.mlit.go.jp/chiki/doyroj/Michi-no-Eki/cgi-bin/station_info.pl?param=3405",
          "https://www.hiroshima-kankou.com/spot/955"
        ]
      }
    },
    {
      "type": "Feature",
      "geometry": {
        "type": "Point",
        "coordinates": [
          132.5412326,
          34.6745412
        ]
      },
      "properties": {
        "name": "舞ロードIC千代田",
        "pref": "広島県",
        "municipality": "山県郡北広島町",
        "municipality_code": "34369",
        "urls": [
          "https://www.michi-no-eki.jp/stations/view/803",
          "http://www.cgr.mlit.go.jp/chiki/doyroj/Michi-no-Eki/cgi-bin/station_info.pl?param=3412",
          "http://www.kitahiro-ichiba.com/"
        ]
      }
    },
    {
      "type": "Feature",
      "geometry": {
        "type": "Point",
        "coordinates": [
          132.4446982,
          34.6468579
        ]
      },
      "properties": {
        "name": "豊平どんぐり村",
        "pref": "広島県",
        "municipality": "山県郡北広島町",
        "municipality_code": "34369",
        "urls": [
          "https://www.michi-no-eki.jp/stations/view/795",
          "http://www.cgr.mlit.go.jp/chiki/doyroj/Michi-no-Eki/cgi-bin/station_info.pl?param=3404",
          "http://www.donguri.gr.jp"
        ]
      }
    },
    {
      "type": "Feature",
      "geometry": {
        "type": "Point",
        "coordinates": [
          133.0841,
          34.59638
        ]
      },
      "properties": {
        "name": "世羅",
        "pref": "広島県",
        "municipality": "世羅郡世羅町",
        "municipality_code": "34462",
        "urls": [
          "https://www.michi-no-eki.jp/stations/view/809",
          "http://www.cgr.mlit.go.jp/chiki/doyroj/Michi-no-Eki/cgi-bin/station_info.pl?param=3418",
          "http://seranan.jp/road-side-station/"
        ]
      }
    },
    {
      "type": "Feature",
      "geometry": {
        "type": "Point",
        "coordinates": [
          133.2998686,
          34.6734859
        ]
      },
      "properties": {
        "name": "さんわ182ステーション",
        "pref": "広島県",
        "municipality": "神石郡神石高原町",
        "municipality_code": "34545",
        "urls": [
          "https://www.michi-no-eki.jp/stations/view/794",
          "http://www.cgr.mlit.go.jp/chiki/doyroj/Michi-no-Eki/cgi-bin/station_info.pl?param=3403",
          "http://www.jkougen.jp/kankou/pages/sisetu-p/182sute.html"
        ]
      }
    },
    {
      "type": "Feature",
      "geometry": {
        "type": "Point",
        "coordinates": [
          131.0316891,
          34.1262472
        ]
      },
      "properties": {
        "name": "きくがわ",
        "pref": "山口県",
        "municipality": "下関市",
        "municipality_code": "35201",
        "urls": [
          "https://www.michi-no-eki.jp/stations/view/816",
          "http://www.cgr.mlit.go.jp/chiki/doyroj/Michi-no-Eki/cgi-bin/station_info.pl?param=3507",
          "http://michinoekikikugawa.co.jp/"
        ]
      }
    },
    {
      "type": "Feature",
      "geometry": {
        "type": "Point",
        "coordinates": [
          130.8886701,
          34.3103986
        ]
      },
      "properties": {
        "name": "北浦街道 豊北",
        "pref": "山口県",
        "municipality": "下関市",
        "municipality_code": "35201",
        "urls": [
          "https://www.michi-no-eki.jp/stations/view/829",
          "http://www.cgr.mlit.go.jp/chiki/doyroj/Michi-no-Eki/cgi-bin/station_info.pl?param=3520",
          "http://michinoeki-houhoku.jp/"
        ]
      }
    },
    {
      "type": "Feature",
      "geometry": {
        "type": "Point",
        "coordinates": [
          131.0767314,
          34.1983964
        ]
      },
      "properties": {
        "name": "蛍街道西ノ市",
        "pref": "山口県",
        "municipality": "下関市",
        "municipality_code": "35201",
        "urls": [
          "https://www.michi-no-eki.jp/stations/view/826",
          "http://www.cgr.mlit.go.jp/chiki/doyroj/Michi-no-Eki/cgi-bin/station_info.pl?param=3517",
          "http://www.toyota-hotaru.com/"
        ]
      }
    },
    {
      "type": "Feature",
      "geometry": {
        "type": "Point",
        "coordinates": [
          131.4572464,
          34.0288046
        ]
      },
      "properties": {
        "name": "あいお",
        "pref": "山口県",
        "municipality": "山口市",
        "municipality_code": "35203",
        "urls": [
          "https://www.michi-no-eki.jp/stations/view/813",
          "http://www.cgr.mlit.go.jp/chiki/doyroj/Michi-no-Eki/cgi-bin/station_info.pl?param=3504",
          "http://www.y-shoko.com/akisho/"
        ]
      }
    },
    {
      "type": "Feature",
      "geometry": {
        "type": "Point",
        "coordinates": [
          131.3695613,
          34.0128549
        ]
      },
      "properties": {
        "name": "きらら あじす",
        "pref": "山口県",
        "municipality": "山口市",
        "municipality_code": "35203",
        "urls": [
          "https://www.michi-no-eki.jp/stations/view/827",
          "http://www.cgr.mlit.go.jp/chiki/doyroj/Michi-no-Eki/cgi-bin/station_info.pl?param=3518",
          "http://www.c-able.ne.jp/~machikai/"
        ]
      }
    },
    {
      "type": "Feature",
      "geometry": {
        "type": "Point",
        "coordinates": [
          131.5593634,
          34.2109098
        ]
      },
      "properties": {
        "name": "仁保の郷",
        "pref": "山口県",
        "municipality": "山口市",
        "municipality_code": "35203",
        "urls": [
          "https://www.michi-no-eki.jp/stations/view/822",
          "http://www.cgr.mlit.go.jp/chiki/doyroj/Michi-no-Eki/cgi-bin/station_info.pl?param=3513",
          "http://www.nihonosato.com/"
        ]
      }
    },
    {
      "type": "Feature",
      "geometry": {
        "type": "Point",
        "coordinates": [
          131.5762756,
          34.3031352
        ]
      },
      "properties": {
        "name": "長門峡",
        "pref": "山口県",
        "municipality": "山口市",
        "municipality_code": "35203",
        "urls": [
          "https://www.michi-no-eki.jp/stations/view/818",
          "http://www.cgr.mlit.go.jp/chiki/doyroj/Michi-no-Eki/cgi-bin/station_info.pl?param=3509",
          "http://choumonkyou.blog.fc2.com/"
        ]
      }
    },
    {
      "type": "Feature",
      "geometry": {
        "type": "Point",
        "coordinates": [
          131.7705123,
          34.4344327
        ]
      },
      "properties": {
        "name": "願成就温泉",
        "pref": "山口県",
        "municipality": "山口市",
        "municipality_code": "35203",
        "urls": [
          "https://www.michi-no-eki.jp/stations/view/824",
          "http://www.cgr.mlit.go.jp/chiki/doyroj/Michi-no-Eki/cgi-bin/station_info.pl?param=3515",
          "http://ganjyoju.com/"
        ]
      }
    },
    {
      "type": "Feature",
      "geometry": {
        "type": "Point",
        "coordinates": [
          131.4595121,
          34.286296
        ]
      },
      "properties": {
        "name": "あさひ",
        "pref": "山口県",
        "municipality": "萩市",
        "municipality_code": "35204",
        "urls": [
          "https://www.michi-no-eki.jp/stations/view/812",
          "http://www.cgr.mlit.go.jp/chiki/doyroj/Michi-no-Eki/cgi-bin/station_info.pl?param=3503"
        ]
      }
    },
    {
      "type": "Feature",
      "geometry": {
        "type": "Point",
        "coordinates": [
          131.6322742,
          34.4832259
        ]
      },
      "properties": {
        "name": "うり坊の郷katamata",
        "pref": "山口県",
        "municipality": "萩市",
        "municipality_code": "35204",
        "urls": [
          "https://www.michi-no-eki.jp/stations/view/825",
          "http://www.cgr.mlit.go.jp/chiki/doyroj/Michi-no-Eki/cgi-bin/station_info.pl?param=3516",
          "http://www.pref.yamaguchi.lg.jp/gyosei/koho/portal/tokushu/michinoeki/katamata.html"
        ]
      }
    },
    {
      "type": "Feature",
      "geometry": {
        "type": "Point",
        "coordinates": [
          131.6650353,
          34.6485043
        ]
      },
      "properties": {
        "name": "ゆとりパークたまがわ",
        "pref": "山口県",
        "municipality": "萩市",
        "municipality_code": "35204",
        "urls": [
          "https://www.michi-no-eki.jp/stations/view/814",
          "http://www.cgr.mlit.go.jp/chiki/doyroj/Michi-no-Eki/cgi-bin/station_info.pl?param=3505",
          "http://www.hagishi.com/search/detail.php?d=1100207"
        ]
      }
    },
    {
      "type": "Feature",
      "geometry": {
        "type": "Point",
        "coordinates": [
          131.4826402,
          34.4339084
        ]
      },
      "properties": {
        "name": "ハピネスふくえ",
        "pref": "山口県",
        "municipality": "萩市",
        "municipality_code": "35204",
        "urls": [
          "https://www.michi-no-eki.jp/stations/view/817",
          "http://www.cgr.mlit.go.jp/chiki/doyroj/Michi-no-Eki/cgi-bin/station_info.pl?param=3508"
        ]
      }
    },
    {
      "type": "Feature",
      "geometry": {
        "type": "Point",
        "coordinates": [
          131.4146209,
          34.42624582
        ]
      },
      "properties": {
        "name": "萩しーまーと",
        "pref": "山口県",
        "municipality": "萩市",
        "municipality_code": "35204",
        "urls": [
          "https://www.michi-no-eki.jp/stations/view/823",
          "http://www.cgr.mlit.go.jp/chiki/doyroj/Michi-no-Eki/cgi-bin/station_info.pl?param=3514",
          "http://seamart.axis.or.jp/"
        ]
      }
    },
    {
      "type": "Feature",
      "geometry": {
        "type": "Point",
        "coordinates": [
          131.3219684,
          34.3889298
        ]
      },
      "properties": {
        "name": "萩・さんさん三見",
        "pref": "山口県",
        "municipality": "萩市",
        "municipality_code": "35204",
        "urls": [
          "https://www.michi-no-eki.jp/stations/view/828",
          "http://www.cgr.mlit.go.jp/chiki/doyroj/Michi-no-Eki/cgi-bin/station_info.pl?param=3519",
          "http://info.akeishi.net/"
        ]
      }
    },
    {
      "type": "Feature",
      "geometry": {
        "type": "Point",
        "coordinates": [
          131.4130646,
          34.36952669
        ]
      },
      "properties": {
        "name": "萩往還",
        "pref": "山口県",
        "municipality": "萩市",
        "municipality_code": "35204",
        "urls": [
          "https://www.michi-no-eki.jp/stations/view/811",
          "http://www.cgr.mlit.go.jp/chiki/doyroj/Michi-no-Eki/cgi-bin/station_info.pl?param=3502",
          "http://www.hagioukan.com/"
        ]
      }
    },
    {
      "type": "Feature",
      "geometry": {
        "type": "Point",
        "coordinates": [
          131.5976786,
          34.0380706
        ]
      },
      "properties": {
        "name": "潮彩市場防府",
        "pref": "山口県",
        "municipality": "防府市",
        "municipality_code": "35206",
        "urls": [
          "https://www.michi-no-eki.jp/stations/view/8011",
          "http://www.cgr.mlit.go.jp/chiki/doyroj/Michi-no-Eki/cgi-bin/station_info.pl?param=3523",
          "http://www.shiosai-hofu.jp/"
        ]
      }
    },
    {
      "type": "Feature",
      "geometry": {
        "type": "Point",
        "coordinates": [
          131.9695374,
          34.2783956
        ]
      },
      "properties": {
        "name": "ピュアラインにしき",
        "pref": "山口県",
        "municipality": "岩国市",
        "municipality_code": "35208",
        "urls": [
          "https://www.michi-no-eki.jp/stations/view/819",
          "http://www.cgr.mlit.go.jp/chiki/doyroj/Michi-no-Eki/cgi-bin/station_info.pl?param=3510",
          "http://pureline-nishiki.com/"
        ]
      }
    },
    {
      "type": "Feature",
      "geometry": {
        "type": "Point",
        "coordinates": [
          131.202713,
          34.388466
        ]
      },
      "properties": {
        "name": "センザキッチン",
        "pref": "山口県",
        "municipality": "長門市",
        "municipality_code": "35211",
        "urls": [
          "https://www.michi-no-eki.jp/stations/view/14181"
        ]
      }
    },
    {
      "type": "Feature",
      "geometry": {
        "type": "Point",
        "coordinates": [
          131.2084956,
          34.23794705
        ]
      },
      "properties": {
        "name": "おふく",
        "pref": "山口県",
        "municipality": "美祢市",
        "municipality_code": "35213",
        "urls": [
          "https://www.michi-no-eki.jp/stations/view/820",
          "http://www.cgr.mlit.go.jp/chiki/doyroj/Michi-no-Eki/cgi-bin/station_info.pl?param=3511",
          "http://www.michinoeki-ofuku.jp/"
        ]
      }
    },
    {
      "type": "Feature",
      "geometry": {
        "type": "Point",
        "coordinates": [
          131.3439343,
          34.21818272
        ]
      },
      "properties": {
        "name": "みとう",
        "pref": "山口県",
        "municipality": "美祢市",
        "municipality_code": "35213",
        "urls": [
          "https://www.michi-no-eki.jp/stations/view/821",
          "http://www.cgr.mlit.go.jp/chiki/doyroj/Michi-no-Eki/cgi-bin/station_info.pl?param=3512",
          "http://michinoekimitou.blog.fc2.com/"
        ]
      }
    },
    {
      "type": "Feature",
      "geometry": {
        "type": "Point",
        "coordinates": [
          131.6882042,
          34.07489931
        ]
      },
      "properties": {
        "name": "ソレーネ周南",
        "pref": "山口県",
        "municipality": "周南市",
        "municipality_code": "35215",
        "urls": [
          "https://www.michi-no-eki.jp/stations/view/830",
          "http://www.cgr.mlit.go.jp/chiki/doyroj/Michi-no-Eki/cgi-bin/station_info.pl?param=3521",
          "http://www.solene.jp/"
        ]
      }
    },
    {
      "type": "Feature",
      "geometry": {
        "type": "Point",
        "coordinates": [
          132.3417151,
          33.9041614
        ]
      },
      "properties": {
        "name": "サザンセトとうわ",
        "pref": "山口県",
        "municipality": "大島郡周防大島町",
        "municipality_code": "35305",
        "urls": [
          "https://www.michi-no-eki.jp/stations/view/815",
          "http://www.cgr.mlit.go.jp/chiki/doyroj/Michi-no-Eki/cgi-bin/station_info.pl?param=3506",
          "http://www.sazan-seto.com/"
        ]
      }
    },
    {
      "type": "Feature",
      "geometry": {
        "type": "Point",
        "coordinates": [
          132.1165198,
          33.8330038
        ]
      },
      "properties": {
        "name": "上関海峡",
        "pref": "山口県",
        "municipality": "熊毛郡上関町",
        "municipality_code": "35341",
        "urls": [
          "https://www.michi-no-eki.jp/stations/view/831",
          "http://www.cgr.mlit.go.jp/chiki/doyroj/Michi-no-Eki/cgi-bin/station_info.pl?param=3522",
          "http://www.kaminoseki-kaikyo.jp/"
        ]
      }
    },
    {
      "type": "Feature",
      "geometry": {
        "type": "Point",
        "coordinates": [
          131.4680689,
          34.4971187
        ]
      },
      "properties": {
        "name": "阿武町",
        "pref": "山口県",
        "municipality": "阿武郡阿武町",
        "municipality_code": "35502",
        "urls": [
          "https://www.michi-no-eki.jp/stations/view/810",
          "http://www.cgr.mlit.go.jp/chiki/doyroj/Michi-no-Eki/cgi-bin/station_info.pl?param=3501",
          "http://www.abucreation.com/"
        ]
      }
    },
    {
      "type": "Feature",
      "geometry": {
        "type": "Point",
        "coordinates": [
          134.4988142,
          34.1638897
        ]
      },
      "properties": {
        "name": "第九の里",
        "pref": "徳島県",
        "municipality": "鳴門市",
        "municipality_code": "36202",
        "urls": [
          "https://www.michi-no-eki.jp/stations/view/844",
          "http://www.skr.mlit.go.jp/road/rstation/station/daiku.html",
          "http://www.city.naruto.tokushima.jp/contents/michino_eki/"
        ]
      }
    },
    {
      "type": "Feature",
      "geometry": {
        "type": "Point",
        "coordinates": [
          134.6678143,
          33.9529323
        ]
      },
      "properties": {
        "name": "公方の郷なかがわ",
        "pref": "徳島県",
        "municipality": "阿南市",
        "municipality_code": "36204",
        "urls": [
          "https://www.michi-no-eki.jp/stations/view/838",
          "http://www.skr.mlit.go.jp/road/rstation/station/nakagawa.html",
          "http://nakaroadstation.wixsite.com/mysite/blank-4"
        ]
      }
    },
    {
      "type": "Feature",
      "geometry": {
        "type": "Point",
        "coordinates": [
          134.3524444,
          34.150942
        ]
      },
      "properties": {
        "name": "どなり",
        "pref": "徳島県",
        "municipality": "阿波市",
        "municipality_code": "36206",
        "urls": [
          "https://www.michi-no-eki.jp/stations/view/835",
          "http://www.skr.mlit.go.jp/road/rstation/station/donari.html",
          "http://donari.net/"
        ]
      }
    },
    {
      "type": "Feature",
      "geometry": {
        "type": "Point",
        "coordinates": [
          134.05889,
          34.050557222000066
        ]
      },
      "properties": {
        "name": "みまの里",
        "pref": "徳島県",
        "municipality": "美馬市",
        "municipality_code": "36207",
        "urls": [
          "https://www.michi-no-eki.jp/stations/view/14188"
        ]
      }
    },
    {
      "type": "Feature",
      "geometry": {
        "type": "Point",
        "coordinates": [
          134.1465136,
          34.06697457
        ]
      },
      "properties": {
        "name": "藍ランドうだつ",
        "pref": "徳島県",
        "municipality": "美馬市",
        "municipality_code": "36207",
        "urls": [
          "https://www.michi-no-eki.jp/stations/view/841",
          "http://www.skr.mlit.go.jp/road/rstation/station/airand.html",
          "https://www.sk-michinoeki.jp/michinoeki/331"
        ]
      }
    },
    {
      "type": "Feature",
      "geometry": {
        "type": "Point",
        "coordinates": [
          133.811312,
          33.8891692
        ]
      },
      "properties": {
        "name": "にしいや",
        "pref": "徳島県",
        "municipality": "三好市",
        "municipality_code": "36208",
        "urls": [
          "https://www.michi-no-eki.jp/stations/view/836",
          "http://www.skr.mlit.go.jp/road/rstation/station/nishiiya.html",
          "http://www.miyoshinavi.jp/02miru/detail.php?genr=101&uid=SS000055"
        ]
      }
    },
    {
      "type": "Feature",
      "geometry": {
        "type": "Point",
        "coordinates": [
          133.9324821,
          34.0504869
        ]
      },
      "properties": {
        "name": "三野",
        "pref": "徳島県",
        "municipality": "三好市",
        "municipality_code": "36208",
        "urls": [
          "https://www.michi-no-eki.jp/stations/view/842",
          "http://www.skr.mlit.go.jp/road/rstation/station/mino2.html",
          "https://www.sk-michinoeki.jp/michinoeki/333"
        ]
      }
    },
    {
      "type": "Feature",
      "geometry": {
        "type": "Point",
        "coordinates": [
          133.7600397,
          33.881363
        ]
      },
      "properties": {
        "name": "大歩危",
        "pref": "徳島県",
        "municipality": "三好市",
        "municipality_code": "36208",
        "urls": [
          "https://www.michi-no-eki.jp/stations/view/845",
          "http://www.skr.mlit.go.jp/road/rstation/station/ooboke.html",
          "http://wx07.wadax.ne.jp/~yamashiro-info-jp/cp-bin/wordpress/"
        ]
      }
    },
    {
      "type": "Feature",
      "geometry": {
        "type": "Point",
        "coordinates": [
          134.5228323,
          33.93219181
        ]
      },
      "properties": {
        "name": "ひなの里かつうら",
        "pref": "徳島県",
        "municipality": "勝浦郡勝浦町",
        "municipality_code": "36301",
        "urls": [
          "https://www.michi-no-eki.jp/stations/view/846",
          "http://www.skr.mlit.go.jp/road/rstation/station/katuura.html",
          "http://hinanosato.wp.xdomain.jp/"
        ]
      }
    },
    {
      "type": "Feature",
      "geometry": {
        "type": "Point",
        "coordinates": [
          134.3676836,
          33.9735681
        ]
      },
      "properties": {
        "name": "温泉の里神山",
        "pref": "徳島県",
        "municipality": "名西郡神山町",
        "municipality_code": "36342",
        "urls": [
          "https://www.michi-no-eki.jp/stations/view/840",
          "http://www.skr.mlit.go.jp/road/rstation/station/0108kamiyama.html",
          "http://kamiyama-spa.com/michi/"
        ]
      }
    },
    {
      "type": "Feature",
      "geometry": {
        "type": "Point",
        "coordinates": [
          134.4462171,
          33.7976977
        ]
      },
      "properties": {
        "name": "もみじ川温泉",
        "pref": "徳島県",
        "municipality": "那賀郡那賀町",
        "municipality_code": "36368",
        "urls": [
          "https://www.michi-no-eki.jp/stations/view/839",
          "http://www.skr.mlit.go.jp/road/rstation/station/momiji.html",
          "http://momijigawa-spa.com/"
        ]
      }
    },
    {
      "type": "Feature",
      "geometry": {
        "type": "Point",
        "coordinates": [
          134.5546957,
          33.8690075
        ]
      },
      "properties": {
        "name": "わじき",
        "pref": "徳島県",
        "municipality": "那賀郡那賀町",
        "municipality_code": "36368",
        "urls": [
          "https://www.michi-no-eki.jp/stations/view/837",
          "http://www.skr.mlit.go.jp/road/rstation/station/wajiki.html",
          "https://www.sk-michinoeki.jp/michinoeki/323"
        ]
      }
    },
    {
      "type": "Feature",
      "geometry": {
        "type": "Point",
        "coordinates": [
          134.5022843,
          33.86319896
        ]
      },
      "properties": {
        "name": "鷲の里",
        "pref": "徳島県",
        "municipality": "那賀郡那賀町",
        "municipality_code": "36368",
        "urls": [
          "https://www.michi-no-eki.jp/stations/view/833",
          "http://www.skr.mlit.go.jp/road/rstation/station/washinosato.html",
          "https://www.sk-michinoeki.jp/michinoeki/315"
        ]
      }
    },
    {
      "type": "Feature",
      "geometry": {
        "type": "Point",
        "coordinates": [
          134.5302471,
          33.7302896
        ]
      },
      "properties": {
        "name": "日和佐",
        "pref": "徳島県",
        "municipality": "海部郡美波町",
        "municipality_code": "36387",
        "urls": [
          "https://www.michi-no-eki.jp/stations/view/843",
          "http://www.skr.mlit.go.jp/road/rstation/station/hiwasa.html",
          "http://mitinoeki-hiwasa.com/"
        ]
      }
    },
    {
      "type": "Feature",
      "geometry": {
        "type": "Point",
        "coordinates": [
          134.3072826,
          33.56906339
        ]
      },
      "properties": {
        "name": "宍喰温泉",
        "pref": "徳島県",
        "municipality": "海部郡海陽町",
        "municipality_code": "36388",
        "urls": [
          "https://www.michi-no-eki.jp/stations/view/834",
          "http://www.skr.mlit.go.jp/road/rstation/station/shishikui.html",
          "http://www.kaiyo-kankou.jp/index.php/play2t/mitinoekishishikui"
        ]
      }
    },
    {
      "type": "Feature",
      "geometry": {
        "type": "Point",
        "coordinates": [
          134.0600296,
          34.042626
        ]
      },
      "properties": {
        "name": "貞光ゆうゆう館",
        "pref": "徳島県",
        "municipality": "美馬郡つるぎ町",
        "municipality_code": "36468",
        "urls": [
          "https://www.michi-no-eki.jp/stations/view/832",
          "http://www.skr.mlit.go.jp/road/rstation/station/sadamitsu.html",
          "http://xn--p8ja4qb6403b2n0efmsa.jp/index.html"
        ]
      }
    },
    {
      "type": "Feature",
      "geometry": {
        "type": "Point",
        "coordinates": [
          134.0820671,
          34.17020407
        ]
      },
      "properties": {
        "name": "しおのえ",
        "pref": "香川県",
        "municipality": "高松市",
        "municipality_code": "37201",
        "urls": [
          "https://www.michi-no-eki.jp/stations/view/855",
          "http://www.skr.mlit.go.jp/road/rstation/station/shionoe.html",
          "https://www.sk-michinoeki.jp/michinoeki/359"
        ]
      }
    },
    {
      "type": "Feature",
      "geometry": {
        "type": "Point",
        "coordinates": [
          134.1574969,
          34.3337252
        ]
      },
      "properties": {
        "name": "源平の里むれ",
        "pref": "香川県",
        "municipality": "高松市",
        "municipality_code": "37201",
        "urls": [
          "https://www.michi-no-eki.jp/stations/view/864",
          "http://www.skr.mlit.go.jp/road/rstation/station/mure.html",
          "http://www.genpei-mure.com/"
        ]
      }
    },
    {
      "type": "Feature",
      "geometry": {
        "type": "Point",
        "coordinates": [
          134.0072876,
          34.2394188
        ]
      },
      "properties": {
        "name": "香南楽湯",
        "pref": "香川県",
        "municipality": "高松市",
        "municipality_code": "37201",
        "urls": [
          "https://www.michi-no-eki.jp/stations/view/863",
          "http://www.skr.mlit.go.jp/road/rstation/station/0108konan.html",
          "http://www.souyu.co.jp/kounan/"
        ]
      }
    },
    {
      "type": "Feature",
      "geometry": {
        "type": "Point",
        "coordinates": [
          133.8261282,
          34.3526893
        ]
      },
      "properties": {
        "name": "瀬戸大橋記念公園",
        "pref": "香川県",
        "municipality": "坂出市",
        "municipality_code": "37203",
        "urls": [
          "https://www.michi-no-eki.jp/stations/view/847",
          "http://www.skr.mlit.go.jp/road/rstation/station/setoohashi.html",
          "http://www.setoohhashi.com/"
        ]
      }
    },
    {
      "type": "Feature",
      "geometry": {
        "type": "Point",
        "coordinates": [
          133.6437157,
          34.1305993
        ]
      },
      "properties": {
        "name": "ことひき",
        "pref": "香川県",
        "municipality": "観音寺市",
        "municipality_code": "37205",
        "urls": [
          "https://www.michi-no-eki.jp/stations/view/849",
          "http://www.skr.mlit.go.jp/road/rstation/station/kotohiki.html",
          "http://kanonji-kankou.jp/buy/08/002.html"
        ]
      }
    },
    {
      "type": "Feature",
      "geometry": {
        "type": "Point",
        "coordinates": [
          133.6013067,
          34.04276798
        ]
      },
      "properties": {
        "name": "とよはま",
        "pref": "香川県",
        "municipality": "観音寺市",
        "municipality_code": "37205",
        "urls": [
          "https://www.michi-no-eki.jp/stations/view/859",
          "http://www.skr.mlit.go.jp/road/rstation/station/toyohama.html",
          "http://www.nakanoya.net/toyohama/index.html"
        ]
      }
    },
    {
      "type": "Feature",
      "geometry": {
        "type": "Point",
        "coordinates": [
          134.1750001,
          34.22135991
        ]
      },
      "properties": {
        "name": "ながお",
        "pref": "香川県",
        "municipality": "さぬき市",
        "municipality_code": "37206",
        "urls": [
          "https://www.michi-no-eki.jp/stations/view/862",
          "http://www.skr.mlit.go.jp/road/rstation/station/0108nagao.html",
          "http://www.geocities.jp/sanukimaeyamanet/mitinoeki/"
        ]
      }
    },
    {
      "type": "Feature",
      "geometry": {
        "type": "Point",
        "coordinates": [
          134.2424659,
          34.25819
        ]
      },
      "properties": {
        "name": "みろく",
        "pref": "香川県",
        "municipality": "さぬき市",
        "municipality_code": "37206",
        "urls": [
          "https://www.michi-no-eki.jp/stations/view/854",
          "http://www.skr.mlit.go.jp/road/rstation/station/miroku.html",
          "http://www.city.sanuki.kagawa.jp/sightseeing/shopping/michi_miroku"
        ]
      }
    },
    {
      "type": "Feature",
      "geometry": {
        "type": "Point",
        "coordinates": [
          134.2532485,
          34.2852705
        ]
      },
      "properties": {
        "name": "津田の松原",
        "pref": "香川県",
        "municipality": "さぬき市",
        "municipality_code": "37206",
        "urls": [
          "https://www.michi-no-eki.jp/stations/view/848",
          "http://www.skr.mlit.go.jp/road/rstation/station/tuda.html",
          "http://www.sanuki-sa.jp/station/"
        ]
      }
    },
    {
      "type": "Feature",
      "geometry": {
        "type": "Point",
        "coordinates": [
          133.796699285705,
          34.1096518756569
        ]
      },
      "properties": {
        "name": "たからだの里さいた",
        "pref": "香川県",
        "municipality": "三豊市",
        "municipality_code": "37208",
        "urls": [
          "https://www.michi-no-eki.jp/stations/view/860",
          "http://www.skr.mlit.go.jp/road/rstation/station/saita.html",
          "http://www.takaradanosato.co.jp/hp/"
        ]
      }
    },
    {
      "type": "Feature",
      "geometry": {
        "type": "Point",
        "coordinates": [
          133.7228554,
          34.2263483
        ]
      },
      "properties": {
        "name": "ふれあいパークみの",
        "pref": "香川県",
        "municipality": "三豊市",
        "municipality_code": "37208",
        "urls": [
          "https://www.michi-no-eki.jp/stations/view/850",
          "http://www.skr.mlit.go.jp/road/rstation/station/mino.html",
          "http://iyadani.sun-age.or.jp/"
        ]
      }
    },
    {
      "type": "Feature",
      "geometry": {
        "type": "Point",
        "coordinates": [
          134.2421851,
          34.53390705
        ]
      },
      "properties": {
        "name": "大坂城残石記念公園",
        "pref": "香川県",
        "municipality": "小豆郡土庄町",
        "municipality_code": "37322",
        "urls": [
          "https://www.michi-no-eki.jp/stations/view/861",
          "http://www.skr.mlit.go.jp/road/rstation/station/oosaka.html"
        ]
      }
    },
    {
      "type": "Feature",
      "geometry": {
        "type": "Point",
        "coordinates": [
          134.2361538,
          34.47101922
        ]
      },
      "properties": {
        "name": "小豆島ふるさと村",
        "pref": "香川県",
        "municipality": "小豆郡小豆島町",
        "municipality_code": "37324",
        "urls": [
          "https://www.michi-no-eki.jp/stations/view/852",
          "http://www.skr.mlit.go.jp/road/rstation/station/furusatomura.html",
          "http://www.shodoshima.jp/"
        ]
      }
    },
    {
      "type": "Feature",
      "geometry": {
        "type": "Point",
        "coordinates": [
          134.2736405,
          34.47284808
        ]
      },
      "properties": {
        "name": "小豆島オリーブ公園",
        "pref": "香川県",
        "municipality": "小豆郡小豆島町",
        "municipality_code": "37324",
        "urls": [
          "https://www.michi-no-eki.jp/stations/view/851",
          "http://www.skr.mlit.go.jp/road/rstation/station/syodoshima-olive.html",
          "http://www.olive-pk.jp/"
        ]
      }
    },
    {
      "type": "Feature",
      "geometry": {
        "type": "Point",
        "coordinates": [
          133.807966,
          34.31338818
        ]
      },
      "properties": {
        "name": "恋人の聖地 うたづ臨海公園",
        "pref": "香川県",
        "municipality": "綾歌郡宇多津町",
        "municipality_code": "37386",
        "urls": [
          "https://www.michi-no-eki.jp/stations/view/858",
          "http://www.skr.mlit.go.jp/road/rstation/station/utad.html",
          "http://www.uplaza-utazu.jp/umihotaru/"
        ]
      }
    },
    {
      "type": "Feature",
      "geometry": {
        "type": "Point",
        "coordinates": [
          133.91735948833,
          34.2497767901761
        ]
      },
      "properties": {
        "name": "滝宮",
        "pref": "香川県",
        "municipality": "綾歌郡綾川町",
        "municipality_code": "37387",
        "urls": [
          "https://www.michi-no-eki.jp/stations/view/856",
          "http://www.skr.mlit.go.jp/road/rstation/station/takinomiya.html",
          "http://www.ryonan-udon.co.jp/"
        ]
      }
    },
    {
      "type": "Feature",
      "geometry": {
        "type": "Point",
        "coordinates": [
          134.007744,
          34.0950942
        ]
      },
      "properties": {
        "name": "ことなみ",
        "pref": "香川県",
        "municipality": "仲多度郡まんのう町",
        "municipality_code": "37406",
        "urls": [
          "https://www.michi-no-eki.jp/stations/view/857",
          "http://www.skr.mlit.go.jp/road/rstation/station/kotnam.html",
          "http://e-mikado.jp/"
        ]
      }
    },
    {
      "type": "Feature",
      "geometry": {
        "type": "Point",
        "coordinates": [
          133.8215512,
          34.1548496
        ]
      },
      "properties": {
        "name": "空の夢もみの木パーク",
        "pref": "香川県",
        "municipality": "仲多度郡まんのう町",
        "municipality_code": "37406",
        "urls": [
          "https://www.michi-no-eki.jp/stations/view/853",
          "http://www.skr.mlit.go.jp/road/rstation/station/mominoki-park.html",
          "http://www.shioiri-onsen.jp/santyokuichi/index.html"
        ]
      }
    },
    {
      "type": "Feature",
      "geometry": {
        "type": "Point",
        "coordinates": [
          132.7722822,
          33.99670576
        ]
      },
      "properties": {
        "name": "風早の郷風和里",
        "pref": "愛媛県",
        "municipality": "松山市",
        "municipality_code": "38201",
        "urls": [
          "https://www.michi-no-eki.jp/stations/view/884",
          "http://www.skr.mlit.go.jp/road/rstation/station/fuwari.html",
          "http://www.fuwari.or.jp/"
        ]
      }
    },
    {
      "type": "Feature",
      "geometry": {
        "type": "Point",
        "coordinates": [
          133.0052532,
          34.2489624
        ]
      },
      "properties": {
        "name": "しまなみの駅御島",
        "pref": "愛媛県",
        "municipality": "今治市",
        "municipality_code": "38202",
        "urls": [
          "https://www.michi-no-eki.jp/stations/view/879",
          "http://www.skr.mlit.go.jp/road/rstation/station/misima.html",
          "http://www.mishima-eki.jp"
        ]
      }
    },
    {
      "type": "Feature",
      "geometry": {
        "type": "Point",
        "coordinates": [
          133.0219454,
          34.1274701
        ]
      },
      "properties": {
        "name": "よしうみいきいき館",
        "pref": "愛媛県",
        "municipality": "今治市",
        "municipality_code": "38202",
        "urls": [
          "https://www.michi-no-eki.jp/stations/view/883",
          "http://www.skr.mlit.go.jp/road/rstation/station/yoshiu.html",
          "http://www.imabari-shimanami.jp/ikiiki/"
        ]
      }
    },
    {
      "type": "Feature",
      "geometry": {
        "type": "Point",
        "coordinates": [
          133.0545056,
          34.2548482
        ]
      },
      "properties": {
        "name": "今治市多々羅しまなみ公園",
        "pref": "愛媛県",
        "municipality": "今治市",
        "municipality_code": "38202",
        "urls": [
          "https://www.michi-no-eki.jp/stations/view/878",
          "http://www.skr.mlit.go.jp/road/rstation/station/kamiura.html",
          "http://www.imabari-shimanami.jp/tatara/"
        ]
      }
    },
    {
      "type": "Feature",
      "geometry": {
        "type": "Point",
        "coordinates": [
          133.0484121,
          33.99285832
        ]
      },
      "properties": {
        "name": "今治湯ノ浦温泉",
        "pref": "愛媛県",
        "municipality": "今治市",
        "municipality_code": "38202",
        "urls": [
          "https://www.michi-no-eki.jp/stations/view/874",
          "http://www.skr.mlit.go.jp/road/rstation/station/imbon.html",
          "http://st-yunoura.com/"
        ]
      }
    },
    {
      "type": "Feature",
      "geometry": {
        "type": "Point",
        "coordinates": [
          133.0755153,
          34.20281321
        ]
      },
      "properties": {
        "name": "伯方S・Cパーク",
        "pref": "愛媛県",
        "municipality": "今治市",
        "municipality_code": "38202",
        "urls": [
          "https://www.michi-no-eki.jp/stations/view/877",
          "http://www.skr.mlit.go.jp/road/rstation/station/hakata.html",
          "http://www.imabari-shimanami.jp/hakata/"
        ]
      }
    },
    {
      "type": "Feature",
      "geometry": {
        "type": "Point",
        "coordinates": [
          132.5582355,
          33.22242256
        ]
      },
      "properties": {
        "name": "うわじま きさいや広場",
        "pref": "愛媛県",
        "municipality": "宇和島市",
        "municipality_code": "38203",
        "urls": [
          "https://www.michi-no-eki.jp/stations/view/887",
          "http://www.skr.mlit.go.jp/road/rstation/station/uwajima.html",
          "http://www.kisaiyahiroba.com/"
        ]
      }
    },
    {
      "type": "Feature",
      "geometry": {
        "type": "Point",
        "coordinates": [
          132.5960143,
          33.2863482
        ]
      },
      "properties": {
        "name": "みま",
        "pref": "愛媛県",
        "municipality": "宇和島市",
        "municipality_code": "38203",
        "urls": [
          "https://www.michi-no-eki.jp/stations/view/885",
          "http://www.skr.mlit.go.jp/road/rstation/station/mima.html",
          "http://www.michinoekimima.jp/"
        ]
      }
    },
    {
      "type": "Feature",
      "geometry": {
        "type": "Point",
        "coordinates": [
          132.5203019,
          33.139682
        ]
      },
      "properties": {
        "name": "津島やすらぎの里",
        "pref": "愛媛県",
        "municipality": "宇和島市",
        "municipality_code": "38203",
        "urls": [
          "https://www.michi-no-eki.jp/stations/view/890",
          "http://www.skr.mlit.go.jp/road/rstation/station/tsushima.html",
          "http://www.yasuragi-egao.jp/"
        ]
      }
    },
    {
      "type": "Feature",
      "geometry": {
        "type": "Point",
        "coordinates": [
          132.418138,
          33.45816264
        ]
      },
      "properties": {
        "name": "八幡浜みなっと",
        "pref": "愛媛県",
        "municipality": "八幡浜市",
        "municipality_code": "38204",
        "urls": [
          "https://www.michi-no-eki.jp/stations/view/889",
          "http://www.skr.mlit.go.jp/road/rstation/station/yawatahama.html",
          "http://www.minatto.net/"
        ]
      }
    },
    {
      "type": "Feature",
      "geometry": {
        "type": "Point",
        "coordinates": [
          133.3098559,
          33.9019237
        ]
      },
      "properties": {
        "name": "マイントピア別子",
        "pref": "愛媛県",
        "municipality": "新居浜市",
        "municipality_code": "38205",
        "urls": [
          "https://www.michi-no-eki.jp/stations/view/866",
          "http://www.skr.mlit.go.jp/road/rstation/station/besshi.html",
          "http://www.besshi.com/"
        ]
      }
    },
    {
      "type": "Feature",
      "geometry": {
        "type": "Point",
        "coordinates": [
          133.1076222,
          33.88368862
        ]
      },
      "properties": {
        "name": "小松オアシス",
        "pref": "愛媛県",
        "municipality": "西条市",
        "municipality_code": "38206",
        "urls": [
          "https://www.michi-no-eki.jp/stations/view/880",
          "http://www.skr.mlit.go.jp/road/rstation/station/komatsu.html",
          "http://www.city.saijo.ehime.jp/soshiki/kanko/oashisu.html"
        ]
      }
    },
    {
      "type": "Feature",
      "geometry": {
        "type": "Point",
        "coordinates": [
          132.6766988,
          33.46112194
        ]
      },
      "properties": {
        "name": "清流の里ひじかわ",
        "pref": "愛媛県",
        "municipality": "大洲市",
        "municipality_code": "38207",
        "urls": [
          "https://www.michi-no-eki.jp/stations/view/882",
          "http://www.skr.mlit.go.jp/road/rstation/station/0108hiji.html",
          "http://www1.quolia.ne.jp/~hijikawa/"
        ]
      }
    },
    {
      "type": "Feature",
      "geometry": {
        "type": "Point",
        "coordinates": [
          132.695,
          33.669723056000066
        ]
      },
      "properties": {
        "name": "なかやま",
        "pref": "愛媛県",
        "municipality": "伊予市",
        "municipality_code": "38210",
        "urls": [
          "https://www.michi-no-eki.jp/stations/view/14189",
          "https://www.michinoekinakayama.com/"
        ]
      }
    },
    {
      "type": "Feature",
      "geometry": {
        "type": "Point",
        "coordinates": [
          132.6340324,
          33.68511817
        ]
      },
      "properties": {
        "name": "ふたみ",
        "pref": "愛媛県",
        "municipality": "伊予市",
        "municipality_code": "38210",
        "urls": [
          "https://www.michi-no-eki.jp/stations/view/869",
          "http://www.skr.mlit.go.jp/road/rstation/station/futami.html",
          "http://www.futamiseaside.com/"
        ]
      }
    },
    {
      "type": "Feature",
      "geometry": {
        "type": "Point",
        "coordinates": [
          133.6411104,
          33.92418679
        ]
      },
      "properties": {
        "name": "霧の森",
        "pref": "愛媛県",
        "municipality": "四国中央市",
        "municipality_code": "38213",
        "urls": [
          "https://www.michi-no-eki.jp/stations/view/888",
          "http://www.skr.mlit.go.jp/road/rstation/station/kirinomori.html",
          "http://www.kirinomori.co.jp/"
        ]
      }
    },
    {
      "type": "Feature",
      "geometry": {
        "type": "Point",
        "coordinates": [
          132.7493583,
          33.379789
        ]
      },
      "properties": {
        "name": "きなはい屋しろかわ",
        "pref": "愛媛県",
        "municipality": "西予市",
        "municipality_code": "38214",
        "urls": [
          "https://www.michi-no-eki.jp/stations/view/872",
          "http://www.skr.mlit.go.jp/road/rstation/station/kinahaiya.html",
          "http://www.shirokawa.jp/kinahaiya/"
        ]
      }
    },
    {
      "type": "Feature",
      "geometry": {
        "type": "Point",
        "coordinates": [
          132.5271357,
          33.3549772
        ]
      },
      "properties": {
        "name": "どんぶり館",
        "pref": "愛媛県",
        "municipality": "西予市",
        "municipality_code": "38214",
        "urls": [
          "https://www.michi-no-eki.jp/stations/view/891",
          "http://www.skr.mlit.go.jp/road/rstation/station/donburi.html",
          "http://donburikan.jp/"
        ]
      }
    },
    {
      "type": "Feature",
      "geometry": {
        "type": "Point",
        "coordinates": [
          132.96965641623294,
          33.61453348177243
        ]
      },
      "properties": {
        "name": "みかわ",
        "pref": "愛媛県",
        "municipality": "上浮穴郡久万高原町",
        "municipality_code": "38386",
        "urls": [
          "https://www.michi-no-eki.jp/stations/view/881",
          "http://www.skr.mlit.go.jp/road/rstation/station/mikawa.html"
        ]
      }
    },
    {
      "type": "Feature",
      "geometry": {
        "type": "Point",
        "coordinates": [
          132.8987127,
          33.6611355
        ]
      },
      "properties": {
        "name": "天空の郷さんさん",
        "pref": "愛媛県",
        "municipality": "上浮穴郡久万高原町",
        "municipality_code": "38386",
        "urls": [
          "https://www.michi-no-eki.jp/stations/view/892",
          "http://www.skr.mlit.go.jp/road/rstation/station/tenkuu.html",
          "http://www.kumakogen-sansan.com/"
        ]
      }
    },
    {
      "type": "Feature",
      "geometry": {
        "type": "Point",
        "coordinates": [
          132.7998209,
          33.6403789
        ]
      },
      "properties": {
        "name": "ひろた",
        "pref": "愛媛県",
        "municipality": "伊予郡砥部町",
        "municipality_code": "38402",
        "urls": [
          "https://www.michi-no-eki.jp/stations/view/868",
          "http://www.skr.mlit.go.jp/road/rstation/station/hirota.html",
          "http://kyounoyakata.jimdo.com/"
        ]
      }
    },
    {
      "type": "Feature",
      "geometry": {
        "type": "Point",
        "coordinates": [
          132.6582901,
          33.55490563
        ]
      },
      "properties": {
        "name": "内子フレッシュパークからり",
        "pref": "愛媛県",
        "municipality": "喜多郡内子町",
        "municipality_code": "38422",
        "urls": [
          "https://www.michi-no-eki.jp/stations/view/870",
          "http://www.skr.mlit.go.jp/road/rstation/station/uchikofreshparkkarari.html",
          "http://www.karari.jp/"
        ]
      }
    },
    {
      "type": "Feature",
      "geometry": {
        "type": "Point",
        "coordinates": [
          132.8007525,
          33.5685039
        ]
      },
      "properties": {
        "name": "小田の郷せせらぎ",
        "pref": "愛媛県",
        "municipality": "喜多郡内子町",
        "municipality_code": "38422",
        "urls": [
          "https://www.michi-no-eki.jp/stations/view/886",
          "http://www.skr.mlit.go.jp/road/rstation/station/oda-seseragi.html",
          "http://www.odamachi.com/"
        ]
      }
    },
    {
      "type": "Feature",
      "geometry": {
        "type": "Point",
        "coordinates": [
          132.3075462,
          33.48089422
        ]
      },
      "properties": {
        "name": "伊方きらら館",
        "pref": "愛媛県",
        "municipality": "西宇和郡伊方町",
        "municipality_code": "38442",
        "urls": [
          "https://www.michi-no-eki.jp/stations/view/871",
          "http://www.skr.mlit.go.jp/road/rstation/station/kirarakan.html",
          "http://www.kirarakan.com/"
        ]
      }
    },
    {
      "type": "Feature",
      "geometry": {
        "type": "Point",
        "coordinates": [
          132.2580887,
          33.4474558
        ]
      },
      "properties": {
        "name": "瀬戸農業公園",
        "pref": "愛媛県",
        "municipality": "西宇和郡伊方町",
        "municipality_code": "38442",
        "urls": [
          "https://www.michi-no-eki.jp/stations/view/865",
          "http://www.skr.mlit.go.jp/road/rstation/station/setocho.html",
          "http://www.town.ikata.ehime.jp/soshiki/28/9088.html"
        ]
      }
    },
    {
      "type": "Feature",
      "geometry": {
        "type": "Point",
        "coordinates": [
          132.7094931,
          33.22978492
        ]
      },
      "properties": {
        "name": "虹の森公園まつの",
        "pref": "愛媛県",
        "municipality": "北宇和郡松野町",
        "municipality_code": "38484",
        "urls": [
          "https://www.michi-no-eki.jp/stations/view/875",
          "http://www.skr.mlit.go.jp/road/rstation/station/niji.html",
          "http://morinokuni.or.jp/"
        ]
      }
    },
    {
      "type": "Feature",
      "geometry": {
        "type": "Point",
        "coordinates": [
          132.6871266,
          33.25385686
        ]
      },
      "properties": {
        "name": "広見森の三角ぼうし",
        "pref": "愛媛県",
        "municipality": "北宇和郡鬼北町",
        "municipality_code": "38488",
        "urls": [
          "https://www.michi-no-eki.jp/stations/view/876",
          "http://www.skr.mlit.go.jp/road/rstation/station/hsnkak.html",
          "https://www.sankaku-boushi.com/"
        ]
      }
    },
    {
      "type": "Feature",
      "geometry": {
        "type": "Point",
        "coordinates": [
          132.7982451,
          33.33023396
        ]
      },
      "properties": {
        "name": "日吉夢産地",
        "pref": "愛媛県",
        "municipality": "北宇和郡鬼北町",
        "municipality_code": "38488",
        "urls": [
          "https://www.michi-no-eki.jp/stations/view/867",
          "http://www.skr.mlit.go.jp/road/rstation/station/hiyoshimura.html",
          "http://www.hiyoshiyumesanchi.com/"
        ]
      }
    },
    {
      "type": "Feature",
      "geometry": {
        "type": "Point",
        "coordinates": [
          132.561599,
          32.9587802
        ]
      },
      "properties": {
        "name": "みしょうMIC",
        "pref": "愛媛県",
        "municipality": "南宇和郡愛南町",
        "municipality_code": "38506",
        "urls": [
          "https://www.michi-no-eki.jp/stations/view/873",
          "http://www.skr.mlit.go.jp/road/rstation/station/misyo-mic.html",
          "http://m-mic.jp/index.html"
        ]
      }
    },
    {
      "type": "Feature",
      "geometry": {
        "type": "Point",
        "coordinates": [
          134.1102099,
          33.3064297
        ]
      },
      "properties": {
        "name": "キラメッセ室戸",
        "pref": "高知県",
        "municipality": "室戸市",
        "municipality_code": "39202",
        "urls": [
          "https://www.michi-no-eki.jp/stations/view/901",
          "http://www.skr.mlit.go.jp/road/rstation/station/kiramesse-muroto.html",
          "http://www.kiramesse-muroto.jp/"
        ]
      }
    },
    {
      "type": "Feature",
      "geometry": {
        "type": "Point",
        "coordinates": [
          133.9440693,
          33.47009977
        ]
      },
      "properties": {
        "name": "大山",
        "pref": "高知県",
        "municipality": "安芸市",
        "municipality_code": "39203",
        "urls": [
          "https://www.michi-no-eki.jp/stations/view/904",
          "http://www.skr.mlit.go.jp/road/rstation/station/ooyama.html"
        ]
      }
    },
    {
      "type": "Feature",
      "geometry": {
        "type": "Point",
        "coordinates": [
          133.6421517,
          33.6112003
        ]
      },
      "properties": {
        "name": "南国風良里",
        "pref": "高知県",
        "municipality": "南国市",
        "municipality_code": "39204",
        "urls": [
          "https://www.michi-no-eki.jp/stations/view/898",
          "http://www.skr.mlit.go.jp/road/rstation/station/nangoku.html",
          "http://furari.com/"
        ]
      }
    },
    {
      "type": "Feature",
      "geometry": {
        "type": "Point",
        "coordinates": [
          133.2746768,
          33.3876602
        ]
      },
      "properties": {
        "name": "かわうその里すさき",
        "pref": "高知県",
        "municipality": "須崎市",
        "municipality_code": "39206",
        "urls": [
          "https://www.michi-no-eki.jp/stations/view/905",
          "http://www.skr.mlit.go.jp/road/rstation/station/susak.html",
          "http://michinoeki-susaki.com/"
        ]
      }
    },
    {
      "type": "Feature",
      "geometry": {
        "type": "Point",
        "coordinates": [
          132.7125287,
          32.91616528
        ]
      },
      "properties": {
        "name": "すくも",
        "pref": "高知県",
        "municipality": "宿毛市",
        "municipality_code": "39208",
        "urls": [
          "https://www.michi-no-eki.jp/stations/view/894",
          "http://www.skr.mlit.go.jp/road/rstation/station/sukumo.html"
        ]
      }
    },
    {
      "type": "Feature",
      "geometry": {
        "type": "Point",
        "coordinates": [
          132.8831857,
          32.7935136
        ]
      },
      "properties": {
        "name": "めじかの里土佐清水",
        "pref": "高知県",
        "municipality": "土佐清水市",
        "municipality_code": "39209",
        "urls": [
          "https://www.michi-no-eki.jp/stations/view/908",
          "http://www.skr.mlit.go.jp/road/rstation/station/mejika.html"
        ]
      }
    },
    {
      "type": "Feature",
      "geometry": {
        "type": "Point",
        "coordinates": [
          132.7890999,
          33.1732559
        ]
      },
      "properties": {
        "name": "よって西土佐",
        "pref": "高知県",
        "municipality": "四万十市",
        "municipality_code": "39210",
        "urls": [
          "https://www.michi-no-eki.jp/stations/view/9747",
          "http://www.yotte.jp/"
        ]
      }
    },
    {
      "type": "Feature",
      "geometry": {
        "type": "Point",
        "coordinates": [
          133.7538524,
          33.5341373
        ]
      },
      "properties": {
        "name": "やす",
        "pref": "高知県",
        "municipality": "香南市",
        "municipality_code": "39211",
        "urls": [
          "https://www.michi-no-eki.jp/stations/view/909",
          "http://www.skr.mlit.go.jp/road/rstation/station/0108yasu.html",
          "http://www.yasea-garden-place.co.jp/"
        ]
      }
    },
    {
      "type": "Feature",
      "geometry": {
        "type": "Point",
        "coordinates": [
          133.7824983,
          33.6481473
        ]
      },
      "properties": {
        "name": "美良布",
        "pref": "高知県",
        "municipality": "香美市",
        "municipality_code": "39212",
        "urls": [
          "https://www.michi-no-eki.jp/stations/view/899",
          "http://www.skr.mlit.go.jp/road/rstation/station/birahu.html"
        ]
      }
    },
    {
      "type": "Feature",
      "geometry": {
        "type": "Point",
        "coordinates": [
          134.0078394,
          33.43015487
        ]
      },
      "properties": {
        "name": "田野駅屋",
        "pref": "高知県",
        "municipality": "安芸郡田野町",
        "municipality_code": "39303",
        "urls": [
          "https://www.michi-no-eki.jp/stations/view/911",
          "http://www.skr.mlit.go.jp/road/rstation/station/tanoekiya.html",
          "http://www.tanoekiya.com/index.php"
        ]
      }
    },
    {
      "type": "Feature",
      "geometry": {
        "type": "Point",
        "coordinates": [
          133.6634001,
          33.750923
        ]
      },
      "properties": {
        "name": "大杉",
        "pref": "高知県",
        "municipality": "長岡郡大豊町",
        "municipality_code": "39344",
        "urls": [
          "https://www.michi-no-eki.jp/stations/view/893",
          "http://www.skr.mlit.go.jp/road/rstation/station/osugi.html"
        ]
      }
    },
    {
      "type": "Feature",
      "geometry": {
        "type": "Point",
        "coordinates": [
          133.544235,
          33.7426438
        ]
      },
      "properties": {
        "name": "土佐さめうら",
        "pref": "高知県",
        "municipality": "土佐郡土佐町",
        "municipality_code": "39363",
        "urls": [
          "https://www.michi-no-eki.jp/stations/view/903",
          "http://www.skr.mlit.go.jp/road/rstation/station/tosasameura.html",
          "http://www.tosa-sameura.com/"
        ]
      }
    },
    {
      "type": "Feature",
      "geometry": {
        "type": "Point",
        "coordinates": [
          133.3283198,
          33.6436742
        ]
      },
      "properties": {
        "name": "633美の里",
        "pref": "高知県",
        "municipality": "吾川郡いの町",
        "municipality_code": "39386",
        "urls": [
          "https://www.michi-no-eki.jp/stations/view/910",
          "http://www.skr.mlit.go.jp/road/rstation/station/633.html",
          "http://www.633bi.com/"
        ]
      }
    },
    {
      "type": "Feature",
      "geometry": {
        "type": "Point",
        "coordinates": [
          133.366191,
          33.5735339
        ]
      },
      "properties": {
        "name": "土佐和紙工芸村",
        "pref": "高知県",
        "municipality": "吾川郡いの町",
        "municipality_code": "39386",
        "urls": [
          "https://www.michi-no-eki.jp/stations/view/902",
          "http://www.skr.mlit.go.jp/road/rstation/station/tosawashikougei.html",
          "http://www.qraud-kochi.jp/"
        ]
      }
    },
    {
      "type": "Feature",
      "geometry": {
        "type": "Point",
        "coordinates": [
          133.3076915,
          33.77982358
        ]
      },
      "properties": {
        "name": "木の香",
        "pref": "高知県",
        "municipality": "吾川郡いの町",
        "municipality_code": "39386",
        "urls": [
          "https://www.michi-no-eki.jp/stations/view/907",
          "http://www.skr.mlit.go.jp/road/rstation/station/konoka.html"
        ]
      }
    },
    {
      "type": "Feature",
      "geometry": {
        "type": "Point",
        "coordinates": [
          133.235246,
          33.322394
        ]
      },
      "properties": {
        "name": "なかとさ",
        "pref": "高知県",
        "municipality": "高岡郡中土佐町",
        "municipality_code": "39401",
        "urls": [
          "https://www.michi-no-eki.jp/stations/view/14164",
          "https://www.nakatosa.com/"
        ]
      }
    },
    {
      "type": "Feature",
      "geometry": {
        "type": "Point",
        "coordinates": [
          132.944983352392,
          33.3883586039407
        ]
      },
      "properties": {
        "name": "ゆすはら",
        "pref": "高知県",
        "municipality": "高岡郡梼原町",
        "municipality_code": "39405",
        "urls": [
          "https://www.michi-no-eki.jp/stations/view/897",
          "http://www.skr.mlit.go.jp/road/rstation/station/yusuhara.html"
        ]
      }
    },
    {
      "type": "Feature",
      "geometry": {
        "type": "Point",
        "coordinates": [
          133.099612,
          33.4266321
        ]
      },
      "properties": {
        "name": "布施ヶ坂",
        "pref": "高知県",
        "municipality": "高岡郡津野町",
        "municipality_code": "39411",
        "urls": [
          "https://www.michi-no-eki.jp/stations/view/900",
          "http://www.skr.mlit.go.jp/road/rstation/station/fushegasaka.html"
        ]
      }
    },
    {
      "type": "Feature",
      "geometry": {
        "type": "Point",
        "coordinates": [
          133.1491857,
          33.2311649
        ]
      },
      "properties": {
        "name": "あぐり窪川",
        "pref": "高知県",
        "municipality": "高岡郡四万十町",
        "municipality_code": "39412",
        "urls": [
          "https://www.michi-no-eki.jp/stations/view/906",
          "http://www.skr.mlit.go.jp/road/rstation/station/aguri.html",
          "http://www.aguri-kubokawa.co.jp/"
        ]
      }
    },
    {
      "type": "Feature",
      "geometry": {
        "type": "Point",
        "coordinates": [
          132.835433,
          33.22391239
        ]
      },
      "properties": {
        "name": "四万十とおわ",
        "pref": "高知県",
        "municipality": "高岡郡四万十町",
        "municipality_code": "39412",
        "urls": [
          "https://www.michi-no-eki.jp/stations/view/913",
          "http://www.skr.mlit.go.jp/road/rstation/station/shimanto-toowa.html",
          "http://shimanto-towa.jp/"
        ]
      }
    },
    {
      "type": "Feature",
      "geometry": {
        "type": "Point",
        "coordinates": [
          132.9713214,
          33.1825666
        ]
      },
      "properties": {
        "name": "四万十大正",
        "pref": "高知県",
        "municipality": "高岡郡四万十町",
        "municipality_code": "39412",
        "urls": [
          "https://www.michi-no-eki.jp/stations/view/896",
          "http://www.skr.mlit.go.jp/road/rstation/station/shimanto-taisho.html"
        ]
      }
    },
    {
      "type": "Feature",
      "geometry": {
        "type": "Point",
        "coordinates": [
          132.7093139,
          32.82875238
        ]
      },
      "properties": {
        "name": "大月",
        "pref": "高知県",
        "municipality": "幡多郡大月町",
        "municipality_code": "39424",
        "urls": [
          "https://www.michi-no-eki.jp/stations/view/895",
          "http://www.skr.mlit.go.jp/road/rstation/station/otsuki.html",
          "http://www.furepa.jp/"
        ]
      }
    },
    {
      "type": "Feature",
      "geometry": {
        "type": "Point",
        "coordinates": [
          133.101781,
          33.0867393
        ]
      },
      "properties": {
        "name": "なぶら土佐佐賀",
        "pref": "高知県",
        "municipality": "幡多郡黒潮町",
        "municipality_code": "39428",
        "urls": [
          "https://www.michi-no-eki.jp/stations/view/914",
          "http://www.skr.mlit.go.jp/road/rstation/station/nabura.html",
          "http://nabura-tosasaga.com/"
        ]
      }
    },
    {
      "type": "Feature",
      "geometry": {
        "type": "Point",
        "coordinates": [
          133.0270676,
          33.0350772
        ]
      },
      "properties": {
        "name": "ビオスおおがた",
        "pref": "高知県",
        "municipality": "幡多郡黒潮町",
        "municipality_code": "39428",
        "urls": [
          "https://www.michi-no-eki.jp/stations/view/912",
          "http://www.skr.mlit.go.jp/road/rstation/station/bios-oogata.html",
          "http://hinataya.biz/"
        ]
      }
    },
    {
      "type": "Feature",
      "geometry": {
        "type": "Point",
        "coordinates": [
          130.5321905,
          33.0732475
        ]
      },
      "properties": {
        "name": "おおむた",
        "pref": "福岡県",
        "municipality": "大牟田市",
        "municipality_code": "40202",
        "urls": [
          "https://www.michi-no-eki.jp/stations/view/920",
          "http://www.qsr.mlit.go.jp/n-michi/michi_no_eki/kobetu/omuta/omuta.html",
          "http://hanamitihana.com"
        ]
      }
    },
    {
      "type": "Feature",
      "geometry": {
        "type": "Point",
        "coordinates": [
          130.5942111,
          33.3190429
        ]
      },
      "properties": {
        "name": "くるめ",
        "pref": "福岡県",
        "municipality": "久留米市",
        "municipality_code": "40203",
        "urls": [
          "https://www.michi-no-eki.jp/stations/view/925",
          "http://www.qsr.mlit.go.jp/n-michi/michi_no_eki/kobetu/kurume/kurume.html",
          "http://www.michinoeki-kurume.com/"
        ]
      }
    },
    {
      "type": "Feature",
      "geometry": {
        "type": "Point",
        "coordinates": [
          130.6104152,
          33.18744243
        ]
      },
      "properties": {
        "name": "たちばな",
        "pref": "福岡県",
        "municipality": "八女市",
        "municipality_code": "40210",
        "urls": [
          "https://www.michi-no-eki.jp/stations/view/921",
          "http://www.qsr.mlit.go.jp/n-michi/michi_no_eki/kobetu/tachibana/tachibana.html",
          "http://www.mitinoeki-tachibana.com/"
        ]
      }
    },
    {
      "type": "Feature",
      "geometry": {
        "type": "Point",
        "coordinates": [
          131.1008813,
          33.6141375
        ]
      },
      "properties": {
        "name": "豊前おこしかけ",
        "pref": "福岡県",
        "municipality": "豊前市",
        "municipality_code": "40214",
        "urls": [
          "https://www.michi-no-eki.jp/stations/view/916",
          "http://www.qsr.mlit.go.jp/n-michi/michi_no_eki/kobetu/buzen/buzen.html",
          "http://www.okoshikake.jp/"
        ]
      }
    },
    {
      "type": "Feature",
      "geometry": {
        "type": "Point",
        "coordinates": [
          130.503451,
          33.8484732
        ]
      },
      "properties": {
        "name": "むなかた",
        "pref": "福岡県",
        "municipality": "宗像市",
        "municipality_code": "40220",
        "urls": [
          "https://www.michi-no-eki.jp/stations/view/924",
          "http://www.qsr.mlit.go.jp/n-michi/michi_no_eki/kobetu/munakata/munakata.html",
          "http://www.michinoekimunakata.co.jp/"
        ]
      }
    },
    {
      "type": "Feature",
      "geometry": {
        "type": "Point",
        "coordinates": [
          130.8181663,
          33.33401533
        ]
      },
      "properties": {
        "name": "うきは",
        "pref": "福岡県",
        "municipality": "うきは市",
        "municipality_code": "40225",
        "urls": [
          "https://www.michi-no-eki.jp/stations/view/919",
          "http://www.qsr.mlit.go.jp/n-michi/michi_no_eki/kobetu/ukiha/ukiha.html",
          "http://www.michinoeki-ukiha.com/"
        ]
      }
    },
    {
      "type": "Feature",
      "geometry": {
        "type": "Point",
        "coordinates": [
          130.7132593,
          33.5639493
        ]
      },
      "properties": {
        "name": "うすい",
        "pref": "福岡県",
        "municipality": "嘉麻市",
        "municipality_code": "40227",
        "urls": [
          "https://www.michi-no-eki.jp/stations/view/922",
          "http://www.qsr.mlit.go.jp/n-michi/michi_no_eki/kobetu/usui/usui.html",
          "http://michinoeki-usui.jp/"
        ]
      }
    },
    {
      "type": "Feature",
      "geometry": {
        "type": "Point",
        "coordinates": [
          130.7846775,
          33.35376454
        ]
      },
      "properties": {
        "name": "原鶴",
        "pref": "福岡県",
        "municipality": "朝倉市",
        "municipality_code": "40228",
        "urls": [
          "https://www.michi-no-eki.jp/stations/view/915",
          "http://www.qsr.mlit.go.jp/n-michi/michi_no_eki/kobetu/harazuru/harazuru.html",
          "http://www.fs-basaro.jp/"
        ]
      }
    },
    {
      "type": "Feature",
      "geometry": {
        "type": "Point",
        "coordinates": [
          130.484540285983,
          33.1482179029797
        ]
      },
      "properties": {
        "name": "みやま",
        "pref": "福岡県",
        "municipality": "みやま市",
        "municipality_code": "40229",
        "urls": [
          "https://www.michi-no-eki.jp/stations/view/929",
          "http://www.qsr.mlit.go.jp/n-michi/michi_no_eki/kobetu/miyama/miyama.html",
          "http://www.michinoekimiyama.com/"
        ]
      }
    },
    {
      "type": "Feature",
      "geometry": {
        "type": "Point",
        "coordinates": [
          130.8258086,
          33.46511246
        ]
      },
      "properties": {
        "name": "小石原",
        "pref": "福岡県",
        "municipality": "朝倉郡東峰村",
        "municipality_code": "40448",
        "urls": [
          "https://www.michi-no-eki.jp/stations/view/917",
          "http://www.qsr.mlit.go.jp/n-michi/michi_no_eki/kobetu/koishiwara/koishiwara.html",
          "http://www1.vill.toho.fukuoka.jp/info/prev.asp?fol_id=3840"
        ]
      }
    },
    {
      "type": "Feature",
      "geometry": {
        "type": "Point",
        "coordinates": [
          130.437973,
          33.21790626
        ]
      },
      "properties": {
        "name": "おおき",
        "pref": "福岡県",
        "municipality": "三潴郡大木町",
        "municipality_code": "40522",
        "urls": [
          "https://www.michi-no-eki.jp/stations/view/927",
          "http://www.qsr.mlit.go.jp/n-michi/michi_no_eki/kobetu/ooki/ooki.html",
          "http://michinoeki.kururun.jp/"
        ]
      }
    },
    {
      "type": "Feature",
      "geometry": {
        "type": "Point",
        "coordinates": [
          130.8599817,
          33.6765903
        ]
      },
      "properties": {
        "name": "香春",
        "pref": "福岡県",
        "municipality": "田川郡香春町",
        "municipality_code": "40601",
        "urls": [
          "https://www.michi-no-eki.jp/stations/view/926",
          "http://www.qsr.mlit.go.jp/n-michi/michi_no_eki/kobetu/kawara/kawara.html",
          "http://michinoeki-kawara.jp/"
        ]
      }
    },
    {
      "type": "Feature",
      "geometry": {
        "type": "Point",
        "coordinates": [
          130.8599574,
          33.54902494
        ]
      },
      "properties": {
        "name": "歓遊舎ひこさん",
        "pref": "福岡県",
        "municipality": "田川郡添田町",
        "municipality_code": "40602",
        "urls": [
          "https://www.michi-no-eki.jp/stations/view/923",
          "http://www.qsr.mlit.go.jp/n-michi/michi_no_eki/kobetu/hikosan/hikosan.html",
          "http://www.kanyuusya.com/"
        ]
      }
    },
    {
      "type": "Feature",
      "geometry": {
        "type": "Point",
        "coordinates": [
          130.7646945,
          33.64191221
        ]
      },
      "properties": {
        "name": "いとだ",
        "pref": "福岡県",
        "municipality": "田川郡糸田町",
        "municipality_code": "40604",
        "urls": [
          "https://www.michi-no-eki.jp/stations/view/930",
          "http://www.qsr.mlit.go.jp/n-michi/michi_no_eki/kobetu/itoda/itoda.html",
          "http://www.michinoekiitoda.jp/"
        ]
      }
    },
    {
      "type": "Feature",
      "geometry": {
        "type": "Point",
        "coordinates": [
          130.8451701,
          33.626154
        ]
      },
      "properties": {
        "name": "おおとう桜街道",
        "pref": "福岡県",
        "municipality": "田川郡大任町",
        "municipality_code": "40608",
        "urls": [
          "https://www.michi-no-eki.jp/stations/view/928",
          "http://www.qsr.mlit.go.jp/n-michi/michi_no_eki/kobetu/ootousakurakaidou/ootousakurakaidou.html",
          "http://www.town.oto.fukuoka.jp/info/prev.asp?fol_id=1745"
        ]
      }
    },
    {
      "type": "Feature",
      "geometry": {
        "type": "Point",
        "coordinates": [
          131.1543082,
          33.58871601
        ]
      },
      "properties": {
        "name": "しんよしとみ",
        "pref": "福岡県",
        "municipality": "築上郡上毛町",
        "municipality_code": "40646",
        "urls": [
          "https://www.michi-no-eki.jp/stations/view/918",
          "http://www.qsr.mlit.go.jp/n-michi/michi_no_eki/kobetu/shinyoshitomi/shinyoshitomi.html",
          "http://www.isekimae.com/"
        ]
      }
    },
    {
      "type": "Feature",
      "geometry": {
        "type": "Point",
        "coordinates": [
          130.2578278,
          33.3390166
        ]
      },
      "properties": {
        "name": "大和",
        "pref": "佐賀県",
        "municipality": "佐賀市",
        "municipality_code": "41201",
        "urls": [
          "https://www.michi-no-eki.jp/stations/view/936",
          "http://www.qsr.mlit.go.jp/n-michi/michi_no_eki/kobetu/yamato/yamato.html",
          "http://www.soyokazekan.com/"
        ]
      }
    },
    {
      "type": "Feature",
      "geometry": {
        "type": "Point",
        "coordinates": [
          130.071911,
          33.3111192
        ]
      },
      "properties": {
        "name": "厳木",
        "pref": "佐賀県",
        "municipality": "唐津市",
        "municipality_code": "41202",
        "urls": [
          "https://www.michi-no-eki.jp/stations/view/932",
          "http://www.qsr.mlit.go.jp/n-michi/michi_no_eki/kobetu/kyuragi/kyuragi.html",
          "http://www.shokokai.or.jp/41/4120210109/index.htm"
        ]
      }
    },
    {
      "type": "Feature",
      "geometry": {
        "type": "Point",
        "coordinates": [
          129.8731411,
          33.5285331
        ]
      },
      "properties": {
        "name": "桃山天下市",
        "pref": "佐賀県",
        "municipality": "唐津市",
        "municipality_code": "41202",
        "urls": [
          "https://www.michi-no-eki.jp/stations/view/934",
          "http://www.qsr.mlit.go.jp/n-michi/michi_no_eki/kobetu/momoyama/momoyama.html",
          "https://momo-ten.com/"
        ]
      }
    },
    {
      "type": "Feature",
      "geometry": {
        "type": "Point",
        "coordinates": [
          129.9289587,
          33.31361997
        ]
      },
      "properties": {
        "name": "伊万里",
        "pref": "佐賀県",
        "municipality": "伊万里市",
        "municipality_code": "41205",
        "urls": [
          "https://www.michi-no-eki.jp/stations/view/933",
          "http://www.qsr.mlit.go.jp/n-michi/michi_no_eki/kobetu/imari/imari.html",
          "http://www.ihn.jp/~jaimari1/"
        ]
      }
    },
    {
      "type": "Feature",
      "geometry": {
        "type": "Point",
        "coordinates": [
          129.9561607,
          33.1917813
        ]
      },
      "properties": {
        "name": "山内",
        "pref": "佐賀県",
        "municipality": "武雄市",
        "municipality_code": "41206",
        "urls": [
          "https://www.michi-no-eki.jp/stations/view/935",
          "http://www.qsr.mlit.go.jp/n-michi/michi_no_eki/kobetu/yamauchi/yamauchi.html",
          "http://www.michinoeki-yamauchi.com/top.html"
        ]
      }
    },
    {
      "type": "Feature",
      "geometry": {
        "type": "Point",
        "coordinates": [
          130.1457472,
          33.07501638
        ]
      },
      "properties": {
        "name": "鹿島",
        "pref": "佐賀県",
        "municipality": "鹿島市",
        "municipality_code": "41207",
        "urls": [
          "https://www.michi-no-eki.jp/stations/view/931",
          "http://www.qsr.mlit.go.jp/n-michi/michi_no_eki/kobetu/kashima/kashima.html",
          "http://michinoekikashima.jp/main/1.html"
        ]
      }
    },
    {
      "type": "Feature",
      "geometry": {
        "type": "Point",
        "coordinates": [
          130.3973146,
          33.3804956
        ]
      },
      "properties": {
        "name": "吉野ヶ里",
        "pref": "佐賀県",
        "municipality": "神埼郡吉野ヶ里町",
        "municipality_code": "41327",
        "urls": [
          "https://www.michi-no-eki.jp/stations/view/937",
          "http://www.qsr.mlit.go.jp/n-michi/michi_no_eki/kobetu/yoshino/yoshino.html"
        ]
      }
    },
    {
      "type": "Feature",
      "geometry": {
        "type": "Point",
        "coordinates": [
          130.196458,
          33.176871
        ]
      },
      "properties": {
        "name": "しろいし",
        "pref": "佐賀県",
        "municipality": "杵島郡白石町",
        "municipality_code": "41425",
        "urls": [
          "https://www.michi-no-eki.jp/stations/view/14154",
          "http://www.michi-no-eki.jp/michinoeki/saga/shiroishi/ ?"
        ]
      }
    },
    {
      "type": "Feature",
      "geometry": {
        "type": "Point",
        "coordinates": [
          130.1693594,
          33.0469887
        ]
      },
      "properties": {
        "name": "太良",
        "pref": "佐賀県",
        "municipality": "藤津郡太良町",
        "municipality_code": "41441",
        "urls": [
          "https://www.michi-no-eki.jp/stations/view/938",
          "http://www.qsr.mlit.go.jp/n-michi/michi_no_eki/kobetu/tara/tara.html",
          "https://www.tarafukukan.com/frmDefault.aspx"
        ]
      }
    },
    {
      "type": "Feature",
      "geometry": {
        "type": "Point",
        "coordinates": [
          129.7037628,
          32.8358987
        ]
      },
      "properties": {
        "name": "夕陽が丘そとめ",
        "pref": "長崎県",
        "municipality": "長崎市",
        "municipality_code": "42201",
        "urls": [
          "https://www.michi-no-eki.jp/stations/view/944",
          "http://www.qsr.mlit.go.jp/n-michi/michi_no_eki/kobetu/sotome/sotome.html",
          "http://www.yuhigaoka-sotome.com/"
        ]
      }
    },
    {
      "type": "Feature",
      "geometry": {
        "type": "Point",
        "coordinates": [
          129.671634,
          33.2015015
        ]
      },
      "properties": {
        "name": "させぼっくす99",
        "pref": "長崎県",
        "municipality": "佐世保市",
        "municipality_code": "42202",
        "urls": [
          "https://www.michi-no-eki.jp/stations/view/9748",
          "http://sasebox99.com"
        ]
      }
    },
    {
      "type": "Feature",
      "geometry": {
        "type": "Point",
        "coordinates": [
          130.0074643,
          32.8853776
        ]
      },
      "properties": {
        "name": "長崎街道鈴田峠",
        "pref": "長崎県",
        "municipality": "大村市",
        "municipality_code": "42205",
        "urls": [
          "https://www.michi-no-eki.jp/stations/view/9749",
          "https://www.city.omura.nagasaki.jp/kankou/kanko/michinoeki/index.html"
        ]
      }
    },
    {
      "type": "Feature",
      "geometry": {
        "type": "Point",
        "coordinates": [
          129.6031137,
          33.31770825
        ]
      },
      "properties": {
        "name": "昆虫の里たびら",
        "pref": "長崎県",
        "municipality": "平戸市",
        "municipality_code": "42207",
        "urls": [
          "https://www.michi-no-eki.jp/stations/view/941",
          "http://www.qsr.mlit.go.jp/n-michi/michi_no_eki/kobetu/tabira/tabira.html",
          "http://www.hira-shin.jp/station-tabira/"
        ]
      }
    },
    {
      "type": "Feature",
      "geometry": {
        "type": "Point",
        "coordinates": [
          129.4335547,
          33.3551861
        ]
      },
      "properties": {
        "name": "生月大橋",
        "pref": "長崎県",
        "municipality": "平戸市",
        "municipality_code": "42207",
        "urls": [
          "https://www.michi-no-eki.jp/stations/view/939",
          "http://www.qsr.mlit.go.jp/n-michi/michi_no_eki/kobetu/ikitsuki/ikitsuki.html",
          "http://www.ikitsuki.net/kankou/baiten/index.html"
        ]
      }
    },
    {
      "type": "Feature",
      "geometry": {
        "type": "Point",
        "coordinates": [
          129.7015151,
          33.3486836
        ]
      },
      "properties": {
        "name": "松浦海のふるさと館",
        "pref": "長崎県",
        "municipality": "松浦市",
        "municipality_code": "42208",
        "urls": [
          "https://www.michi-no-eki.jp/stations/view/945",
          "http://www.qsr.mlit.go.jp/n-michi/michi_no_eki/kobetu/matuura/matuura.html",
          "http://umihuru.com/"
        ]
      }
    },
    {
      "type": "Feature",
      "geometry": {
        "type": "Point",
        "coordinates": [
          129.7823616,
          33.4338551
        ]
      },
      "properties": {
        "name": "鷹ら島",
        "pref": "長崎県",
        "municipality": "松浦市",
        "municipality_code": "42208",
        "urls": [
          "https://www.michi-no-eki.jp/stations/view/947",
          "http://www.qsr.mlit.go.jp/n-michi/michi_no_eki/kobetu/takarajima/takarajima.html",
          "http://www.takarajima-rs.com/"
        ]
      }
    },
    {
      "type": "Feature",
      "geometry": {
        "type": "Point",
        "coordinates": [
          128.6903638,
          32.7382789
        ]
      },
      "properties": {
        "name": "遣唐使ふるさと館",
        "pref": "長崎県",
        "municipality": "五島市",
        "municipality_code": "42211",
        "urls": [
          "https://www.michi-no-eki.jp/stations/view/946",
          "http://www.qsr.mlit.go.jp/n-michi/michi_no_eki/kobetu/kentoushi/kentoushi.html",
          "http://www.kentoushi-furusatokan.jp/"
        ]
      }
    },
    {
      "type": "Feature",
      "geometry": {
        "type": "Point",
        "coordinates": [
          129.695700982278,
          33.0429925322659
        ]
      },
      "properties": {
        "name": "さいかい",
        "pref": "長崎県",
        "municipality": "西海市",
        "municipality_code": "42212",
        "urls": [
          "https://www.michi-no-eki.jp/stations/view/943",
          "http://www.qsr.mlit.go.jp/n-michi/michi_no_eki/kobetu/saikai/saikai.html",
          "http://www.saikaicity.jp/mikan/"
        ]
      }
    },
    {
      "type": "Feature",
      "geometry": {
        "type": "Point",
        "coordinates": [
          130.3675809,
          32.73970208
        ]
      },
      "properties": {
        "name": "みずなし本陣ふかえ",
        "pref": "長崎県",
        "municipality": "南島原市",
        "municipality_code": "42214",
        "urls": [
          "https://www.michi-no-eki.jp/stations/view/940",
          "http://www.qsr.mlit.go.jp/n-michi/michi_no_eki/kobetu/mizunashi/mizunashi.html",
          "http://mizunashi-honjin.co.jp/"
        ]
      }
    },
    {
      "type": "Feature",
      "geometry": {
        "type": "Point",
        "coordinates": [
          129.9199353,
          33.0358508
        ]
      },
      "properties": {
        "name": "彼杵の荘",
        "pref": "長崎県",
        "municipality": "東彼杵郡東彼杵町",
        "municipality_code": "42321",
        "urls": [
          "https://www.michi-no-eki.jp/stations/view/942",
          "http://www.qsr.mlit.go.jp/n-michi/michi_no_eki/kobetu/sonogi/sonogi.html",
          "http://www.sonogi.jp/michinoeki.html"
        ]
      }
    },
    {
      "type": "Feature",
      "geometry": {
        "type": "Point",
        "coordinates": [
          130.692874,
          32.907939
        ]
      },
      "properties": {
        "name": "すいかの里 植木",
        "pref": "熊本県",
        "municipality": "熊本市",
        "municipality_code": "43100",
        "urls": [
          "https://www.michi-no-eki.jp/stations/view/11985",
          "http://suikanosato-ueki.com/"
        ]
      }
    },
    {
      "type": "Feature",
      "geometry": {
        "type": "Point",
        "coordinates": [
          130.6409382,
          32.4266742
        ]
      },
      "properties": {
        "name": "坂本",
        "pref": "熊本県",
        "municipality": "八代市",
        "municipality_code": "43202",
        "urls": [
          "https://www.michi-no-eki.jp/stations/view/952",
          "http://www.qsr.mlit.go.jp/n-michi/michi_no_eki/kobetu/sakamoto/sakamoto.html",
          "http://www.sakamoto-catv.jp/sakamoto-kureon/sakamotokan.htm"
        ]
      }
    },
    {
      "type": "Feature",
      "geometry": {
        "type": "Point",
        "coordinates": [
          130.3817017,
          32.19916882
        ]
      },
      "properties": {
        "name": "みなまた",
        "pref": "熊本県",
        "municipality": "水俣市",
        "municipality_code": "43205",
        "urls": [
          "https://www.michi-no-eki.jp/stations/view/967",
          "http://www.qsr.mlit.go.jp/n-michi/michi_no_eki/kobetu/minamata/minamata.html",
          "http://www.minamata.co.jp/"
        ]
      }
    },
    {
      "type": "Feature",
      "geometry": {
        "type": "Point",
        "coordinates": [
          130.7559,
          32.9871618
        ]
      },
      "properties": {
        "name": "水辺プラザかもと",
        "pref": "熊本県",
        "municipality": "山鹿市",
        "municipality_code": "43208",
        "urls": [
          "https://www.michi-no-eki.jp/stations/view/9750",
          "http://www.qsr.mlit.go.jp/n-michi/michi_no_eki/kobetu/mizubeplazakamoto/kamoto.html",
          "http://www.mizube-plaza.co.jp/"
        ]
      }
    },
    {
      "type": "Feature",
      "geometry": {
        "type": "Point",
        "coordinates": [
          130.6688462,
          33.1136383
        ]
      },
      "properties": {
        "name": "鹿北",
        "pref": "熊本県",
        "municipality": "山鹿市",
        "municipality_code": "43208",
        "urls": [
          "https://www.michi-no-eki.jp/stations/view/955",
          "http://www.qsr.mlit.go.jp/n-michi/michi_no_eki/kobetu/kahoku/kahoku.html",
          "http://ogurigo.jp/"
        ]
      }
    },
    {
      "type": "Feature",
      "geometry": {
        "type": "Point",
        "coordinates": [
          130.7703282,
          32.9799358
        ]
      },
      "properties": {
        "name": "七城メロンドーム",
        "pref": "熊本県",
        "municipality": "菊池市",
        "municipality_code": "43210",
        "urls": [
          "https://www.michi-no-eki.jp/stations/view/956",
          "http://www.qsr.mlit.go.jp/n-michi/michi_no_eki/kobetu/shichijyo/shichijyo.html",
          "http://www.melondome.co.jp/"
        ]
      }
    },
    {
      "type": "Feature",
      "geometry": {
        "type": "Point",
        "coordinates": [
          130.8302719,
          32.9312589
        ]
      },
      "properties": {
        "name": "旭志",
        "pref": "熊本県",
        "municipality": "菊池市",
        "municipality_code": "43210",
        "urls": [
          "https://www.michi-no-eki.jp/stations/view/950",
          "http://www.qsr.mlit.go.jp/n-michi/michi_no_eki/kobetu/kyokushi/kyokushi.html",
          "http://www.uproad.ne.jp/fureai/index.html"
        ]
      }
    },
    {
      "type": "Feature",
      "geometry": {
        "type": "Point",
        "coordinates": [
          130.7713888,
          32.92503512
        ]
      },
      "properties": {
        "name": "泗水",
        "pref": "熊本県",
        "municipality": "菊池市",
        "municipality_code": "43210",
        "urls": [
          "https://www.michi-no-eki.jp/stations/view/957",
          "http://www.qsr.mlit.go.jp/n-michi/michi_no_eki/kobetu/shisui/shisui.html",
          "http://t-sumi.xsrv.jp/youjou/"
        ]
      }
    },
    {
      "type": "Feature",
      "geometry": {
        "type": "Point",
        "coordinates": [
          130.5226985,
          32.66224214
        ]
      },
      "properties": {
        "name": "宇土マリーナ",
        "pref": "熊本県",
        "municipality": "宇土市",
        "municipality_code": "43211",
        "urls": [
          "https://www.michi-no-eki.jp/stations/view/965",
          "http://www.qsr.mlit.go.jp/n-michi/michi_no_eki/kobetu/uto/uto.html",
          "http://okoshikikan.net/"
        ]
      }
    },
    {
      "type": "Feature",
      "geometry": {
        "type": "Point",
        "coordinates": [
          130.4201417,
          32.57713806
        ]
      },
      "properties": {
        "name": "上天草さんぱーる",
        "pref": "熊本県",
        "municipality": "上天草市",
        "municipality_code": "43212",
        "urls": [
          "https://www.michi-no-eki.jp/stations/view/8013",
          "http://www.qsr.mlit.go.jp/n-michi/michi_no_eki/kobetu/kamiamakusa/kamiamakusa.html",
          "http://www.sunpearl.jp/"
        ]
      }
    },
    {
      "type": "Feature",
      "geometry": {
        "type": "Point",
        "coordinates": [
          130.6977338,
          32.6511943
        ]
      },
      "properties": {
        "name": "うき",
        "pref": "熊本県",
        "municipality": "宇城市",
        "municipality_code": "43213",
        "urls": [
          "https://www.michi-no-eki.jp/stations/view/968",
          "http://www.qsr.mlit.go.jp/n-michi/michi_no_eki/kobetu/uki/uki.html",
          "http://ukisaikan.jp/"
        ]
      }
    },
    {
      "type": "Feature",
      "geometry": {
        "type": "Point",
        "coordinates": [
          130.6287109,
          32.6337057
        ]
      },
      "properties": {
        "name": "不知火",
        "pref": "熊本県",
        "municipality": "宇城市",
        "municipality_code": "43213",
        "urls": [
          "https://www.michi-no-eki.jp/stations/view/953",
          "http://www.qsr.mlit.go.jp/n-michi/michi_no_eki/kobetu/shiranui/shiranui.html",
          "http://www.shiranuhi-spa.co.jp/"
        ]
      }
    },
    {
      "type": "Feature",
      "geometry": {
        "type": "Point",
        "coordinates": [
          131.1974424,
          32.9599128
        ]
      },
      "properties": {
        "name": "波野",
        "pref": "熊本県",
        "municipality": "阿蘇市",
        "municipality_code": "43214",
        "urls": [
          "https://www.michi-no-eki.jp/stations/view/949",
          "http://www.qsr.mlit.go.jp/n-michi/michi_no_eki/kobetu/namino/namino.html",
          "http://www.aso-kagura.com/"
        ]
      }
    },
    {
      "type": "Feature",
      "geometry": {
        "type": "Point",
        "coordinates": [
          131.0809168,
          32.9370344
        ]
      },
      "properties": {
        "name": "阿蘇",
        "pref": "熊本県",
        "municipality": "阿蘇市",
        "municipality_code": "43214",
        "urls": [
          "https://www.michi-no-eki.jp/stations/view/966",
          "http://www.qsr.mlit.go.jp/n-michi/michi_no_eki/kobetu/aso/aso.html",
          "http://www.aso-denku.jp/",
          "https://store.shopping.yahoo.co.jp/mitinoekiaso/"
        ]
      }
    },
    {
      "type": "Feature",
      "geometry": {
        "type": "Point",
        "coordinates": [
          130.026968,
          32.193836
        ]
      },
      "properties": {
        "name": "うしぶか海彩館",
        "pref": "熊本県",
        "municipality": "天草市",
        "municipality_code": "43215",
        "urls": [
          "https://www.michi-no-eki.jp/stations/view/8015",
          "http://www.qsr.mlit.go.jp/n-michi/michi_no_eki/kobetu/ushibuka/ushibuka.html",
          "http://kaisai.wix.com/usibuka-kaisaikan2"
        ]
      }
    },
    {
      "type": "Feature",
      "geometry": {
        "type": "Point",
        "coordinates": [
          130.3057604,
          32.5055195
        ]
      },
      "properties": {
        "name": "有明",
        "pref": "熊本県",
        "municipality": "天草市",
        "municipality_code": "43215",
        "urls": [
          "https://www.michi-no-eki.jp/stations/view/954",
          "http://www.qsr.mlit.go.jp/n-michi/michi_no_eki/kobetu/ariake/ariake.html",
          "http://www.rippleland.com/"
        ]
      }
    },
    {
      "type": "Feature",
      "geometry": {
        "type": "Point",
        "coordinates": [
          130.02528,
          32.31666777800006
        ]
      },
      "properties": {
        "name": "�津",
        "pref": "熊本県",
        "municipality": "天草市",
        "municipality_code": "43215",
        "urls": [
          "https://www.michi-no-eki.jp/stations/view/14190"
        ]
      }
    },
    {
      "type": "Feature",
      "geometry": {
        "type": "Point",
        "coordinates": [
          130.8227039,
          32.62359207
        ]
      },
      "properties": {
        "name": "美里「佐俣の湯」",
        "pref": "熊本県",
        "municipality": "下益城郡美里町",
        "municipality_code": "43348",
        "urls": [
          "https://www.michi-no-eki.jp/stations/view/971",
          "http://www.qsr.mlit.go.jp/n-michi/michi_no_eki/kobetu/misatosamatanoyu/misatosamatanoyu.html",
          "http://samatanoyu-misato.jp/"
        ]
      }
    },
    {
      "type": "Feature",
      "geometry": {
        "type": "Point",
        "coordinates": [
          130.6023182,
          32.97335053
        ]
      },
      "properties": {
        "name": "きくすい",
        "pref": "熊本県",
        "municipality": "玉名郡和水町",
        "municipality_code": "43369",
        "urls": [
          "https://www.michi-no-eki.jp/stations/view/958",
          "http://www.qsr.mlit.go.jp/n-michi/michi_no_eki/kobetu/kikusui/kikusui.html",
          "http://kikusuiromankan.jp/"
        ]
      }
    },
    {
      "type": "Feature",
      "geometry": {
        "type": "Point",
        "coordinates": [
          130.8908127,
          32.8811014
        ]
      },
      "properties": {
        "name": "大津",
        "pref": "熊本県",
        "municipality": "菊池郡大津町",
        "municipality_code": "43403",
        "urls": [
          "https://www.michi-no-eki.jp/stations/view/951",
          "http://www.qsr.mlit.go.jp/n-michi/michi_no_eki/kobetu/ozu/ozu.html",
          "http://blog.livedoor.jp/michiekiozu/"
        ]
      }
    },
    {
      "type": "Feature",
      "geometry": {
        "type": "Point",
        "coordinates": [
          131.0646886,
          33.123101
        ]
      },
      "properties": {
        "name": "小国",
        "pref": "熊本県",
        "municipality": "阿蘇郡小国町",
        "municipality_code": "43424",
        "urls": [
          "https://www.michi-no-eki.jp/stations/view/948",
          "http://www.qsr.mlit.go.jp/n-michi/michi_no_eki/kobetu/oguni/oguni.html",
          "http://www.town.kumamoto-oguni.lg.jp/q/aview/142/279.html"
        ]
      }
    },
    {
      "type": "Feature",
      "geometry": {
        "type": "Point",
        "coordinates": [
          131.0415257,
          32.81851
        ]
      },
      "properties": {
        "name": "あそ望の郷くぎの",
        "pref": "熊本県",
        "municipality": "阿蘇郡南阿蘇村",
        "municipality_code": "43433",
        "urls": [
          "https://www.michi-no-eki.jp/stations/view/8017",
          "http://www.qsr.mlit.go.jp/n-michi/michi_no_eki/kobetu/asobounosato/asobounosato.html",
          "http://aso-kugino.jp/asobou.html"
        ]
      }
    },
    {
      "type": "Feature",
      "geometry": {
        "type": "Point",
        "coordinates": [
          131.1634577,
          32.7266122
        ]
      },
      "properties": {
        "name": "そよ風パーク",
        "pref": "熊本県",
        "municipality": "上益城郡山都町",
        "municipality_code": "43447",
        "urls": [
          "https://www.michi-no-eki.jp/stations/view/969",
          "http://www.qsr.mlit.go.jp/n-michi/michi_no_eki/kobetu/soyokaze/soyokaze.html",
          "http://www.s-kaze.jp/"
        ]
      }
    },
    {
      "type": "Feature",
      "geometry": {
        "type": "Point",
        "coordinates": [
          131.091349989549,
          32.6906432695944
        ]
      },
      "properties": {
        "name": "清和文楽邑",
        "pref": "熊本県",
        "municipality": "上益城郡山都町",
        "municipality_code": "43447",
        "urls": [
          "https://www.michi-no-eki.jp/stations/view/959",
          "http://www.qsr.mlit.go.jp/n-michi/michi_no_eki/kobetu/seiwa/seiwa.html",
          "http://seiwabunraku.hinokuni-net.jp/"
        ]
      }
    },
    {
      "type": "Feature",
      "geometry": {
        "type": "Point",
        "coordinates": [
          130.9916631,
          32.681489
        ]
      },
      "properties": {
        "name": "通潤橋",
        "pref": "熊本県",
        "municipality": "上益城郡山都町",
        "municipality_code": "43447",
        "urls": [
          "https://www.michi-no-eki.jp/stations/view/960",
          "http://www.qsr.mlit.go.jp/n-michi/michi_no_eki/kobetu/tujyunkyo/tujyunkyo.html",
          "http://www.town.kumamoto-yamato.lg.jp/kanko/map/pub/detail.aspx?dr=1&c_id=56&id=429"
        ]
      }
    },
    {
      "type": "Feature",
      "geometry": {
        "type": "Point",
        "coordinates": [
          130.6947352,
          32.5767711
        ]
      },
      "properties": {
        "name": "竜北",
        "pref": "熊本県",
        "municipality": "八代郡氷川町",
        "municipality_code": "43468",
        "urls": [
          "https://www.michi-no-eki.jp/stations/view/961",
          "http://www.qsr.mlit.go.jp/n-michi/michi_no_eki/kobetu/ryuhoku/ryuhoku.html",
          "http://www.michinoeki-ryuhoku.com/"
        ]
      }
    },
    {
      "type": "Feature",
      "geometry": {
        "type": "Point",
        "coordinates": [
          130.5124497,
          32.36456725
        ]
      },
      "properties": {
        "name": "たのうら",
        "pref": "熊本県",
        "municipality": "葦北郡芦北町",
        "municipality_code": "43482",
        "urls": [
          "https://www.michi-no-eki.jp/stations/view/963",
          "http://www.qsr.mlit.go.jp/n-michi/michi_no_eki/kobetu/tanoura/tanoura.html",
          "http://www.otachimisaki.com/station/top.html"
        ]
      }
    },
    {
      "type": "Feature",
      "geometry": {
        "type": "Point",
        "coordinates": [
          130.5821497,
          32.2898864
        ]
      },
      "properties": {
        "name": "大野温泉",
        "pref": "熊本県",
        "municipality": "葦北郡芦北町",
        "municipality_code": "43482",
        "urls": [
          "https://www.michi-no-eki.jp/stations/view/970",
          "http://www.qsr.mlit.go.jp/n-michi/michi_no_eki/kobetu/oonoonsen/oonoonsen.html",
          "http://www.minamata-hiyori.jp/minamatown/oono/index.html"
        ]
      }
    },
    {
      "type": "Feature",
      "geometry": {
        "type": "Point",
        "coordinates": [
          130.508036,
          32.302882
        ]
      },
      "properties": {
        "name": "芦北でこぽん",
        "pref": "熊本県",
        "municipality": "葦北郡芦北町",
        "municipality_code": "43482",
        "urls": [
          "https://www.michi-no-eki.jp/stations/view/11986"
        ]
      }
    },
    {
      "type": "Feature",
      "geometry": {
        "type": "Point",
        "coordinates": [
          130.8451635,
          32.20586981
        ]
      },
      "properties": {
        "name": "錦",
        "pref": "熊本県",
        "municipality": "球磨郡錦町",
        "municipality_code": "43501",
        "urls": [
          "https://www.michi-no-eki.jp/stations/view/962",
          "http://www.qsr.mlit.go.jp/n-michi/michi_no_eki/kobetu/nishiki/nishiki.html",
          "http://www.nishiki-machi.com/_common/eki/"
        ]
      }
    },
    {
      "type": "Feature",
      "geometry": {
        "type": "Point",
        "coordinates": [
          130.826733,
          32.39931672
        ]
      },
      "properties": {
        "name": "子守唄の里 五木",
        "pref": "熊本県",
        "municipality": "球磨郡五木村",
        "municipality_code": "43511",
        "urls": [
          "https://www.michi-no-eki.jp/stations/view/964",
          "http://www.qsr.mlit.go.jp/n-michi/michi_no_eki/kobetu/itsuki/itsuki.html",
          "http://www.itsuki-bussan.net/"
        ]
      }
    },
    {
      "type": "Feature",
      "geometry": {
        "type": "Point",
        "coordinates": [
          131.8284304,
          33.2472111
        ]
      },
      "properties": {
        "name": "佐賀関",
        "pref": "大分県",
        "municipality": "大分市",
        "municipality_code": "44201",
        "urls": [
          "https://www.michi-no-eki.jp/stations/view/975",
          "http://www.qsr.mlit.go.jp/n-michi/michi_no_eki/kobetu/saganoseki/saganoseki.html",
          "http://rs-seki.com/"
        ]
      }
    },
    {
      "type": "Feature",
      "geometry": {
        "type": "Point",
        "coordinates": [
          131.2141064,
          33.5516096
        ]
      },
      "properties": {
        "name": "なかつ",
        "pref": "大分県",
        "municipality": "中津市",
        "municipality_code": "44203",
        "urls": [
          "https://www.michi-no-eki.jp/stations/view/994",
          "http://www.qsr.mlit.go.jp/n-michi/michi_no_eki/kobetu/nakatu/nakatu.html",
          "http://michinoeki-nakatsu.com/"
        ]
      }
    },
    {
      "type": "Feature",
      "geometry": {
        "type": "Point",
        "coordinates": [
          131.0614676,
          33.4063728
        ]
      },
      "properties": {
        "name": "やまくに",
        "pref": "大分県",
        "municipality": "中津市",
        "municipality_code": "44203",
        "urls": [
          "https://www.michi-no-eki.jp/stations/view/976",
          "http://www.qsr.mlit.go.jp/n-michi/michi_no_eki/kobetu/yamakuni/yamakuni.html",
          "http://www.city-nakatsu.jp/kankodocs/2013102300051/"
        ]
      }
    },
    {
      "type": "Feature",
      "geometry": {
        "type": "Point",
        "coordinates": [
          131.1745356,
          33.48984147
        ]
      },
      "properties": {
        "name": "耶馬トピア",
        "pref": "大分県",
        "municipality": "中津市",
        "municipality_code": "44203",
        "urls": [
          "https://www.michi-no-eki.jp/stations/view/977",
          "http://www.qsr.mlit.go.jp/n-michi/michi_no_eki/kobetu/yaba/yaba.html",
          "http://www.city-nakatsu.jp/kankodocs/2013102300099/"
        ]
      }
    },
    {
      "type": "Feature",
      "geometry": {
        "type": "Point",
        "coordinates": [
          130.9619356,
          33.1125613
        ]
      },
      "properties": {
        "name": "せせらぎ郷かみつえ",
        "pref": "大分県",
        "municipality": "日田市",
        "municipality_code": "44204",
        "urls": [
          "https://www.michi-no-eki.jp/stations/view/980",
          "http://www.qsr.mlit.go.jp/n-michi/michi_no_eki/kobetu/kamitsue/kamitsue.html",
          "http://kamitue.web.fc2.com/"
        ]
      }
    },
    {
      "type": "Feature",
      "geometry": {
        "type": "Point",
        "coordinates": [
          130.972093,
          33.2479097
        ]
      },
      "properties": {
        "name": "水辺の郷おおやま",
        "pref": "大分県",
        "municipality": "日田市",
        "municipality_code": "44204",
        "urls": [
          "https://www.michi-no-eki.jp/stations/view/987",
          "http://www.qsr.mlit.go.jp/n-michi/michi_no_eki/kobetu/oyama/oyama.html",
          "http://www.mizubenosato-oyama.com/"
        ]
      }
    },
    {
      "type": "Feature",
      "geometry": {
        "type": "Point",
        "coordinates": [
          130.8826215,
          33.12915687
        ]
      },
      "properties": {
        "name": "鯛生金山",
        "pref": "大分県",
        "municipality": "日田市",
        "municipality_code": "44204",
        "urls": [
          "https://www.michi-no-eki.jp/stations/view/982",
          "http://www.qsr.mlit.go.jp/n-michi/michi_no_eki/kobetu/taio/taio.html",
          "http://taiokinzan.jp/"
        ]
      }
    },
    {
      "type": "Feature",
      "geometry": {
        "type": "Point",
        "coordinates": [
          131.9243176,
          32.8017723
        ]
      },
      "properties": {
        "name": "かまえ",
        "pref": "大分県",
        "municipality": "佐伯市",
        "municipality_code": "44205",
        "urls": [
          "https://www.michi-no-eki.jp/stations/view/988",
          "http://www.qsr.mlit.go.jp/n-michi/michi_no_eki/kobetu/kamae/kamae.html",
          "http://kamae-bussan.com/"
        ]
      }
    },
    {
      "type": "Feature",
      "geometry": {
        "type": "Point",
        "coordinates": [
          131.8386843,
          32.96456913
        ]
      },
      "properties": {
        "name": "やよい",
        "pref": "大分県",
        "municipality": "佐伯市",
        "municipality_code": "44205",
        "urls": [
          "https://www.michi-no-eki.jp/stations/view/981",
          "http://www.qsr.mlit.go.jp/n-michi/michi_no_eki/kobetu/yayoi/yayoi.html",
          "http://michinoeki-yayoi.com/"
        ]
      }
    },
    {
      "type": "Feature",
      "geometry": {
        "type": "Point",
        "coordinates": [
          131.6103962,
          32.8037318
        ]
      },
      "properties": {
        "name": "宇目",
        "pref": "大分県",
        "municipality": "佐伯市",
        "municipality_code": "44205",
        "urls": [
          "https://www.michi-no-eki.jp/stations/view/973",
          "http://www.qsr.mlit.go.jp/n-michi/michi_no_eki/kobetu/ume/ume.html",
          "http://saiki-kankou.com/ume/2014/03/1381"
        ]
      }
    },
    {
      "type": "Feature",
      "geometry": {
        "type": "Point",
        "coordinates": [
          131.2941063,
          32.9566388
        ]
      },
      "properties": {
        "name": "すごう",
        "pref": "大分県",
        "municipality": "竹田市",
        "municipality_code": "44208",
        "urls": [
          "https://www.michi-no-eki.jp/stations/view/993",
          "http://www.qsr.mlit.go.jp/n-michi/michi_no_eki/kobetu/sugou/sugou.html",
          "http://www.taketa-wakaba.jp/"
        ]
      }
    },
    {
      "type": "Feature",
      "geometry": {
        "type": "Point",
        "coordinates": [
          131.3830698,
          33.0716662
        ]
      },
      "properties": {
        "name": "ながゆ温泉",
        "pref": "大分県",
        "municipality": "竹田市",
        "municipality_code": "44208",
        "urls": [
          "https://www.michi-no-eki.jp/stations/view/989",
          "http://www.qsr.mlit.go.jp/n-michi/michi_no_eki/kobetu/nagayu/nagayu.html"
        ]
      }
    },
    {
      "type": "Feature",
      "geometry": {
        "type": "Point",
        "coordinates": [
          131.3404683,
          32.98558484
        ]
      },
      "properties": {
        "name": "竹田",
        "pref": "大分県",
        "municipality": "竹田市",
        "municipality_code": "44208",
        "urls": [
          "https://www.michi-no-eki.jp/stations/view/974",
          "http://www.qsr.mlit.go.jp/n-michi/michi_no_eki/kobetu/takeda/takeda.html",
          "http://www.taketa-wakaba.jp/shop/shop1.html"
        ]
      }
    },
    {
      "type": "Feature",
      "geometry": {
        "type": "Point",
        "coordinates": [
          131.3202066,
          33.4238178
        ]
      },
      "properties": {
        "name": "いんない",
        "pref": "大分県",
        "municipality": "宇佐市",
        "municipality_code": "44211",
        "urls": [
          "https://www.michi-no-eki.jp/stations/view/979",
          "http://www.qsr.mlit.go.jp/n-michi/michi_no_eki/kobetu/innai/innai.html"
        ]
      }
    },
    {
      "type": "Feature",
      "geometry": {
        "type": "Point",
        "coordinates": [
          131.4480727,
          33.0025623
        ]
      },
      "properties": {
        "name": "あさじ",
        "pref": "大分県",
        "municipality": "豊後大野市",
        "municipality_code": "44212",
        "urls": [
          "https://www.michi-no-eki.jp/stations/view/978",
          "http://www.qsr.mlit.go.jp/n-michi/michi_no_eki/kobetu/asaji/asaji.html",
          "http://michinoekiasaji.web.fc2.com/"
        ]
      }
    },
    {
      "type": "Feature",
      "geometry": {
        "type": "Point",
        "coordinates": [
          131.5029064248194,
          33.03625283129785
        ]
      },
      "properties": {
        "name": "おおの",
        "pref": "大分県",
        "municipality": "豊後大野市",
        "municipality_code": "44212",
        "urls": [
          "https://www.michi-no-eki.jp/stations/view/990",
          "http://www.qsr.mlit.go.jp/n-michi/michi_no_eki/kobetu/oono/oono.html",
          "http://sato-no-tabi.jp/sights/rs_ono/"
        ]
      }
    },
    {
      "type": "Feature",
      "geometry": {
        "type": "Point",
        "coordinates": [
          131.5180108,
          32.9715626
        ]
      },
      "properties": {
        "name": "きよかわ",
        "pref": "大分県",
        "municipality": "豊後大野市",
        "municipality_code": "44212",
        "urls": [
          "https://www.michi-no-eki.jp/stations/view/983",
          "http://www.qsr.mlit.go.jp/n-michi/michi_no_eki/kobetu/kiyokawa/kiyokawa.html",
          "http://www.mitinoeki-kiyokawa.com/"
        ]
      }
    },
    {
      "type": "Feature",
      "geometry": {
        "type": "Point",
        "coordinates": [
          131.621548,
          33.0286904
        ]
      },
      "properties": {
        "name": "みえ",
        "pref": "大分県",
        "municipality": "豊後大野市",
        "municipality_code": "44212",
        "urls": [
          "https://www.michi-no-eki.jp/stations/view/985",
          "http://www.qsr.mlit.go.jp/n-michi/michi_no_eki/kobetu/mie/mie.html",
          "http://www16.ocn.ne.jp/~mitimie/"
        ]
      }
    },
    {
      "type": "Feature",
      "geometry": {
        "type": "Point",
        "coordinates": [
          131.4522001,
          32.9656659
        ]
      },
      "properties": {
        "name": "原尻の滝",
        "pref": "大分県",
        "municipality": "豊後大野市",
        "municipality_code": "44212",
        "urls": [
          "https://www.michi-no-eki.jp/stations/view/972",
          "http://www.qsr.mlit.go.jp/n-michi/michi_no_eki/kobetu/harajiri/harajiri.html",
          "http://www.ogatakanko.com/eki/index.html"
        ]
      }
    },
    {
      "type": "Feature",
      "geometry": {
        "type": "Point",
        "coordinates": [
          131.327088,
          33.2606456
        ]
      },
      "properties": {
        "name": "ゆふいん",
        "pref": "大分県",
        "municipality": "由布市",
        "municipality_code": "44213",
        "urls": [
          "https://www.michi-no-eki.jp/stations/view/984",
          "http://www.qsr.mlit.go.jp/n-michi/michi_no_eki/kobetu/yuhuin/yuhuin.html",
          "http://michinoekiyufuin.com/"
        ]
      }
    },
    {
      "type": "Feature",
      "geometry": {
        "type": "Point",
        "coordinates": [
          131.7397294,
          33.5456622
        ]
      },
      "properties": {
        "name": "くにさき",
        "pref": "大分県",
        "municipality": "国東市",
        "municipality_code": "44214",
        "urls": [
          "https://www.michi-no-eki.jp/stations/view/986",
          "http://www.qsr.mlit.go.jp/n-michi/michi_no_eki/kobetu/kunisaki/kunisaki.html",
          "http://www.e-kunisaki.com/site/kanko/michinoekikunisaki.html"
        ]
      }
    },
    {
      "type": "Feature",
      "geometry": {
        "type": "Point",
        "coordinates": [
          131.6057447,
          33.68050195
        ]
      },
      "properties": {
        "name": "くにみ",
        "pref": "大分県",
        "municipality": "国東市",
        "municipality_code": "44214",
        "urls": [
          "https://www.michi-no-eki.jp/stations/view/991",
          "http://www.qsr.mlit.go.jp/n-michi/michi_no_eki/kobetu/kunimi/kunimi.html",
          "http://www.e-kunisaki.com/site/kanko/mitinoekikunimi.html"
        ]
      }
    },
    {
      "type": "Feature",
      "geometry": {
        "type": "Point",
        "coordinates": [
          131.068506,
          33.265953
        ]
      },
      "properties": {
        "name": "慈恩の滝 くす",
        "pref": "大分県",
        "municipality": "玖珠郡玖珠町",
        "municipality_code": "44462",
        "urls": [
          "https://www.michi-no-eki.jp/stations/view/11987",
          "http://www.michi-no-eki.jp/michinoeki/oita/jion-no-taki-kusu/"
        ]
      }
    },
    {
      "type": "Feature",
      "geometry": {
        "type": "Point",
        "coordinates": [
          131.1569324,
          33.2893373
        ]
      },
      "properties": {
        "name": "童話の里 くす",
        "pref": "大分県",
        "municipality": "玖珠郡玖珠町",
        "municipality_code": "44462",
        "urls": [
          "https://www.michi-no-eki.jp/stations/view/992",
          "http://www.qsr.mlit.go.jp/n-michi/michi_no_eki/kobetu/kusu/kusu.html",
          "http://www.kusu-michinoeki.jp/"
        ]
      }
    },
    {
      "type": "Feature",
      "geometry": {
        "type": "Point",
        "coordinates": [
          131.4784246,
          31.7689827
        ]
      },
      "properties": {
        "name": "フェニックス",
        "pref": "宮崎県",
        "municipality": "宮崎市",
        "municipality_code": "45201",
        "urls": [
          "https://www.michi-no-eki.jp/stations/view/1008",
          "http://www.qsr.mlit.go.jp/n-michi/michi_no_eki/kobetu/phoenix/phoenix.html",
          "http://michinoekiphoenix.jp/"
        ]
      }
    },
    {
      "type": "Feature",
      "geometry": {
        "type": "Point",
        "coordinates": [
          131.306942591262,
          31.7962179384285
        ]
      },
      "properties": {
        "name": "田野",
        "pref": "宮崎県",
        "municipality": "宮崎市",
        "municipality_code": "45201",
        "urls": [
          "https://www.michi-no-eki.jp/stations/view/1000",
          "http://www.qsr.mlit.go.jp/n-michi/michi_no_eki/kobetu/tano/tano.html",
          "http://www.miyazaki-city.tourism.or.jp/tourism/spot/61.html"
        ]
      }
    },
    {
      "type": "Feature",
      "geometry": {
        "type": "Point",
        "coordinates": [
          131.3405553,
          31.9457372
        ]
      },
      "properties": {
        "name": "高岡",
        "pref": "宮崎県",
        "municipality": "宮崎市",
        "municipality_code": "45201",
        "urls": [
          "https://www.michi-no-eki.jp/stations/view/995",
          "http://www.qsr.mlit.go.jp/n-michi/michi_no_eki/kobetu/takaoka/takaoka.html",
          "http://www.miyazaki-city.tourism.or.jp/tourism/spot/55.html"
        ]
      }
    },
    {
      "type": "Feature",
      "geometry": {
        "type": "Point",
        "coordinates": [
          131.202615,
          31.79442
        ]
      },
      "properties": {
        "name": "山之口",
        "pref": "宮崎県",
        "municipality": "都城市",
        "municipality_code": "45202",
        "urls": [
          "https://www.michi-no-eki.jp/stations/view/998",
          "http://www.qsr.mlit.go.jp/n-michi/michi_no_eki/kobetu/yamanokuchi/yamanokuchi.html",
          "http://www.btvm.ne.jp/~yama-269/"
        ]
      }
    },
    {
      "type": "Feature",
      "geometry": {
        "type": "Point",
        "coordinates": [
          131.0951485,
          31.7686702
        ]
      },
      "properties": {
        "name": "都城",
        "pref": "宮崎県",
        "municipality": "都城市",
        "municipality_code": "45202",
        "urls": [
          "https://www.michi-no-eki.jp/stations/view/1003",
          "http://www.qsr.mlit.go.jp/n-michi/michi_no_eki/kobetu/miyakonojyo/miyakonojyo.html",
          "http://www.jibasen.com/news.html"
        ]
      }
    },
    {
      "type": "Feature",
      "geometry": {
        "type": "Point",
        "coordinates": [
          131.7045941,
          32.6660363
        ]
      },
      "properties": {
        "name": "北川はゆま",
        "pref": "宮崎県",
        "municipality": "延岡市",
        "municipality_code": "45203",
        "urls": [
          "https://www.michi-no-eki.jp/stations/view/996",
          "http://www.qsr.mlit.go.jp/n-michi/michi_no_eki/kobetu/kitagawa/kitagawa.html",
          "http://www.kitagawa-hayuma.jp/"
        ]
      }
    },
    {
      "type": "Feature",
      "geometry": {
        "type": "Point",
        "coordinates": [
          131.49193,
          32.595757
        ]
      },
      "properties": {
        "name": "北方よっちみろ屋",
        "pref": "宮崎県",
        "municipality": "延岡市",
        "municipality_code": "45203",
        "urls": [
          "https://www.michi-no-eki.jp/stations/view/1011",
          "http://www.qsr.mlit.go.jp/n-michi/michi_no_eki/kobetu/kitakatayochimiroya/kitakatayocchimiroya.html",
          "http://www.yottimiroya.com/"
        ]
      }
    },
    {
      "type": "Feature",
      "geometry": {
        "type": "Point",
        "coordinates": [
          131.8009041,
          32.68479224
        ]
      },
      "properties": {
        "name": "北浦",
        "pref": "宮崎県",
        "municipality": "延岡市",
        "municipality_code": "45203",
        "urls": [
          "https://www.michi-no-eki.jp/stations/view/999",
          "http://www.qsr.mlit.go.jp/n-michi/michi_no_eki/kobetu/kitaura/kitaura.html",
          "http://michinoeki-kitaura.com/cms/"
        ]
      }
    },
    {
      "type": "Feature",
      "geometry": {
        "type": "Point",
        "coordinates": [
          131.37893236128008,
          31.50305750451858
        ]
      },
      "properties": {
        "name": "なんごう",
        "pref": "宮崎県",
        "municipality": "日南市",
        "municipality_code": "45204",
        "urls": [
          "https://www.michi-no-eki.jp/stations/view/1005",
          "http://www.qsr.mlit.go.jp/n-michi/michi_no_eki/kobetu/nango/nango.html",
          "http://www.michinoeki-nango.jp/nango"
        ]
      }
    },
    {
      "type": "Feature",
      "geometry": {
        "type": "Point",
        "coordinates": [
          131.2662425,
          31.64171361
        ]
      },
      "properties": {
        "name": "酒谷",
        "pref": "宮崎県",
        "municipality": "日南市",
        "municipality_code": "45204",
        "urls": [
          "https://www.michi-no-eki.jp/stations/view/1001",
          "http://www.qsr.mlit.go.jp/n-michi/michi_no_eki/kobetu/sakatani/sakatani.html",
          "http://michinoeki-sakatani.com/"
        ]
      }
    },
    {
      "type": "Feature",
      "geometry": {
        "type": "Point",
        "coordinates": [
          131.0822805,
          31.9643837
        ]
      },
      "properties": {
        "name": "ゆ〜ぱるのじり",
        "pref": "宮崎県",
        "municipality": "小林市",
        "municipality_code": "45205",
        "urls": [
          "https://www.michi-no-eki.jp/stations/view/1004",
          "http://www.qsr.mlit.go.jp/n-michi/michi_no_eki/kobetu/yuparu/yuparu.html",
          "http://www.hermec.co.jp/yuparunojiri/"
        ]
      }
    },
    {
      "type": "Feature",
      "geometry": {
        "type": "Point",
        "coordinates": [
          131.5135813,
          32.3913691
        ]
      },
      "properties": {
        "name": "とうごう",
        "pref": "宮崎県",
        "municipality": "日向市",
        "municipality_code": "45206",
        "urls": [
          "https://www.michi-no-eki.jp/stations/view/1002",
          "http://www.qsr.mlit.go.jp/n-michi/michi_no_eki/kobetu/togo/togo.html",
          "http://www.michinoeki-tougou.jp/"
        ]
      }
    },
    {
      "type": "Feature",
      "geometry": {
        "type": "Point",
        "coordinates": [
          131.6240436,
          32.3433606
        ]
      },
      "properties": {
        "name": "日向",
        "pref": "宮崎県",
        "municipality": "日向市",
        "municipality_code": "45206",
        "urls": [
          "https://www.michi-no-eki.jp/stations/view/1006",
          "http://www.qsr.mlit.go.jp/n-michi/michi_no_eki/kobetu/hyuga/hyuga.html",
          "https://www.hyugacity.jp/display.php?cont=140317091117"
        ]
      }
    },
    {
      "type": "Feature",
      "geometry": {
        "type": "Point",
        "coordinates": [
          130.8055977,
          32.05018155
        ]
      },
      "properties": {
        "name": "えびの",
        "pref": "宮崎県",
        "municipality": "えびの市",
        "municipality_code": "45209",
        "urls": [
          "https://www.michi-no-eki.jp/stations/view/1010",
          "http://www.qsr.mlit.go.jp/n-michi/michi_no_eki/kobetu/ebino/ebino.html",
          "http://michinoeki-ebino.com/"
        ]
      }
    },
    {
      "type": "Feature",
      "geometry": {
        "type": "Point",
        "coordinates": [
          131.5580347,
          32.2603007
        ]
      },
      "properties": {
        "name": "つの",
        "pref": "宮崎県",
        "municipality": "児湯郡都農町",
        "municipality_code": "45406",
        "urls": [
          "https://www.michi-no-eki.jp/stations/view/1009",
          "http://www.qsr.mlit.go.jp/n-michi/michi_no_eki/kobetu/tuno/tuno.html",
          "http://michinoeki-tsuno.com/"
        ]
      }
    },
    {
      "type": "Feature",
      "geometry": {
        "type": "Point",
        "coordinates": [
          131.3004346,
          32.7084429
        ]
      },
      "properties": {
        "name": "高千穂",
        "pref": "宮崎県",
        "municipality": "西臼杵郡高千穂町",
        "municipality_code": "45441",
        "urls": [
          "https://www.michi-no-eki.jp/stations/view/1007",
          "http://www.qsr.mlit.go.jp/n-michi/michi_no_eki/kobetu/takachiho/takachiho.html",
          "http://www.town-takachiho.jp/industry/agriculture/post_34.html"
        ]
      }
    },
    {
      "type": "Feature",
      "geometry": {
        "type": "Point",
        "coordinates": [
          131.3884957,
          32.6606405
        ]
      },
      "properties": {
        "name": "青雲橋",
        "pref": "宮崎県",
        "municipality": "西臼杵郡日之影町",
        "municipality_code": "45442",
        "urls": [
          "https://www.michi-no-eki.jp/stations/view/997",
          "http://www.qsr.mlit.go.jp/n-michi/michi_no_eki/kobetu/seiunbashi/seiunbashi.html",
          "http://www.hinokage-kanko.jp/publics/index/64/"
        ]
      }
    },
    {
      "type": "Feature",
      "geometry": {
        "type": "Point",
        "coordinates": [
          130.545172,
          31.378962
        ]
      },
      "properties": {
        "name": "喜入",
        "pref": "鹿児島県",
        "municipality": "鹿児島市",
        "municipality_code": "46201",
        "urls": [
          "https://www.michi-no-eki.jp/stations/view/1012",
          "http://www.qsr.mlit.go.jp/n-michi/michi_no_eki/kobetu/kiire/kiire.html",
          "http://www.michinoeki-kiire.jp/"
        ]
      }
    },
    {
      "type": "Feature",
      "geometry": {
        "type": "Point",
        "coordinates": [
          130.5988039,
          31.5893744
        ]
      },
      "properties": {
        "name": "桜島",
        "pref": "鹿児島県",
        "municipality": "鹿児島市",
        "municipality_code": "46201",
        "urls": [
          "https://www.michi-no-eki.jp/stations/view/1022",
          "http://www.qsr.mlit.go.jp/n-michi/michi_no_eki/kobetu/sakurajima/sakurajima.html",
          "http://www.megumikan.jp/"
        ]
      }
    },
    {
      "type": "Feature",
      "geometry": {
        "type": "Point",
        "coordinates": [
          130.2164754,
          31.9459201
        ]
      },
      "properties": {
        "name": "阿久根",
        "pref": "鹿児島県",
        "municipality": "阿久根市",
        "municipality_code": "46206",
        "urls": [
          "https://www.michi-no-eki.jp/stations/view/1016",
          "http://www.qsr.mlit.go.jp/n-michi/michi_no_eki/kobetu/akune/akune.html",
          "http://www.machidukuri-akune.or.jp/"
        ]
      }
    },
    {
      "type": "Feature",
      "geometry": {
        "type": "Point",
        "coordinates": [
          130.5900439,
          31.3022146
        ]
      },
      "properties": {
        "name": "いぶすき",
        "pref": "鹿児島県",
        "municipality": "指宿市",
        "municipality_code": "46210",
        "urls": [
          "https://www.michi-no-eki.jp/stations/view/1026",
          "http://www.qsr.mlit.go.jp/n-michi/michi_no_eki/kobetu/ibusuki/ibusuki.html",
          "http://ibusuki-sakanakan.com/"
        ]
      }
    },
    {
      "type": "Feature",
      "geometry": {
        "type": "Point",
        "coordinates": [
          130.6349136,
          31.2030165
        ]
      },
      "properties": {
        "name": "山川港活お海道",
        "pref": "鹿児島県",
        "municipality": "指宿市",
        "municipality_code": "46210",
        "urls": [
          "https://www.michi-no-eki.jp/stations/view/1030",
          "http://www.qsr.mlit.go.jp/n-michi/michi_no_eki/kobetu/iokaidou/iokaidou.html",
          "http://io-kaido.com/"
        ]
      }
    },
    {
      "type": "Feature",
      "geometry": {
        "type": "Point",
        "coordinates": [
          130.7445649,
          31.5587885
        ]
      },
      "properties": {
        "name": "たるみず",
        "pref": "鹿児島県",
        "municipality": "垂水市",
        "municipality_code": "46214",
        "urls": [
          "https://www.michi-no-eki.jp/stations/view/1027",
          "http://www.qsr.mlit.go.jp/n-michi/michi_no_eki/kobetu/tarumizu/tarumizu.html",
          "http://eki-tarumizu.com/"
        ]
      }
    },
    {
      "type": "Feature",
      "geometry": {
        "type": "Point",
        "coordinates": [
          130.6980572220001,
          31.468612500000038
        ]
      },
      "properties": {
        "name": "たるみずはまびら",
        "pref": "鹿児島県",
        "municipality": "垂水市",
        "municipality_code": "46214",
        "urls": [
          "https://www.michi-no-eki.jp/stations/view/14191",
          "http://tarumizuhamabira.jp/"
        ]
      }
    },
    {
      "type": "Feature",
      "geometry": {
        "type": "Point",
        "coordinates": [
          130.4073678,
          31.7964457
        ]
      },
      "properties": {
        "name": "樋脇",
        "pref": "鹿児島県",
        "municipality": "薩摩川内市",
        "municipality_code": "46215",
        "urls": [
          "https://www.michi-no-eki.jp/stations/view/1014",
          "http://www.qsr.mlit.go.jp/n-michi/michi_no_eki/kobetu/hiwaki/hiwaki.html",
          "http://www.kagoshima-kankou.com/guide/10426/"
        ]
      }
    },
    {
      "type": "Feature",
      "geometry": {
        "type": "Point",
        "coordinates": [
          130.991067,
          31.5931188
        ]
      },
      "properties": {
        "name": "おおすみ弥五郎伝説の里",
        "pref": "鹿児島県",
        "municipality": "曽於市",
        "municipality_code": "46217",
        "urls": [
          "https://www.michi-no-eki.jp/stations/view/1024",
          "http://www.qsr.mlit.go.jp/n-michi/michi_no_eki/kobetu/osumi/osumi.html",
          "http://www.nodoka-1.jp"
        ]
      }
    },
    {
      "type": "Feature",
      "geometry": {
        "type": "Point",
        "coordinates": [
          130.9703435,
          31.6883335
        ]
      },
      "properties": {
        "name": "すえよし",
        "pref": "鹿児島県",
        "municipality": "曽於市",
        "municipality_code": "46217",
        "urls": [
          "https://www.michi-no-eki.jp/stations/view/1028",
          "http://www.qsr.mlit.go.jp/n-michi/michi_no_eki/kobetu/sueyosi/sueyosi.html",
          "http://mecena-sueyoshi.com/michi-sueyoshi/"
        ]
      }
    },
    {
      "type": "Feature",
      "geometry": {
        "type": "Point",
        "coordinates": [
          130.9987033,
          31.7287045
        ]
      },
      "properties": {
        "name": "たからべ",
        "pref": "鹿児島県",
        "municipality": "曽於市",
        "municipality_code": "46217",
        "urls": [
          "https://www.michi-no-eki.jp/stations/view/1025",
          "http://www.qsr.mlit.go.jp/n-michi/michi_no_eki/kobetu/takarabe/takarabe.html",
          "http://mecena-sueyoshi.com/michi-takarabe/"
        ]
      }
    },
    {
      "type": "Feature",
      "geometry": {
        "type": "Point",
        "coordinates": [
          130.851291496017,
          31.8632418574195
        ]
      },
      "properties": {
        "name": "霧島",
        "pref": "鹿児島県",
        "municipality": "霧島市",
        "municipality_code": "46218",
        "urls": [
          "https://www.michi-no-eki.jp/stations/view/1013",
          "http://www.qsr.mlit.go.jp/n-michi/michi_no_eki/kobetu/kirishima/kirishima.html",
          "http://www.shinwanosato.jp/"
        ]
      }
    },
    {
      "type": "Feature",
      "geometry": {
        "type": "Point",
        "coordinates": [
          130.3455615,
          31.4654251
        ]
      },
      "properties": {
        "name": "きんぽう木花館",
        "pref": "鹿児島県",
        "municipality": "南さつま市",
        "municipality_code": "46220",
        "urls": [
          "https://www.michi-no-eki.jp/stations/view/1023",
          "http://www.qsr.mlit.go.jp/n-michi/michi_no_eki/kobetu/kinpo/kinpo.html",
          "http://www5.synapse.ne.jp/konohanakan/"
        ]
      }
    },
    {
      "type": "Feature",
      "geometry": {
        "type": "Point",
        "coordinates": [
          131.0424142,
          31.5815885
        ]
      },
      "properties": {
        "name": "松山",
        "pref": "鹿児島県",
        "municipality": "志布志市",
        "municipality_code": "46221",
        "urls": [
          "https://www.michi-no-eki.jp/stations/view/1015",
          "http://www.qsr.mlit.go.jp/n-michi/michi_no_eki/kobetu/matsuyama/matsuyama.html",
          "http://michinoeki-matsuyama.com/"
        ]
      }
    },
    {
      "type": "Feature",
      "geometry": {
        "type": "Point",
        "coordinates": [
          129.4088365,
          28.25964435
        ]
      },
      "properties": {
        "name": "奄美大島住用",
        "pref": "鹿児島県",
        "municipality": "奄美市",
        "municipality_code": "46222",
        "urls": [
          "https://www.michi-no-eki.jp/stations/view/1021",
          "http://www.qsr.mlit.go.jp/n-michi/michi_no_eki/kobetu/amami/amami.html",
          "http://www.mangrovepark.com/"
        ]
      }
    },
    {
      "type": "Feature",
      "geometry": {
        "type": "Point",
        "coordinates": [
          130.4328971,
          31.4127345
        ]
      },
      "properties": {
        "name": "川辺やすらぎの郷",
        "pref": "鹿児島県",
        "municipality": "南九州市",
        "municipality_code": "46223",
        "urls": [
          "https://www.michi-no-eki.jp/stations/view/1020",
          "http://www.qsr.mlit.go.jp/n-michi/michi_no_eki/kobetu/kawanabe/kawanabe.html",
          "http://www.yasuraginosato.com/"
        ]
      }
    },
    {
      "type": "Feature",
      "geometry": {
        "type": "Point",
        "coordinates": [
          130.1092388,
          32.1616955
        ]
      },
      "properties": {
        "name": "長島",
        "pref": "鹿児島県",
        "municipality": "出水郡長島町",
        "municipality_code": "46404",
        "urls": [
          "https://www.michi-no-eki.jp/stations/view/1017",
          "http://www.qsr.mlit.go.jp/n-michi/michi_no_eki/kobetu/nagashima/nagashima.html",
          "http://nagashimabussan.ec-net.jp/custom.html"
        ]
      }
    },
    {
      "type": "Feature",
      "geometry": {
        "type": "Point",
        "coordinates": [
          130.1709191,
          32.1082779
        ]
      },
      "properties": {
        "name": "黒之瀬戸だんだん市場",
        "pref": "鹿児島県",
        "municipality": "出水郡長島町",
        "municipality_code": "46404",
        "urls": [
          "https://www.michi-no-eki.jp/stations/view/1029",
          "http://www.qsr.mlit.go.jp/n-michi/michi_no_eki/kobetu/kuronoseto/kuronoseto.html",
          "http://www.kagoshima-kankou.com/guide/13206/"
        ]
      }
    },
    {
      "type": "Feature",
      "geometry": {
        "type": "Point",
        "coordinates": [
          131.0307584,
          31.43781975
        ]
      },
      "properties": {
        "name": "くにの松原おおさき",
        "pref": "鹿児島県",
        "municipality": "曽於郡大崎町",
        "municipality_code": "46468",
        "urls": [
          "https://www.michi-no-eki.jp/stations/view/1018",
          "http://www.qsr.mlit.go.jp/n-michi/michi_no_eki/kobetu/osaki/osaki.html",
          "http://www.asuparu.jp/"
        ]
      }
    },
    {
      "type": "Feature",
      "geometry": {
        "type": "Point",
        "coordinates": [
          130.9242,
          31.50002
        ]
      },
      "properties": {
        "name": "野方あらさの",
        "pref": "鹿児島県",
        "municipality": "曽於郡大崎町",
        "municipality_code": "46468",
        "urls": [
          "https://www.michi-no-eki.jp/stations/view/1032",
          "http://www.qsr.mlit.go.jp/n-michi/michi_no_eki/kobetu/nokataarasano/nokataarasano.html"
        ]
      }
    },
    {
      "type": "Feature",
      "geometry": {
        "type": "Point",
        "coordinates": [
          130.79243728518,
          31.2736586432512
        ]
      },
      "properties": {
        "name": "錦江にしきの里",
        "pref": "鹿児島県",
        "municipality": "肝属郡錦江町",
        "municipality_code": "46490",
        "urls": [
          "https://www.michi-no-eki.jp/stations/view/1031",
          "http://www.qsr.mlit.go.jp/n-michi//michi_no_eki/kobetu/kinnkounisikinosato/kinnpounisikinosato.html",
          "http://kinko-nishikinosato.com/"
        ]
      }
    },
    {
      "type": "Feature",
      "geometry": {
        "type": "Point",
        "coordinates": [
          130.7673153,
          31.1855383
        ]
      },
      "properties": {
        "name": "根占",
        "pref": "鹿児島県",
        "municipality": "肝属郡南大隅町",
        "municipality_code": "46491",
        "urls": [
          "https://www.michi-no-eki.jp/stations/view/1019",
          "http://www.qsr.mlit.go.jp/n-michi/michi_no_eki/kobetu/nejime/nejime.html",
          "http://373osumi-skk.com/kankou/shop-mitinoeki/"
        ]
      }
    },
    {
      "type": "Feature",
      "geometry": {
        "type": "Point",
        "coordinates": [
          127.9693201,
          26.55206898
        ]
      },
      "properties": {
        "name": "許田",
        "pref": "沖縄県",
        "municipality": "名護市",
        "municipality_code": "47209",
        "urls": [
          "https://www.michi-no-eki.jp/stations/view/1033",
          "http://www.dc.ogb.go.jp/road/Michi-no-Eki/kyoda.htm",
          "http://www.yanbaru-b.co.jp/"
        ]
      }
    },
    {
      "type": "Feature",
      "geometry": {
        "type": "Point",
        "coordinates": [
          127.661156,
          26.1384965
        ]
      },
      "properties": {
        "name": "いとまん",
        "pref": "沖縄県",
        "municipality": "糸満市",
        "municipality_code": "47210",
        "urls": [
          "https://www.michi-no-eki.jp/stations/view/1039",
          "http://www.dc.ogb.go.jp/road/Michi-no-Eki/itoman.htm",
          "http://www.yukura.jp/"
        ]
      }
    },
    {
      "type": "Feature",
      "geometry": {
        "type": "Point",
        "coordinates": [
          127.6553335,
          26.1576946
        ]
      },
      "properties": {
        "name": "豊崎",
        "pref": "沖縄県",
        "municipality": "豊見城市",
        "municipality_code": "47212",
        "urls": [
          "https://www.michi-no-eki.jp/stations/view/1038",
          "http://www.dc.ogb.go.jp/road/Michi-no-Eki/toyosaki.htm",
          "http://www.city.tomigusuku.okinawa.jp/tourism_culture/140/548"
        ]
      }
    },
    {
      "type": "Feature",
      "geometry": {
        "type": "Point",
        "coordinates": [
          128.1693617,
          26.7319805
        ]
      },
      "properties": {
        "name": "ゆいゆい国頭",
        "pref": "沖縄県",
        "municipality": "国頭郡国頭村",
        "municipality_code": "47301",
        "urls": [
          "https://www.michi-no-eki.jp/stations/view/1035",
          "http://www.dc.ogb.go.jp/road/Michi-no-Eki/kunigami.htm",
          "http://www.yuiyui-k.jp/"
        ]
      }
    },
    {
      "type": "Feature",
      "geometry": {
        "type": "Point",
        "coordinates": [
          128.1081144,
          26.69032089
        ]
      },
      "properties": {
        "name": "おおぎみ",
        "pref": "沖縄県",
        "municipality": "国頭郡大宜味村",
        "municipality_code": "47302",
        "urls": [
          "https://www.michi-no-eki.jp/stations/view/1034",
          "http://www.dc.ogb.go.jp/road/Michi-no-Eki/oogimi.htm"
        ]
      }
    },
    {
      "type": "Feature",
      "geometry": {
        "type": "Point",
        "coordinates": [
          127.952328,
          26.473874
        ]
      },
      "properties": {
        "name": "ぎのざ",
        "pref": "沖縄県",
        "municipality": "国頭郡宜野座村",
        "municipality_code": "47313",
        "urls": [
          "https://www.michi-no-eki.jp/stations/view/1040",
          "http://www.dc.ogb.go.jp/road/Michi-no-Eki/ginoza.htm",
          "http://miraiginoza.co.jp/"
        ]
      }
    },
    {
      "type": "Feature",
      "geometry": {
        "type": "Point",
        "coordinates": [
          127.758204,
          26.3993416
        ]
      },
      "properties": {
        "name": "喜名番所",
        "pref": "沖縄県",
        "municipality": "中頭郡読谷村",
        "municipality_code": "47324",
        "urls": [
          "https://www.michi-no-eki.jp/stations/view/1037",
          "http://www.dc.ogb.go.jp/road/Michi-no-Eki/kinabansyo.html"
        ]
      }
    },
    {
      "type": "Feature",
      "geometry": {
        "type": "Point",
        "coordinates": [
          127.7741485,
          26.3681116
        ]
      },
      "properties": {
        "name": "かでな",
        "pref": "沖縄県",
        "municipality": "中頭郡嘉手納町",
        "municipality_code": "47325",
        "urls": [
          "https://www.michi-no-eki.jp/stations/view/1036",
          "http://www.dc.ogb.go.jp/road/Michi-no-Eki/kadena.htm",
          "http://michinoekikadena.com/"
        ]
      }
    }
  ]
}
