{
  "type": "FeatureCollection",
  "attribution": "出典: 一般社団法人日本RV協会「くるま旅」公式サイト RVパーク一覧を加工して作成 (https://www.kurumatabi.com/rvpark/list.php)",
  "features": [
    {
      "type": "Feature",
      "geometry": {
        "type": "Point",
        "coordinates": [
          136.734327,
          35.040639
        ]
      },
      "properties": {
        "name": "ROSA FIELD",
        "pref": "三重県",
        "address": "三重県桑名市長島町松蔭248",
        "phone": "090-9191-6363",
        "fee": "一般: 電源付きサイト 3,850円 / 一般: 電源無しサイト 3,300円",
        "available_period": "日祝 日祝の前日 春休み GW 夏休み お盆 冬休み 平日 施設により不定期のお休み・休業を設定している場合があります。ご利用可能日は事前に各施設にお問い合わせください。",
        "checkin_checkout": "チェックイン: 11:30 ～ 17:00 / チェックアウト: 9:00 ～ 11:00",
        "vehicle_size": "バスコン キャブコン バンコン 軽キャン 一般車 下記駐車場サイズもご確認ください。 利用可能かどうか判断がつかない場合は、施設までお問い合わせください。",
        "features": [
          "24時間利用OK",
          "温水洗浄便座あり",
          "入浴施設なし",
          "ごみ処理対応可（有料）",
          "電源あり（有料）",
          "発電機利用可(時間指定あり)",
          "水道あり（無料）",
          "コインランドリー・なし",
          "ペットOK",
          "ドッグランあり",
          "WI-FIあり（無料）"
        ],
        "url": "https://www.kurumatabi.com/park/rvpark/1678.html",
        "geocode_source": "auto"
      }
    },
    {
      "type": "Feature",
      "geometry": {
        "type": "Point",
        "coordinates": [
          136.87,
          34.33
        ]
      },
      "properties": {
        "name": "RVパーク COZY FIELD 国府白浜",
        "pref": "三重県",
        "address": "三重県志摩市阿児町国府2735-1",
        "phone": "09078717157",
        "fee": "一般: ２０A電源付きドッグランサイト A-1 6,600円 / 一般: ２０A電源付きサイト B-1 C-1 5,000円 / 一般: ２０A電源付きロングサイト D-1 5,500円",
        "available_period": "通年 施設により不定期のお休み・休業を設定している場合があります。ご利用可能日は事前に各施設にお問い合わせください。",
        "checkin_checkout": "チェックイン: 14:00 ～ 18:00 / チェックアウト: 6:00 ～ 12:00",
        "vehicle_size": "フルコン セミフルコン バスコン キャブコン バンコン トレーラー 軽キャン 一般車 その他 下記駐車場サイズもご確認ください。 利用可能かどうか判断がつかない場合は、施設までお問い合わせください。",
        "features": [
          "24時間利用OK",
          "温水洗浄便座あり",
          "入浴施設あり（施設内）",
          "湯沸かし浴槽あり",
          "ごみ処理対応可（有料）",
          "電源あり（無料）",
          "発電機・不可",
          "水道あり（無料）",
          "炊事場あり",
          "コインランドリー・なし",
          "ペットOK",
          "ドッグランあり",
          "WI-FIあり（無料）",
          "旅館・ホテルの食事：朝食・不可",
          "旅館・ホテルの食事：夕食・不可",
          "旅館・ホテルの宿泊予約・不可"
        ],
        "url": "https://www.kurumatabi.com/park/rvpark/1754.html",
        "geocode_source": "auto"
      }
    },
    {
      "type": "Feature",
      "geometry": {
        "type": "Point",
        "coordinates": [
          136.172787,
          34.833444
        ]
      },
      "properties": {
        "name": "RVパーク MORIMORI PARK 伊賀",
        "pref": "三重県",
        "address": "三重県伊賀市千貝90",
        "phone": "0595-51-8228",
        "fee": "一般: ソロのお客様 1泊 1台1区画につき（電源付き） 4,500円〜 / 一般: ソロ以外のお客様 1泊 1台1区画につき（電源付き） 5,500円〜",
        "available_period": "通年 施設により不定期のお休み・休業を設定している場合があります。ご利用可能日は事前に各施設にお問い合わせください。",
        "checkin_checkout": "チェックイン: 15:00 ～ 20:00 / チェックアウト: 特になし ～ 11:00",
        "vehicle_size": "バスコン キャブコン バンコン 軽キャン 一般車 下記駐車場サイズもご確認ください。 利用可能かどうか判断がつかない場合は、施設までお問い合わせください。",
        "features": [
          "24時間利用OK",
          "温水洗浄便座あり",
          "入浴施設あり（施設内）",
          "シャワーあり",
          "ごみ処理対応可（無料）",
          "電源あり（無料）",
          "発電機・不可",
          "水道あり（無料）",
          "炊事場あり",
          "コインランドリー・なし",
          "ペットOK",
          "ドッグランなし",
          "WI-FIあり（無料）"
        ],
        "url": "https://www.kurumatabi.com/park/rvpark/1197.html",
        "geocode_source": "auto"
      }
    },
    {
      "type": "Feature",
      "geometry": {
        "type": "Point",
        "coordinates": [
          136.517319,
          34.457761
        ]
      },
      "properties": {
        "name": "RVパーク VISON",
        "pref": "三重県",
        "address": "三重県多気郡多気町ヴィソン672番1本草1",
        "phone": "080-4442-7646",
        "fee": "一般: フリーサイト 3,500円〜6,000円 / 一般: オープンサイト 4,500円〜7,000円 / 一般: プライベートサイト 7,000円〜12,000円 / スタンダード会員: フリーサイト 3,500円〜6,000円 / スタンダード会員: オープンサイト 4,500円〜7,000円 / スタンダード会員: プライベートサイト 7,000円〜12,000円 / プレミアム会員: フリーサイト 3,500円〜6,000円 / プレミアム会員: オープンサイト 4,500円〜7,000円 / プレミアム会員: プライベートサイト 7,000円〜12,000円",
        "available_period": "通年 日祝 日祝の前日 春休み GW 夏休み お盆 冬休み 年末年始 平日 年中無休 施設により不定期のお休み・休業を設定している場合があります。ご利用可能日は事前に各施設にお問い合わせください。",
        "checkin_checkout": "チェックイン: 14:00 ～ 23:00 / チェックアウト: 特になし ～ 11:00",
        "vehicle_size": "フルコン セミフルコン バスコン キャブコン バンコン トレーラー 軽キャン 一般車 下記駐車場サイズもご確認ください。 利用可能かどうか判断がつかない場合は、施設までお問い合わせください。",
        "features": [
          "24時間利用OK",
          "温水洗浄便座あり",
          "入浴施設あり（施設内）",
          "湯沸かし浴槽あり",
          "ブラック・グレーOK",
          "ごみ処理対応可（有料）",
          "電源あり（無料）",
          "発電機利用可(時間指定あり)",
          "水道あり（無料）",
          "炊事場あり",
          "コインランドリー・なし",
          "ペットOK",
          "ドッグランあり",
          "WI-FIあり（無料）",
          "朝食予約OK",
          "夕食予約OK",
          "宿泊予約OK"
        ],
        "url": "https://www.kurumatabi.com/park/rvpark/1325.html",
        "geocode_source": "auto"
      }
    },
    {
      "type": "Feature",
      "geometry": {
        "type": "Point",
        "coordinates": [
          136.145224,
          34.864777
        ]
      },
      "properties": {
        "name": "RVパーク たそがれテラスの森と風",
        "pref": "三重県",
        "address": "三重県伊賀市槙山",
        "phone": "07042924464",
        "fee": "一般: 1泊1台につき 3,000円 / スタンダード会員: 電源追加 5A 500円 / プレミアム会員: 電源追加 15A 1,500円",
        "available_period": "通年 施設により不定期のお休み・休業を設定している場合があります。ご利用可能日は事前に各施設にお問い合わせください。",
        "checkin_checkout": "チェックイン: 13:00 ～ 17:00 / チェックアウト: 7:00 ～ 12:00",
        "vehicle_size": "キャブコン バンコン 軽キャン 一般車 下記駐車場サイズもご確認ください。 利用可能かどうか判断がつかない場合は、施設までお問い合わせください。",
        "features": [
          "24時間利用OK",
          "温水洗浄便座あり",
          "入浴施設あり（車移動あり）",
          "温泉あり",
          "ダンプステーション・なし",
          "ごみ処理対応可（有料）",
          "電源あり（有料）",
          "発電機・不可",
          "水道あり（無料）",
          "炊事場あり",
          "コインランドリー・なし",
          "ペット・不可",
          "WI-FIあり（無料）",
          "旅館・ホテルの食事：朝食・不可",
          "旅館・ホテルの食事：夕食・不可",
          "旅館・ホテルの宿泊予約・不可"
        ],
        "url": "https://www.kurumatabi.com/park/rvpark/1628.html",
        "geocode_source": "auto"
      }
    },
    {
      "type": "Feature",
      "geometry": {
        "type": "Point",
        "coordinates": [
          136.334637,
          34.683025
        ]
      },
      "properties": {
        "name": "RVパーク オートパークガーデン白山",
        "pref": "三重県",
        "address": "三重県津市白山町佐田2745-1",
        "phone": "090-2513-1515",
        "fee": "■S区画 2サイト 8,000円 130平米 ■A区画 22サイト 7,000円 90～100平米 うち6サイト 11m×9m 16サイト 9.5m×9.5m ■【電源無し】B区画 全面芝生サイト 乗り入れ可能 6,000円 95～110平米 12サイト 11.0m×8.6m 電源利用料については、 電源の有無 の項目をご確認ください。 最新の料金は直接施設へ事前確認をお願いします。",
        "available_period": "通年 火曜日、水曜日が定休日 年末年始、お盆、GWは営業します。 施設により不定期のお休み・休業を設定している場合があります。ご利用可能日は事前に各施設にお問い合わせください。",
        "checkin_checkout": "チェックイン: 13:00 ～ 20:00 / チェックアウト: 特になし ～ 11:00",
        "vehicle_size": "フルコン セミフルコン バスコン キャブコン バンコン トレーラー 軽キャン 一般車",
        "features": [
          "24時間利用OK",
          "温水洗浄便座あり",
          "入浴施設あり（施設内）",
          "シャワーあり",
          "ごみ処理対応可（無料）",
          "電源あり（無料）",
          "発電機・不可",
          "水道あり（無料）",
          "炊事場あり",
          "ペットOK",
          "ドッグランあり",
          "WI-FIあり（無料）"
        ],
        "url": "https://www.kurumatabi.com/park/rvpark/1613.html",
        "geocode_source": "auto"
      }
    },
    {
      "type": "Feature",
      "geometry": {
        "type": "Point",
        "coordinates": [
          136.675839,
          34.536607
        ]
      },
      "properties": {
        "name": "RVパーク 伊勢志摩",
        "pref": "三重県",
        "address": "三重県伊勢市村松町1364-15",
        "phone": "090-1560-5081",
        "fee": "1泊 2,500円／1サイト 電源利用料については、 電源の有無 の項目をご確認ください。 最新の料金は直接施設へ事前確認をお願いします。",
        "available_period": "通年 施設により不定期のお休み・休業を設定している場合があります。ご利用可能日は事前に各施設にお問い合わせください。",
        "checkin_checkout": "チェックイン: 12:00 ～ 22:00 / チェックアウト: 特になし ～ 11:00",
        "vehicle_size": "フルコン セミフルコン バスコン キャブコン バンコン トレーラー 軽キャン 一般車 その他",
        "features": [
          "24時間利用OK",
          "入浴施設あり（車移動あり）",
          "温泉あり",
          "ごみ処理対応現地相談（有料）",
          "電源あり（有料）",
          "発電機・不可",
          "水道あり（無料）",
          "ペットOK"
        ],
        "url": "https://www.kurumatabi.com/park/rvpark/1489.html",
        "geocode_source": "auto"
      }
    },
    {
      "type": "Feature",
      "geometry": {
        "type": "Point",
        "coordinates": [
          136.455809,
          34.947419
        ]
      },
      "properties": {
        "name": "RVパーク 猿田彦BASE",
        "pref": "三重県",
        "address": "三重県鈴鹿市小岐須町2455",
        "phone": "050-3133-1488",
        "fee": "一般: 1泊・1台につき 4,000円 / スタンダード会員: 1泊・1台につき 4,000円 / プレミアム会員: 1泊・1台につき 4,000円",
        "available_period": "日祝 日祝の前日 春休み GW 夏休み お盆 冬休み 平日 チェックインは月曜・火曜お休みとなります。（祝日時営業、代休あり） その他臨時休業の場合もございますので直接のご確認をお願いいたします。 無人チェックイン要相談となります。 施設により不定期のお休み・休業を設定している場合があります。ご利用可能日は事前に各施設にお問い合わせください。",
        "checkin_checkout": "チェックイン: 12:00 ～ 17:00 / チェックアウト: 特になし ～ 11:00",
        "vehicle_size": "フルコン セミフルコン バスコン キャブコン バンコン トレーラー 軽キャン 一般車 その他 下記駐車場サイズもご確認ください。 利用可能かどうか判断がつかない場合は、施設までお問い合わせください。",
        "features": [
          "24時間利用OK",
          "温水洗浄便座あり",
          "入浴施設あり（車移動あり）",
          "温泉あり",
          "ダンプステーション・なし",
          "ごみ処理対応可（有料）",
          "電源あり（有料）",
          "発電機利用可(時間指定あり)",
          "水道あり（無料）",
          "炊事場なし",
          "コインランドリー・なし",
          "ペットOK",
          "ドッグランあり",
          "WI-FIあり（無料）",
          "旅館・ホテルの食事：朝食・不可",
          "夕食予約OK",
          "旅館・ホテルの宿泊予約・不可"
        ],
        "url": "https://www.kurumatabi.com/park/rvpark/1330.html",
        "geocode_source": "auto"
      }
    },
    {
      "type": "Feature",
      "geometry": {
        "type": "Point",
        "coordinates": [
          136.242,
          34.747
        ]
      },
      "properties": {
        "name": "RVパーク 田舎家族たび",
        "pref": "三重県",
        "address": "三重県伊賀市広瀬992",
        "phone": "0595-51-7358",
        "fee": "一般: １台につき1泊 3,300円",
        "available_period": "通年 施設により不定期のお休み・休業を設定している場合があります。ご利用可能日は事前に各施設にお問い合わせください。",
        "checkin_checkout": "チェックイン: 11:00 ～ 17:00 / チェックアウト: 特になし ～ 11:00",
        "vehicle_size": "フルコン セミフルコン バスコン キャブコン バンコン トレーラー 軽キャン 一般車 下記駐車場サイズもご確認ください。 利用可能かどうか判断がつかない場合は、施設までお問い合わせください。",
        "features": [
          "24時間利用OK",
          "温水洗浄便座あり",
          "入浴施設あり（施設内）",
          "シャワーあり",
          "ごみ処理対応可（有料）",
          "電源あり（有料）",
          "発電機利用可(時間指定あり)",
          "水道あり（無料）",
          "炊事場なし",
          "コインランドリー・なし",
          "ペットOK",
          "ドッグランなし",
          "WI-FIあり（有料）",
          "朝食予約OK",
          "夕食予約OK",
          "旅館・ホテルの宿泊予約・不可"
        ],
        "url": "https://www.kurumatabi.com/park/rvpark/1825.html",
        "geocode_source": "auto"
      }
    },
    {
      "type": "Feature",
      "geometry": {
        "type": "Point",
        "coordinates": [
          136.331833,
          34.427656
        ]
      },
      "properties": {
        "name": "RVパーク 道の駅「飯高駅」",
        "pref": "三重県",
        "address": "三重県松阪市飯高町宮前177番地",
        "phone": "0598-46-1111",
        "fee": "一般: 1泊・1台につき 2,500円 / スタンダード会員: 1泊・1台につき 2,500円 / プレミアム会員: 1泊・1台につき 2,500円",
        "available_period": "日祝 日祝の前日 春休み GW 夏休み お盆 冬休み 平日 6・12月の第2水曜、12/31、1/1は全施設休業の為対応しておりません。 施設により不定期のお休み・休業を設定している場合があります。ご利用可能日は事前に各施設にお問い合わせください。",
        "checkin_checkout": "チェックイン: 11:00 ～ 23:30 / チェックアウト: 特になし ～ 10:00",
        "vehicle_size": "キャブコン バンコン 軽キャン 一般車 その他 下記駐車場サイズもご確認ください。 利用可能かどうか判断がつかない場合は、施設までお問い合わせください。",
        "features": [
          "24時間利用OK",
          "特に機能なし",
          "入浴施設あり（施設内）",
          "温泉あり",
          "ダンプステーション・なし",
          "ごみ処理対応可（無料）",
          "電源あり（有料）",
          "発電機・不可",
          "水道あり（無料）",
          "炊事場なし",
          "コインランドリー・なし",
          "ペットOK",
          "ドッグランあり",
          "WI-FIの利用・なし",
          "朝食予約OK",
          "夕食予約OK",
          "旅館・ホテルの宿泊予約・不可"
        ],
        "url": "https://www.kurumatabi.com/park/rvpark/1170.html",
        "geocode_source": "auto"
      }
    },
    {
      "type": "Feature",
      "geometry": {
        "type": "Point",
        "coordinates": [
          136.869694,
          34.370553
        ]
      },
      "properties": {
        "name": "RVパーク 里創人倶楽部伊勢志摩",
        "pref": "三重県",
        "address": "三重県志摩市磯部町的矢314",
        "phone": "0599-57-2130",
        "fee": "1泊2食付き 1名利用時 ＠19,000円～ 2名利用時 ＠16,500円～ 3名利用時 ＠16,000円～ 4名利用時 ＠15,500円～ 電源利用料については、 電源の有無 の項目をご確認ください。 最新の料金は直接施設へ事前確認をお願いします。",
        "available_period": "通年 ホテルのため、基本は平日・閑散期のご利用となります。 施設により不定期のお休み・休業を設定している場合があります。ご利用可能日は事前に各施設にお問い合わせください。",
        "checkin_checkout": "チェックイン: 15:00 ～ 18:00 / チェックアウト: 6:00 ～ 10:00",
        "vehicle_size": "バスコン キャブコン バンコン 軽キャン 一般車 下記駐車場サイズもご確認ください。 利用可能かどうか判断がつかない場合は、施設までお問い合わせください。",
        "features": [
          "24時間利用OK",
          "入浴施設あり（施設内）",
          "温泉あり",
          "ごみ処理対応可（無料）",
          "電源あり（無料）",
          "発電機・不可",
          "水道あり（無料）",
          "ペットOK"
        ],
        "url": "https://www.kurumatabi.com/park/rvpark/1644.html",
        "geocode_source": "auto"
      }
    },
    {
      "type": "Feature",
      "geometry": {
        "type": "Point",
        "coordinates": [
          136.146407,
          34.746767
        ]
      },
      "properties": {
        "name": "RVパークAdoの森",
        "pref": "三重県",
        "address": "三重県伊賀市四十九町2626-9",
        "phone": "090-1822-8185",
        "fee": "一般: 1泊/1台 2,750円 / スタンダード会員: 1泊/1台 2,200円 / プレミアム会員: 1泊/1台 2,200円",
        "available_period": "日祝 日祝の前日 春休み GW 夏休み お盆 冬休み 平日 不定期で、休業 施設により不定期のお休み・休業を設定している場合があります。ご利用可能日は事前に各施設にお問い合わせください。",
        "checkin_checkout": "チェックイン: 13:00 ～ 18:00 / チェックアウト: 特になし ～ 12:00",
        "vehicle_size": "バスコン キャブコン バンコン 軽キャン 一般車 下記駐車場サイズもご確認ください。 利用可能かどうか判断がつかない場合は、施設までお問い合わせください。",
        "features": [
          "24時間利用OK",
          "温水洗浄便座あり",
          "入浴施設あり（車移動あり）",
          "温泉あり",
          "ダンプステーション・なし",
          "ごみ処理対応可（有料）",
          "電源あり（有料）",
          "発電機・不可",
          "水道あり（無料）",
          "炊事場なし",
          "コインランドリー・なし",
          "ペットOK",
          "WI-FIあり（無料）",
          "旅館・ホテルの食事：朝食・不可",
          "旅館・ホテルの食事：夕食・不可",
          "宿泊予約OK"
        ],
        "url": "https://www.kurumatabi.com/park/rvpark/1029.html",
        "geocode_source": "auto"
      }
    },
    {
      "type": "Feature",
      "geometry": {
        "type": "Point",
        "coordinates": [
          136.522605,
          34.675784
        ]
      },
      "properties": {
        "name": "RVパークEnjoy",
        "pref": "三重県",
        "address": "三重県津市高茶屋小森町2874-3",
        "phone": "059-234-1937",
        "fee": "電源付 １０ｍ×８ｍ ４０００円/1泊（トレーラー含む）×３ 電源付 ６ｍ×８ｍ ３５００円/1泊（トレーラー含む）×１ 電源なし ６ｍ×８ｍ ３０００円/1泊（トレーラー含む）×２ 電源付 ３ｍ×８ｍ ２５００円/1泊（トレーラー不可）×１ 電源なし ３ｍ×８ｍ ２０００円/1泊（トレーラー不可）×２ 電源利用料については、 電源の有無 の項目をご確認ください。 最新の料金は直接施設へ事前確認をお願いします。",
        "available_period": "通年 日祝 日祝の前日 春休み GW 夏休み お盆 冬休み 年末年始 平日 施設により不定期のお休み・休業を設定している場合があります。ご利用可能日は事前に各施設にお問い合わせください。",
        "checkin_checkout": "チェックイン: 12:00 ～ 22:00 / チェックアウト: 特になし ～ 11:30",
        "vehicle_size": "フルコン セミフルコン バスコン キャブコン バンコン トレーラー 軽キャン 一般車 下記駐車場サイズもご確認ください。 利用可能かどうか判断がつかない場合は、施設までお問い合わせください。",
        "features": [
          "24時間利用OK",
          "温水洗浄便座あり",
          "入浴施設あり（車移動あり）",
          "温泉あり",
          "ダンプステーション・なし",
          "ごみ処理対応可（無料）",
          "電源あり（無料）",
          "発電機利用可(時間指定あり)",
          "水道あり（無料）",
          "炊事場なし",
          "コインランドリー・なし",
          "ペットOK",
          "ドッグランなし",
          "WI-FIあり（無料）",
          "旅館・ホテルの食事：朝食・不可",
          "旅館・ホテルの食事：夕食・不可",
          "旅館・ホテルの宿泊予約・不可"
        ],
        "url": "https://www.kurumatabi.com/park/rvpark/1804.html",
        "geocode_source": "auto"
      }
    },
    {
      "type": "Feature",
      "geometry": {
        "type": "Point",
        "coordinates": [
          136.473452,
          35.011824
        ]
      },
      "properties": {
        "name": "RVパークsmart 湯の山温泉",
        "pref": "三重県",
        "address": "三重県三重郡菰野町菰野字募4852-2",
        "phone": "092-433-7370",
        "fee": "一般: 1泊/1台 3,500円",
        "available_period": "通年 日祝 日祝の前日 春休み GW 夏休み お盆 冬休み 年末年始 平日 施設により不定期のお休み・休業を設定している場合があります。ご利用可能日は事前に各施設にお問い合わせください。",
        "checkin_checkout": "チェックイン: 14:00 ～ 特になし / チェックアウト: 特になし ～ 10:00",
        "vehicle_size": "キャブコン バンコン 軽キャン 一般車 下記駐車場サイズもご確認ください。 利用可能かどうか判断がつかない場合は、施設までお問い合わせください。",
        "features": [
          "24時間利用OK",
          "入浴施設あり（車移動あり）",
          "温泉あり",
          "ゴミ処理対応・不可",
          "電源あり（無料）",
          "発電機・不可",
          "水道・なし",
          "ペットOK",
          "WI-FIの利用・なし"
        ],
        "url": "https://www.kurumatabi.com/park/rvpark/1058.html",
        "geocode_source": "auto"
      }
    },
    {
      "type": "Feature",
      "geometry": {
        "type": "Point",
        "coordinates": [
          136.256939,
          34.59481
        ]
      },
      "properties": {
        "name": "RVパーク　メナード青山リゾート",
        "pref": "三重県",
        "address": "三重県伊賀市霧生2356",
        "phone": "0595-54-1326",
        "fee": "一般: １泊１台（１名） ※２名様以上の場合、１名追加につき+1,500円（子供800円） 3,500円",
        "available_period": "通年 日祝 日祝の前日 春休み GW 夏休み お盆 冬休み 年末年始 平日 積雪の場合、ホテル駐車場に変更をお願いすることがあります。 施設により不定期のお休み・休業を設定している場合があります。ご利用可能日は事前に各施設にお問い合わせください。",
        "checkin_checkout": "チェックイン: 13:00 ～ 21:00 / チェックアウト: 8:00 ～ 11:00",
        "vehicle_size": "キャブコン バンコン 軽キャン 一般車 下記駐車場サイズもご確認ください。 利用可能かどうか判断がつかない場合は、施設までお問い合わせください。",
        "features": [
          "24時間利用OK",
          "温水洗浄便座あり",
          "入浴施設あり（施設内）",
          "温泉あり",
          "ダンプステーション・なし",
          "ごみ処理対応可（無料）",
          "電源あり（無料）",
          "発電機・不可",
          "水道・なし",
          "コインランドリー・なし",
          "ペットOK",
          "WI-FIの利用・なし",
          "朝食予約OK",
          "夕食予約OK",
          "宿泊予約OK"
        ],
        "url": "https://www.kurumatabi.com/park/rvpark/1046.html",
        "geocode_source": "auto"
      }
    },
    {
      "type": "Feature",
      "geometry": {
        "type": "Point",
        "coordinates": [
          136.043653,
          33.804346
        ]
      },
      "properties": {
        "name": "RVパーク　道の駅パーク七里御浜",
        "pref": "三重県",
        "address": "三重県南牟婁郡御浜町阿田和6115-5",
        "phone": "05979-3-0333",
        "fee": "一般: 月、火、水、木宿泊 1 泊 1 台につき 2,300円 / 一般: 金・土・日・祝日宿泊、お盆休み期間、ゴールデンウィーク期間、年末年始 2,800円",
        "available_period": "通年 ８月１７日熊野大花火大会当日は、ご予約を承っておりません。 施設により不定期のお休み・休業を設定している場合があります。ご利用可能日は事前に各施設にお問い合わせください。",
        "checkin_checkout": "チェックイン: 11:00 ～ 17:00 / チェックアウト: 特になし ～ 10:30",
        "vehicle_size": "セミフルコン バスコン キャブコン バンコン トレーラー 軽キャン 一般車 下記駐車場サイズもご確認ください。 利用可能かどうか判断がつかない場合は、施設までお問い合わせください。",
        "features": [
          "24時間利用OK",
          "入浴施設あり（車移動あり）",
          "温泉あり",
          "ダンプステーション・なし",
          "ごみ処理対応可（有料）",
          "電源あり（無料）",
          "発電機・不可",
          "水道・なし",
          "炊事場なし",
          "コインランドリーあり",
          "ペットOK",
          "ドッグランなし",
          "WI-FIの利用・なし",
          "旅館・ホテルの食事：朝食・不可",
          "旅館・ホテルの食事：夕食・不可",
          "旅館・ホテルの宿泊予約・不可"
        ],
        "url": "https://www.kurumatabi.com/park/rvpark/1222.html",
        "geocode_source": "auto"
      }
    },
    {
      "type": "Feature",
      "geometry": {
        "type": "Point",
        "coordinates": [
          136.8518,
          34.479168
        ]
      },
      "properties": {
        "name": "RVパーク　鳥羽シーサイドホテル",
        "pref": "三重県",
        "address": "三重県鳥羽市安楽島町1084",
        "phone": "0599-25-8181",
        "fee": "一般: 1泊・1台につき 3,500円 / スタンダード会員: 1泊・1台につき 3,000円 / プレミアム会員: 1泊・1台につき 3,000円",
        "available_period": "通年 日祝 日祝の前日 春休み GW 夏休み お盆 冬休み 年末年始 平日 年間１２日間程度休館あり 施設により不定期のお休み・休業を設定している場合があります。ご利用可能日は事前に各施設にお問い合わせください。",
        "checkin_checkout": "チェックイン: 15:00 ～ 21:00 / チェックアウト: 7:00 ～ 10:00",
        "vehicle_size": "フルコン セミフルコン バスコン キャブコン バンコン 軽キャン 一般車 下記駐車場サイズもご確認ください。 利用可能かどうか判断がつかない場合は、施設までお問い合わせください。",
        "features": [
          "24時間利用OK",
          "温水洗浄便座あり",
          "入浴施設あり（施設内）",
          "温泉あり",
          "ダンプステーション・なし",
          "ごみ処理対応可（有料）",
          "電源あり（無料）",
          "発電機・不可",
          "水道あり（無料）",
          "炊事場なし",
          "コインランドリーあり",
          "ペットOK",
          "ドッグランなし",
          "WI-FIあり（無料）",
          "朝食予約OK",
          "夕食予約OK",
          "宿泊予約OK"
        ],
        "url": "https://www.kurumatabi.com/park/rvpark/1111.html",
        "geocode_source": "auto"
      }
    },
    {
      "type": "Feature",
      "geometry": {
        "type": "Point",
        "coordinates": [
          136.643822,
          35.059316
        ]
      },
      "properties": {
        "name": "RVパークビーエル桑名",
        "pref": "三重県",
        "address": "三重県桑名市額田317",
        "phone": "0594-23-5593",
        "fee": "一般: 1台・1泊（6m未満） 2,000円〜 / 一般: 1台・1泊（6m以上） 4,000円〜",
        "available_period": "日祝 日祝の前日 春休み GW 夏休み お盆 冬休み 平日 年末年始のみお休みを頂いております。 施設により不定期のお休み・休業を設定している場合があります。ご利用可能日は事前に各施設にお問い合わせください。",
        "checkin_checkout": "チェックイン: 16:00 ～ 20:00 / チェックアウト: 6:00 ～ 10:00",
        "vehicle_size": "フルコン セミフルコン バスコン キャブコン バンコン トレーラー 軽キャン 一般車 下記駐車場サイズもご確認ください。 利用可能かどうか判断がつかない場合は、施設までお問い合わせください。",
        "features": [
          "24時間利用OK",
          "温水洗浄便座あり",
          "入浴施設あり（施設内）",
          "湯沸かし浴槽あり",
          "ダンプステーション・なし",
          "ごみ処理対応可（有料）",
          "電源あり（無料）",
          "発電機・不可",
          "水道あり（無料）",
          "炊事場なし",
          "コインランドリーあり",
          "ペット・不可",
          "WI-FIあり（無料）",
          "旅館・ホテルの食事：朝食・不可",
          "夕食予約OK",
          "宿泊予約OK"
        ],
        "url": "https://www.kurumatabi.com/park/rvpark/817.html",
        "geocode_source": "auto"
      }
    },
    {
      "type": "Feature",
      "geometry": {
        "type": "Point",
        "coordinates": [
          136.738589,
          34.509151
        ]
      },
      "properties": {
        "name": "RVパーク伊勢",
        "pref": "三重県",
        "address": "三重県伊勢市一色町1650",
        "phone": "059-229-8236",
        "fee": "一般: 電源サイト 3,000円〜 / 一般: 電源なしサイト 2,500円〜",
        "available_period": "通年 施設により不定期のお休み・休業を設定している場合があります。ご利用可能日は事前に各施設にお問い合わせください。",
        "checkin_checkout": "チェックイン: 13:00 ～ 17:00 / チェックアウト: 特になし ～ 12:00",
        "vehicle_size": "フルコン セミフルコン バスコン キャブコン バンコン トレーラー 軽キャン 一般車 その他 下記駐車場サイズもご確認ください。 利用可能かどうか判断がつかない場合は、施設までお問い合わせください。",
        "features": [
          "24時間利用OK",
          "温水洗浄便座あり",
          "入浴施設あり（車移動あり）",
          "湯沸かし浴槽あり",
          "ダンプステーション・なし",
          "ごみ処理対応可（無料）",
          "電源あり（有料）",
          "発電機・不可",
          "水道あり（無料）",
          "炊事場なし",
          "コインランドリー・なし",
          "ペットOK",
          "ドッグランなし",
          "WI-FIの利用・なし",
          "旅館・ホテルの食事：朝食・不可",
          "旅館・ホテルの食事：夕食・不可",
          "旅館・ホテルの宿泊予約・不可"
        ],
        "url": "https://www.kurumatabi.com/park/rvpark/1135.html",
        "geocode_source": "auto"
      }
    },
    {
      "type": "Feature",
      "geometry": {
        "type": "Point",
        "coordinates": [
          136.768787,
          34.472067
        ]
      },
      "properties": {
        "name": "RVパーク伊勢朝熊",
        "pref": "三重県",
        "address": "三重県伊勢市朝熊町801-31",
        "phone": "050-7116-9894",
        "fee": "一般: 1 2,500円",
        "available_period": "通年 チェックイン・チェックアウト手続きは不要です。利用途中での出入りも可能ですのでご自由にお使い下さい。 施設により不定期のお休み・休業を設定している場合があります。ご利用可能日は事前に各施設にお問い合わせください。",
        "checkin_checkout": "チェックイン: 15:00 ～ 0:00 / チェックアウト: 0:00 ～ 10:00",
        "vehicle_size": "キャブコン バンコン 軽キャン 一般車 下記駐車場サイズもご確認ください。 利用可能かどうか判断がつかない場合は、施設までお問い合わせください。",
        "features": [
          "24時間利用OK",
          "温水洗浄便座あり",
          "入浴施設あり（車移動あり）",
          "温泉あり",
          "ダンプステーション・なし",
          "ごみ処理対応可（有料）",
          "電源あり（有料）",
          "発電機・不可",
          "水道あり（無料）",
          "炊事場あり",
          "コインランドリー・なし",
          "ペットOK",
          "ドッグランなし",
          "WI-FIの利用・なし",
          "旅館・ホテルの食事：朝食・不可",
          "旅館・ホテルの食事：夕食・不可",
          "旅館・ホテルの宿泊予約・不可"
        ],
        "url": "https://www.kurumatabi.com/park/rvpark/1129.html",
        "geocode_source": "auto"
      }
    },
    {
      "type": "Feature",
      "geometry": {
        "type": "Point",
        "coordinates": [
          136.163472,
          34.868361
        ]
      },
      "properties": {
        "name": "RVパーク伊賀玉滝小学校",
        "pref": "三重県",
        "address": "三重県伊賀市玉滝9536-2 玉滝小学校",
        "phone": "077-561-7239",
        "fee": "当日の直前予約も対応できます。 アーリーチェックインも可能です。事前に公式LINEにて事前にご一報ください。 現地にはスタッフがおりませんので、公式ページにて予約手続きを完了してから、そのまま入場してご利用ください。 予約手続完了後のレイトチェックインは、ご連絡なしでも大丈夫です。 翌日も、次の利用者さんが来られるまでは、レイトチェックアウトも可能です。 電源利用料については、 電源の有無 の項目をご確認ください。 最新の料金は直接施設へ事前確認をお願いします。",
        "available_period": "通年 当日の直前予約も対応できます。 アーリーチェックインも可能です。公式LINEにて事前にご一報ください。 現地にはスタッフがおりませんので、公式ページにて予約手続きを完了してから、そのまま入場してご利用ください。 予約手続完了後のレイトチェックインは、ご連絡なしでも大丈夫です。 翌日も、次の利用者さんが来られるまでは、レイトチェックアウトも可能です。 施設により不定期のお休み・休業を設定している場合があります。ご利用可能日は事前に各施設にお問い合わせください。",
        "checkin_checkout": "チェックイン: 13:00 ～ 17:00 / チェックアウト: 特になし ～ 12:00",
        "vehicle_size": "フルコン セミフルコン バスコン キャブコン バンコン トレーラー 軽キャン 一般車 その他 下記駐車場サイズもご確認ください。 利用可能かどうか判断がつかない場合は、施設までお問い合わせください。",
        "features": [
          "24時間利用OK",
          "温水洗浄便座あり",
          "入浴施設あり（施設内）",
          "シャワーあり",
          "ダンプステーション・なし",
          "ゴミ処理対応・不可",
          "電源あり（無料）",
          "発電機利用可(時間指定なし)",
          "水道あり（無料）",
          "炊事場あり",
          "コインランドリー・なし",
          "ペットOK",
          "ドッグランなし",
          "WI-FIあり（無料）",
          "旅館・ホテルの食事：朝食・不可",
          "旅館・ホテルの食事：夕食・不可",
          "旅館・ホテルの宿泊予約・不可"
        ],
        "url": "https://www.kurumatabi.com/park/rvpark/1739.html",
        "geocode_source": "auto"
      }
    },
    {
      "type": "Feature",
      "geometry": {
        "type": "Point",
        "coordinates": [
          136.523787,
          34.724159
        ]
      },
      "properties": {
        "name": "RVパーク津ぅ",
        "pref": "三重県",
        "address": "三重県津市末広町31ー25",
        "phone": "059-229-8236",
        "fee": "一般: 電源付サイト 3,500円〜 / 一般: 電源無サイト 3,000円〜 / 一般: 屋根下サイト 5,000円〜",
        "available_period": "通年 日祝 日祝の前日 春休み GW 夏休み お盆 冬休み 年末年始 平日 施設により不定期のお休み・休業を設定している場合があります。ご利用可能日は事前に各施設にお問い合わせください。",
        "checkin_checkout": "チェックイン: 13:00 ～ 17:00 / チェックアウト: 特になし ～ 12:00",
        "vehicle_size": "フルコン セミフルコン バスコン キャブコン バンコン トレーラー 軽キャン 一般車 その他 下記駐車場サイズもご確認ください。 利用可能かどうか判断がつかない場合は、施設までお問い合わせください。",
        "features": [
          "24時間利用OK",
          "温水洗浄便座あり",
          "入浴施設あり（施設内）",
          "シャワーあり",
          "ブラック・グレーOK",
          "ごみ処理対応可（無料）",
          "電源あり（無料）",
          "発電機・不可",
          "水道あり（無料）",
          "炊事場あり",
          "コインランドリーあり",
          "ペットOK",
          "ドッグランなし",
          "WI-FIの利用・なし"
        ],
        "url": "https://www.kurumatabi.com/park/rvpark/664.html",
        "geocode_source": "auto"
      }
    },
    {
      "type": "Feature",
      "geometry": {
        "type": "Point",
        "coordinates": [
          136.374941,
          34.707074
        ]
      },
      "properties": {
        "name": "RVパーク湯元榊原館",
        "pref": "三重県",
        "address": "三重県津市榊原町5970",
        "phone": "059-252-0206",
        "fee": "1泊 3000円／1台(トレーラー含む) ※トレーラーは切り離しが必要な場合がございます。 【利用可能台数】3台 電源利用料については、 電源の有無 の項目をご確認ください。 最新の料金は直接施設へ事前確認をお願いします。",
        "available_period": "日祝 日祝の前日 春休み 夏休み 冬休み 平日 ※但し、連休・正月・お盆など駐車場が満車になる事が予想される時期、並びに休館日は、誠に申し訳ございませんがＲＶパークをお休みさせて頂いております。 施設により不定期のお休み・休業を設定している場合があります。ご利用可能日は事前に各施設にお問い合わせください。",
        "checkin_checkout": "チェックイン: 15:00 ～ / チェックアウト: ～ 10:00",
        "vehicle_size": "キャブコン バンコン トレーラー 軽キャン",
        "features": [
          "ごみ処理可能",
          "電源あり",
          "水道あり",
          "発電機OK",
          "入浴施設あり",
          "ペットOK",
          "プレミアム会員特典あり",
          "24時間トイレあり",
          "ダンプステーションあり"
        ],
        "url": "https://www.kurumatabi.com/park/rvpark/648.html",
        "geocode_source": "auto"
      }
    },
    {
      "type": "Feature",
      "geometry": {
        "type": "Point",
        "coordinates": [
          136.65177,
          34.364585
        ]
      },
      "properties": {
        "name": "伊勢路オートキャンプ場＆ＲＶパーク",
        "pref": "三重県",
        "address": "三重県度会郡南伊勢町伊勢路2831-1",
        "phone": "0599-65-3211",
        "fee": "一般: 管理棟前 ＲＶ（電源設備付き） 5,000円〜 / 一般: グリーングラス ＲＶ（全面芝生or砂利／芝生） 4,000円〜 / 一般: グリーングラス ＲＶ（大型車両対応） 3,500円〜",
        "available_period": "通年 施設により不定期のお休み・休業を設定している場合があります。ご利用可能日は事前に各施設にお問い合わせください。",
        "checkin_checkout": "チェックイン: 14:00 ～ 17:00 / チェックアウト: 6:00 ～ 11:00",
        "vehicle_size": "セミフルコン バスコン キャブコン バンコン トレーラー 軽キャン 一般車",
        "features": [
          "24時間利用OK",
          "温水洗浄便座あり",
          "入浴施設あり（車移動あり）",
          "温泉あり",
          "ダンプステーション・なし",
          "ごみ処理対応可（有料）",
          "電源あり（有料）",
          "発電機・不可",
          "水道あり（無料）",
          "炊事場あり",
          "コインランドリー・なし",
          "ペットOK",
          "ドッグランなし",
          "WI-FIあり（無料）",
          "旅館・ホテルの食事：朝食・不可",
          "旅館・ホテルの食事：夕食・不可",
          "旅館・ホテルの宿泊予約・不可"
        ],
        "url": "https://www.kurumatabi.com/park/rvpark/1689.html",
        "geocode_source": "auto"
      }
    },
    {
      "type": "Feature",
      "geometry": {
        "type": "Point",
        "coordinates": [
          135.720468,
          34.948114
        ]
      },
      "properties": {
        "name": "24時間出入り可！StandOut KYOTO",
        "pref": "京都府",
        "address": "京都府京都市南区久世東土川町243-2",
        "phone": "070-8980-7821",
        "fee": "一般: 1泊・1台につき 3,300円 / スタンダード会員: 1泊・1台につき 3,300円 / プレミアム会員: 1泊・1台につき 3,300円",
        "available_period": "通年 日祝 日祝の前日 春休み GW 夏休み お盆 冬休み 年末年始 平日 必ず事前に予約サイトもしくはお電話にて営業日をご確認ください 火木、20時以降は必ず事前予約をお願いします●当日お越しいただいても対応できかねます。 施設により不定期のお休み・休業を設定している場合があります。ご利用可能日は事前に各施設にお問い合わせください。",
        "checkin_checkout": "チェックイン: 11:00 ～ 20:00 / チェックアウト: 0:00 ～ 10:00",
        "vehicle_size": "セミフルコン バスコン キャブコン バンコン トレーラー 軽キャン 一般車 その他 下記駐車場サイズもご確認ください。 利用可能かどうか判断がつかない場合は、施設までお問い合わせください。",
        "features": [
          "24時間利用OK",
          "特に機能なし",
          "入浴施設あり（車移動あり）",
          "温泉あり",
          "ブラック・グレーOK",
          "ごみ処理対応可（無料）",
          "発電機・不可",
          "水道あり（無料）",
          "炊事場なし",
          "コインランドリーあり",
          "ペットOK",
          "ドッグランなし",
          "WI-FIの利用・なし",
          "旅館・ホテルの食事：朝食・不可",
          "旅館・ホテルの食事：夕食・不可",
          "旅館・ホテルの宿泊予約・不可"
        ],
        "url": "https://www.kurumatabi.com/park/rvpark/1127.html",
        "geocode_source": "auto"
      }
    },
    {
      "type": "Feature",
      "geometry": {
        "type": "Point",
        "coordinates": [
          134.934306,
          35.64579
        ]
      },
      "properties": {
        "name": "Hygge BASE 京丹後 RVパーク",
        "pref": "京都府",
        "address": "京都府京丹後市久美浜町河内湊宮小字高山沖467-236",
        "phone": "050-3138-4304",
        "fee": "一般: 1泊/1台 スタンダード ウッドデッキサイト 8,800円〜13,200円 / 一般: 1泊/1台ミッド 屋根付きウッドデッキサイト 11,000円〜15,400円 / 一般: 1泊/1台トップ 屋根付きウッドデッキサイト＋コンテナハウス 13,200円〜17,600円",
        "available_period": "通年 日祝 日祝の前日 春休み GW 夏休み お盆 冬休み 年末年始 平日 施設により不定期のお休み・休業を設定している場合があります。ご利用可能日は事前に各施設にお問い合わせください。",
        "checkin_checkout": "チェックイン: 14:00 ～ 19:00 / チェックアウト: 特になし ～ 10:00",
        "vehicle_size": "セミフルコン バスコン キャブコン バンコン トレーラー 軽キャン 一般車 その他 下記駐車場サイズもご確認ください。 利用可能かどうか判断がつかない場合は、施設までお問い合わせください。",
        "features": [
          "24時間利用OK",
          "温水洗浄便座あり",
          "入浴施設あり（車移動あり）",
          "温泉あり",
          "ダンプステーション・なし",
          "ごみ処理対応可（無料）",
          "電源あり（無料）",
          "発電機利用可(時間指定あり)",
          "水道あり（無料）",
          "コインランドリー・なし",
          "ペットOK",
          "WI-FIあり（無料）",
          "旅館・ホテルの食事：朝食・不可",
          "旅館・ホテルの食事：夕食・不可",
          "旅館・ホテルの宿泊予約・不可"
        ],
        "url": "https://www.kurumatabi.com/park/rvpark/1060.html",
        "geocode_source": "auto"
      }
    },
    {
      "type": "Feature",
      "geometry": {
        "type": "Point",
        "coordinates": [
          135.814402,
          34.804687
        ]
      },
      "properties": {
        "name": "RVpark Nagaya Ide Kyoto",
        "pref": "京都府",
        "address": "京都府綴喜郡井手町井手西山52‐1",
        "phone": "0774267030",
        "fee": "一般: 1泊・1台につき 6,000円〜10,000円",
        "available_period": "通年 臨時休暇あり 施設により不定期のお休み・休業を設定している場合があります。ご利用可能日は事前に各施設にお問い合わせください。",
        "checkin_checkout": "チェックイン: 12:00 ～ 21:00 / チェックアウト: 特になし ～ 10:00",
        "vehicle_size": "キャブコン バンコン 軽キャン 一般車 下記駐車場サイズもご確認ください。 利用可能かどうか判断がつかない場合は、施設までお問い合わせください。",
        "features": [
          "24時間利用OK",
          "温水洗浄便座あり",
          "入浴施設あり（施設内）",
          "シャワーあり",
          "ブラック・グレーOK",
          "ごみ処理対応可（無料）",
          "電源あり（無料）",
          "発電機・不可",
          "水道あり（無料）",
          "炊事場あり",
          "コインランドリー・なし",
          "ペットOK",
          "ドッグランなし",
          "WI-FIあり（無料）",
          "旅館・ホテルの食事：朝食・不可",
          "旅館・ホテルの食事：夕食・不可",
          "旅館・ホテルの宿泊予約・不可"
        ],
        "url": "https://www.kurumatabi.com/park/rvpark/1672.html",
        "geocode_source": "auto"
      }
    },
    {
      "type": "Feature",
      "geometry": {
        "type": "Point",
        "coordinates": [
          135.187946,
          35.578792
        ]
      },
      "properties": {
        "name": "RVパーク HESTA天の橋立",
        "pref": "京都府",
        "address": "京都府宮津市中野203-1",
        "phone": "0772-27-1371",
        "fee": "一般: 1泊・1台につき 3,000円〜 / スタンダード会員: 1泊・1台につき 3,000円〜",
        "available_period": "通年 日祝 日祝の前日 春休み GW 夏休み お盆 冬休み 年末年始 平日 施設により不定期のお休み・休業を設定している場合があります。ご利用可能日は事前に各施設にお問い合わせください。",
        "checkin_checkout": "チェックイン: 15:00 ～ 20:00 / チェックアウト: 8:00 ～ 11:00",
        "vehicle_size": "フルコン セミフルコン バスコン キャブコン バンコン トレーラー 軽キャン 一般車 その他 下記駐車場サイズもご確認ください。 利用可能かどうか判断がつかない場合は、施設までお問い合わせください。",
        "features": [
          "24時間利用OK",
          "入浴施設あり（施設内）",
          "温泉あり",
          "ごみ処理対応可（無料）",
          "電源あり（無料）",
          "発電機利用可(時間指定あり)",
          "水道あり（無料）",
          "炊事場あり",
          "コインランドリーあり",
          "ペットOK",
          "ドッグランなし",
          "WI-FIの利用・なし",
          "朝食予約OK",
          "夕食予約OK",
          "宿泊予約OK"
        ],
        "url": "https://www.kurumatabi.com/park/rvpark/1563.html",
        "geocode_source": "auto"
      }
    },
    {
      "type": "Feature",
      "geometry": {
        "type": "Point",
        "coordinates": [
          134.997014,
          35.305789
        ]
      },
      "properties": {
        "name": "RVパーク Rai・夜久野",
        "pref": "京都府",
        "address": "京都府福知山市夜久野町千原３２７",
        "phone": "08038183035",
        "fee": "1泊 サイト1、2.、3 3000円 1台 / 電気代 500円(1日) サイト4 3500円 1台 / 電気代 500円(1日) サイト5 4500円 1台 / 電気代 500円(1日) サイト6 8500円 1台(もしくは2台) / 1000円(1日) IWAHORIサイト 3000円 1台 （電源無しサイト） 電源利用料については、 電源の有無 の項目をご確認ください。 最新の料金は直接施設へ事前確認をお願いします。",
        "available_period": "日祝 日祝の前日 春休み GW 夏休み お盆 冬休み 年末年始 冬季雪の状況によりお休みになる可能性もあります 施設により不定期のお休み・休業を設定している場合があります。ご利用可能日は事前に各施設にお問い合わせください。",
        "checkin_checkout": "チェックイン: 15:00 ～ 18:00 / チェックアウト: 0:00 ～ 12:00",
        "vehicle_size": "フルコン セミフルコン バスコン キャブコン バンコン トレーラー 軽キャン 一般車 その他 下記駐車場サイズもご確認ください。 利用可能かどうか判断がつかない場合は、施設までお問い合わせください。",
        "features": [
          "24時間利用OK",
          "温水洗浄便座あり",
          "入浴施設あり（車移動あり）",
          "温泉あり",
          "ブラック・グレーOK",
          "ゴミ処理対応・不可",
          "電源あり（有料）",
          "発電機・不可",
          "水道あり（有料）",
          "炊事場あり",
          "コインランドリーあり",
          "ペットOK",
          "ドッグランなし",
          "WI-FIあり（無料）",
          "旅館・ホテルの食事：朝食・不可",
          "旅館・ホテルの食事：夕食・不可",
          "旅館・ホテルの宿泊予約・不可"
        ],
        "url": "https://www.kurumatabi.com/park/rvpark/1447.html",
        "geocode_source": "auto"
      }
    },
    {
      "type": "Feature",
      "geometry": {
        "type": "Point",
        "coordinates": [
          135.510352,
          35.153302
        ]
      },
      "properties": {
        "name": "RVパーク アマンズガーデン直営BBQ場",
        "pref": "京都府",
        "address": "京都府南丹市日吉町殿田121",
        "phone": "090-6203-8611",
        "fee": "一般: １泊、１台につき 3,500円",
        "available_period": "通年 木曜定休、ほか不定休あり 施設により不定期のお休み・休業を設定している場合があります。ご利用可能日は事前に各施設にお問い合わせください。",
        "checkin_checkout": "チェックイン: 16:00 ～ 21:00 / チェックアウト: 8:00 ～ 11:00",
        "vehicle_size": "キャブコン バンコン 軽キャン 一般車 下記駐車場サイズもご確認ください。 利用可能かどうか判断がつかない場合は、施設までお問い合わせください。",
        "features": [
          "24時間利用OK",
          "入浴施設あり（車移動あり）",
          "温泉あり",
          "ごみ処理対応可（無料）",
          "電源あり（無料）",
          "発電機利用可(時間指定あり)",
          "水道あり（無料）",
          "ペットOK"
        ],
        "url": "https://www.kurumatabi.com/park/rvpark/1568.html",
        "geocode_source": "auto"
      }
    },
    {
      "type": "Feature",
      "geometry": {
        "type": "Point",
        "coordinates": [
          135.74863,
          35.047814
        ]
      },
      "properties": {
        "name": "RVパーク クルマ旅ステーション",
        "pref": "京都府",
        "address": "京都府京都市北区紫竹西桃ノ本町60番地",
        "phone": "090-3949-2101",
        "fee": "■サイト1・サイト2（2.2m×5.5m） 一泊 4,400円 ■サイト3（2.2m×8m） 一泊 6,600円 電源利用料については、 電源の有無 の項目をご確認ください。 最新の料金は直接施設へ事前確認をお願いします。",
        "available_period": "通年 施設により不定期のお休み・休業を設定している場合があります。ご利用可能日は事前に各施設にお問い合わせください。",
        "checkin_checkout": "チェックイン: 15:00 ～ 21:00 / チェックアウト: 10:00 ～ 12:00",
        "vehicle_size": "フルコン セミフルコン バスコン キャブコン バンコン トレーラー 軽キャン 一般車 下記駐車場サイズもご確認ください。 利用可能かどうか判断がつかない場合は、施設までお問い合わせください。",
        "features": [
          "24時間利用OK",
          "入浴施設あり（徒歩圏内あり）",
          "温泉あり",
          "ごみ処理対応可（有料）",
          "電源あり（無料）",
          "発電機・不可",
          "水道あり（無料）",
          "ペットOK",
          "WI-FIあり（無料）"
        ],
        "url": "https://www.kurumatabi.com/park/rvpark/1521.html",
        "geocode_source": "auto"
      }
    },
    {
      "type": "Feature",
      "geometry": {
        "type": "Point",
        "coordinates": [
          135.291172,
          35.512051
        ]
      },
      "properties": {
        "name": "RVパーク ハロー京都の海",
        "pref": "京都府",
        "address": "京都府舞鶴市西神崎22-21",
        "phone": "09091627048",
        "fee": "一般: 1泊・1台につき 2,500円〜4,500円",
        "available_period": "通年 施設により不定期のお休み・休業を設定している場合があります。ご利用可能日は事前に各施設にお問い合わせください。",
        "checkin_checkout": "チェックイン: 13:00 ～ 21:30 / チェックアウト: 6:00 ～ 11:00",
        "vehicle_size": "セミフルコン バスコン キャブコン バンコン トレーラー 軽キャン 一般車 その他 下記駐車場サイズもご確認ください。 利用可能かどうか判断がつかない場合は、施設までお問い合わせください。",
        "features": [
          "24時間利用OK",
          "暖房便座のみあり",
          "入浴施設あり（施設内）",
          "シャワーあり",
          "ダンプステーション・なし",
          "ごみ処理対応可（無料）",
          "電源あり（無料）",
          "発電機利用可(時間指定あり)",
          "水道あり（無料）",
          "炊事場あり",
          "コインランドリー・なし",
          "ペットOK",
          "ドッグランなし",
          "WI-FIの利用・なし",
          "旅館・ホテルの食事：朝食・不可",
          "夕食予約OK",
          "宿泊予約OK"
        ],
        "url": "https://www.kurumatabi.com/park/rvpark/1327.html",
        "geocode_source": "auto"
      }
    },
    {
      "type": "Feature",
      "geometry": {
        "type": "Point",
        "coordinates": [
          135.499846,
          35.021849
        ]
      },
      "properties": {
        "name": "RVパーク 京都・烟河",
        "pref": "京都府",
        "address": "京都府亀岡市本梅町平松泥ケ渕1-1",
        "phone": "0771-26-2345",
        "fee": "一般: オールインクルーシブ お一人様 16,900円〜23,900円",
        "available_period": "通年 施設により不定期のお休み・休業を設定している場合があります。ご利用可能日は事前に各施設にお問い合わせください。",
        "checkin_checkout": "チェックイン: 14:00 ～ 17:00 / チェックアウト: 特になし ～ 10:00",
        "vehicle_size": "キャブコン バンコン トレーラー 軽キャン 一般車 その他 下記駐車場サイズもご確認ください。 利用可能かどうか判断がつかない場合は、施設までお問い合わせください。",
        "features": [
          "24時間利用OK",
          "入浴施設あり（施設内）",
          "温泉あり",
          "ごみ処理対応可（無料）",
          "電源あり（無料）",
          "発電機・不可",
          "水道あり（無料）",
          "炊事場なし",
          "ペットOK",
          "ドッグランなし",
          "朝食予約OK",
          "夕食予約OK"
        ],
        "url": "https://www.kurumatabi.com/park/rvpark/1600.html",
        "geocode_source": "auto"
      }
    },
    {
      "type": "Feature",
      "geometry": {
        "type": "Point",
        "coordinates": [
          135.743783,
          35.036921
        ]
      },
      "properties": {
        "name": "RVパーク 京都北",
        "pref": "京都府",
        "address": "京都府京都市北区紫野南舟岡町85",
        "phone": "090-4298-8258",
        "fee": "一般: 1泊・1台につき 5,000円",
        "available_period": "通年 施設により不定期のお休み・休業を設定している場合があります。ご利用可能日は事前に各施設にお問い合わせください。",
        "checkin_checkout": "チェックイン: 12:00 ～ 19:00 / チェックアウト: 11:00 ～",
        "vehicle_size": "フルコン セミフルコン バスコン キャブコン バンコン 軽キャン 一般車 下記駐車場サイズもご確認ください。 利用可能かどうか判断がつかない場合は、施設までお問い合わせください。",
        "features": [
          "24時間利用OK",
          "温水洗浄便座あり",
          "入浴施設あり（徒歩圏内あり）",
          "湯沸かし浴槽あり",
          "ブラック・グレーOK",
          "ごみ処理対応現地相談（無料）",
          "電源あり（無料）",
          "発電機・不可",
          "水道あり（無料）",
          "炊事場あり",
          "コインランドリー・なし",
          "ペットOK",
          "ドッグランなし",
          "WI-FIの利用・なし",
          "旅館・ホテルの食事：朝食・不可",
          "旅館・ホテルの食事：夕食・不可",
          "旅館・ホテルの宿泊予約・不可"
        ],
        "url": "https://www.kurumatabi.com/park/rvpark/1476.html",
        "geocode_source": "auto"
      }
    },
    {
      "type": "Feature",
      "geometry": {
        "type": "Point",
        "coordinates": [
          135.088121,
          35.360521
        ]
      },
      "properties": {
        "name": "RVパーク 京都大呂ガーデンテラス",
        "pref": "京都府",
        "address": "京都府福知山市大呂298-5",
        "phone": "0773-33-2041",
        "fee": "一般: 1泊/1台 3,500円",
        "available_period": "日祝 日祝の前日 春休み GW 夏休み お盆 冬休み 平日 定休日：毎週火曜日（但し、夏休み期間7/21～8/31、祝日等を除く) ＊毎週月・火曜日のチェックインができません。 施設により不定期のお休み・休業を設定している場合があります。ご利用可能日は事前に各施設にお問い合わせください。",
        "checkin_checkout": "チェックイン: 15:00 ～ 18:00 / チェックアウト: 特になし ～ 11:00",
        "vehicle_size": "フルコン セミフルコン バスコン キャブコン バンコン トレーラー 軽キャン 一般車 下記駐車場サイズもご確認ください。 利用可能かどうか判断がつかない場合は、施設までお問い合わせください。",
        "features": [
          "24時間利用OK",
          "温水洗浄便座あり",
          "入浴施設あり（施設内）",
          "湯沸かし浴槽あり",
          "ごみ処理対応可（有料）",
          "電源あり（無料）",
          "発電機・不可",
          "水道あり（無料）",
          "コインランドリー・なし",
          "ペットOK",
          "WI-FIあり（無料）",
          "朝食予約OK",
          "夕食予約OK",
          "宿泊予約OK"
        ],
        "url": "https://www.kurumatabi.com/park/rvpark/976.html",
        "geocode_source": "auto"
      }
    },
    {
      "type": "Feature",
      "geometry": {
        "type": "Point",
        "coordinates": [
          135.726846,
          34.999509
        ]
      },
      "properties": {
        "name": "RVパーク京都中央",
        "pref": "京都府",
        "address": "京都府京都市右京区西院太田町4番地",
        "phone": "075-874-2277",
        "fee": "一般: 6ｍ未満車両区画①② 3,850円 / 一般: 6ｍ未満車両区画③④ 5,500円 / 一般: 6ｍ超車両・トレーラー区画①② 4,950円 / スタンダード会員: 6ｍ超車両・トレーラー区画③④ 6,600円",
        "available_period": "通年 日祝 日祝の前日 春休み GW 夏休み お盆 冬休み 年末年始 平日 施設により不定期のお休み・休業を設定している場合があります。ご利用可能日は事前に各施設にお問い合わせください。",
        "checkin_checkout": "チェックイン: 13:00 ～ / チェックアウト: 0:00 ～ 12:00",
        "vehicle_size": "フルコン セミフルコン バスコン キャブコン バンコン トレーラー 軽キャン 一般車 下記駐車場サイズもご確認ください。 利用可能かどうか判断がつかない場合は、施設までお問い合わせください。",
        "features": [
          "24時間利用OK",
          "温水洗浄便座あり",
          "入浴施設あり（施設内）",
          "シャワーあり",
          "ごみ処理対応可（有料）",
          "電源あり（有料）",
          "発電機・不可",
          "水道あり（無料）",
          "コインランドリーあり",
          "ペットOK",
          "WI-FIの利用・なし"
        ],
        "url": "https://www.kurumatabi.com/park/rvpark/748.html",
        "geocode_source": "auto"
      }
    },
    {
      "type": "Feature",
      "geometry": {
        "type": "Point",
        "coordinates": [
          135.424112,
          35.031388
        ]
      },
      "properties": {
        "name": "RVパーク幸の里",
        "pref": "京都府",
        "address": "京都府南丹市園部町大河内垣内1-14",
        "phone": "077-185-2801",
        "fee": "一般: A区画 一泊につき 3,960円 / 一般: B区画 1泊につき 4,950円",
        "available_period": "通年 施設により不定期のお休み・休業を設定している場合があります。ご利用可能日は事前に各施設にお問い合わせください。",
        "checkin_checkout": "チェックイン: 13:00 ～ 17:00 / チェックアウト: 6:00 ～ 11:00",
        "vehicle_size": "キャブコン バンコン 軽キャン 一般車 下記駐車場サイズもご確認ください。 利用可能かどうか判断がつかない場合は、施設までお問い合わせください。",
        "features": [
          "24時間利用OK",
          "温水洗浄便座あり",
          "入浴施設あり（車移動あり）",
          "温泉あり",
          "ブラック・グレーOK",
          "ごみ処理対応可（有料）",
          "電源あり（有料）",
          "発電機・不可",
          "水道あり（無料）",
          "炊事場あり",
          "コインランドリー・なし",
          "ペットOK",
          "ドッグランなし",
          "WI-FIの利用・なし",
          "旅館・ホテルの食事：朝食・不可",
          "旅館・ホテルの食事：夕食・不可",
          "旅館・ホテルの宿泊予約・不可"
        ],
        "url": "https://www.kurumatabi.com/park/rvpark/1653.html",
        "geocode_source": "auto"
      }
    },
    {
      "type": "Feature",
      "geometry": {
        "type": "Point",
        "coordinates": [
          135.11458,
          35.305683
        ]
      },
      "properties": {
        "name": "RVパーク福知山",
        "pref": "京都府",
        "address": "京都府福知山市厚東町193",
        "phone": "0773-22-5819",
        "fee": "一般: 1泊/1台 3,300円 / 一般: 1泊/1人 車orバイク （ライダーハウス福知山 2,500円 / 一般: 2区画使用時 5,500円",
        "available_period": "通年 日祝 日祝の前日 春休み GW 夏休み お盆 冬休み 年末年始 平日 稀に管理人が対応出来ず受け入れできない日があるので確認をお願いします 施設により不定期のお休み・休業を設定している場合があります。ご利用可能日は事前に各施設にお問い合わせください。",
        "checkin_checkout": "チェックイン: 14:00 ～ 23:00 / チェックアウト: 特になし ～ 11:00",
        "vehicle_size": "セミフルコン バスコン キャブコン バンコン トレーラー 軽キャン 一般車 その他 下記駐車場サイズもご確認ください。 利用可能かどうか判断がつかない場合は、施設までお問い合わせください。",
        "features": [
          "24時間利用OK",
          "温水洗浄便座あり",
          "入浴施設あり（施設内）",
          "湯沸かし浴槽あり",
          "ブラック・グレーOK",
          "ごみ処理対応可（有料）",
          "電源あり（有料）",
          "発電機・不可",
          "水道あり（無料）",
          "炊事場あり",
          "コインランドリーあり",
          "ペットOK",
          "WI-FIあり（無料）",
          "旅館・ホテルの食事：朝食・不可",
          "夕食予約OK",
          "宿泊予約OK"
        ],
        "url": "https://www.kurumatabi.com/park/rvpark/1038.html",
        "geocode_source": "auto"
      }
    },
    {
      "type": "Feature",
      "geometry": {
        "type": "Point",
        "coordinates": [
          135.67393,
          35.056505
        ]
      },
      "properties": {
        "name": "kyoto.takao360  RVパーク",
        "pref": "京都府",
        "address": "京都府京都市右京区梅ケ畑御経坂町12",
        "phone": "09032647834",
        "fee": "一般: 1泊・1台につき 3,500円〜",
        "available_period": "通年 当RVパークは、春の三葉躑躅の見頃時期および秋の観光繁忙期につきまして、 多くの方に安全にご利用いただくため、RVパークとしての営業を休業いたします。 4月（春・三葉躑躅の時期） 11月（秋の観光繁忙期） 上記期間中は、RVパークとしてのご利用は休止となりますが、 駐車場およびカフェは通常営業しております。 高雄の季節の景色を楽しむ立ち寄りスポットとして、ぜひご利用ください。 なお、休業期間は開花状況や混雑状況により前後する場合がございます。 最新情報は、ホームページおよびSNSにてご案内いたします。 施設により不定期のお休み・休業を設定している場合があります。ご利用可能日は事前に各施設にお問い合わせください。",
        "checkin_checkout": "チェックイン: 13:00 ～ / チェックアウト: 特になし ～ 11:00",
        "vehicle_size": "バスコン キャブコン バンコン 軽キャン 一般車 下記駐車場サイズもご確認ください。 利用可能かどうか判断がつかない場合は、施設までお問い合わせください。",
        "features": [
          "24時間利用OK",
          "和式トイレ",
          "入浴施設あり（車移動あり）",
          "湯沸かし浴槽あり",
          "ダンプステーション・なし",
          "ごみ処理対応可（無料）",
          "電源あり（無料）",
          "発電機・不可",
          "水道・なし",
          "炊事場なし",
          "コインランドリー・なし",
          "ペットOK",
          "ドッグランなし",
          "WI-FIの利用・なし",
          "旅館・ホテルの食事：朝食・不可",
          "旅館・ホテルの食事：夕食・不可",
          "旅館・ホテルの宿泊予約・不可"
        ],
        "url": "https://www.kurumatabi.com/park/rvpark/1679.html",
        "geocode_source": "auto"
      }
    },
    {
      "type": "Feature",
      "geometry": {
        "type": "Point",
        "coordinates": [
          135.403393,
          35.171704
        ]
      },
      "properties": {
        "name": "京丹波 RVパーク",
        "pref": "京都府",
        "address": "京都府船井郡京丹波町豊田シミ１０５－２",
        "phone": "0120-963-915",
        "fee": "一般: 通常サイト車長7以内/7m以上 3,300円〜4,500円 / 一般: フルフックアップ車長7m以内/7m以上 4,500円〜7,500円",
        "available_period": "通年 日祝 日祝の前日 春休み GW 夏休み お盆 冬休み 平日 年末年始以外は年中無休で営業しております。 施設により不定期のお休み・休業を設定している場合があります。ご利用可能日は事前に各施設にお問い合わせください。",
        "checkin_checkout": "チェックイン: 12:00 ～ 17:00 / チェックアウト: 特になし ～ 11:30",
        "vehicle_size": "フルコン セミフルコン バスコン キャブコン バンコン トレーラー 軽キャン 一般車 その他 下記駐車場サイズもご確認ください。 利用可能かどうか判断がつかない場合は、施設までお問い合わせください。",
        "features": [
          "24時間利用OK",
          "温水洗浄便座あり",
          "入浴施設あり（施設内）",
          "シャワーあり",
          "ブラック・グレーOK",
          "ごみ処理対応可（無料）",
          "電源あり（無料）",
          "発電機利用可(時間指定なし)",
          "水道あり（無料）",
          "炊事場あり",
          "コインランドリーあり",
          "ペットOK",
          "ドッグランあり",
          "WI-FIあり（無料）",
          "旅館・ホテルの食事：朝食・不可",
          "旅館・ホテルの食事：夕食・不可",
          "旅館・ホテルの宿泊予約・不可"
        ],
        "url": "https://www.kurumatabi.com/park/rvpark/1433.html",
        "geocode_source": "auto"
      }
    },
    {
      "type": "Feature",
      "geometry": {
        "type": "Point",
        "coordinates": [
          135.515905,
          35.019352
        ]
      },
      "properties": {
        "name": "京都湯の花RVパーク",
        "pref": "京都府",
        "address": "京都府亀岡市ひえ田野町佐伯下峠５８",
        "phone": "090-8790-8111",
        "fee": "一般: シャワー無しのコース 1泊・1台につき 3,500円 / 一般: シャワー有りのコース 1泊・1台につき 4,500円",
        "available_period": "通年 施設により不定期のお休み・休業を設定している場合があります。ご利用可能日は事前に各施設にお問い合わせください。",
        "checkin_checkout": "チェックイン: 16:30 ～ 18:30 / チェックアウト: 特になし ～ 10:00",
        "vehicle_size": "セミフルコン バスコン キャブコン バンコン トレーラー 軽キャン 一般車 下記駐車場サイズもご確認ください。 利用可能かどうか判断がつかない場合は、施設までお問い合わせください。",
        "features": [
          "24時間利用OK",
          "特に機能なし",
          "入浴施設あり（徒歩圏内あり）",
          "温泉あり",
          "ダンプステーション・なし",
          "ごみ処理対応可（有料）",
          "電源あり（無料）",
          "発電機・不可",
          "水道あり（無料）",
          "炊事場なし",
          "コインランドリー・なし",
          "ペットOK",
          "ドッグランあり",
          "WI-FIの利用・なし",
          "朝食予約OK",
          "夕食予約OK",
          "旅館・ホテルの宿泊予約・不可"
        ],
        "url": "https://www.kurumatabi.com/park/rvpark/1125.html",
        "geocode_source": "auto"
      }
    },
    {
      "type": "Feature",
      "geometry": {
        "type": "Point",
        "coordinates": [
          135.549259,
          35.266965
        ]
      },
      "properties": {
        "name": "雲野 RVパーク",
        "pref": "京都府",
        "address": "京都府南丹市美山町島英サ４０",
        "phone": "0771-66-0519",
        "fee": "一般: 1泊１台につき 3,850円〜5,500円",
        "available_period": "通年 施設により不定期のお休み・休業を設定している場合があります。ご利用可能日は事前に各施設にお問い合わせください。",
        "checkin_checkout": "チェックイン: 12:00 ～ 20:00 / チェックアウト: 8:00 ～ 11:00",
        "vehicle_size": "バスコン キャブコン バンコン トレーラー 軽キャン 一般車 下記駐車場サイズもご確認ください。 利用可能かどうか判断がつかない場合は、施設までお問い合わせください。",
        "features": [
          "24時間利用OK",
          "入浴施設あり（施設内）",
          "湯沸かし浴槽あり",
          "ダンプステーション・なし",
          "ごみ処理対応可（有料）",
          "電源あり（無料）",
          "発電機・不可",
          "水道あり（無料）",
          "炊事場なし",
          "コインランドリー・なし",
          "ペットOK",
          "ドッグランなし",
          "WI-FIあり（無料）",
          "朝食予約OK",
          "夕食予約OK",
          "旅館・ホテルの宿泊予約・不可"
        ],
        "url": "https://www.kurumatabi.com/park/rvpark/1350.html",
        "geocode_source": "auto"
      }
    },
    {
      "type": "Feature",
      "geometry": {
        "type": "Point",
        "coordinates": [
          130.02898,
          33.177284
        ]
      },
      "properties": {
        "name": "RVパーク OND CAMP",
        "pref": "佐賀県",
        "address": "佐賀県武雄市武雄町大字永島１８２９３番地",
        "phone": "0954-27-8169",
        "fee": "一般: [RVサイト利用]1泊につき 1,800円〜6,600円",
        "available_period": "通年 チェックイン：13時00分～17時00分 チェックアウト:翌11時00分 定休日:月、火 年末年始 休業 施設により不定期のお休み・休業を設定している場合があります。ご利用可能日は事前に各施設にお問い合わせください。",
        "checkin_checkout": "チェックイン: 13:00 ～ 17:00 / チェックアウト: 8:30 ～ 11:00",
        "vehicle_size": "バンコン 軽キャン 一般車",
        "features": [
          "24時間利用OK",
          "温水洗浄便座あり",
          "入浴施設あり（車移動あり）",
          "温泉あり",
          "ダンプステーション・なし",
          "ごみ処理対応可（有料）",
          "電源あり（無料）",
          "発電機・不可",
          "水道あり（無料）",
          "炊事場あり",
          "コインランドリー・なし",
          "ペットOK",
          "ドッグランなし",
          "WI-FIあり（無料）",
          "旅館・ホテルの食事：朝食・不可",
          "旅館・ホテルの食事：夕食・不可",
          "旅館・ホテルの宿泊予約・不可"
        ],
        "url": "https://www.kurumatabi.com/park/rvpark/1423.html",
        "geocode_source": "auto"
      }
    },
    {
      "type": "Feature",
      "geometry": {
        "type": "Point",
        "coordinates": [
          130.105393,
          33.305248
        ]
      },
      "properties": {
        "name": "RVパーク 天山多久温泉TAQUA",
        "pref": "佐賀県",
        "address": "佐賀県多久市北多久町小侍4644-1",
        "phone": "0952-75-7770",
        "fee": "一般: １泊１台 3,300円",
        "available_period": "通年 定休日 月曜日及び施設が定める日 施設により不定期のお休み・休業を設定している場合があります。ご利用可能日は事前に各施設にお問い合わせください。",
        "checkin_checkout": "チェックイン: 12:00 ～ 21:00 / チェックアウト: 6:00 ～ 10:00",
        "vehicle_size": "セミフルコン バスコン キャブコン バンコン 軽キャン 一般車 下記駐車場サイズもご確認ください。 利用可能かどうか判断がつかない場合は、施設までお問い合わせください。",
        "features": [
          "24時間利用OK",
          "温水洗浄便座あり",
          "入浴施設あり（施設内）",
          "温泉あり",
          "ごみ処理対応可（有料）",
          "電源あり（無料）",
          "発電機・不可",
          "水道あり（無料）",
          "炊事場なし",
          "コインランドリー・なし",
          "ペットOK",
          "ドッグランなし",
          "WI-FIあり（無料）",
          "朝食予約OK",
          "夕食予約OK",
          "宿泊予約OK"
        ],
        "url": "https://www.kurumatabi.com/park/rvpark/1693.html",
        "geocode_source": "auto"
      }
    },
    {
      "type": "Feature",
      "geometry": {
        "type": "Point",
        "coordinates": [
          130.281001,
          33.262389
        ]
      },
      "properties": {
        "name": "RVパークsmart 佐賀の湯処 KOMOREBI",
        "pref": "佐賀県",
        "address": "佐賀県佐賀市神園6丁目4-35",
        "phone": "092-433-7370",
        "fee": "一般: 1泊 3,500円",
        "available_period": "通年 施設により不定期のお休み・休業を設定している場合があります。ご利用可能日は事前に各施設にお問い合わせください。",
        "checkin_checkout": "チェックイン: 16:00 ～ 特になし / チェックアウト: 特になし ～ 11:00",
        "vehicle_size": "キャブコン バンコン 軽キャン 一般車 下記駐車場サイズもご確認ください。 利用可能かどうか判断がつかない場合は、施設までお問い合わせください。",
        "features": [
          "24時間利用OK",
          "入浴施設あり（施設内）",
          "温泉あり",
          "ダンプステーション・なし",
          "ゴミ処理対応・不可",
          "電源あり（無料）",
          "発電機・不可",
          "水道・なし",
          "ペットOK"
        ],
        "url": "https://www.kurumatabi.com/park/rvpark/1102.html",
        "geocode_source": "auto"
      }
    },
    {
      "type": "Feature",
      "geometry": {
        "type": "Point",
        "coordinates": [
          130.401944,
          33.368139
        ]
      },
      "properties": {
        "name": "RVパークsmart 吉野ヶ里町 里山ふれあい広場",
        "pref": "佐賀県",
        "address": "佐賀県神埼郡吉野ヶ里町松隈10番地1",
        "phone": "092-433-7370",
        "fee": "一般: 1泊1台 3,000円",
        "available_period": "通年 施設により不定期のお休み・休業を設定している場合があります。ご利用可能日は事前に各施設にお問い合わせください。",
        "checkin_checkout": "チェックイン: 13:00 ～ / チェックアウト: 特になし ～ 11:00",
        "vehicle_size": "キャブコン バンコン トレーラー 軽キャン 一般車 下記駐車場サイズもご確認ください。 利用可能かどうか判断がつかない場合は、施設までお問い合わせください。",
        "features": [
          "24時間利用OK",
          "入浴施設あり（車移動あり）",
          "温泉あり",
          "ダンプステーション・なし",
          "ゴミ処理対応・不可",
          "電源あり（無料）",
          "発電機・不可",
          "水道あり（無料）",
          "ペットOK",
          "WI-FIあり（無料）"
        ],
        "url": "https://www.kurumatabi.com/park/rvpark/1336.html",
        "geocode_source": "auto"
      }
    },
    {
      "type": "Feature",
      "geometry": {
        "type": "Point",
        "coordinates": [
          129.971761,
          33.10462
        ]
      },
      "properties": {
        "name": "RVパークsmart 嬉野",
        "pref": "佐賀県",
        "address": "佐賀県嬉野市嬉野町下宿丁904-13",
        "phone": "092-433-7370",
        "fee": "一般: 1泊・1台につき 3,000円",
        "available_period": "通年 施設により不定期のお休み・休業を設定している場合があります。ご利用可能日は事前に各施設にお問い合わせください。",
        "checkin_checkout": "チェックイン: 13:00 ～ / チェックアウト: 特になし ～ 13:00",
        "vehicle_size": "バスコン キャブコン バンコン トレーラー 軽キャン 一般車 下記駐車場サイズもご確認ください。 利用可能かどうか判断がつかない場合は、施設までお問い合わせください。",
        "features": [
          "24時間利用OK",
          "入浴施設あり（車移動あり）",
          "温泉あり",
          "ごみ処理対応可（有料）",
          "電源あり（無料）",
          "発電機・不可",
          "水道あり（無料）",
          "ペットOK",
          "WI-FIあり（無料）"
        ],
        "url": "https://www.kurumatabi.com/park/rvpark/854.html",
        "geocode_source": "auto"
      }
    },
    {
      "type": "Feature",
      "geometry": {
        "type": "Point",
        "coordinates": [
          129.881056,
          33.194611
        ]
      },
      "properties": {
        "name": "RVパークsmart 有田焼 幸楽窯",
        "pref": "佐賀県",
        "address": "佐賀県西松浦郡有田町丸尾丙2512",
        "phone": "092-433-7370",
        "fee": "一般: 1泊・1台につき 2,500円",
        "available_period": "通年 施設により不定期のお休み・休業を設定している場合があります。ご利用可能日は事前に各施設にお問い合わせください。",
        "checkin_checkout": "チェックイン: 13:00 ～ / チェックアウト: 特になし ～ 13:00",
        "vehicle_size": "バスコン キャブコン バンコン トレーラー 軽キャン 一般車 下記駐車場サイズもご確認ください。 利用可能かどうか判断がつかない場合は、施設までお問い合わせください。",
        "features": [
          "24時間利用OK",
          "入浴施設あり（車移動あり）",
          "温泉あり",
          "ごみ処理対応可（無料）",
          "電源あり（無料）",
          "発電機・不可",
          "水道あり（無料）",
          "炊事場なし",
          "ペットOK"
        ],
        "url": "https://www.kurumatabi.com/park/rvpark/809.html",
        "geocode_source": "auto"
      }
    },
    {
      "type": "Feature",
      "geometry": {
        "type": "Point",
        "coordinates": [
          129.849344,
          33.471568
        ]
      },
      "properties": {
        "name": "RVパークsmart 玄海海上温泉パレア",
        "pref": "佐賀県",
        "address": "佐賀県東松浦郡玄海町石田1369-3",
        "phone": "092-433-7370",
        "fee": "一般: 1泊・1台につき 3,000円",
        "available_period": "通年 ※毎週水曜日は施設定休日のため、貸し出しを停止させていただいております。予めご了承ください。 施設により不定期のお休み・休業を設定している場合があります。ご利用可能日は事前に各施設にお問い合わせください。",
        "checkin_checkout": "チェックイン: 16:00 ～ / チェックアウト: 特になし ～ 11:00",
        "vehicle_size": "キャブコン バンコン トレーラー 軽キャン 一般車 下記駐車場サイズもご確認ください。 利用可能かどうか判断がつかない場合は、施設までお問い合わせください。",
        "features": [
          "24時間利用OK",
          "入浴施設あり（施設内）",
          "温泉あり",
          "ゴミ処理対応・不可",
          "電源あり（無料）",
          "発電機・不可",
          "水道・なし",
          "ペットOK"
        ],
        "url": "https://www.kurumatabi.com/park/rvpark/901.html",
        "geocode_source": "auto"
      }
    },
    {
      "type": "Feature",
      "geometry": {
        "type": "Point",
        "coordinates": [
          130.120569,
          33.442988
        ]
      },
      "properties": {
        "name": "RVパークsmart 鳴神温泉 ななのゆ",
        "pref": "佐賀県",
        "address": "佐賀県唐津市七山滝川1150番地",
        "phone": "092-433-7370",
        "fee": "一般: 【RV1】1泊・1台につき 3,500円 / 一般: 【RV2】1泊・1台につき 3,000円",
        "available_period": "通年 施設により不定期のお休み・休業を設定している場合があります。ご利用可能日は事前に各施設にお問い合わせください。",
        "checkin_checkout": "チェックイン: 16:00 ～ / チェックアウト: 特になし ～ 12:00",
        "vehicle_size": "キャブコン バンコン トレーラー 軽キャン 下記駐車場サイズもご確認ください。 利用可能かどうか判断がつかない場合は、施設までお問い合わせください。",
        "features": [
          "24時間利用OK",
          "入浴施設あり（施設内）",
          "温泉あり",
          "ゴミ処理対応・不可",
          "電源あり（無料）",
          "発電機・不可",
          "水道・なし",
          "ペットOK"
        ],
        "url": "https://www.kurumatabi.com/park/rvpark/929.html",
        "geocode_source": "auto"
      }
    },
    {
      "type": "Feature",
      "geometry": {
        "type": "Point",
        "coordinates": [
          130.410631,
          33.349806
        ]
      },
      "properties": {
        "name": "RVパークライト イービークルパーク",
        "pref": "佐賀県",
        "address": "佐賀県神埼郡吉野ヶ里町石動2170",
        "phone": "080-5263-9270",
        "fee": "一般: 平日1泊1台につき 3,000円 / 一般: 土日祝日 1泊1台につき 3,500円",
        "available_period": "通年 日祝 日祝の前日 春休み GW 夏休み お盆 冬休み 年末年始 平日 平日は当日のアーリーチェックイン自由 2.5台分(4m×7m)を1ブースとしてご利用下さい。 (退出は翌日遊具営業時間前に) 土日祝日は当日の遊具営業時間内は1台スペースにて(遊具ご利用の上)駐車お願いします。 遊具営業時間後は2.5台分(4m×7m)を1ブースとしてご利用下さい。 なお遊具営業時間後は遊具コースを宿泊者に無料開放していますので 自由にテントやBBQスペースとしてご利用下さい。 万が一の雨天でも15m×15mの屋根スペースでテントやBBQが楽しめます 施設により不定期のお休み・休業を設定している場合があります。ご利用可能日は事前に各施設にお問い合わせください。",
        "checkin_checkout": "チェックイン: 12:00 ～ 20:00 / チェックアウト: 7:00 ～ 10:30",
        "vehicle_size": "フルコン セミフルコン バスコン キャブコン バンコン トレーラー 軽キャン 一般車 その他 下記駐車場サイズもご確認ください。 利用可能かどうか判断がつかない場合は、施設までお問い合わせください。",
        "features": [
          "24時間利用OK",
          "温水洗浄便座あり",
          "入浴施設あり（車移動あり）",
          "温泉あり",
          "ダンプステーション・なし",
          "ゴミ処理対応・不可",
          "電源あり（無料）",
          "発電機利用可(時間指定あり)",
          "水道あり（無料）",
          "炊事場なし",
          "コインランドリー・なし",
          "ペットOK",
          "ドッグランあり",
          "WI-FIあり（無料）",
          "旅館・ホテルの食事：朝食・不可",
          "旅館・ホテルの食事：夕食・不可",
          "旅館・ホテルの宿泊予約・不可"
        ],
        "url": "https://www.kurumatabi.com/park/rvpark/1639.html",
        "geocode_source": "auto"
      }
    },
    {
      "type": "Feature",
      "geometry": {
        "type": "Point",
        "coordinates": [
          129.860612,
          33.190674
        ]
      },
      "properties": {
        "name": "RVパーク有田温泉",
        "pref": "佐賀県",
        "address": "佐賀県西松浦郡有田町南原 甲902",
        "phone": "0955-42-6988",
        "fee": "1泊 2,400円／1台 【利用可能台数】15台 (軽 1,800円／1台)(トレーラー 2,900円／1台) 電源利用料については、 電源の有無 の項目をご確認ください。 最新の料金は直接施設へ事前確認をお願いします。",
        "available_period": "通年 日祝 日祝の前日 春休み GW 夏休み お盆 冬休み 年末年始 平日 ※機器メンテナンス等により臨時休業日がございますので予めご了承願います。 施設により不定期のお休み・休業を設定している場合があります。ご利用可能日は事前に各施設にお問い合わせください。",
        "checkin_checkout": "チェックイン: 10:00 ～ / チェックアウト: 10:30 ～ 12:00",
        "vehicle_size": "フルコン セミフルコン バスコン キャブコン バンコン トレーラー 軽キャン 一般車",
        "features": [
          "24時間利用OK",
          "入浴施設あり（施設内）",
          "温泉あり",
          "ごみ処理対応可（有料）",
          "電源あり（有料）",
          "発電機・不可",
          "水道あり（有料）",
          "ペットOK"
        ],
        "url": "https://www.kurumatabi.com/park/rvpark/557.html",
        "geocode_source": "auto"
      }
    },
    {
      "type": "Feature",
      "geometry": {
        "type": "Point",
        "coordinates": [
          130.306509,
          33.261218
        ]
      },
      "properties": {
        "name": "街中RVパーク石の蔵",
        "pref": "佐賀県",
        "address": "佐賀県佐賀市大財5-6-4",
        "phone": "0952-27-8851",
        "fee": "一般: 平日1名様 3,500円 / 一般: 平日2～4名様 4,500円 / 一般: 平日5～6名様 5,000円",
        "available_period": "通年 日祝 日祝の前日 春休み GW 夏休み お盆 冬休み 年末年始 平日 施設により不定期のお休み・休業を設定している場合があります。ご利用可能日は事前に各施設にお問い合わせください。",
        "checkin_checkout": "チェックイン: 15:00 ～ 19:00 / チェックアウト: 特になし ～ 12:00",
        "vehicle_size": "セミフルコン バスコン キャブコン バンコン 軽キャン 一般車 下記駐車場サイズもご確認ください。 利用可能かどうか判断がつかない場合は、施設までお問い合わせください。",
        "features": [
          "24時間利用OK",
          "温水洗浄便座あり",
          "入浴施設あり（車移動あり）",
          "温泉あり",
          "ブラックOK",
          "ごみ処理対応可（無料）",
          "電源あり（無料）",
          "発電機・不可",
          "水道あり（無料）",
          "コインランドリーあり",
          "ペットOK",
          "WI-FIあり（無料）",
          "旅館・ホテルの食事：朝食・不可",
          "旅館・ホテルの食事：夕食・不可",
          "宿泊予約OK"
        ],
        "url": "https://www.kurumatabi.com/park/rvpark/1005.html",
        "geocode_source": "auto"
      }
    },
    {
      "type": "Feature",
      "geometry": {
        "type": "Point",
        "coordinates": [
          135.06745,
          34.93823
        ]
      },
      "properties": {
        "name": "RVパーク B'sForest",
        "pref": "兵庫県",
        "address": "兵庫県加東市黒谷1197-761",
        "phone": "070-7464-2049",
        "fee": "■一般サイト 1泊 3,000円／1台(2区画) ■VIPサイト 1泊 3,500円(1区画) ■プレミアムサイト 1泊 4,000円／１台(2区画） ■貸しルーム 1泊 3,000円(1棟） 電源（EV普通充電）無料 利用可能台数計5台(トレーラー含む) 入浴（プレミアムサイト利用者のみ）大人 600円 小人 400円 電源利用料については、 電源の有無 の項目をご確認ください。 最新の料金は直接施設へ事前確認をお願いします。",
        "available_period": "通年 日祝 日祝の前日 春休み GW 夏休み お盆 冬休み 年末年始 平日 施設により不定期のお休み・休業を設定している場合があります。ご利用可能日は事前に各施設にお問い合わせください。",
        "checkin_checkout": "チェックイン: 15:00 ～ 0:00 / チェックアウト: 特になし ～ 11:00",
        "vehicle_size": "フルコン セミフルコン バスコン キャブコン バンコン トレーラー 軽キャン 一般車 その他 下記駐車場サイズもご確認ください。 利用可能かどうか判断がつかない場合は、施設までお問い合わせください。",
        "features": [
          "24時間利用OK",
          "温水洗浄便座あり",
          "入浴施設あり（施設内）",
          "湯沸かし浴槽あり",
          "ブラック・グレーOK",
          "ごみ処理対応可（有料）",
          "電源あり（無料）",
          "発電機利用可(時間指定あり)",
          "水道あり（無料）",
          "炊事場あり",
          "コインランドリー・なし",
          "ペットOK",
          "WI-FIあり（無料）"
        ],
        "url": "https://www.kurumatabi.com/park/rvpark/908.html",
        "geocode_source": "auto"
      }
    },
    {
      "type": "Feature",
      "geometry": {
        "type": "Point",
        "coordinates": [
          134.718278,
          35.127111
        ]
      },
      "properties": {
        "name": "RVパーク COROHIMERIVER",
        "pref": "兵庫県",
        "address": "兵庫県神崎郡神河町長谷字新田23-2",
        "phone": "050-3852-1212",
        "fee": "一般: 【平日】1泊・1区画 ※繁忙期除く 4,000円 / 一般: 【土日祝】1泊・1区画 6,000円",
        "available_period": "通年 定休日：月曜・火曜日（繁忙期は不定休） 施設により不定期のお休み・休業を設定している場合があります。ご利用可能日は事前に各施設にお問い合わせください。",
        "checkin_checkout": "チェックイン: 13:30 ～ 17:00 / チェックアウト: 9:00 ～ 11:00",
        "vehicle_size": "キャブコン バンコン 軽キャン 一般車 下記駐車場サイズもご確認ください。 利用可能かどうか判断がつかない場合は、施設までお問い合わせください。",
        "features": [
          "24時間利用OK",
          "入浴施設あり（施設内）",
          "シャワーあり",
          "ごみ処理対応可（有料）",
          "電源あり（有料）",
          "発電機利用可(時間指定あり)",
          "水道あり（無料）",
          "炊事場なし",
          "コインランドリー・なし",
          "ペットOK",
          "WI-FIの利用・なし",
          "朝食予約OK",
          "夕食予約OK",
          "宿泊予約OK"
        ],
        "url": "https://www.kurumatabi.com/park/rvpark/1702.html",
        "geocode_source": "auto"
      }
    },
    {
      "type": "Feature",
      "geometry": {
        "type": "Point",
        "coordinates": [
          134.829672,
          35.635793
        ]
      },
      "properties": {
        "name": "RVパーク HESTA城崎",
        "pref": "兵庫県",
        "address": "兵庫県豊岡市小島1188-3",
        "phone": "0796-28-3205",
        "fee": "一般: 平日 3,000円",
        "available_period": "通年 日祝 日祝の前日 春休み GW 夏休み お盆 冬休み 年末年始 平日 ホテル休館日あり お気軽にお問合せ下さい。 施設により不定期のお休み・休業を設定している場合があります。ご利用可能日は事前に各施設にお問い合わせください。",
        "checkin_checkout": "チェックイン: 15:00 ～ 20:00 / チェックアウト: 8:00 ～ 10:00",
        "vehicle_size": "フルコン セミフルコン バスコン キャブコン バンコン トレーラー 軽キャン 一般車 下記駐車場サイズもご確認ください。 利用可能かどうか判断がつかない場合は、施設までお問い合わせください。",
        "features": [
          "24時間利用OK",
          "温水洗浄便座あり",
          "入浴施設あり（施設内）",
          "湯沸かし浴槽あり",
          "ダンプステーション・なし",
          "ごみ処理対応可（無料）",
          "電源あり（無料）",
          "発電機利用可(時間指定あり)",
          "水道あり（無料）",
          "炊事場なし",
          "コインランドリーあり",
          "ペットOK",
          "ドッグランなし",
          "WI-FIの利用・なし",
          "朝食予約OK",
          "夕食予約OK",
          "宿泊予約OK"
        ],
        "url": "https://www.kurumatabi.com/park/rvpark/1542.html",
        "geocode_source": "auto"
      }
    },
    {
      "type": "Feature",
      "geometry": {
        "type": "Point",
        "coordinates": [
          135.020473,
          34.56921
        ]
      },
      "properties": {
        "name": "RVパーク アクアイグニス淡路島",
        "pref": "兵庫県",
        "address": "兵庫県淡路市夢舞台2-28 アクアイグニス淡路島 内",
        "phone": "0799-73-6602",
        "fee": "一般: 1泊・1台につき 3,000円〜",
        "available_period": "通年 施設により不定期のお休み・休業を設定している場合があります。ご利用可能日は事前に各施設にお問い合わせください。",
        "checkin_checkout": "チェックイン: 13:00 ～ 22:00 / チェックアウト: 7:00 ～ 11:00",
        "vehicle_size": "キャブコン バンコン トレーラー 軽キャン 一般車 下記駐車場サイズもご確認ください。 利用可能かどうか判断がつかない場合は、施設までお問い合わせください。",
        "features": [
          "24時間利用OK",
          "温水洗浄便座あり",
          "入浴施設あり（施設内）",
          "温泉あり",
          "ダンプステーション・なし",
          "ごみ処理対応可（有料）",
          "電源あり（無料）",
          "発電機利用可(時間指定あり)",
          "水道あり（無料）",
          "コインランドリー・なし",
          "ペットOK",
          "ドッグランなし",
          "WI-FIあり（無料）",
          "宿泊予約OK"
        ],
        "url": "https://www.kurumatabi.com/park/rvpark/1501.html",
        "geocode_source": "auto"
      }
    },
    {
      "type": "Feature",
      "geometry": {
        "type": "Point",
        "coordinates": [
          134.649536,
          35.65691
        ]
      },
      "properties": {
        "name": "RVパーク カイノヴィラ",
        "pref": "兵庫県",
        "address": "兵庫県美方郡香美町境604",
        "phone": "0796-34-6409",
        "fee": "一般: １泊 5,000円",
        "available_period": "通年 施設により不定期のお休み・休業を設定している場合があります。ご利用可能日は事前に各施設にお問い合わせください。",
        "checkin_checkout": "チェックイン: 15:00 ～ 18:00 / チェックアウト: 9:00 ～ 11:00",
        "vehicle_size": "フルコン セミフルコン バスコン キャブコン バンコン トレーラー 軽キャン 一般車",
        "features": [
          "24時間利用OK",
          "温水洗浄便座あり",
          "入浴施設あり（施設内）",
          "シャワーあり",
          "ごみ処理対応現地相談（無料）",
          "電源あり（無料）",
          "発電機・不可",
          "水道あり（無料）",
          "炊事場なし",
          "ペットOK",
          "WI-FIの利用・なし"
        ],
        "url": "https://www.kurumatabi.com/park/rvpark/1304.html",
        "geocode_source": "auto"
      }
    },
    {
      "type": "Feature",
      "geometry": {
        "type": "Point",
        "coordinates": [
          135.0567,
          34.8501
        ]
      },
      "properties": {
        "name": "RVパーク ガーデンカフェ スロー",
        "pref": "兵庫県",
        "address": "兵庫県三木市口吉川町保木356",
        "phone": "0794-68-9101",
        "fee": "一般: １泊１台につき 3,000円〜4,000円",
        "available_period": "通年 日祝 日祝の前日 春休み GW 夏休み お盆 冬休み 年末年始 平日 カフェは年中無休です。 チェックイン １５時３０分以後 チャックアウト １1時まで お泊りの翌日、カフェでのランチをご利用される場合はチェックアウト時間を過ぎても、そのままご利用いtだけます。 施設により不定期のお休み・休業を設定している場合があります。ご利用可能日は事前に各施設にお問い合わせください。",
        "checkin_checkout": "チェックイン: 15:30 ～ 22:00 / チェックアウト: 7:00 ～ 11:00",
        "vehicle_size": "キャブコン バンコン 軽キャン 一般車 下記駐車場サイズもご確認ください。 利用可能かどうか判断がつかない場合は、施設までお問い合わせください。",
        "features": [
          "24時間利用OK",
          "温水洗浄便座あり",
          "入浴施設あり（施設内）",
          "シャワーあり",
          "ブラック・グレーOK",
          "ごみ処理対応可（有料）",
          "発電機利用可(時間指定なし)",
          "水道あり（無料）",
          "炊事場あり",
          "コインランドリーあり",
          "ペットOK",
          "ドッグランあり",
          "WI-FIあり（無料）",
          "朝食予約OK",
          "夕食予約OK",
          "旅館・ホテルの宿泊予約・不可"
        ],
        "url": "https://www.kurumatabi.com/park/rvpark/1523.html",
        "geocode_source": "auto"
      }
    },
    {
      "type": "Feature",
      "geometry": {
        "type": "Point",
        "coordinates": [
          134.779198,
          35.441956
        ]
      },
      "properties": {
        "name": "RVパーク 但馬の杜 COMOREBI Village",
        "pref": "兵庫県",
        "address": "兵庫県養父市八鹿町宿南2345-3",
        "phone": "080-9181-1924",
        "fee": "一般: フリーサイト・オープンサイトAB 2,800円〜3,800円 / 一般: ドッグプチサイト 4,300円 / 一般: ドッグフリーサイト 5,800円 / スタンダード会員: ドッグスイートサイト・屋根付めちゃ広サイト 9,800円 / スタンダード会員: 屋根付めちゃ広VIPサイト 10,800円",
        "available_period": "通年 不定期で休日となることがあります。 施設により不定期のお休み・休業を設定している場合があります。ご利用可能日は事前に各施設にお問い合わせください。",
        "checkin_checkout": "チェックイン: 13:00 ～ 18:30 / チェックアウト: 特になし ～ 11:00",
        "vehicle_size": "フルコン セミフルコン バスコン キャブコン バンコン トレーラー 軽キャン 一般車 その他 下記駐車場サイズもご確認ください。 利用可能かどうか判断がつかない場合は、施設までお問い合わせください。",
        "features": [
          "24時間利用OK",
          "温水洗浄便座あり",
          "入浴施設あり（施設内）",
          "シャワーあり",
          "ブラック・グレーOK",
          "ごみ処理対応可（有料）",
          "電源あり（無料）",
          "発電機・不可",
          "水道あり（無料）",
          "炊事場あり",
          "コインランドリーあり",
          "ペットOK",
          "ドッグランあり",
          "WI-FIあり（無料）",
          "旅館・ホテルの食事：朝食・不可",
          "旅館・ホテルの食事：夕食・不可",
          "旅館・ホテルの宿泊予約・不可"
        ],
        "url": "https://www.kurumatabi.com/park/rvpark/1589.html",
        "geocode_source": "auto"
      }
    },
    {
      "type": "Feature",
      "geometry": {
        "type": "Point",
        "coordinates": [
          135.063792,
          34.695601
        ]
      },
      "properties": {
        "name": "RVパーク 太山寺温泉なでしこの湯",
        "pref": "兵庫県",
        "address": "兵庫県神戸市西区伊川谷町前開270-1",
        "phone": "078-977-0261",
        "fee": "一般: 1泊・1台につき 3,000円〜4,000円 / スタンダード会員: 1泊・1台につき 3,000円〜4,000円 / プレミアム会員: 1泊・1台につき 2,500円〜3,500円",
        "available_period": "通年 日祝 日祝の前日 春休み GW 夏休み お盆 冬休み 年末年始 平日 施設により不定期のお休み・休業を設定している場合があります。ご利用可能日は事前に各施設にお問い合わせください。",
        "checkin_checkout": "チェックイン: 15:00 ～ 21:00 / チェックアウト: 7:30 ～ 10:00",
        "vehicle_size": "セミフルコン バスコン キャブコン バンコン トレーラー 軽キャン 一般車 下記駐車場サイズもご確認ください。 利用可能かどうか判断がつかない場合は、施設までお問い合わせください。",
        "features": [
          "24時間利用OK",
          "和式トイレ",
          "入浴施設あり（施設内）",
          "温泉あり",
          "ダンプステーション・なし",
          "ごみ処理対応可（無料）",
          "電源あり（無料）",
          "発電機・不可",
          "水道あり（無料）",
          "炊事場なし",
          "コインランドリーあり",
          "ペットOK",
          "ドッグランなし",
          "WI-FIの利用・なし",
          "朝食予約OK",
          "夕食予約OK",
          "宿泊予約OK"
        ],
        "url": "https://www.kurumatabi.com/park/rvpark/1093.html",
        "geocode_source": "auto"
      }
    },
    {
      "type": "Feature",
      "geometry": {
        "type": "Point",
        "coordinates": [
          135.0339,
          35.1817
        ]
      },
      "properties": {
        "name": "RVパーク 奥丹波ゲストハウス",
        "pref": "兵庫県",
        "address": "兵庫県丹波市氷上町常楽1087-1",
        "phone": "0795-88-5577",
        "fee": "一般: 1泊1台につき 3,300円",
        "available_period": "通年 施設により不定期のお休み・休業を設定している場合があります。ご利用可能日は事前に各施設にお問い合わせください。",
        "checkin_checkout": "チェックイン: 16:00 ～ 20:00 / チェックアウト: 特になし ～ 11:00",
        "vehicle_size": "フルコン セミフルコン バスコン キャブコン バンコン トレーラー 軽キャン 一般車 その他 下記駐車場サイズもご確認ください。 利用可能かどうか判断がつかない場合は、施設までお問い合わせください。",
        "features": [
          "24時間利用OK",
          "温水洗浄便座あり",
          "入浴施設あり（施設内）",
          "シャワーあり",
          "ダンプステーション・なし",
          "ごみ処理対応可（無料）",
          "電源あり（無料）",
          "発電機利用可(時間指定なし)",
          "水道あり（無料）",
          "炊事場なし",
          "コインランドリーあり",
          "ペットOK",
          "ドッグランなし",
          "WI-FIあり（無料）",
          "旅館・ホテルの食事：朝食・不可",
          "旅館・ホテルの食事：夕食・不可",
          "宿泊予約OK"
        ],
        "url": "https://www.kurumatabi.com/park/rvpark/1540.html",
        "geocode_source": "auto"
      }
    },
    {
      "type": "Feature",
      "geometry": {
        "type": "Point",
        "coordinates": [
          134.661024,
          34.807286
        ]
      },
      "properties": {
        "name": "RVパーク 姫路Dreamy",
        "pref": "兵庫県",
        "address": "兵庫県姫路市飾磨区蓼野町134 PROSHOP DREAMY",
        "phone": "079-243-1117",
        "fee": "一般: グリーン区画 2,500円 / 一般: フリー区画 2,000円",
        "available_period": "通年 定休日（木） ホームページでご確認ください。 施設により不定期のお休み・休業を設定している場合があります。ご利用可能日は事前に各施設にお問い合わせください。",
        "checkin_checkout": "チェックイン: 15:00 ～ 20:30 / チェックアウト: 特になし ～ 11:00",
        "vehicle_size": "セミフルコン バスコン キャブコン バンコン トレーラー 軽キャン 一般車 下記駐車場サイズもご確認ください。 利用可能かどうか判断がつかない場合は、施設までお問い合わせください。",
        "features": [
          "24時間利用OK",
          "温水洗浄便座あり",
          "入浴施設あり（車移動あり）",
          "温泉あり",
          "ごみ処理対応可（無料）",
          "電源あり（有料）",
          "発電機・不可",
          "水道あり（無料）",
          "コインランドリー・なし",
          "ペットOK"
        ],
        "url": "https://www.kurumatabi.com/park/rvpark/1618.html",
        "geocode_source": "auto"
      }
    },
    {
      "type": "Feature",
      "geometry": {
        "type": "Point",
        "coordinates": [
          134.533895,
          35.451639
        ]
      },
      "properties": {
        "name": "RVパーク 宙の森ホテル花郷里",
        "pref": "兵庫県",
        "address": "兵庫県美方郡香美町小代区大谷300",
        "phone": "0796-99-6009",
        "fee": "一般: 1泊 ／ 1台(トレーラー含む) 3,500円 / スタンダード会員: 会員カード提示 1泊 ／ 1台(トレーラー含む) 一般料金より300円値引き 3,200円 / プレミアム会員: 会員カード提示 1泊 ／ 1台(トレーラー含む) 一般料金より300円値引き 3,200円",
        "available_period": "通年 日祝 日祝の前日 春休み GW 夏休み お盆 冬休み 年末年始 平日 夜20：00～朝7：00までの車の出入り、移動はできません。 ※冬期は除雪や凍結対策のため、18:00～9:00まで動かせません。 施設により不定期のお休み・休業を設定している場合があります。ご利用可能日は事前に各施設にお問い合わせください。",
        "checkin_checkout": "チェックイン: 14:00 ～ 18:00 / チェックアウト: 7:00 ～ 11:00",
        "vehicle_size": "フルコン セミフルコン バスコン キャブコン バンコン トレーラー 軽キャン 一般車 その他 下記駐車場サイズもご確認ください。 利用可能かどうか判断がつかない場合は、施設までお問い合わせください。",
        "features": [
          "24時間利用OK",
          "温水洗浄便座あり",
          "入浴施設あり（施設内）",
          "温泉あり",
          "ダンプステーション・なし",
          "ごみ処理対応可（無料）",
          "電源あり（有料）",
          "発電機・不可",
          "水道あり（無料）",
          "炊事場あり",
          "コインランドリーあり",
          "ペットOK",
          "ドッグランあり",
          "WI-FIあり（無料）",
          "朝食予約OK",
          "夕食予約OK",
          "宿泊予約OK"
        ],
        "url": "https://www.kurumatabi.com/park/rvpark/807.html",
        "geocode_source": "auto"
      }
    },
    {
      "type": "Feature",
      "geometry": {
        "type": "Point",
        "coordinates": [
          134.906778,
          34.435309
        ]
      },
      "properties": {
        "name": "RVパーク 島唄",
        "pref": "兵庫県",
        "address": "兵庫県淡路市志筑９１－３",
        "phone": "0799-60-0025",
        "fee": "一般: 1泊・1台につき 3,000円",
        "available_period": "通年 施設により不定期のお休み・休業を設定している場合があります。ご利用可能日は事前に各施設にお問い合わせください。",
        "checkin_checkout": "チェックイン: 16:00 ～ 22:00 / チェックアウト: 0:00 ～ 10:00",
        "vehicle_size": "キャブコン バンコン 軽キャン 一般車 下記駐車場サイズもご確認ください。 利用可能かどうか判断がつかない場合は、施設までお問い合わせください。",
        "features": [
          "24時間利用OK",
          "温水洗浄便座あり",
          "入浴施設あり（徒歩圏内あり）",
          "湯沸かし浴槽あり",
          "ごみ処理対応可（有料）",
          "電源あり（有料）",
          "発電機・不可",
          "水道あり（無料）",
          "炊事場なし",
          "コインランドリー・なし",
          "ペットOK",
          "ドッグランなし",
          "WI-FIの利用・なし",
          "旅館・ホテルの食事：朝食・不可",
          "旅館・ホテルの食事：夕食・不可",
          "宿泊予約OK"
        ],
        "url": "https://www.kurumatabi.com/park/rvpark/1333.html",
        "geocode_source": "auto"
      }
    },
    {
      "type": "Feature",
      "geometry": {
        "type": "Point",
        "coordinates": [
          134.848611,
          34.307333
        ]
      },
      "properties": {
        "name": "RVパーク 淡路島の郷 前平ベース",
        "pref": "兵庫県",
        "address": "兵庫県洲本市前平205-2",
        "phone": "08053631638",
        "fee": "一般: 1泊1台 2,750円〜4,400円 / スタンダード会員: 1泊1台 2,750円〜4,400円 / プレミアム会員: 1泊1台 2,750円〜4,400円",
        "available_period": "通年 こちらの都合で受けられない場合がございます。 施設により不定期のお休み・休業を設定している場合があります。ご利用可能日は事前に各施設にお問い合わせください。",
        "checkin_checkout": "チェックイン: 16:00 ～ 21:00 / チェックアウト: 7:00 ～ 10:00",
        "vehicle_size": "キャブコン バンコン 軽キャン 一般車 下記駐車場サイズもご確認ください。 利用可能かどうか判断がつかない場合は、施設までお問い合わせください。",
        "features": [
          "24時間利用OK",
          "特に機能なし",
          "入浴施設あり（車移動あり）",
          "温泉あり",
          "ごみ処理対応可（有料）",
          "電源あり（有料）",
          "発電機・不可",
          "水道あり（無料）",
          "炊事場なし",
          "コインランドリー・なし",
          "ペットOK",
          "ドッグランなし",
          "WI-FIあり（無料）",
          "旅館・ホテルの食事：夕食・不可",
          "旅館・ホテルの宿泊予約・不可"
        ],
        "url": "https://www.kurumatabi.com/park/rvpark/1373.html",
        "geocode_source": "auto"
      }
    },
    {
      "type": "Feature",
      "geometry": {
        "type": "Point",
        "coordinates": [
          134.916567,
          34.676189
        ]
      },
      "properties": {
        "name": "RVパークE‐POINT",
        "pref": "兵庫県",
        "address": "兵庫県明石市大久保町江井島２７０－９",
        "phone": "080-3813-1248",
        "fee": "一般: １泊１台 3,000円 / 一般: １泊１台トレーラー料金 3,500円 / スタンダード会員: １泊１台 3,000円 / スタンダード会員: １泊１台トレーラー料金 3,500円 / プレミアム会員: １泊１台 2,500円 / プレミアム会員: １泊１台トレーラー料金 3,000円",
        "available_period": "通年 日祝 日祝の前日 春休み GW 夏休み お盆 冬休み 年末年始 平日 施設により不定期のお休み・休業を設定している場合があります。ご利用可能日は事前に各施設にお問い合わせください。",
        "checkin_checkout": "チェックイン: 13:00 ～ 19:00 / チェックアウト: 特になし ～ 12:00",
        "vehicle_size": "セミフルコン バスコン キャブコン バンコン トレーラー 軽キャン 一般車 その他 下記駐車場サイズもご確認ください。 利用可能かどうか判断がつかない場合は、施設までお問い合わせください。",
        "features": [
          "24時間利用OK",
          "温水洗浄便座あり",
          "入浴施設あり（車移動あり）",
          "温泉あり",
          "グレーOK",
          "ごみ処理対応可（無料）",
          "電源あり（無料）",
          "発電機・不可",
          "水道あり（無料）",
          "コインランドリーあり",
          "ペットOK",
          "WI-FIあり（無料）",
          "旅館・ホテルの食事：朝食・不可",
          "旅館・ホテルの食事：夕食・不可",
          "旅館・ホテルの宿泊予約・不可"
        ],
        "url": "https://www.kurumatabi.com/park/rvpark/1132.html",
        "geocode_source": "auto"
      }
    },
    {
      "type": "Feature",
      "geometry": {
        "type": "Point",
        "coordinates": [
          134.87083,
          35.303026
        ]
      },
      "properties": {
        "name": "RVパーク　FujiFarm TAJIMA Base Field",
        "pref": "兵庫県",
        "address": "兵庫県朝来市山東町大垣１３－１",
        "phone": "079-660-2498",
        "fee": "一般: 1泊 3,300円",
        "available_period": "通年 通年営業しております。 悪天候や積雪状況により休業する場合があります。 各種体験・BBQは事前予約をお願いいたします。 施設により不定期のお休み・休業を設定している場合があります。ご利用可能日は事前に各施設にお問い合わせください。",
        "checkin_checkout": "チェックイン: 15:00 ～ 19:00 / チェックアウト: 7:00 ～ 11:00",
        "vehicle_size": "セミフルコン バスコン キャブコン バンコン トレーラー 軽キャン 一般車 下記駐車場サイズもご確認ください。 利用可能かどうか判断がつかない場合は、施設までお問い合わせください。",
        "features": [
          "24時間利用OK",
          "入浴施設あり（車移動あり）",
          "温泉あり",
          "ごみ処理対応可（有料）",
          "電源あり（有料）",
          "発電機利用可(時間指定あり)",
          "水道あり（無料）",
          "ペットOK"
        ],
        "url": "https://www.kurumatabi.com/park/rvpark/1677.html",
        "geocode_source": "auto"
      }
    },
    {
      "type": "Feature",
      "geometry": {
        "type": "Point",
        "coordinates": [
          134.622807,
          35.638518
        ]
      },
      "properties": {
        "name": "RVパーク　カフェ宿　夕香楼しょう和",
        "pref": "兵庫県",
        "address": "兵庫県美方郡香美町香住区七日市312-1",
        "phone": "0796-36-0052",
        "fee": "2名1泊 6,000円／1台(トレーラー含む・100V電源代込) ※3名以上は料金が異なります 【利用可能台数】2台 ◆オリジナル・リトルサービス◆ ・ゴミ袋配布【チェックアウト時回収】 ・宿内トイレ利用【6時～23時】 ・温泉無料利用 【フェイスタオル無料 バスタオルの貸出は有料】 ・ワンドリンクサービス (ペットボトル飲料)車1台につき2杯付 ・100V電源供給設備を完備 電源利用料については、 電源の有無 の項目をご確認ください。 最新の料金は直接施設へ事前確認をお願いします。",
        "available_period": "通年 ※土曜日及び、GW・お盆・年末年始も空きがあればご利用可。 ※ご予約者様の兼ね合いにより受け入れ出来ないときもございます。 施設により不定期のお休み・休業を設定している場合があります。ご利用可能日は事前に各施設にお問い合わせください。",
        "checkin_checkout": "チェックイン: 15:00 ～ 20:00 / チェックアウト: 10:00 ～ 11:00",
        "vehicle_size": "フルコン セミフルコン バスコン キャブコン バンコン 軽キャン 一般車",
        "features": [
          "利用時間制限あり",
          "入浴施設あり（施設内）",
          "温泉あり",
          "ごみ処理対応可（無料）",
          "電源あり（無料）",
          "発電機利用可(時間指定なし)",
          "水道・なし",
          "炊事場なし",
          "コインランドリー・なし",
          "ペットOK",
          "ドッグランなし",
          "WI-FIの利用・なし",
          "朝食予約OK",
          "夕食予約OK",
          "宿泊予約OK"
        ],
        "url": "https://www.kurumatabi.com/park/rvpark/808.html",
        "geocode_source": "auto"
      }
    },
    {
      "type": "Feature",
      "geometry": {
        "type": "Point",
        "coordinates": [
          134.565954,
          35.404456
        ]
      },
      "properties": {
        "name": "RVパークハチ北",
        "pref": "兵庫県",
        "address": "兵庫県美方郡香美町村岡区大笹15-1",
        "phone": "0796-96-0732",
        "fee": "1泊 2,500円～／1台 【利用可能台数】20台 【利用料金】 ■月～木、日 2,500円/1台 ■金、土、祝祭日・7/22～8/31 3,000円/1台 【備考】 ※電源区画は5台のみ 原則予約制となりますので事前にTELにてお問合せご連絡をください。 電源利用料については、 電源の有無 の項目をご確認ください。 最新の料金は直接施設へ事前確認をお願いします。",
        "available_period": "日祝 日祝の前日 春休み GW 夏休み お盆 平日 ※12/1～3/31 降雪時期は原則閉鎖となります。事前にお問い合わせください。 施設により不定期のお休み・休業を設定している場合があります。ご利用可能日は事前に各施設にお問い合わせください。",
        "checkin_checkout": "チェックイン: 14:00 ～ 16:30 / チェックアウト: 8:00 ～ 10:00",
        "vehicle_size": "フルコン セミフルコン バスコン キャブコン バンコン トレーラー 軽キャン 一般車",
        "features": [
          "24時間利用OK",
          "入浴施設あり（徒歩圏内あり）",
          "温泉あり",
          "ごみ処理対応可（無料）",
          "電源あり（有料）",
          "発電機利用可(時間指定あり)",
          "水道あり（無料）",
          "ペットOK",
          "ドッグランなし"
        ],
        "url": "https://www.kurumatabi.com/park/rvpark/852.html",
        "geocode_source": "auto"
      }
    },
    {
      "type": "Feature",
      "geometry": {
        "type": "Point",
        "coordinates": [
          134.976425,
          34.582863
        ]
      },
      "properties": {
        "name": "RVパークライト Awaji Canvas",
        "pref": "兵庫県",
        "address": "兵庫県淡路市野島貴船23-12",
        "phone": "09085362823",
        "fee": "一般: 1泊・1台につき 5,500円",
        "available_period": "日祝の前日 施設により不定期のお休み・休業を設定している場合があります。ご利用可能日は事前に各施設にお問い合わせください。",
        "checkin_checkout": "チェックイン: 14:00 ～ 17:00 / チェックアウト: 6:00 ～ 11:00",
        "vehicle_size": "キャブコン バンコン 軽キャン 一般車 下記駐車場サイズもご確認ください。 利用可能かどうか判断がつかない場合は、施設までお問い合わせください。",
        "features": [
          "24時間利用OK",
          "特に機能なし",
          "入浴施設あり（施設内）",
          "シャワーあり",
          "ゴミ処理対応・不可",
          "電源あり（無料）",
          "発電機・不可",
          "水道あり（無料）",
          "炊事場あり",
          "コインランドリー・なし",
          "ペットOK",
          "ドッグランなし",
          "WI-FIの利用・なし",
          "旅館・ホテルの食事：朝食・不可",
          "旅館・ホテルの食事：夕食・不可",
          "旅館・ホテルの宿泊予約・不可"
        ],
        "url": "https://www.kurumatabi.com/park/rvpark/1810.html",
        "geocode_source": "auto"
      }
    },
    {
      "type": "Feature",
      "geometry": {
        "type": "Point",
        "coordinates": [
          134.936604,
          35.231425
        ]
      },
      "properties": {
        "name": "RVパーク丹波くるり",
        "pref": "兵庫県",
        "address": "兵庫県丹波市青垣町大名草1272-1",
        "phone": "050-3595-7713",
        "fee": "一般: 1泊・1台につき 2,090円〜 / スタンダード会員: 1泊・1台につき 2,090円〜 / プレミアム会員: 1泊・1台につき 2,090円〜",
        "available_period": "通年 日祝 日祝の前日 春休み GW 夏休み お盆 冬休み 年末年始 平日 施設により不定期のお休み・休業を設定している場合があります。ご利用可能日は事前に各施設にお問い合わせください。",
        "checkin_checkout": "チェックイン: 14:00 ～ 特になし / チェックアウト: 特になし ～ 14:00",
        "vehicle_size": "フルコン セミフルコン バスコン キャブコン バンコン トレーラー 軽キャン 一般車 その他 下記駐車場サイズもご確認ください。 利用可能かどうか判断がつかない場合は、施設までお問い合わせください。",
        "features": [
          "24時間利用OK",
          "温水洗浄便座あり",
          "入浴施設あり（車移動あり）",
          "温泉あり",
          "ごみ処理対応可（無料）",
          "電源あり（無料）",
          "発電機利用可(時間指定あり)",
          "水道あり（無料）",
          "炊事場あり",
          "コインランドリーあり",
          "ペットOK",
          "ドッグランあり",
          "WI-FIあり（無料）",
          "旅館・ホテルの食事：朝食・不可",
          "旅館・ホテルの食事：夕食・不可",
          "旅館・ホテルの宿泊予約・不可"
        ],
        "url": "https://www.kurumatabi.com/park/rvpark/1246.html",
        "geocode_source": "auto"
      }
    },
    {
      "type": "Feature",
      "geometry": {
        "type": "Point",
        "coordinates": [
          135.240449,
          35.068727
        ]
      },
      "properties": {
        "name": "RVパーク丹波篠山",
        "pref": "兵庫県",
        "address": "兵庫県丹波篠山市八上下170",
        "phone": "090-3705-4337",
        "fee": "一般: 1泊/1台 2,500円 / スタンダード会員: 1泊/1台 2,000円 / プレミアム会員: 1泊/1台 1,800円",
        "available_period": "通年 日祝 日祝の前日 春休み GW 夏休み お盆 冬休み 年末年始 平日 施設により不定期のお休み・休業を設定している場合があります。ご利用可能日は事前に各施設にお問い合わせください。",
        "checkin_checkout": "チェックイン: 14:00 ～ 20:00 / チェックアウト: 6:00 ～ 12:00",
        "vehicle_size": "セミフルコン キャブコン バンコン 軽キャン 一般車 下記駐車場サイズもご確認ください。 利用可能かどうか判断がつかない場合は、施設までお問い合わせください。",
        "features": [
          "24時間利用OK",
          "温水洗浄便座あり",
          "入浴施設あり（車移動あり）",
          "湯沸かし浴槽あり",
          "ブラック・グレーOK",
          "ごみ処理対応可（無料）",
          "電源あり（無料）",
          "発電機利用可(時間指定あり)",
          "水道あり（無料）",
          "炊事場あり",
          "コインランドリー・なし",
          "ペットOK",
          "WI-FIの利用・なし",
          "旅館・ホテルの食事：朝食・不可",
          "旅館・ホテルの食事：夕食・不可",
          "旅館・ホテルの宿泊予約・不可"
        ],
        "url": "https://www.kurumatabi.com/park/rvpark/1026.html",
        "geocode_source": "auto"
      }
    },
    {
      "type": "Feature",
      "geometry": {
        "type": "Point",
        "coordinates": [
          134.745092,
          34.358214
        ]
      },
      "properties": {
        "name": "RVパーク五色浜サンセットビュー（淡路島）",
        "pref": "兵庫県",
        "address": "兵庫県洲本市五色町鳥飼浦731-5",
        "phone": "0799-34-0532",
        "fee": "1泊 4,000円／1台(トレーラーの場合、ヘッド車 別途2,000円) 【利用可能台数】4台 区画:5m×7m 電源利用料については、 電源の有無 の項目をご確認ください。 最新の料金は直接施設へ事前確認をお願いします。",
        "available_period": "通年 日祝 日祝の前日 春休み GW 夏休み お盆 冬休み 年末年始 平日 施設により不定期のお休み・休業を設定している場合があります。ご利用可能日は事前に各施設にお問い合わせください。",
        "checkin_checkout": "チェックイン: 14:00 ～ 18:00 / チェックアウト: 特になし ～ 10:00",
        "vehicle_size": "セミフルコン バスコン キャブコン バンコン トレーラー 軽キャン 一般車",
        "features": [
          "24時間利用OK",
          "入浴施設あり（車移動あり）",
          "温泉あり",
          "ごみ処理対応可（無料）",
          "電源あり（有料）",
          "発電機・不可",
          "水道あり（無料）",
          "ペットOK",
          "夕食予約OK",
          "宿泊予約OK"
        ],
        "url": "https://www.kurumatabi.com/park/rvpark/906.html",
        "geocode_source": "auto"
      }
    },
    {
      "type": "Feature",
      "geometry": {
        "type": "Point",
        "coordinates": [
          134.811766,
          35.620079
        ]
      },
      "properties": {
        "name": "RVパーク城崎温泉　いなばや",
        "pref": "兵庫県",
        "address": "兵庫県豊岡市城崎町今津410",
        "phone": "090-8247-5175",
        "fee": "一般: 1台につき 3,300円〜3,850円",
        "available_period": "通年 日祝 日祝の前日 春休み GW 夏休み お盆 冬休み 年末年始 平日 毎週火曜日と水曜日は受付の酒屋が定休日です。 その場合RVパークは無人チェックインにて対応させて頂きます。 詳しいチェックインの方法についてはご予約時にお電話にてお伝えさせて頂きます。 ご不便おかけしますがご理解の程よろしくお願い致します。 施設により不定期のお休み・休業を設定している場合があります。ご利用可能日は事前に各施設にお問い合わせください。",
        "checkin_checkout": "チェックイン: 15:00 ～ 18:00 / チェックアウト: 特になし ～ 14:00",
        "vehicle_size": "フルコン セミフルコン バスコン キャブコン バンコン トレーラー 軽キャン 一般車 その他 下記駐車場サイズもご確認ください。 利用可能かどうか判断がつかない場合は、施設までお問い合わせください。",
        "features": [
          "24時間利用OK",
          "温水洗浄便座あり",
          "入浴施設あり（徒歩圏内あり）",
          "温泉あり",
          "ブラック・グレーOK",
          "ごみ処理対応可（無料）",
          "電源あり（有料）",
          "発電機・不可",
          "水道あり（無料）",
          "炊事場あり",
          "コインランドリーあり",
          "ペットOK",
          "ドッグランなし",
          "WI-FIあり（無料）",
          "朝食予約OK",
          "夕食予約OK",
          "旅館・ホテルの宿泊予約・不可"
        ],
        "url": "https://www.kurumatabi.com/park/rvpark/921.html",
        "geocode_source": "auto"
      }
    },
    {
      "type": "Feature",
      "geometry": {
        "type": "Point",
        "coordinates": [
          134.489742,
          35.554574
        ]
      },
      "properties": {
        "name": "RVパーク大江戸温泉物語 三好屋",
        "pref": "兵庫県",
        "address": "兵庫県美方郡新温泉町湯1671-3",
        "phone": "050-3615-3456",
        "fee": "一般: 1泊 3,500円",
        "available_period": "通年 日祝 日祝の前日 春休み 夏休み 冬休み 平日 宿の休館日は、RVパークもご利用いただけません。 最新の休館情報につきましては、宿公式ホームページをご確認ください。 【宿HP：https://www.ooedoonsen.jp/miyoshiya/】 なお、災害や積雪などの影響により、予告なく急遽休業する場合がございます。あらかじめご了承ください。 施設により不定期のお休み・休業を設定している場合があります。ご利用可能日は事前に各施設にお問い合わせください。",
        "checkin_checkout": "チェックイン: 15:00 ～ 21:00 / チェックアウト: 特になし ～ 11:00",
        "vehicle_size": "キャブコン バンコン 軽キャン 一般車 下記駐車場サイズもご確認ください。 利用可能かどうか判断がつかない場合は、施設までお問い合わせください。",
        "features": [
          "24時間利用OK",
          "入浴施設あり（施設内）",
          "温泉あり",
          "ダンプステーション・なし",
          "ごみ処理対応可（無料）",
          "電源あり（有料）",
          "発電機・不可",
          "水道・なし",
          "ペットOK"
        ],
        "url": "https://www.kurumatabi.com/park/rvpark/1837.html",
        "geocode_source": "auto"
      }
    },
    {
      "type": "Feature",
      "geometry": {
        "type": "Point",
        "coordinates": [
          134.894775,
          34.391372
        ]
      },
      "properties": {
        "name": "RVパーク淡路島シームーン",
        "pref": "兵庫県",
        "address": "兵庫県洲本市安乎町平安浦1970-6",
        "phone": "050-3160-0455",
        "fee": "一般: 平日・日曜日： 1泊 / 1台 4,000円〜 / 一般: 土曜・祝前日： 1泊 / 1台 6,000円〜 / 一般: GW・8月・SW・年末年始： 1泊 / 1台 6,000円〜",
        "available_period": "通年 日祝 日祝の前日 春休み GW 夏休み お盆 冬休み 年末年始 平日 施設により不定期のお休み・休業を設定している場合があります。ご利用可能日は事前に各施設にお問い合わせください。",
        "checkin_checkout": "チェックイン: 13:00 ～ 21:00 / チェックアウト: 7:00 ～ 11:00",
        "vehicle_size": "フルコン セミフルコン バスコン キャブコン バンコン トレーラー 軽キャン 一般車 下記駐車場サイズもご確認ください。 利用可能かどうか判断がつかない場合は、施設までお問い合わせください。",
        "features": [
          "24時間利用OK",
          "温水洗浄便座あり",
          "入浴施設あり（施設内）",
          "温泉あり",
          "ダンプステーション・なし",
          "ごみ処理対応可（無料）",
          "電源あり（無料）",
          "発電機利用可(時間指定あり)",
          "水道あり（無料）",
          "ペットOK",
          "WI-FIの利用・なし",
          "旅館・ホテルの食事：朝食・不可",
          "夕食予約OK",
          "宿泊予約OK"
        ],
        "url": "https://www.kurumatabi.com/park/rvpark/989.html",
        "geocode_source": "auto"
      }
    },
    {
      "type": "Feature",
      "geometry": {
        "type": "Point",
        "coordinates": [
          134.570677,
          35.556569
        ]
      },
      "properties": {
        "name": "RVパーク香美の隠れ家ときめき矢田川ヴィレッジ",
        "pref": "兵庫県",
        "address": "兵庫県美方郡香美町村岡区長瀬933-1",
        "phone": "0796-95-1369",
        "fee": "一般: 1泊/1台 1,500円",
        "available_period": "通年 日祝 日祝の前日 春休み GW 夏休み お盆 冬休み 年末年始 平日 降雪期は閉鎖となります。 施設により不定期のお休み・休業を設定している場合があります。ご利用可能日は事前に各施設にお問い合わせください。",
        "checkin_checkout": "チェックイン: 15:00 ～ 17:00 / チェックアウト: 9:00 ～ 14:00",
        "vehicle_size": "フルコン セミフルコン バスコン キャブコン バンコン トレーラー 軽キャン",
        "features": [
          "24時間利用OK",
          "入浴施設あり（車移動あり）",
          "温泉あり",
          "ごみ処理対応可（無料）",
          "電源あり（有料）",
          "発電機利用可(時間指定あり)",
          "水道あり（無料）",
          "ペットOK",
          "ドッグランあり"
        ],
        "url": "https://www.kurumatabi.com/park/rvpark/732.html",
        "geocode_source": "auto"
      }
    },
    {
      "type": "Feature",
      "geometry": {
        "type": "Point",
        "coordinates": [
          135.151636,
          34.650695
        ]
      },
      "properties": {
        "name": "【NEW】RVパーク JUBILATIONS × アグロガーデン神戸",
        "pref": "兵庫県",
        "address": "兵庫県神戸市長田区南駒栄町1-7 アグロガーデン神戸駒ヶ林店 屋上",
        "phone": "05054973883",
        "fee": "一般: 1泊1台 4,400円",
        "available_period": "通年 施設により不定期のお休み・休業を設定している場合があります。ご利用可能日は事前に各施設にお問い合わせください。",
        "checkin_checkout": "チェックイン: 15:00 ～ 19:30 / チェックアウト: 7:00 ～ 14:00",
        "vehicle_size": "キャブコン バンコン 軽キャン 一般車 下記駐車場サイズもご確認ください。 利用可能かどうか判断がつかない場合は、施設までお問い合わせください。",
        "features": [
          "24時間利用OK",
          "温水洗浄便座あり",
          "入浴施設あり（施設内）",
          "温泉あり",
          "ダンプステーション・なし",
          "ごみ処理対応可（無料）",
          "電源あり（無料）",
          "発電機・不可",
          "水道あり（無料）",
          "炊事場あり",
          "コインランドリーあり",
          "ペットOK",
          "ドッグランなし",
          "WI-FIあり（無料）",
          "旅館・ホテルの食事：朝食・不可",
          "旅館・ホテルの食事：夕食・不可",
          "旅館・ホテルの宿泊予約・不可"
        ],
        "url": "https://www.kurumatabi.com/park/rvpark/1365.html",
        "geocode_source": "auto"
      }
    },
    {
      "type": "Feature",
      "geometry": {
        "type": "Point",
        "coordinates": [
          134.990767,
          35.513755
        ]
      },
      "properties": {
        "name": "たんたん温泉 RVパーク",
        "pref": "兵庫県",
        "address": "兵庫県豊岡市但東町坂野472-1",
        "phone": "09034861995",
        "fee": "一般: 1泊・1台につき 3,300円〜5,500円",
        "available_period": "通年 冬季積雪時期除く 施設により不定期のお休み・休業を設定している場合があります。ご利用可能日は事前に各施設にお問い合わせください。",
        "checkin_checkout": "チェックイン: 14:00 ～ 19:00 / チェックアウト: 5:00 ～ 11:00",
        "vehicle_size": "セミフルコン バスコン キャブコン バンコン 軽キャン 一般車 下記駐車場サイズもご確認ください。 利用可能かどうか判断がつかない場合は、施設までお問い合わせください。",
        "features": [
          "24時間利用OK",
          "特に機能なし",
          "入浴施設あり（徒歩圏内あり）",
          "温泉あり",
          "ブラック・グレーOK",
          "ごみ処理対応可（無料）",
          "電源あり（無料）",
          "発電機・不可",
          "水道あり（無料）",
          "炊事場あり",
          "コインランドリー・なし",
          "ペットOK",
          "ドッグランあり",
          "WI-FIの利用・なし",
          "旅館・ホテルの食事：朝食・不可",
          "旅館・ホテルの食事：夕食・不可",
          "旅館・ホテルの宿泊予約・不可"
        ],
        "url": "https://www.kurumatabi.com/park/rvpark/1646.html",
        "geocode_source": "auto"
      }
    },
    {
      "type": "Feature",
      "geometry": {
        "type": "Point",
        "coordinates": [
          134.613212,
          35.117308
        ]
      },
      "properties": {
        "name": "奥播磨RVパークin森のようちえん",
        "pref": "兵庫県",
        "address": "兵庫県宍粟市一宮町能倉864",
        "phone": "090-1898-7697",
        "fee": "一般: 1泊・1台 3,000円〜4,500円",
        "available_period": "日祝 日祝の前日 併設施設の森のようちえんかしのみで受付 かしのみの営業時間 8:00−20:00（木・金・土・日） ※月・火・水は定休日 施設により不定期のお休み・休業を設定している場合があります。ご利用可能日は事前に各施設にお問い合わせください。",
        "checkin_checkout": "チェックイン: 13:00 ～ 20:00 / チェックアウト: 6:00 ～ 11:00",
        "vehicle_size": "フルコン セミフルコン バスコン キャブコン バンコン トレーラー 軽キャン 一般車 その他 下記駐車場サイズもご確認ください。 利用可能かどうか判断がつかない場合は、施設までお問い合わせください。",
        "features": [
          "24時間利用OK",
          "温水洗浄便座あり",
          "入浴施設あり（車移動あり）",
          "温泉あり",
          "ゴミ処理対応・不可",
          "電源あり（有料）",
          "発電機利用可(時間指定あり)",
          "水道あり（無料）",
          "炊事場なし",
          "コインランドリー・なし",
          "ペットOK",
          "ドッグランあり",
          "WI-FIあり（無料）",
          "旅館・ホテルの食事：朝食・不可",
          "旅館・ホテルの食事：夕食・不可",
          "旅館・ホテルの宿泊予約・不可"
        ],
        "url": "https://www.kurumatabi.com/park/rvpark/1390.html",
        "geocode_source": "auto"
      }
    },
    {
      "type": "Feature",
      "geometry": {
        "type": "Point",
        "coordinates": [
          134.640112,
          34.839613
        ]
      },
      "properties": {
        "name": "姫路⭐︎RVパーク SQUARE",
        "pref": "兵庫県",
        "address": "兵庫県姫路市広畑区西蒲田8-5",
        "phone": "079-239-8685",
        "fee": "一般: 一泊 一台につき 3,850円〜8,580円",
        "available_period": "通年 施設により不定期のお休み・休業を設定している場合があります。ご利用可能日は事前に各施設にお問い合わせください。",
        "checkin_checkout": "チェックイン: 14:00 ～ 特になし / チェックアウト: 特になし ～ 11:00",
        "vehicle_size": "フルコン セミフルコン バスコン キャブコン バンコン トレーラー 軽キャン 下記駐車場サイズもご確認ください。 利用可能かどうか判断がつかない場合は、施設までお問い合わせください。",
        "features": [
          "24時間利用OK",
          "温水洗浄便座あり",
          "入浴施設あり（車移動あり）",
          "湯沸かし浴槽あり",
          "ブラック・グレーOK",
          "ごみ処理対応可（有料）",
          "電源あり（無料）",
          "発電機利用可(時間指定あり)",
          "水道あり（無料）",
          "炊事場なし",
          "コインランドリー・なし",
          "ペットOK",
          "ドッグランなし",
          "WI-FIの利用・なし",
          "旅館・ホテルの食事：朝食・不可",
          "旅館・ホテルの食事：夕食・不可",
          "旅館・ホテルの宿泊予約・不可"
        ],
        "url": "https://www.kurumatabi.com/park/rvpark/1187.html",
        "geocode_source": "auto"
      }
    },
    {
      "type": "Feature",
      "geometry": {
        "type": "Point",
        "coordinates": [
          134.683644,
          34.322076
        ]
      },
      "properties": {
        "name": "淡路島西海岸オートキャンプ場　RVパーク",
        "pref": "兵庫県",
        "address": "兵庫県南あわじ市津井1319-1",
        "phone": "050-3692-6687",
        "fee": "一般: 1台1泊(平日/日曜) 2,500円 / 一般: 1台1泊(土曜/特別日) 4,500円",
        "available_period": "通年 12月～2月末までオフシーズン 施設により不定期のお休み・休業を設定している場合があります。ご利用可能日は事前に各施設にお問い合わせください。",
        "checkin_checkout": "チェックイン: 12:00 ～ 20:30 / チェックアウト: 特になし ～ 11:00",
        "vehicle_size": "フルコン セミフルコン バスコン キャブコン バンコン トレーラー 軽キャン 一般車 その他 下記駐車場サイズもご確認ください。 利用可能かどうか判断がつかない場合は、施設までお問い合わせください。",
        "features": [
          "24時間利用OK",
          "温水洗浄便座あり",
          "入浴施設あり（車移動あり）",
          "温泉あり",
          "ごみ処理対応可（無料）",
          "電源あり（無料）",
          "発電機・不可",
          "水道あり（無料）",
          "炊事場あり",
          "コインランドリー・なし",
          "ペットOK",
          "ドッグランなし",
          "WI-FIあり（無料）",
          "旅館・ホテルの食事：朝食・不可",
          "旅館・ホテルの食事：夕食・不可",
          "旅館・ホテルの宿泊予約・不可"
        ],
        "url": "https://www.kurumatabi.com/park/rvpark/1247.html",
        "geocode_source": "auto"
      }
    },
    {
      "type": "Feature",
      "geometry": {
        "type": "Point",
        "coordinates": [
          134.75545,
          35.173725
        ]
      },
      "properties": {
        "name": "生野高原 カッセル RVパーク",
        "pref": "兵庫県",
        "address": "兵庫県朝来市生野町栃原1784-302",
        "phone": "079-679-4288",
        "fee": "一般: 1泊/1台 2,500円〜2,970円 / スタンダード会員: 1泊/1台 2,500円〜2,970円 / プレミアム会員: 1泊/1台 2,500円〜2,970円",
        "available_period": "日祝 日祝の前日 春休み GW 夏休み お盆 平日 店舗リニューアル工事のため２０２２年１２月１日～２０２３年３月３１日の間、一時休業とさせて頂きます。 施設により不定期のお休み・休業を設定している場合があります。ご利用可能日は事前に各施設にお問い合わせください。",
        "checkin_checkout": "チェックイン: 14:00 ～ 17:00 / チェックアウト: 特になし ～ 11:00",
        "vehicle_size": "セミフルコン バスコン キャブコン バンコン 軽キャン 一般車 下記駐車場サイズもご確認ください。 利用可能かどうか判断がつかない場合は、施設までお問い合わせください。",
        "features": [
          "24時間利用OK",
          "温水洗浄便座あり",
          "入浴施設あり（施設内）",
          "湯沸かし浴槽あり",
          "ダンプステーション・なし",
          "ごみ処理対応可（有料）",
          "電源あり（有料）",
          "発電機・不可",
          "水道あり（無料）",
          "炊事場あり",
          "コインランドリー・なし",
          "ペットOK",
          "ドッグランなし",
          "WI-FIあり（無料）",
          "旅館・ホテルの食事：朝食・不可",
          "夕食予約OK",
          "宿泊予約OK"
        ],
        "url": "https://www.kurumatabi.com/park/rvpark/1050.html",
        "geocode_source": "auto"
      }
    },
    {
      "type": "Feature",
      "geometry": {
        "type": "Point",
        "coordinates": [
          135.180025,
          34.675163
        ]
      },
      "properties": {
        "name": "都市型RVパーク【bravo港町神戸】",
        "pref": "兵庫県",
        "address": "兵庫県神戸市中央区東川崎町6-1-26",
        "phone": "0787611152",
        "fee": "一般: 車中泊をご利用の場合 4,500円 / スタンダード会員: 車中泊をご利用の場合 4,300円 / プレミアム会員: 車中泊をご利用の場合 4,000円",
        "available_period": "通年 平日 ※最初に勝手ながら「くるま旅や出張や仕事」で留守にしている可能性が高い為無人でのご対応が多くなりますご理解くださいませ。 ※連絡に出ることができない場合は「運転中や会議中」の恐れがあります。 ★空車確認は下記の情報を記載してお問合せください。 「ショートメッセージ（SMS)」080-3782-2822 ・・・・・・・・・・・・・・・・・・・・・・・・・・・ 空車確認 ①ご希望の日程：「〇〇年〇月〇日～〇月〇日の〇泊〇日」 ②名前： ③車種と車の長さ：「例）ZIL・5.3ｍ未満」 ④乗車人数：「例）老１、大２、小１、計4人」 ・・・・・・・・・・・・・・・・・・・・・・・・・・・ ・70歳以上の方は「高齢者（Senior）」 ・12歳未満の方は「子供（Child）」 ・それ以外の方は「大人（Adult）」 が分かれば幸いです。後ほど、回答を返信させて頂きます。 ※3回以上連絡かショートメッセージ「SMS」してもつながらない場合や折り返し連絡がない場合は申し訳ございませんが臨時休業（メンテナンス）とご判断くださいませ。 ※敷地レンタル前に内容をよく確認して頂きご理解の上お申し込みください。 ※留守の場合の直通電話、「ショートメッセージ（SMS)」：080-3782-2822 本多まで 施設により不定期のお休み・休業を設定している場合があります。ご利用可能日は事前に各施設にお問い合わせください。",
        "checkin_checkout": "チェックイン: 15:00 ～ 22:00 / チェックアウト: 6:00 ～ 12:00",
        "vehicle_size": "キャブコン バンコン 軽キャン 一般車 その他 下記駐車場サイズもご確認ください。 利用可能かどうか判断がつかない場合は、施設までお問い合わせください。",
        "features": [
          "24時間利用OK",
          "温水洗浄便座あり",
          "入浴施設あり（徒歩圏内あり）",
          "温泉あり",
          "ダンプステーション・なし",
          "ごみ処理対応可（有料）",
          "電源あり（無料）",
          "発電機・不可",
          "水道あり（有料）",
          "炊事場なし",
          "コインランドリー・なし",
          "ペットOK",
          "ドッグランなし",
          "WI-FIの利用・なし",
          "旅館・ホテルの宿泊予約・不可"
        ],
        "url": "https://www.kurumatabi.com/park/rvpark/1250.html",
        "geocode_source": "auto"
      }
    },
    {
      "type": "Feature",
      "geometry": {
        "type": "Point",
        "coordinates": [
          144.304385,
          43.977881
        ]
      },
      "properties": {
        "name": "RVパーク ABASHIRI BAY",
        "pref": "北海道",
        "address": "北海道網走市藻琴5-8",
        "phone": "090-4873-3670",
        "fee": "電源利用料については、 電源の有無 の項目をご確認ください。 最新の料金は直接施設へ事前確認をお願いします。",
        "available_period": "通年 施設により不定期のお休み・休業を設定している場合があります。ご利用可能日は事前に各施設にお問い合わせください。",
        "checkin_checkout": "チェックイン: 13:00 ～ 21:00 / チェックアウト: 6:00 ～ 10:00",
        "vehicle_size": "キャブコン バンコン 軽キャン 一般車 下記駐車場サイズもご確認ください。 利用可能かどうか判断がつかない場合は、施設までお問い合わせください。",
        "features": [
          "24時間利用OK",
          "入浴施設あり（施設内）",
          "シャワーあり",
          "ダンプステーション・なし",
          "ごみ処理対応可（有料）",
          "電源あり（有料）",
          "発電機利用可(時間指定なし)",
          "水道あり（無料）",
          "炊事場あり",
          "コインランドリー・なし",
          "ペットOK",
          "ドッグランなし",
          "WI-FIあり（無料）",
          "旅館・ホテルの食事：朝食・不可",
          "旅館・ホテルの食事：夕食・不可",
          "旅館・ホテルの宿泊予約・不可"
        ],
        "url": "https://www.kurumatabi.com/park/rvpark/1578.html",
        "geocode_source": "auto"
      }
    },
    {
      "type": "Feature",
      "geometry": {
        "type": "Point",
        "coordinates": [
          140.728392,
          41.814844
        ]
      },
      "properties": {
        "name": "RVパーク HAKODATE SHOWA BASE",
        "pref": "北海道",
        "address": "北海道函館市昭和町17-54",
        "phone": "080-9580-1490",
        "fee": "1泊 3,000円／1台(乗用車・バンコン・キャブコン) 1泊 3,500円／1台(大型車・キャンピングトレーラー) ※不定期ではありますが、お得な割引期間もありますので、ぜひInstagramをチェックしてみて下さい 電源利用料については、 電源の有無 の項目をご確認ください。 最新の料金は直接施設へ事前確認をお願いします。",
        "available_period": "日祝 日祝の前日 春休み GW 夏休み お盆 平日 冬季期間休業 予約電話は通年 施設により不定期のお休み・休業を設定している場合があります。ご利用可能日は事前に各施設にお問い合わせください。",
        "checkin_checkout": "チェックイン: 13:00 ～ 18:00 / チェックアウト: 特になし ～ 11:00",
        "vehicle_size": "フルコン セミフルコン バスコン キャブコン バンコン トレーラー 軽キャン 一般車 下記駐車場サイズもご確認ください。 利用可能かどうか判断がつかない場合は、施設までお問い合わせください。",
        "features": [
          "24時間利用OK",
          "暖房便座のみあり",
          "入浴施設あり（車移動あり）",
          "温泉あり",
          "ダンプステーション・なし",
          "ごみ処理対応可（無料）",
          "電源あり（無料）",
          "発電機・不可",
          "水道・なし",
          "炊事場なし",
          "コインランドリーあり",
          "ペットOK",
          "ドッグランあり",
          "WI-FIあり（無料）",
          "旅館・ホテルの食事：朝食・不可",
          "旅館・ホテルの食事：夕食・不可",
          "旅館・ホテルの宿泊予約・不可"
        ],
        "url": "https://www.kurumatabi.com/park/rvpark/1647.html",
        "geocode_source": "auto"
      }
    },
    {
      "type": "Feature",
      "geometry": {
        "type": "Point",
        "coordinates": [
          142.43303,
          43.77549
        ]
      },
      "properties": {
        "name": "RVパーク Johnny Base",
        "pref": "北海道",
        "address": "北海道旭川市東旭川町下兵村282",
        "phone": "090-2074-9287",
        "fee": "一般: スタンダードサイト 約7m × 約5m 1泊・1台・20A電源付き 3,000円 / 一般: No.6 特別サイト 約14m × 約7m 1泊・1台・20A電源付き 5,000円",
        "available_period": "日祝 日祝の前日 春休み GW 夏休み お盆 平日 ※通常営業※ 4月～10月末日まで ※冬期間営業※ 11月1日～3月末日まで 利用条件・価格につきましてはお電話にてお問い合わせください。 施設により不定期のお休み・休業を設定している場合があります。ご利用可能日は事前に各施設にお問い合わせください。",
        "checkin_checkout": "チェックイン: 15:00 ～ 19:00 / チェックアウト: 特になし ～ 11:00",
        "vehicle_size": "フルコン セミフルコン バスコン キャブコン バンコン トレーラー 軽キャン 一般車 その他 下記駐車場サイズもご確認ください。 利用可能かどうか判断がつかない場合は、施設までお問い合わせください。",
        "features": [
          "24時間利用OK",
          "温水洗浄便座あり",
          "入浴施設あり（徒歩圏内あり）",
          "温泉あり",
          "ダンプステーション・なし",
          "ごみ処理対応可（無料）",
          "電源あり（無料）",
          "発電機・不可",
          "水道あり（無料）",
          "炊事場あり",
          "コインランドリー・なし",
          "ペットOK",
          "ドッグランなし",
          "WI-FIの利用・なし",
          "旅館・ホテルの食事：朝食・不可",
          "旅館・ホテルの食事：夕食・不可",
          "旅館・ホテルの宿泊予約・不可"
        ],
        "url": "https://www.kurumatabi.com/park/rvpark/1415.html",
        "geocode_source": "auto"
      }
    },
    {
      "type": "Feature",
      "geometry": {
        "type": "Point",
        "coordinates": [
          143.128345,
          42.483754
        ]
      },
      "properties": {
        "name": "RVパーク Moving Inn Tokachi 北の森",
        "pref": "北海道",
        "address": "北海道広尾郡大樹町４４－５",
        "phone": "0155-88-7514",
        "fee": "1名様料金 ( 2名様1室利用時 ) Nature Suite \"HOTORI\": 16,846円 ～ Grand Suite \"AWASE\" \"KODACHI\": 30,235円 ～ Grand Suite \"NAGAME\": 34,557円 ～ 電源利用料については、 電源の有無 の項目をご確認ください。 最新の料金は直接施設へ事前確認をお願いします。",
        "available_period": "通年 施設により不定期のお休み・休業を設定している場合があります。ご利用可能日は事前に各施設にお問い合わせください。",
        "checkin_checkout": "チェックイン: 15:00 ～ 特になし / チェックアウト: 特になし ～ 11:00",
        "vehicle_size": "フルコン セミフルコン バスコン キャブコン バンコン トレーラー 軽キャン 一般車 その他",
        "features": [
          "24時間利用OK",
          "暖房便座のみあり",
          "入浴施設あり（施設内）",
          "温泉あり",
          "ダンプステーション・なし",
          "ごみ処理対応可（無料）",
          "電源あり（無料）",
          "発電機利用可(時間指定あり)",
          "水道あり（無料）",
          "炊事場あり",
          "コインランドリーあり",
          "ペットOK",
          "ドッグランなし",
          "WI-FIあり（無料）",
          "朝食予約OK",
          "夕食予約OK",
          "宿泊予約OK"
        ],
        "url": "https://www.kurumatabi.com/park/rvpark/1452.html",
        "geocode_source": "auto"
      }
    },
    {
      "type": "Feature",
      "geometry": {
        "type": "Point",
        "coordinates": [
          141.888377,
          42.701013
        ]
      },
      "properties": {
        "name": "RVパーク RV FOREST 310",
        "pref": "北海道",
        "address": "北海道勇払郡厚真町豊沢481-36",
        "phone": "0145-29-7002",
        "fee": "一般: 1泊・1台につき 4,000円",
        "available_period": "通年 冬季積雪状況により閉鎖期間あり 施設により不定期のお休み・休業を設定している場合があります。ご利用可能日は事前に各施設にお問い合わせください。",
        "checkin_checkout": "チェックイン: 13:00 ～ 19:00 / チェックアウト: 6:00 ～ 10:00",
        "vehicle_size": "セミフルコン バスコン キャブコン トレーラー 軽キャン 一般車 その他 下記駐車場サイズもご確認ください。 利用可能かどうか判断がつかない場合は、施設までお問い合わせください。",
        "features": [
          "24時間利用OK",
          "温水洗浄便座あり",
          "入浴施設あり（車移動あり）",
          "温泉あり",
          "ブラック・グレーOK",
          "ごみ処理対応可（有料）",
          "電源あり（無料）",
          "発電機・不可",
          "水道あり（無料）",
          "炊事場あり",
          "コインランドリー・なし",
          "ペットOK",
          "ドッグランなし",
          "WI-FIの利用・なし",
          "旅館・ホテルの食事：朝食・不可",
          "旅館・ホテルの食事：夕食・不可",
          "旅館・ホテルの宿泊予約・不可"
        ],
        "url": "https://www.kurumatabi.com/park/rvpark/1240.html",
        "geocode_source": "auto"
      }
    },
    {
      "type": "Feature",
      "geometry": {
        "type": "Point",
        "coordinates": [
          141.212215,
          42.968615
        ]
      },
      "properties": {
        "name": "RVパーク outdoor base TRIOUT",
        "pref": "北海道",
        "address": "北海道札幌市南区小金湯644-52",
        "phone": "080-1889-4237",
        "fee": "一般: キャンピングカー(電源付き)／１泊 1,500円 / 一般: 一般乗用車／１泊 1,200円 / 一般: 軽自動車／１泊 1,000円",
        "available_period": "日祝 日祝の前日 夏休み お盆 平日 営業期間は5月上旬から11月末までです（積雪期間は休業） 施設により不定期のお休み・休業を設定している場合があります。ご利用可能日は事前に各施設にお問い合わせください。",
        "checkin_checkout": "チェックイン: 13:00 ～ 20:00 / チェックアウト: 8:00 ～ 11:00",
        "vehicle_size": "キャブコン バンコン 軽キャン 一般車 その他 下記駐車場サイズもご確認ください。 利用可能かどうか判断がつかない場合は、施設までお問い合わせください。",
        "features": [
          "24時間利用OK",
          "暖房便座のみあり",
          "入浴施設あり（施設内）",
          "シャワーあり",
          "ごみ処理対応可（有料）",
          "電源あり（有料）",
          "発電機利用可(時間指定あり)",
          "水道あり（無料）",
          "炊事場あり",
          "コインランドリーあり",
          "ペットOK",
          "WI-FIあり（無料）"
        ],
        "url": "https://www.kurumatabi.com/park/rvpark/1392.html",
        "geocode_source": "auto"
      }
    },
    {
      "type": "Feature",
      "geometry": {
        "type": "Point",
        "coordinates": [
          143.522923,
          44.060282
        ]
      },
      "properties": {
        "name": "RVパーク えんがる町ホテルサンシャイン",
        "pref": "北海道",
        "address": "北海道紋別郡遠軽町大通北1-1-1",
        "phone": "0158-42-1151",
        "fee": "一般: 1泊/1台 3,300円",
        "available_period": "日祝 日祝の前日 春休み GW 夏休み お盆 平日 ホテルは通年営業、RVパークは12月～3月休業 施設により不定期のお休み・休業を設定している場合があります。ご利用可能日は事前に各施設にお問い合わせください。",
        "checkin_checkout": "チェックイン: 15:00 ～ 21:00 / チェックアウト: 6:00 ～ 10:00",
        "vehicle_size": "セミフルコン バスコン キャブコン バンコン 軽キャン 一般車 下記駐車場サイズもご確認ください。 利用可能かどうか判断がつかない場合は、施設までお問い合わせください。",
        "features": [
          "24時間利用OK",
          "温水洗浄便座あり",
          "入浴施設なし",
          "ごみ処理対応可（無料）",
          "電源あり（無料）",
          "発電機・不可",
          "水道・なし",
          "炊事場なし",
          "コインランドリー・なし",
          "ペットOK",
          "ドッグランなし",
          "WI-FIの利用・なし",
          "朝食予約OK",
          "旅館・ホテルの食事：夕食・不可",
          "宿泊予約OK"
        ],
        "url": "https://www.kurumatabi.com/park/rvpark/977.html",
        "geocode_source": "auto"
      }
    },
    {
      "type": "Feature",
      "geometry": {
        "type": "Point",
        "coordinates": [
          142.51469,
          44.40168
        ]
      },
      "properties": {
        "name": "RVパーク なよろ温泉サンピラー",
        "pref": "北海道",
        "address": "北海道名寄市日進",
        "phone": "01654-2-2131",
        "fee": "一般: 1泊・1台につき 2,500円",
        "available_period": "日祝 日祝の前日 春休み GW 夏休み お盆 平日 冬期休業（11月1日～3月31日予定） 施設により不定期のお休み・休業を設定している場合があります。ご利用可能日は事前に各施設にお問い合わせください。",
        "checkin_checkout": "チェックイン: 12:00 ～ 20:00 / チェックアウト: 5:00 ～ 11:00",
        "vehicle_size": "フルコン セミフルコン バスコン キャブコン バンコン トレーラー 軽キャン 一般車 下記駐車場サイズもご確認ください。 利用可能かどうか判断がつかない場合は、施設までお問い合わせください。",
        "features": [
          "24時間利用OK",
          "温水洗浄便座あり",
          "入浴施設あり（施設内）",
          "温泉あり",
          "ダンプステーション・なし",
          "ごみ処理対応可（有料）",
          "電源あり（無料）",
          "発電機・不可",
          "水道・なし",
          "炊事場なし",
          "コインランドリー・なし",
          "ペットOK",
          "ドッグランなし",
          "WI-FIの利用・なし",
          "旅館・ホテルの食事：朝食・不可",
          "旅館・ホテルの食事：夕食・不可"
        ],
        "url": "https://www.kurumatabi.com/park/rvpark/1384.html",
        "geocode_source": "auto"
      }
    },
    {
      "type": "Feature",
      "geometry": {
        "type": "Point",
        "coordinates": [
          145.579166,
          43.332462
        ]
      },
      "properties": {
        "name": "RVパーク みどり",
        "pref": "北海道",
        "address": "北海道根室市緑町１丁目２３番地",
        "phone": "09026913797",
        "fee": "一般: 電源あり、1泊・１台につき 4,000円 / 一般: 電源なし、1泊・１台につき 3,500円 / スタンダード会員: 電源あり、1泊・１台につき 4,000円 / スタンダード会員: 電源なし、１泊。１台 3,500円 / プレミアム会員: 電源あり、1泊・１台につき 4,000円 / プレミアム会員: 電源なし、１泊。１台 3,500円",
        "available_period": "通年 日祝 日祝の前日 春休み GW 夏休み お盆 冬休み 年末年始 平日 不定休 施設により不定期のお休み・休業を設定している場合があります。ご利用可能日は事前に各施設にお問い合わせください。",
        "checkin_checkout": "チェックイン: 13:00 ～ 17:00 / チェックアウト: 特になし ～ 11:00",
        "vehicle_size": "フルコン セミフルコン バスコン キャブコン バンコン トレーラー 軽キャン 一般車 下記駐車場サイズもご確認ください。 利用可能かどうか判断がつかない場合は、施設までお問い合わせください。",
        "features": [
          "24時間利用OK",
          "温水洗浄便座あり",
          "入浴施設あり（車移動あり）",
          "湯沸かし浴槽あり",
          "ブラック・グレーOK",
          "ごみ処理対応可（無料）",
          "電源あり（無料）",
          "発電機・不可",
          "水道あり（無料）",
          "炊事場あり",
          "コインランドリー・なし",
          "ペットOK",
          "ドッグランなし",
          "WI-FIあり（無料）",
          "旅館・ホテルの食事：朝食・不可",
          "旅館・ホテルの食事：夕食・不可",
          "旅館・ホテルの宿泊予約・不可"
        ],
        "url": "https://www.kurumatabi.com/park/rvpark/1417.html",
        "geocode_source": "auto"
      }
    },
    {
      "type": "Feature",
      "geometry": {
        "type": "Point",
        "coordinates": [
          142.420393,
          44.013753
        ]
      },
      "properties": {
        "name": "RVパーク わっさむふれあいのもり",
        "pref": "北海道",
        "address": "北海道上川郡和寒町三笠１０３番地",
        "phone": "016-532-4470",
        "fee": "一般: 電源、あずま屋使用可能・1泊 2,500円 / 一般: 電源設備あり・１泊 2,000円 / 一般: 電源設備なし 1,000円",
        "available_period": "通年 日祝 日祝の前日 春休み GW 夏休み お盆 冬休み 年末年始 平日 施設により不定期のお休み・休業を設定している場合があります。ご利用可能日は事前に各施設にお問い合わせください。",
        "checkin_checkout": "チェックイン: 12:00 ～ 17:00 / チェックアウト: 特になし ～ 10:00",
        "vehicle_size": "キャブコン バンコン 軽キャン 一般車",
        "features": [
          "24時間利用OK",
          "入浴施設あり（車移動あり）",
          "温泉あり",
          "ごみ処理対応可（有料）",
          "電源あり（無料）",
          "発電機・不可",
          "水道あり（無料）",
          "炊事場あり",
          "ペットOK"
        ],
        "url": "https://www.kurumatabi.com/park/rvpark/965.html",
        "geocode_source": "auto"
      }
    },
    {
      "type": "Feature",
      "geometry": {
        "type": "Point",
        "coordinates": [
          140.521288,
          42.97969
        ]
      },
      "properties": {
        "name": "RVパーク ホテルいのう",
        "pref": "北海道",
        "address": "北海道岩内郡岩内町栄１６１－１",
        "phone": "0135-62-1391",
        "fee": "一般: 1泊1台 7ｍ×9ｍ（電源利用料込） 3,300円",
        "available_period": "通年 休業日：年末年始 施設により不定期のお休み・休業を設定している場合があります。ご利用可能日は事前に各施設にお問い合わせください。",
        "checkin_checkout": "チェックイン: 13:00 ～ 18:00 / チェックアウト: 6:00 ～ 11:00",
        "vehicle_size": "フルコン セミフルコン バスコン キャブコン バンコン トレーラー 軽キャン 一般車 下記駐車場サイズもご確認ください。 利用可能かどうか判断がつかない場合は、施設までお問い合わせください。",
        "features": [
          "24時間利用OK",
          "温水洗浄便座あり",
          "入浴施設あり（車移動あり）",
          "温泉あり",
          "ダンプステーション・なし",
          "ごみ処理対応可（有料）",
          "電源あり（無料）",
          "発電機・不可",
          "水道・なし",
          "炊事場なし",
          "コインランドリーあり",
          "ペットOK",
          "ドッグランなし",
          "WI-FIの利用・なし",
          "朝食予約OK",
          "夕食予約OK",
          "宿泊予約OK"
        ],
        "url": "https://www.kurumatabi.com/park/rvpark/1438.html",
        "geocode_source": "auto"
      }
    },
    {
      "type": "Feature",
      "geometry": {
        "type": "Point",
        "coordinates": [
          140.643811,
          41.904304
        ]
      },
      "properties": {
        "name": "RVパーク 北斗",
        "pref": "北海道",
        "address": "北海道北斗市市渡788-28",
        "phone": "090-9010-2373",
        "fee": "一般: 1泊・1台につき（電源込み） 2,750円",
        "available_period": "通年 日祝 日祝の前日 春休み GW 夏休み お盆 冬休み 年末年始 平日 通年営業になっておりますが積雪やコロナ感染状況に より異なる場合がありますのでご了承ください。 施設により不定期のお休み・休業を設定している場合があります。ご利用可能日は事前に各施設にお問い合わせください。",
        "checkin_checkout": "チェックイン: 13:00 ～ 17:00 / チェックアウト: 特になし ～ 11:00",
        "vehicle_size": "トレーラー 下記駐車場サイズもご確認ください。 利用可能かどうか判断がつかない場合は、施設までお問い合わせください。",
        "features": [
          "24時間利用OK",
          "特に機能なし",
          "入浴施設あり（徒歩圏内あり）",
          "温泉あり",
          "ダンプステーション・なし",
          "ごみ処理対応現地相談（有料）",
          "電源あり（無料）",
          "発電機・不可",
          "水道あり（無料）",
          "炊事場なし",
          "コインランドリー・なし",
          "ペットOK",
          "ドッグランなし",
          "WI-FIの利用・なし",
          "旅館・ホテルの食事：朝食・不可",
          "旅館・ホテルの食事：夕食・不可",
          "旅館・ホテルの宿泊予約・不可"
        ],
        "url": "https://www.kurumatabi.com/park/rvpark/875.html",
        "geocode_source": "auto"
      }
    },
    {
      "type": "Feature",
      "geometry": {
        "type": "Point",
        "coordinates": [
          143.473751,
          42.938187
        ]
      },
      "properties": {
        "name": "RVパーク 十勝まきばの家",
        "pref": "北海道",
        "address": "北海道中川郡池田町清見144",
        "phone": "015-572-6000",
        "fee": "一般: 1泊・1台につき 3,000円〜3,600円 / 一般: 大人1名につき 800円〜960円 / 一般: 子供(小学生以上)1名につき 600円",
        "available_period": "通年 日祝 日祝の前日 春休み GW 夏休み お盆 冬休み 平日 施設により不定期のお休み・休業を設定している場合があります。ご利用可能日は事前に各施設にお問い合わせください。",
        "checkin_checkout": "チェックイン: 14:00 ～ 18:00 / チェックアウト: 特になし ～ 11:00",
        "vehicle_size": "キャブコン バンコン トレーラー 軽キャン 一般車 下記駐車場サイズもご確認ください。 利用可能かどうか判断がつかない場合は、施設までお問い合わせください。",
        "features": [
          "24時間利用OK",
          "温水洗浄便座あり",
          "入浴施設あり（施設内）",
          "シャワーあり",
          "ごみ処理対応可（有料）",
          "電源あり（無料）",
          "発電機利用可(時間指定あり)",
          "水道あり（無料）",
          "炊事場あり",
          "コインランドリー・なし",
          "ペットOK",
          "ドッグランあり",
          "WI-FIの利用・なし",
          "宿泊予約OK"
        ],
        "url": "https://www.kurumatabi.com/park/rvpark/1205.html",
        "geocode_source": "auto"
      }
    },
    {
      "type": "Feature",
      "geometry": {
        "type": "Point",
        "coordinates": [
          141.24675,
          43.11309
        ]
      },
      "properties": {
        "name": "RVパーク 手稲山麓",
        "pref": "北海道",
        "address": "北海道札幌市手稲区富丘三条7丁目1-58",
        "phone": "011-688-8707",
        "fee": "一般: トレーラーでお越しの際は２スペースのご利用となります。 5,000円 / 一般: １泊 4,000円",
        "available_period": "通年 日祝 日祝の前日 春休み GW 夏休み お盆 冬休み 年末年始 平日 施設により不定期のお休み・休業を設定している場合があります。ご利用可能日は事前に各施設にお問い合わせください。",
        "checkin_checkout": "チェックイン: 14:00 ～ 23:00 / チェックアウト: 特になし ～ 10:00",
        "vehicle_size": "フルコン セミフルコン バスコン キャブコン バンコン トレーラー 軽キャン 一般車",
        "features": [
          "24時間利用OK",
          "温水洗浄便座あり",
          "入浴施設あり（施設内）",
          "シャワーあり",
          "ダンプステーション・なし",
          "ごみ処理対応可（有料）",
          "電源あり（有料）",
          "発電機・不可",
          "水道あり（無料）",
          "炊事場なし",
          "コインランドリーあり",
          "ペットOK",
          "ドッグランなし",
          "WI-FIの利用・なし",
          "旅館・ホテルの食事：朝食・不可",
          "旅館・ホテルの食事：夕食・不可",
          "宿泊予約OK"
        ],
        "url": "https://www.kurumatabi.com/park/rvpark/969.html",
        "geocode_source": "auto"
      }
    },
    {
      "type": "Feature",
      "geometry": {
        "type": "Point",
        "coordinates": [
          140.647781,
          41.904221
        ]
      },
      "properties": {
        "name": "RVパーク 新函館北斗駅前",
        "pref": "北海道",
        "address": "北海道北斗市市渡1-3-1",
        "phone": "0138-83-6665",
        "fee": "電源有り 1泊 4,000円／1台 大型電源有り 1泊 6,000／1台 電源利用料については、 電源の有無 の項目をご確認ください。 最新の料金は直接施設へ事前確認をお願いします。",
        "available_period": "通年 施設により不定期のお休み・休業を設定している場合があります。ご利用可能日は事前に各施設にお問い合わせください。",
        "checkin_checkout": "チェックイン: 13:00 ～ 18:00 / チェックアウト: 0:00 ～ 11:00",
        "vehicle_size": "セミフルコン バスコン キャブコン バンコン トレーラー 軽キャン 一般車 下記駐車場サイズもご確認ください。 利用可能かどうか判断がつかない場合は、施設までお問い合わせください。",
        "features": [
          "24時間利用OK",
          "温水洗浄便座あり",
          "入浴施設あり（徒歩圏内あり）",
          "温泉あり",
          "ダンプステーション・なし",
          "ごみ処理対応可（有料）",
          "電源あり（無料）",
          "発電機・不可",
          "水道あり（無料）",
          "炊事場あり",
          "コインランドリー・なし",
          "ペットOK",
          "ドッグランなし",
          "WI-FIあり（無料）"
        ],
        "url": "https://www.kurumatabi.com/park/rvpark/1638.html",
        "geocode_source": "auto"
      }
    },
    {
      "type": "Feature",
      "geometry": {
        "type": "Point",
        "coordinates": [
          141.694199,
          42.790808
        ]
      },
      "properties": {
        "name": "RVパーク 旅する車 新千歳空港BASE",
        "pref": "北海道",
        "address": "北海道千歳市美々１２９２－１２９７",
        "phone": "0123-29-6188",
        "fee": "一般: スタンダードプラン 一泊／一台 3,300円 / 一般: プレミアムプラン 一泊／一台 5,500円 / スタンダード会員: スタンダードプラン 一泊／一台 3,135円 / スタンダード会員: プレミアムプラン 一泊／一台 5,225円 / プレミアム会員: スタンダードプラン 一泊／一台 3,135円 / プレミアム会員: プレミアムプラン 一泊／一台 5,225円",
        "available_period": "通年 日祝 日祝の前日 春休み GW 夏休み お盆 冬休み 年末年始 平日 施設により不定期のお休み・休業を設定している場合があります。ご利用可能日は事前に各施設にお問い合わせください。",
        "checkin_checkout": "チェックイン: 15:00 ～ 特になし / チェックアウト: 特になし ～ 10:00",
        "vehicle_size": "フルコン セミフルコン バスコン キャブコン バンコン トレーラー 軽キャン 一般車 その他 下記駐車場サイズもご確認ください。 利用可能かどうか判断がつかない場合は、施設までお問い合わせください。",
        "features": [
          "24時間利用OK",
          "温水洗浄便座あり",
          "入浴施設あり（施設内）",
          "シャワーあり",
          "グレーOK",
          "ごみ処理対応可（有料）",
          "電源あり（有料）",
          "発電機利用可(時間指定なし)",
          "水道あり（無料）",
          "炊事場なし",
          "コインランドリー・なし",
          "ペットOK",
          "ドッグランあり",
          "WI-FIあり（無料）",
          "旅館・ホテルの食事：朝食・不可",
          "旅館・ホテルの食事：夕食・不可",
          "旅館・ホテルの宿泊予約・不可"
        ],
        "url": "https://www.kurumatabi.com/park/rvpark/1518.html",
        "geocode_source": "auto"
      }
    },
    {
      "type": "Feature",
      "geometry": {
        "type": "Point",
        "coordinates": [
          141.348441,
          43.243803
        ]
      },
      "properties": {
        "name": "RVパーク 石狩FIELD",
        "pref": "北海道",
        "address": "北海道石狩市横町39 旧石狩小学校グラウンド",
        "phone": "090-2201-9090",
        "fee": "一般: 1泊・1台につき 3,300円",
        "available_period": "通年 日祝 日祝の前日 春休み GW 夏休み お盆 冬休み 年末年始 平日 8月11日～8月13日まで野外音楽フェス向けオートサイトのみの営業となります。 ご了承ください。 施設により不定期のお休み・休業を設定している場合があります。ご利用可能日は事前に各施設にお問い合わせください。",
        "checkin_checkout": "チェックイン: 13:00 ～ 19:00 / チェックアウト: 6:00 ～ 12:00",
        "vehicle_size": "フルコン セミフルコン バスコン キャブコン バンコン トレーラー 軽キャン 一般車 その他 下記駐車場サイズもご確認ください。 利用可能かどうか判断がつかない場合は、施設までお問い合わせください。",
        "features": [
          "24時間利用OK",
          "温水洗浄便座あり",
          "入浴施設あり（徒歩圏内あり）",
          "温泉あり",
          "ブラック・グレーOK",
          "ごみ処理対応可（有料）",
          "電源あり（無料）",
          "発電機・不可",
          "水道あり（無料）",
          "コインランドリー・なし",
          "ペットOK",
          "ドッグランあり",
          "WI-FIあり（無料）",
          "旅館・ホテルの食事：朝食・不可",
          "旅館・ホテルの食事：夕食・不可",
          "旅館・ホテルの宿泊予約・不可"
        ],
        "url": "https://www.kurumatabi.com/park/rvpark/1099.html",
        "geocode_source": "auto"
      }
    },
    {
      "type": "Feature",
      "geometry": {
        "type": "Point",
        "coordinates": [
          144.189718,
          42.990707
        ]
      },
      "properties": {
        "name": "RVパーク 道の駅しらぬか 恋問館",
        "pref": "北海道",
        "address": "北海道白糠郡白糠町恋問3丁目2番地1",
        "phone": "01547-5-3317",
        "fee": "一般: 1泊・1台につき 2,500円",
        "available_period": "通年 年末年始(12/29～1/3)は、休館日のためご利用できません。 不定期のお休み、休業を行う場合があります。ご利用可能日は事前に 施設にお問い合わせください。 施設により不定期のお休み・休業を設定している場合があります。ご利用可能日は事前に各施設にお問い合わせください。",
        "checkin_checkout": "チェックイン: 13:00 ～ 19:00 / チェックアウト: 特になし ～ 12:00",
        "vehicle_size": "セミフルコン バスコン キャブコン バンコン 軽キャン 一般車 下記駐車場サイズもご確認ください。 利用可能かどうか判断がつかない場合は、施設までお問い合わせください。",
        "features": [
          "24時間利用OK",
          "温水洗浄便座あり",
          "入浴施設あり（車移動あり）",
          "湯沸かし浴槽あり",
          "ブラック・グレーOK",
          "ごみ処理対応可（有料）",
          "電源あり（有料）",
          "発電機・不可",
          "水道あり（無料）",
          "炊事場なし",
          "コインランドリーあり",
          "ペットOK",
          "ドッグランあり",
          "WI-FIあり（無料）",
          "旅館・ホテルの食事：朝食・不可",
          "旅館・ホテルの食事：夕食・不可",
          "旅館・ホテルの宿泊予約・不可"
        ],
        "url": "https://www.kurumatabi.com/park/rvpark/1467.html",
        "geocode_source": "auto"
      }
    },
    {
      "type": "Feature",
      "geometry": {
        "type": "Point",
        "coordinates": [
          144.145401,
          43.144022
        ]
      },
      "properties": {
        "name": "RVパーク 阿寒丹頂の里",
        "pref": "北海道",
        "address": "北海道釧路市阿寒町上阿寒23-36-1",
        "phone": "0154-66-2330",
        "fee": "一般: 1台/1泊 1,500円",
        "available_period": "通年 日祝 日祝の前日 GW 夏休み お盆 平日 施設により不定期のお休み・休業を設定している場合があります。ご利用可能日は事前に各施設にお問い合わせください。",
        "checkin_checkout": "チェックイン: 13:00 ～ 21:00 / チェックアウト: 特になし ～ 12:00",
        "vehicle_size": "セミフルコン バスコン キャブコン バンコン トレーラー 軽キャン 一般車 下記駐車場サイズもご確認ください。 利用可能かどうか判断がつかない場合は、施設までお問い合わせください。",
        "features": [
          "24時間利用OK",
          "温水洗浄便座あり",
          "入浴施設あり（徒歩圏内あり）",
          "温泉あり",
          "ダンプステーション・なし",
          "ごみ処理対応可（無料）",
          "電源あり（有料）",
          "発電機・不可",
          "水道・なし",
          "炊事場なし",
          "コインランドリー・なし",
          "ペットOK",
          "ドッグランあり",
          "WI-FIの利用・なし",
          "朝食予約OK",
          "夕食予約OK",
          "宿泊予約OK"
        ],
        "url": "https://www.kurumatabi.com/park/rvpark/1076.html",
        "geocode_source": "auto"
      }
    },
    {
      "type": "Feature",
      "geometry": {
        "type": "Point",
        "coordinates": [
          143.643341,
          42.729978
        ]
      },
      "properties": {
        "name": "RVパークHERON　十勝浦幌",
        "pref": "北海道",
        "address": "北海道十勝郡浦幌町トイトツキ２０－６",
        "phone": "090-8631-3183",
        "fee": "1泊 4,400円／1台(トレーラー含む) 電源利用料については、 電源の有無 の項目をご確認ください。 最新の料金は直接施設へ事前確認をお願いします。",
        "available_period": "日祝 日祝の前日 GW お盆 年末年始 金曜日から日曜日のみの営業です。 GWやお盆休みはその限りではありません。 施設により不定期のお休み・休業を設定している場合があります。ご利用可能日は事前に各施設にお問い合わせください。",
        "checkin_checkout": "チェックイン: 15:00 ～ 22:00 / チェックアウト: 0:00 ～ 12:00",
        "vehicle_size": "フルコン セミフルコン バスコン キャブコン バンコン トレーラー 軽キャン 一般車 下記駐車場サイズもご確認ください。 利用可能かどうか判断がつかない場合は、施設までお問い合わせください。",
        "features": [
          "24時間利用OK",
          "温水洗浄便座あり",
          "入浴施設あり（施設内）",
          "シャワーあり",
          "ごみ処理対応可（無料）",
          "電源あり（有料）",
          "発電機・不可",
          "水道あり（無料）",
          "炊事場あり",
          "コインランドリーあり",
          "ペットOK",
          "ドッグランあり",
          "WI-FIの利用・なし",
          "旅館・ホテルの食事：朝食・不可",
          "旅館・ホテルの食事：夕食・不可",
          "宿泊予約OK"
        ],
        "url": "https://www.kurumatabi.com/park/rvpark/1732.html",
        "geocode_source": "auto"
      }
    },
    {
      "type": "Feature",
      "geometry": {
        "type": "Point",
        "coordinates": [
          143.493645,
          43.632259
        ]
      },
      "properties": {
        "name": "RVパーク　おけと勝山温泉ゆぅゆ",
        "pref": "北海道",
        "address": "北海道常呂郡置戸町字常元１番地の５",
        "phone": "0157-54-2211",
        "fee": "1泊 3,000円／1台(トレーラー含む) 1区画 1泊 3,500円／1台(トレーラー含む) 2区画 1泊 4,000円／1台(トレーラー含む) 1区画 電源利用料については、 電源の有無 の項目をご確認ください。 最新の料金は直接施設へ事前確認をお願いします。",
        "available_period": "通年 日祝 日祝の前日 春休み GW 夏休み お盆 冬休み 年末年始 平日 4月末日～10月末日（11月～4月末まで冬期休業） 年2回（5月.11月）施設メンテナンス休業有 ※前日までにご予約が無い場合はお休みするときもございます 施設により不定期のお休み・休業を設定している場合があります。ご利用可能日は事前に各施設にお問い合わせください。",
        "checkin_checkout": "チェックイン: 15:00 ～ 20:00 / チェックアウト: 特になし ～ 10:00",
        "vehicle_size": "セミフルコン バスコン キャブコン バンコン トレーラー 軽キャン 一般車 その他 下記駐車場サイズもご確認ください。 利用可能かどうか判断がつかない場合は、施設までお問い合わせください。",
        "features": [
          "24時間利用OK",
          "特に機能なし",
          "入浴施設あり（徒歩圏内あり）",
          "温泉あり",
          "ダンプステーション・なし",
          "ごみ処理対応可（有料）",
          "電源あり（有料）",
          "発電機・不可",
          "水道あり（無料）",
          "コインランドリー・なし",
          "ペット・不可",
          "WI-FIあり（無料）",
          "旅館・ホテルの食事：朝食・不可",
          "夕食予約OK",
          "宿泊予約OK"
        ],
        "url": "https://www.kurumatabi.com/park/rvpark/1213.html",
        "geocode_source": "auto"
      }
    },
    {
      "type": "Feature",
      "geometry": {
        "type": "Point",
        "coordinates": [
          142.464445,
          43.728024
        ]
      },
      "properties": {
        "name": "RVパーク　エゾスミカ旭川",
        "pref": "北海道",
        "address": "北海道旭川市東旭川町忠別529-1",
        "phone": "070-2685-4276",
        "fee": "一般: 区画A：1泊・1台につき 3,300円 / 一般: 区画B：1泊・1台につき 4,400円",
        "available_period": "通年 平日 当面の間、平日のみの受け入れとなっております。 施設により不定期のお休み・休業を設定している場合があります。ご利用可能日は事前に各施設にお問い合わせください。",
        "checkin_checkout": "チェックイン: 16:00 ～ 19:00 / チェックアウト: 6:00 ～ 10:00",
        "vehicle_size": "フルコン セミフルコン バスコン キャブコン バンコン トレーラー 軽キャン 一般車 その他 下記駐車場サイズもご確認ください。 利用可能かどうか判断がつかない場合は、施設までお問い合わせください。",
        "features": [
          "利用時間制限あり",
          "温水洗浄便座あり",
          "入浴施設あり（車移動あり）",
          "温泉あり",
          "ダンプステーション・なし",
          "ごみ処理対応可（無料）",
          "電源あり（無料）",
          "発電機・不可",
          "水道あり（無料）",
          "炊事場なし",
          "コインランドリー・なし",
          "ペットOK",
          "ドッグランなし",
          "WI-FIあり（無料）",
          "旅館・ホテルの食事：朝食・不可",
          "旅館・ホテルの食事：夕食・不可",
          "旅館・ホテルの宿泊予約・不可"
        ],
        "url": "https://www.kurumatabi.com/park/rvpark/1806.html",
        "geocode_source": "auto"
      }
    },
    {
      "type": "Feature",
      "geometry": {
        "type": "Point",
        "coordinates": [
          141.725052,
          43.062503
        ]
      },
      "properties": {
        "name": "RVパーク　カーリンクス長沼キャンプ場",
        "pref": "北海道",
        "address": "北海道夕張郡長沼町北市区東1線北15番地",
        "phone": "011-215-8893",
        "fee": "一般: 1泊/1台 2,750円",
        "available_period": "日祝 日祝の前日 GW 夏休み お盆 平日 11月～GW前まで冬季休業 施設により不定期のお休み・休業を設定している場合があります。ご利用可能日は事前に各施設にお問い合わせください。",
        "checkin_checkout": "チェックイン: 12:00 ～ 特になし / チェックアウト: 特になし ～ 10:30",
        "vehicle_size": "セミフルコン バスコン キャブコン バンコン トレーラー 軽キャン 一般車 下記駐車場サイズもご確認ください。 利用可能かどうか判断がつかない場合は、施設までお問い合わせください。",
        "features": [
          "24時間利用OK",
          "温水洗浄便座あり",
          "入浴施設あり（車移動あり）",
          "温泉あり",
          "ダンプステーション・なし",
          "ごみ処理対応可（無料）",
          "電源あり（無料）",
          "発電機・不可",
          "水道あり（無料）",
          "ペットOK",
          "WI-FIの利用・なし"
        ],
        "url": "https://www.kurumatabi.com/park/rvpark/1049.html",
        "geocode_source": "auto"
      }
    },
    {
      "type": "Feature",
      "geometry": {
        "type": "Point",
        "coordinates": [
          140.201746,
          42.468588
        ]
      },
      "properties": {
        "name": "RVパーク　ピリカ",
        "pref": "北海道",
        "address": "北海道瀬棚郡今金町美利河205-1",
        "phone": "0137-83-7111",
        "fee": "一般: 利用料金1泊 （電源あり・駐車場側） 2,500円〜3,000円 / 一般: 利用料金1泊 （電源あり・ゲレンデ側） 3,000円〜4,000円 / 一般: 利用料金1泊 （電源なし・駐車場側） 2,000円〜2,500円",
        "available_period": "日祝 日祝の前日 GW 夏休み お盆 平日 ※４月下旬～10月31日までがオープン期間 施設により不定期のお休み・休業を設定している場合があります。ご利用可能日は事前に各施設にお問い合わせください。",
        "checkin_checkout": "チェックイン: 14:00 ～ 18:30 / チェックアウト: 特になし ～ 10:00",
        "vehicle_size": "フルコン セミフルコン バスコン キャブコン バンコン トレーラー 軽キャン 一般車 下記駐車場サイズもご確認ください。 利用可能かどうか判断がつかない場合は、施設までお問い合わせください。",
        "features": [
          "24時間利用OK",
          "特に機能なし",
          "入浴施設あり（施設内）",
          "温泉あり",
          "ダンプステーション・なし",
          "ごみ処理対応可（有料）",
          "電源あり（無料）",
          "発電機・不可",
          "水道あり（無料）",
          "コインランドリー・なし",
          "ペットOK",
          "ドッグランあり",
          "WI-FIあり（無料）",
          "旅館・ホテルの食事：朝食・不可",
          "旅館・ホテルの食事：夕食・不可"
        ],
        "url": "https://www.kurumatabi.com/park/rvpark/834.html",
        "geocode_source": "auto"
      }
    },
    {
      "type": "Feature",
      "geometry": {
        "type": "Point",
        "coordinates": [
          142.88065,
          42.885853
        ]
      },
      "properties": {
        "name": "RVパーク　十勝ワッカの森キャンプ場",
        "pref": "北海道",
        "address": "北海道上川郡清水町旭山28番46",
        "phone": "0156677588",
        "fee": "一般: AC電源付き 5,000円 / 一般: 電源無しオートサイト 3,000円",
        "available_period": "通年 日祝 日祝の前日 春休み GW 夏休み お盆 冬休み 年末年始 平日 天災等の場合により臨時休業の場合有り 施設により不定期のお休み・休業を設定している場合があります。ご利用可能日は事前に各施設にお問い合わせください。",
        "checkin_checkout": "チェックイン: 13:00 ～ 17:00 / チェックアウト: 8:00 ～ 10:00",
        "vehicle_size": "セミフルコン バスコン キャブコン バンコン トレーラー 軽キャン 一般車 下記駐車場サイズもご確認ください。 利用可能かどうか判断がつかない場合は、施設までお問い合わせください。",
        "features": [
          "24時間利用OK",
          "温水洗浄便座あり",
          "入浴施設あり（施設内）",
          "シャワーあり",
          "ごみ処理対応可（有料）",
          "電源あり（無料）",
          "発電機利用可(時間指定あり)",
          "水道あり（無料）",
          "炊事場あり",
          "コインランドリーあり",
          "ペットOK",
          "ドッグランあり",
          "WI-FIあり（無料）",
          "宿泊予約OK"
        ],
        "url": "https://www.kurumatabi.com/park/rvpark/1271.html",
        "geocode_source": "auto"
      }
    },
    {
      "type": "Feature",
      "geometry": {
        "type": "Point",
        "coordinates": [
          142.489362,
          43.531495
        ]
      },
      "properties": {
        "name": "RVパーク　藍染結の杜",
        "pref": "北海道",
        "address": "北海道上川郡美瑛町拓進",
        "phone": "0166-74-8855",
        "fee": "一般: 1泊・1台につき 4,000円 / 一般: 牽引トレーラー利用の場合 6,000円 / スタンダード会員: 1泊・1台につき 4,000円 / プレミアム会員: 1泊・1台につき 4,000円",
        "available_period": "通年 定休日・営業時間外は、無人営業となります 営業日 カレンダー参照 https://biei.blue/ 施設により不定期のお休み・休業を設定している場合があります。ご利用可能日は事前に各施設にお問い合わせください。",
        "checkin_checkout": "チェックイン: 12:00 ～ 20:00 / チェックアウト: 特になし ～ 11:00",
        "vehicle_size": "セミフルコン バスコン キャブコン バンコン トレーラー 軽キャン 一般車 下記駐車場サイズもご確認ください。 利用可能かどうか判断がつかない場合は、施設までお問い合わせください。",
        "features": [
          "24時間利用OK",
          "温水洗浄便座あり",
          "入浴施設あり（施設内）",
          "シャワーあり",
          "ブラック・グレーOK",
          "ごみ処理対応可（有料）",
          "電源あり（無料）",
          "発電機・不可",
          "水道あり（有料）",
          "炊事場あり",
          "コインランドリー・なし",
          "ペットOK",
          "ドッグランなし",
          "WI-FIあり（無料）",
          "旅館・ホテルの食事：朝食・不可",
          "旅館・ホテルの食事：夕食・不可",
          "旅館・ホテルの宿泊予約・不可"
        ],
        "url": "https://www.kurumatabi.com/park/rvpark/1686.html",
        "geocode_source": "auto"
      }
    },
    {
      "type": "Feature",
      "geometry": {
        "type": "Point",
        "coordinates": [
          140.67225,
          41.982938
        ]
      },
      "properties": {
        "name": "RVパークおおぬま / YUKARA AUTO CAMP",
        "pref": "北海道",
        "address": "北海道亀田郡七飯町大沼町206-1",
        "phone": "080-6975-6416",
        "fee": "一般: 1泊1台 5ｍｘ5ｍ（電源利用料込み） 4,000円 / 一般: 1泊1台 2.5ｍｘ5ｍ（電源利用無、テント利用不可） 2,000円 / 一般: ヘッド車含む全長10m以上のトレーラー 6,000円",
        "available_period": "通年 大沼公園周辺や当施設内でのイベント開催時は、ご利用出来ない事があります。 あらかじめご了承ください。 施設により不定期のお休み・休業を設定している場合があります。ご利用可能日は事前に各施設にお問い合わせください。",
        "checkin_checkout": "チェックイン: 13:00 ～ 17:00 / チェックアウト: 8:00 ～ 11:00",
        "vehicle_size": "フルコン セミフルコン バスコン キャブコン バンコン トレーラー 軽キャン 一般車 下記駐車場サイズもご確認ください。 利用可能かどうか判断がつかない場合は、施設までお問い合わせください。",
        "features": [
          "24時間利用OK",
          "温水洗浄便座あり",
          "入浴施設あり（車移動あり）",
          "温泉あり",
          "ブラック・グレーOK",
          "ごみ処理対応可（有料）",
          "電源あり（有料）",
          "発電機・不可",
          "水道あり（無料）",
          "炊事場あり",
          "コインランドリーあり",
          "ペットOK",
          "ドッグランあり",
          "WI-FIあり（無料）",
          "旅館・ホテルの食事：朝食・不可",
          "旅館・ホテルの食事：夕食・不可",
          "宿泊予約OK"
        ],
        "url": "https://www.kurumatabi.com/park/rvpark/792.html",
        "geocode_source": "auto"
      }
    },
    {
      "type": "Feature",
      "geometry": {
        "type": "Point",
        "coordinates": [
          142.329338,
          42.355629
        ]
      },
      "properties": {
        "name": "RVパークにいかっぷ",
        "pref": "北海道",
        "address": "北海道新冠郡新冠町西泊津16-3",
        "phone": "0146-47-2100",
        "fee": "一般: 1泊 3,000円",
        "available_period": "通年 新冠温泉ホテルヒルズの休館日に準ずる 施設により不定期のお休み・休業を設定している場合があります。ご利用可能日は事前に各施設にお問い合わせください。",
        "checkin_checkout": "チェックイン: 15:00 ～ 21:00 / チェックアウト: 特になし ～ 10:00",
        "vehicle_size": "フルコン セミフルコン キャブコン バンコン 軽キャン 一般車 下記駐車場サイズもご確認ください。 利用可能かどうか判断がつかない場合は、施設までお問い合わせください。",
        "features": [
          "24時間利用OK",
          "温水洗浄便座あり",
          "入浴施設あり（施設内）",
          "温泉あり",
          "ごみ処理対応可（無料）",
          "電源あり（無料）",
          "発電機・不可",
          "水道・なし",
          "炊事場なし",
          "コインランドリー・なし",
          "ペットOK",
          "ドッグランなし",
          "WI-FIの利用・なし"
        ],
        "url": "https://www.kurumatabi.com/park/rvpark/1718.html",
        "geocode_source": "auto"
      }
    },
    {
      "type": "Feature",
      "geometry": {
        "type": "Point",
        "coordinates": [
          140.784088,
          41.794075
        ]
      },
      "properties": {
        "name": "RVパークはこだて日吉",
        "pref": "北海道",
        "address": "北海道函館市日吉町3丁目6番2号",
        "phone": "090-2434-8767",
        "fee": "一般: 1泊 1台 2,000円〜2,500円",
        "available_period": "通年 利用状況により不定休となる場合があります。 施設により不定期のお休み・休業を設定している場合があります。ご利用可能日は事前に各施設にお問い合わせください。",
        "checkin_checkout": "チェックイン: 14:00 ～ 18:00 / チェックアウト: 6:00 ～ 10:00",
        "vehicle_size": "セミフルコン バスコン キャブコン バンコン トレーラー 軽キャン 下記駐車場サイズもご確認ください。 利用可能かどうか判断がつかない場合は、施設までお問い合わせください。",
        "features": [
          "24時間利用OK",
          "入浴施設あり（徒歩圏内あり）",
          "温泉あり",
          "ごみ処理対応可（有料）",
          "電源あり（有料）",
          "発電機・不可",
          "水道あり（無料）",
          "炊事場なし",
          "コインランドリー・なし",
          "ペットOK",
          "ドッグランなし",
          "WI-FIあり（無料）",
          "旅館・ホテルの食事：朝食・不可",
          "旅館・ホテルの食事：夕食・不可",
          "旅館・ホテルの宿泊予約・不可"
        ],
        "url": "https://www.kurumatabi.com/park/rvpark/1774.html",
        "geocode_source": "auto"
      }
    },
    {
      "type": "Feature",
      "geometry": {
        "type": "Point",
        "coordinates": [
          140.777824,
          41.790886
        ]
      },
      "properties": {
        "name": "RVパークはこだて緑園通",
        "pref": "北海道",
        "address": "北海道函館市本通3丁目15-11",
        "phone": "0138-35-7000",
        "fee": "一般: 1泊 2,000円 / 一般: トレーラー等車体6m以上 1泊 2,500円",
        "available_period": "日祝 日祝の前日 春休み GW 夏休み お盆 冬休み 平日 施設により不定期のお休み・休業を設定している場合があります。ご利用可能日は事前に各施設にお問い合わせください。",
        "checkin_checkout": "チェックイン: 14:00 ～ 18:00 / チェックアウト: 特になし ～ 10:00",
        "vehicle_size": "フルコン セミフルコン バスコン キャブコン バンコン トレーラー 軽キャン 一般車 その他 下記駐車場サイズもご確認ください。 利用可能かどうか判断がつかない場合は、施設までお問い合わせください。",
        "features": [
          "24時間利用OK",
          "温水洗浄便座あり",
          "入浴施設あり（徒歩圏内あり）",
          "温泉あり",
          "ブラック・グレーOK",
          "ごみ処理対応可（有料）",
          "電源あり（有料）",
          "発電機・不可",
          "水道あり（無料）",
          "炊事場なし",
          "コインランドリーあり",
          "ペットOK",
          "ドッグランなし",
          "WI-FIあり（無料）",
          "旅館・ホテルの食事：朝食・不可",
          "旅館・ホテルの食事：夕食・不可",
          "宿泊予約OK"
        ],
        "url": "https://www.kurumatabi.com/park/rvpark/811.html",
        "geocode_source": "auto"
      }
    },
    {
      "type": "Feature",
      "geometry": {
        "type": "Point",
        "coordinates": [
          140.865619,
          43.031863
        ]
      },
      "properties": {
        "name": "RVパークライト AKAIGAWA TOMO PLAYPARK",
        "pref": "北海道",
        "address": "北海道余市郡赤井川村明治56",
        "phone": "0135-34-7575",
        "fee": "一般: 1泊・1台につき 3,800円",
        "available_period": "日祝 日祝の前日 GW 夏休み お盆 平日 冬季休業（11月上旬～4月30日） 施設により不定期のお休み・休業を設定している場合があります。ご利用可能日は事前に各施設にお問い合わせください。",
        "checkin_checkout": "チェックイン: 11:30 ～ 18:00 / チェックアウト: 5:00 ～ 10:30",
        "vehicle_size": "セミフルコン キャブコン バンコン 軽キャン 一般車 下記駐車場サイズもご確認ください。 利用可能かどうか判断がつかない場合は、施設までお問い合わせください。",
        "features": [
          "24時間利用OK",
          "温水洗浄便座あり",
          "入浴施設あり（車移動あり）",
          "温泉あり",
          "ごみ処理対応可（無料）",
          "電源あり（無料）",
          "発電機・不可",
          "水道あり（無料）",
          "炊事場あり",
          "コインランドリー・なし",
          "ペットOK",
          "WI-FIあり（無料）",
          "旅館・ホテルの食事：朝食・不可",
          "旅館・ホテルの食事：夕食・不可",
          "旅館・ホテルの宿泊予約・不可"
        ],
        "url": "https://www.kurumatabi.com/park/rvpark/1534.html",
        "geocode_source": "auto"
      }
    },
    {
      "type": "Feature",
      "geometry": {
        "type": "Point",
        "coordinates": [
          144.507038,
          43.714455
        ]
      },
      "properties": {
        "name": "RVパーク・知床清里町ウエネウサルみどり",
        "pref": "北海道",
        "address": "北海道斜里郡清里町緑町71-11",
        "phone": "080-9017-4107",
        "fee": "一般: 1泊・1台 4,000円",
        "available_period": "通年 日祝 日祝の前日 春休み GW 夏休み お盆 冬休み 平日 通年営業しておりますが、知床のガイドツアー催行会社の為スタッフ不在時は施錠しており【RVパークのご利用・受付】ができません。 必ず、ご予約前にお問合せください。 施設により不定期のお休み・休業を設定している場合があります。ご利用可能日は事前に各施設にお問い合わせください。",
        "checkin_checkout": "チェックイン: 16:00 ～ 20:00 / チェックアウト: 4:00 ～ 11:00",
        "vehicle_size": "フルコン セミフルコン バスコン キャブコン バンコン 軽キャン 一般車 その他 下記駐車場サイズもご確認ください。 利用可能かどうか判断がつかない場合は、施設までお問い合わせください。",
        "features": [
          "24時間利用OK",
          "暖房便座のみあり",
          "入浴施設あり（徒歩圏内あり）",
          "温泉あり",
          "ダンプステーション・なし",
          "ごみ処理対応可（無料）",
          "電源あり（無料）",
          "発電機・不可",
          "水道あり（無料）",
          "炊事場なし",
          "コインランドリー・なし",
          "ペットOK",
          "ドッグランなし",
          "WI-FIあり（無料）",
          "旅館・ホテルの食事：朝食・不可",
          "旅館・ホテルの食事：夕食・不可",
          "宿泊予約OK"
        ],
        "url": "https://www.kurumatabi.com/park/rvpark/734.html",
        "geocode_source": "auto"
      }
    },
    {
      "type": "Feature",
      "geometry": {
        "type": "Point",
        "coordinates": [
          140.75497,
          42.88366
        ]
      },
      "properties": {
        "name": "RVパーク倶知安",
        "pref": "北海道",
        "address": "北海道虻田郡倶知安町高砂117番地4",
        "phone": "0136-55-7731",
        "fee": "一般: 1泊／1台(トレーラー含む) 2,970円 / スタンダード会員: 1泊／1台(トレーラー含む) 2,970円 / プレミアム会員: 1泊／1台(トレーラー含む) 2,720円",
        "available_period": "通年 日祝 日祝の前日 春休み GW 夏休み お盆 冬休み 年末年始 平日 施設により不定期のお休み・休業を設定している場合があります。ご利用可能日は事前に各施設にお問い合わせください。",
        "checkin_checkout": "チェックイン: 13:00 ～ 18:00 / チェックアウト: 特になし ～ 11:00",
        "vehicle_size": "フルコン セミフルコン バスコン キャブコン バンコン トレーラー 軽キャン 一般車 下記駐車場サイズもご確認ください。 利用可能かどうか判断がつかない場合は、施設までお問い合わせください。",
        "features": [
          "24時間利用OK",
          "温水洗浄便座あり",
          "入浴施設あり（車移動あり）",
          "温泉あり",
          "ブラック・グレーOK",
          "ごみ処理対応可（有料）",
          "電源あり（有料）",
          "発電機・不可",
          "水道あり（無料）",
          "炊事場あり",
          "コインランドリーあり",
          "ペットOK",
          "ドッグランあり",
          "WI-FIあり（無料）",
          "旅館・ホテルの食事：朝食・不可",
          "旅館・ホテルの食事：夕食・不可",
          "旅館・ホテルの宿泊予約・不可"
        ],
        "url": "https://www.kurumatabi.com/park/rvpark/940.html",
        "geocode_source": "auto"
      }
    },
    {
      "type": "Feature",
      "geometry": {
        "type": "Point",
        "coordinates": [
          140.942512,
          42.341072
        ]
      },
      "properties": {
        "name": "RVパーク室蘭　ZEKKEI BASE CAMP",
        "pref": "北海道",
        "address": "北海道室蘭市絵鞆町4-2-23",
        "phone": "090-8905-7271",
        "fee": "一般: 1泊/1台（電源・水場使用、ごみ捨て可能）※２口１５Aの上限あり（１サイト：１口7.5A） 3,300円 / 一般: 1泊/1台（水場使用、ごみ捨て可能） 2,750円",
        "available_period": "日祝 日祝の前日 春休み GW 夏休み お盆 平日 グリーンシーズの営業となります。 ４月下旬頃から１０月末までの営業予定です。 施設により不定期のお休み・休業を設定している場合があります。ご利用可能日は事前に各施設にお問い合わせください。",
        "checkin_checkout": "チェックイン: 14:00 ～ 特になし / チェックアウト: 特になし ～ 10:00",
        "vehicle_size": "フルコン セミフルコン バスコン キャブコン バンコン トレーラー 軽キャン 一般車 下記駐車場サイズもご確認ください。 利用可能かどうか判断がつかない場合は、施設までお問い合わせください。",
        "features": [
          "24時間利用OK",
          "和式トイレ",
          "入浴施設あり（徒歩圏内あり）",
          "温泉あり",
          "ダンプステーション・なし",
          "ごみ処理対応可（無料）",
          "電源あり（有料）",
          "発電機・不可",
          "水道あり（有料）",
          "炊事場なし",
          "コインランドリー・なし",
          "ペットOK",
          "ドッグランなし",
          "WI-FIの利用・なし",
          "旅館・ホテルの食事：朝食・不可",
          "旅館・ホテルの食事：夕食・不可",
          "旅館・ホテルの宿泊予約・不可"
        ],
        "url": "https://www.kurumatabi.com/park/rvpark/1052.html",
        "geocode_source": "auto"
      }
    },
    {
      "type": "Feature",
      "geometry": {
        "type": "Point",
        "coordinates": [
          144.150684,
          43.808564
        ]
      },
      "properties": {
        "name": "RVパーク峠の湯びほろ",
        "pref": "北海道",
        "address": "北海道網走郡美幌町字都橋40番地1",
        "phone": "0152-73-2121",
        "fee": "一般: 1泊・1台(トレーラー含む) 3,000円",
        "available_period": "通年 利用可能期間 通年(冬期利用条件あり)ＨＰにてご確認ください。 ※休館日 〇毎月第２水曜日定休（第2水曜日が祝祭日の場合は翌日の木曜日 2026年8月12は営業、8月19日休館です。） 〇1月1日(12月31日、1月2日、1月3日は営業時間が変更になります) 〇2026年5月11日～5月15日 〇2026年11月9日～11月13日 ※予約について 近日中(2026/9月頃)に予約方法を「電話での予約」から、公式ＨＰからの「インターネット予約」のみに変更となります。 施設により不定期のお休み・休業を設定している場合があります。ご利用可能日は事前に各施設にお問い合わせください。",
        "checkin_checkout": "チェックイン: 15:00 ～ 21:00 / チェックアウト: 特になし ～ 11:00",
        "vehicle_size": "フルコン セミフルコン バスコン キャブコン バンコン トレーラー 軽キャン 一般車 下記駐車場サイズもご確認ください。 利用可能かどうか判断がつかない場合は、施設までお問い合わせください。",
        "features": [
          "24時間利用OK",
          "温水洗浄便座あり",
          "入浴施設あり（施設内）",
          "温泉あり",
          "ごみ処理対応可（有料）",
          "電源あり（有料）",
          "発電機・不可",
          "水道あり（無料）",
          "炊事場あり",
          "コインランドリー・なし",
          "ペットOK",
          "ドッグランなし",
          "WI-FIあり（無料）"
        ],
        "url": "https://www.kurumatabi.com/park/rvpark/788.html",
        "geocode_source": "auto"
      }
    },
    {
      "type": "Feature",
      "geometry": {
        "type": "Point",
        "coordinates": [
          144.533273,
          42.953701
        ]
      },
      "properties": {
        "name": "RVパーク昆布森番屋",
        "pref": "北海道",
        "address": "北海道釧路郡釧路町昆布森３-114",
        "phone": "090-2698-7747",
        "fee": "一般: 1泊/1台 1,500円",
        "available_period": "日祝 日祝の前日 春休み GW 夏休み お盆 平日 営業期間4月1日から11月30日 施設により不定期のお休み・休業を設定している場合があります。ご利用可能日は事前に各施設にお問い合わせください。",
        "checkin_checkout": "チェックイン: 13:00 ～ 特になし / チェックアウト: 特になし ～ 12:00",
        "vehicle_size": "フルコン セミフルコン バスコン キャブコン バンコン トレーラー 軽キャン 一般車 下記駐車場サイズもご確認ください。 利用可能かどうか判断がつかない場合は、施設までお問い合わせください。",
        "features": [
          "24時間利用OK",
          "温水洗浄便座あり",
          "入浴施設あり（施設内）",
          "シャワーあり",
          "ダンプステーション・なし",
          "ごみ処理対応可（有料）",
          "電源あり（有料）",
          "発電機・不可",
          "水道あり（無料）",
          "コインランドリー・なし",
          "ペットOK",
          "WI-FIあり（無料）"
        ],
        "url": "https://www.kurumatabi.com/park/rvpark/990.html",
        "geocode_source": "auto"
      }
    },
    {
      "type": "Feature",
      "geometry": {
        "type": "Point",
        "coordinates": [
          141.932054,
          43.563072
        ]
      },
      "properties": {
        "name": "RVパーク滝川生鮮おろしソフトクリーム",
        "pref": "北海道",
        "address": "北海道滝川市東町8丁目300-1",
        "phone": "0125-23-8064",
        "fee": "一般: 電源使用駐車場(別途電源料金有）割引制度あります 3,850円 / スタンダード会員: 専用電源無し 駐車スペースのみ使用 2,500円",
        "available_period": "通年 年末12月31日～年始1月3日までは利用不可となります 施設により不定期のお休み・休業を設定している場合があります。ご利用可能日は事前に各施設にお問い合わせください。",
        "checkin_checkout": "チェックイン: 14:00 ～ 17:30 / チェックアウト: 8:00 ～ 12:00",
        "vehicle_size": "フルコン セミフルコン バスコン キャブコン バンコン トレーラー 軽キャン 一般車",
        "features": [
          "24時間利用OK",
          "入浴施設あり（車移動あり）",
          "温泉あり",
          "ごみ処理対応可（有料）",
          "電源あり（有料）",
          "発電機利用可(時間指定あり)",
          "水道あり（無料）",
          "炊事場なし",
          "コインランドリー・なし",
          "ペットOK",
          "ドッグランなし",
          "WI-FIの利用・なし",
          "旅館・ホテルの食事：朝食・不可",
          "旅館・ホテルの食事：夕食・不可",
          "旅館・ホテルの宿泊予約・不可"
        ],
        "url": "https://www.kurumatabi.com/park/rvpark/1661.html",
        "geocode_source": "auto"
      }
    },
    {
      "type": "Feature",
      "geometry": {
        "type": "Point",
        "coordinates": [
          141.541893,
          42.638479
        ]
      },
      "properties": {
        "name": "RVパーク糸井の森",
        "pref": "北海道",
        "address": "北海道苫小牧市糸井465-2 糸井の森パークゴルフ",
        "phone": "0144-76-7237",
        "fee": "一般: 1泊/1台 2,500円",
        "available_period": "日祝 日祝の前日 春休み GW 夏休み お盆 平日 施設により不定期のお休み・休業を設定している場合があります。ご利用可能日は事前に各施設にお問い合わせください。",
        "checkin_checkout": "チェックイン: 14:00 ～ 17:00 / チェックアウト: 特になし ～ 10:00",
        "vehicle_size": "フルコン セミフルコン バスコン キャブコン バンコン トレーラー 軽キャン 一般車 下記駐車場サイズもご確認ください。 利用可能かどうか判断がつかない場合は、施設までお問い合わせください。",
        "features": [
          "24時間利用OK",
          "暖房便座のみあり",
          "入浴施設あり（車移動あり）",
          "温泉あり",
          "ブラック・グレーOK",
          "ごみ処理対応可（有料）",
          "電源あり（有料）",
          "発電機・不可",
          "水道あり（無料）",
          "炊事場あり",
          "コインランドリー・なし",
          "ペットOK",
          "ドッグランあり",
          "WI-FIあり（無料）"
        ],
        "url": "https://www.kurumatabi.com/park/rvpark/941.html",
        "geocode_source": "auto"
      }
    },
    {
      "type": "Feature",
      "geometry": {
        "type": "Point",
        "coordinates": [
          141.587835,
          42.897791
        ]
      },
      "properties": {
        "name": "RVパーク花ロードえにわ",
        "pref": "北海道",
        "address": "北海道恵庭市南島松828番地3",
        "phone": "0123-29-6721",
        "fee": "一般: １台１泊（トレーラー含む） 3,000円",
        "available_period": "日祝 日祝の前日 春休み GW 夏休み お盆 冬休み 平日 施設により不定期のお休み・休業を設定している場合があります。ご利用可能日は事前に各施設にお問い合わせください。",
        "checkin_checkout": "チェックイン: 12:30 ～ 17:00 / チェックアウト: 0:00 ～ 10:00",
        "vehicle_size": "セミフルコン バスコン キャブコン バンコン 軽キャン 下記駐車場サイズもご確認ください。 利用可能かどうか判断がつかない場合は、施設までお問い合わせください。",
        "features": [
          "24時間利用OK",
          "暖房便座のみあり",
          "入浴施設あり（車移動あり）",
          "温泉あり",
          "ごみ処理対応可（有料）",
          "電源あり（有料）",
          "発電機・不可",
          "水道あり（無料）",
          "炊事場あり",
          "コインランドリーあり",
          "ペットOK",
          "WI-FIあり（無料）",
          "旅館・ホテルの食事：朝食・不可",
          "旅館・ホテルの食事：夕食・不可",
          "旅館・ホテルの宿泊予約・不可"
        ],
        "url": "https://www.kurumatabi.com/park/rvpark/899.html",
        "geocode_source": "auto"
      }
    },
    {
      "type": "Feature",
      "geometry": {
        "type": "Point",
        "coordinates": [
          141.039924,
          42.745837
        ]
      },
      "properties": {
        "name": "RVパーク雪月花廊inきもべつ",
        "pref": "北海道",
        "address": "北海道虻田郡喜茂別町中里392",
        "phone": "0136-33-6067",
        "fee": "【一般料金】 車500円、キャンピングカー1000円、トレーラー1000円 大人800円 子供（小学生）500円 幼児無料 電源500円 【スタンダード料金】 車500円、キャンピングカー1000円、トレーラー1000円 大人800円 子供（小学生）500円 幼児無料 電源500円 【プレミアム料金】 車500円、キャンピングカー1000円、トレーラー1000円 大人800円 子供（小学生）500円 幼児無料 電源無料 電源利用料については、 電源の有無 の項目をご確認ください。 最新の料金は直接施設へ事前確認をお願いします。",
        "available_period": "日祝 日祝の前日 春休み GW 夏休み お盆 平日 施設により不定期のお休み・休業を設定している場合があります。ご利用可能日は事前に各施設にお問い合わせください。",
        "checkin_checkout": "チェックイン: 13:00 ～ 18:00 / チェックアウト: 特になし ～ 11:00",
        "vehicle_size": "フルコン セミフルコン バスコン キャブコン バンコン トレーラー 軽キャン 一般車 下記駐車場サイズもご確認ください。 利用可能かどうか判断がつかない場合は、施設までお問い合わせください。",
        "features": [
          "24時間利用OK",
          "温水洗浄便座あり",
          "入浴施設あり（施設内）",
          "シャワーあり",
          "ブラック・グレーOK",
          "ごみ処理対応可（有料）",
          "電源あり（有料）",
          "発電機・不可",
          "水道あり（無料）",
          "コインランドリーあり",
          "ペットOK",
          "WI-FIあり（無料）",
          "朝食予約OK",
          "夕食予約OK",
          "宿泊予約OK"
        ],
        "url": "https://www.kurumatabi.com/park/rvpark/1085.html",
        "geocode_source": "auto"
      }
    },
    {
      "type": "Feature",
      "geometry": {
        "type": "Point",
        "coordinates": [
          141.470695,
          43.117144
        ]
      },
      "properties": {
        "name": "えべつRVパーク",
        "pref": "北海道",
        "address": "北海道江別市角山２０６番地４２",
        "phone": "080-4873-1919",
        "fee": "一般: 芝生付区画１泊 3,850円 / 一般: フリー区画１泊 3,300円 / スタンダード会員: 芝生付区画１泊 3,465円 / プレミアム会員: 芝生付区画１泊 3,465円",
        "available_period": "通年 日祝 日祝の前日 春休み GW 夏休み お盆 冬休み 平日 ご予約前に休業日の確認のお問い合わせをお願いいたします。 施設により不定期のお休み・休業を設定している場合があります。ご利用可能日は事前に各施設にお問い合わせください。",
        "checkin_checkout": "チェックイン: 13:00 ～ 17:00 / チェックアウト: 9:00 ～ 11:00",
        "vehicle_size": "フルコン セミフルコン バスコン キャブコン バンコン トレーラー 軽キャン 一般車 その他 下記駐車場サイズもご確認ください。 利用可能かどうか判断がつかない場合は、施設までお問い合わせください。",
        "features": [
          "24時間利用OK",
          "温水洗浄便座あり",
          "入浴施設あり（施設内）",
          "湯沸かし浴槽あり",
          "ブラック・グレーOK",
          "ごみ処理対応可（有料）",
          "電源あり（有料）",
          "発電機利用可(時間指定あり)",
          "水道あり（無料）",
          "炊事場なし",
          "コインランドリー・なし",
          "ペットOK",
          "ドッグランあり",
          "WI-FIの利用・なし",
          "旅館・ホテルの食事：朝食・不可",
          "旅館・ホテルの食事：夕食・不可",
          "旅館・ホテルの宿泊予約・不可"
        ],
        "url": "https://www.kurumatabi.com/park/rvpark/1283.html",
        "geocode_source": "auto"
      }
    },
    {
      "type": "Feature",
      "geometry": {
        "type": "Point",
        "coordinates": [
          141.930002,
          43.156655
        ]
      },
      "properties": {
        "name": "メープルロッジ RVパーク",
        "pref": "北海道",
        "address": "北海道岩見沢市毛陽町１８３番地２",
        "phone": "0126-46-2222",
        "fee": "一般: 1区画1泊（電源設備込） 3,000円 / スタンダード会員: 1区画1泊（電源設備込） 3,000円 / プレミアム会員: 1区画1泊（電源設備込） 3,000円",
        "available_period": "通年 日祝 日祝の前日 春休み GW 夏休み お盆 平日 営業期間は4月下旬～11月末日までとなります。 ※6月・9月に1日～2日メンテナンス休日がございます。 施設により不定期のお休み・休業を設定している場合があります。ご利用可能日は事前に各施設にお問い合わせください。",
        "checkin_checkout": "チェックイン: 14:00 ～ 20:00 / チェックアウト: 7:00 ～ 10:00",
        "vehicle_size": "キャブコン バンコン 軽キャン 一般車 下記駐車場サイズもご確認ください。 利用可能かどうか判断がつかない場合は、施設までお問い合わせください。",
        "features": [
          "24時間利用OK",
          "温水洗浄便座あり",
          "入浴施設あり（施設内）",
          "温泉あり",
          "ダンプステーション・なし",
          "ごみ処理対応可（有料）",
          "電源あり（有料）",
          "発電機・不可",
          "水道・なし",
          "炊事場なし",
          "コインランドリー・なし",
          "ペットOK",
          "ドッグランなし",
          "WI-FIの利用・なし",
          "朝食予約OK",
          "旅館・ホテルの食事：夕食・不可",
          "宿泊予約OK"
        ],
        "url": "https://www.kurumatabi.com/park/rvpark/1211.html",
        "geocode_source": "auto"
      }
    },
    {
      "type": "Feature",
      "geometry": {
        "type": "Point",
        "coordinates": [
          145.212287,
          43.587415
        ]
      },
      "properties": {
        "name": "星おどるRVパークおだいとう",
        "pref": "北海道",
        "address": "北海道野付郡別海町尾岱沼岬町65",
        "phone": "09083739957",
        "fee": "一般: 1泊・1台 4,500円",
        "available_period": "通年 施設により不定期のお休み・休業を設定している場合があります。ご利用可能日は事前に各施設にお問い合わせください。",
        "checkin_checkout": "チェックイン: 15:00 ～ 19:00 / チェックアウト: 特になし ～ 10:00",
        "vehicle_size": "フルコン セミフルコン バスコン キャブコン バンコン トレーラー 軽キャン 一般車 下記駐車場サイズもご確認ください。 利用可能かどうか判断がつかない場合は、施設までお問い合わせください。",
        "features": [
          "24時間利用OK",
          "温水洗浄便座あり",
          "入浴施設あり（車移動あり）",
          "温泉あり",
          "ブラック・グレーOK",
          "ごみ処理対応可（有料）",
          "電源あり（無料）",
          "発電機・不可",
          "水道あり（無料）",
          "炊事場あり",
          "コインランドリー・なし",
          "ペットOK",
          "ドッグランなし",
          "WI-FIの利用・なし",
          "旅館・ホテルの食事：朝食・不可",
          "旅館・ホテルの食事：夕食・不可",
          "旅館・ホテルの宿泊予約・不可"
        ],
        "url": "https://www.kurumatabi.com/park/rvpark/1199.html",
        "geocode_source": "auto"
      }
    },
    {
      "type": "Feature",
      "geometry": {
        "type": "Point",
        "coordinates": [
          140.450865,
          41.696002
        ]
      },
      "properties": {
        "name": "木古内みそぎの丘RVパーク",
        "pref": "北海道",
        "address": "北海道上磯郡木古内町大平60-7",
        "phone": "090-1646-7859",
        "fee": "一般: 一泊 2,970円",
        "available_period": "通年 施設により不定期のお休み・休業を設定している場合があります。ご利用可能日は事前に各施設にお問い合わせください。",
        "checkin_checkout": "チェックイン: 13:00 ～ 16:00 / チェックアウト: 特になし ～ 11:00",
        "vehicle_size": "フルコン セミフルコン バスコン キャブコン バンコン トレーラー 軽キャン 一般車 その他",
        "features": [
          "24時間利用OK",
          "入浴施設あり（車移動あり）",
          "温泉あり",
          "ごみ処理対応可（無料）",
          "電源あり（有料）",
          "発電機利用可(時間指定あり)",
          "水道あり（無料）",
          "ペットOK",
          "ドッグランあり"
        ],
        "url": "https://www.kurumatabi.com/park/rvpark/1740.html",
        "geocode_source": "auto"
      }
    },
    {
      "type": "Feature",
      "geometry": {
        "type": "Point",
        "coordinates": [
          141.227308,
          42.960871
        ]
      },
      "properties": {
        "name": "札幌小金湯さくらRVパーク",
        "pref": "北海道",
        "address": "北海道札幌市南区小金湯675-3",
        "phone": "080-4044-8720",
        "fee": "2500円／泊 【利用可能台数】8台 1泊2500円(税込) 電源使用料1台につき500円かかります。 電源利用料については、 電源の有無 の項目をご確認ください。 最新の料金は直接施設へ事前確認をお願いします。",
        "available_period": "日祝 日祝の前日 GW 夏休み お盆 平日 2019年4月27日～2019年11月中旬予定 ※上記期間以外は積雪の為CLOSE 施設により不定期のお休み・休業を設定している場合があります。ご利用可能日は事前に各施設にお問い合わせください。",
        "checkin_checkout": "チェックイン: 17:00 ～ / チェックアウト: ～ 11:00",
        "vehicle_size": "フルコン セミフルコン バスコン キャブコン バンコン 軽キャン",
        "features": [
          "ごみ処理可能",
          "電源あり",
          "水道あり",
          "発電機OK",
          "入浴施設あり",
          "ペットOK",
          "プレミアム会員特典あり",
          "24時間トイレあり",
          "ダンプステーションあり"
        ],
        "url": "https://www.kurumatabi.com/park/rvpark/768.html",
        "geocode_source": "auto"
      }
    },
    {
      "type": "Feature",
      "geometry": {
        "type": "Point",
        "coordinates": [
          141.893138,
          43.343868
        ]
      },
      "properties": {
        "name": "美唄RVパーク",
        "pref": "北海道",
        "address": "北海道美唄市東明町3区",
        "phone": "0126-64-3800",
        "fee": "一般: 1区画1泊（電源設備込） 2,500円 / スタンダード会員: 1区画1泊（電源設備込） 2,500円 / プレミアム会員: 1区画1泊（電源設備込） 2,500円",
        "available_period": "通年 日祝 日祝の前日 春休み GW 夏休み お盆 冬休み 年末年始 平日 施設の整備等の理由により、不定期の休業を設定している場合がございます。ご利用可能日につきましては事前に施設までご連絡ください。 施設により不定期のお休み・休業を設定している場合があります。ご利用可能日は事前に各施設にお問い合わせください。",
        "checkin_checkout": "チェックイン: 14:00 ～ 20:00 / チェックアウト: 特になし ～ 10:00",
        "vehicle_size": "セミフルコン キャブコン バンコン 軽キャン 一般車 下記駐車場サイズもご確認ください。 利用可能かどうか判断がつかない場合は、施設までお問い合わせください。",
        "features": [
          "24時間利用OK",
          "特に機能なし",
          "入浴施設あり（施設内）",
          "温泉あり",
          "ダンプステーション・なし",
          "ごみ処理対応可（有料）",
          "電源あり（有料）",
          "発電機・不可",
          "水道・なし",
          "コインランドリーあり",
          "ペットOK",
          "朝食予約OK",
          "夕食予約OK",
          "宿泊予約OK"
        ],
        "url": "https://www.kurumatabi.com/park/rvpark/1096.html",
        "geocode_source": "auto"
      }
    },
    {
      "type": "Feature",
      "geometry": {
        "type": "Point",
        "coordinates": [
          139.855089,
          35.020482
        ]
      },
      "properties": {
        "name": "CAMPGROUND BREEZE TATEYAMA（旧 BREEZE Family Camp）",
        "pref": "千葉県",
        "address": "千葉県館山市那古1672-6",
        "phone": "0470-28-4722",
        "fee": "一般: 1泊1台につきサイト料3,300円（税込）+1泊1人につき施設使用料1,650円~※プランにより料金は異なりますのでHPでご確認ください。 4,950円",
        "available_period": "通年 日祝 日祝の前日 春休み GW 夏休み お盆 冬休み 年末年始 平日 2月休業、他不定期で休業日あり。公式HPのカレンダーを確認して下さい。 施設により不定期のお休み・休業を設定している場合があります。ご利用可能日は事前に各施設にお問い合わせください。",
        "checkin_checkout": "チェックイン: 13:00 ～ 18:00 / チェックアウト: 8:00 ～ 12:00",
        "vehicle_size": "バスコン キャブコン バンコン トレーラー 軽キャン 一般車 下記駐車場サイズもご確認ください。 利用可能かどうか判断がつかない場合は、施設までお問い合わせください。",
        "features": [
          "24時間利用OK",
          "温水洗浄便座あり",
          "入浴施設あり（車移動あり）",
          "温泉あり",
          "ごみ処理対応可（無料）",
          "電源あり（無料）",
          "発電機・不可",
          "水道あり（無料）",
          "炊事場あり",
          "コインランドリー・なし",
          "ペットOK",
          "ドッグランなし",
          "WI-FIあり（無料）",
          "旅館・ホテルの食事：朝食・不可",
          "旅館・ホテルの食事：夕食・不可",
          "宿泊予約OK"
        ],
        "url": "https://www.kurumatabi.com/park/rvpark/1041.html",
        "geocode_source": "auto"
      }
    },
    {
      "type": "Feature",
      "geometry": {
        "type": "Point",
        "coordinates": [
          140.267611,
          35.158071
        ]
      },
      "properties": {
        "name": "RVパーク 214KATSUURA",
        "pref": "千葉県",
        "address": "千葉県勝浦市守谷1516-1",
        "phone": "080-8108-8825",
        "fee": "一般: 1泊・1台につき 3,300円〜5,280円",
        "available_period": "通年 不定休(webサイトをご覧ください） 施設により不定期のお休み・休業を設定している場合があります。ご利用可能日は事前に各施設にお問い合わせください。",
        "checkin_checkout": "チェックイン: 13:00 ～ 17:00 / チェックアウト: 特になし ～ 10:00",
        "vehicle_size": "セミフルコン バスコン キャブコン バンコン トレーラー 軽キャン 一般車 下記駐車場サイズもご確認ください。 利用可能かどうか判断がつかない場合は、施設までお問い合わせください。",
        "features": [
          "24時間利用OK",
          "温水洗浄便座あり",
          "入浴施設あり（車移動あり）",
          "温泉あり",
          "ダンプステーション・なし",
          "ごみ処理対応可（有料）",
          "電源あり（無料）",
          "発電機・不可",
          "水道あり（無料）",
          "炊事場なし",
          "コインランドリー・なし",
          "ペットOK",
          "ドッグランなし",
          "WI-FIあり（無料）"
        ],
        "url": "https://www.kurumatabi.com/park/rvpark/1128.html",
        "geocode_source": "auto"
      }
    },
    {
      "type": "Feature",
      "geometry": {
        "type": "Point",
        "coordinates": [
          139.927426,
          35.313795
        ]
      },
      "properties": {
        "name": "RVパーク BBQ OASIS",
        "pref": "千葉県",
        "address": "千葉県君津市外箕輪175-1",
        "phone": "0439-27-1889",
        "fee": "一般: 1泊・1台につき 4,000円 / スタンダード会員: 各サイトのご利用者様の会員証をご確認いたします。 3,200円 / プレミアム会員: 各サイトのご利用者様の会員証をご確認いたします。 3,000円",
        "available_period": "通年 日祝 日祝の前日 春休み GW 夏休み お盆 冬休み 年末年始 平日 施設により不定期のお休み・休業を設定している場合があります。ご利用可能日は事前に各施設にお問い合わせください。",
        "checkin_checkout": "チェックイン: 12:00 ～ 22:00 / チェックアウト: 特になし ～ 11:00",
        "vehicle_size": "セミフルコン バスコン キャブコン バンコン 軽キャン 一般車 下記駐車場サイズもご確認ください。 利用可能かどうか判断がつかない場合は、施設までお問い合わせください。",
        "features": [
          "24時間利用OK",
          "暖房便座のみあり",
          "入浴施設あり（施設内）",
          "湯沸かし浴槽あり",
          "ダンプステーション・なし",
          "ごみ処理対応可（有料）",
          "電源あり（有料）",
          "発電機利用可(時間指定あり)",
          "水道あり（無料）",
          "炊事場なし",
          "コインランドリーあり",
          "ペットOK",
          "ドッグランなし",
          "WI-FIの利用・なし",
          "朝食予約OK",
          "夕食予約OK",
          "旅館・ホテルの宿泊予約・不可"
        ],
        "url": "https://www.kurumatabi.com/park/rvpark/1142.html",
        "geocode_source": "auto"
      }
    },
    {
      "type": "Feature",
      "geometry": {
        "type": "Point",
        "coordinates": [
          139.794276,
          34.97166
        ]
      },
      "properties": {
        "name": "RVパーク DOG KENNEL",
        "pref": "千葉県",
        "address": "千葉県館山市見物(ケンブツ)744-1",
        "phone": "0470-28-4119",
        "fee": "一般: 1泊・1台につき 4,000円〜6,000円",
        "available_period": "通年 施設により不定期のお休み・休業を設定している場合があります。ご利用可能日は事前に各施設にお問い合わせください。",
        "checkin_checkout": "チェックイン: 13:00 ～ 17:00 / チェックアウト: 特になし ～ 11:00",
        "vehicle_size": "フルコン セミフルコン バスコン キャブコン バンコン 軽キャン 一般車 その他",
        "features": [
          "24時間利用OK",
          "温水洗浄便座あり",
          "入浴施設あり（施設内）",
          "シャワーあり",
          "ダンプステーション・なし",
          "ごみ処理対応可（無料）",
          "電源あり（無料）",
          "発電機利用可(時間指定なし)",
          "水道あり（無料）",
          "炊事場あり",
          "コインランドリー・なし",
          "ペットOK",
          "ドッグランあり",
          "WI-FIの利用・なし"
        ],
        "url": "https://www.kurumatabi.com/park/rvpark/1440.html",
        "geocode_source": "auto"
      }
    },
    {
      "type": "Feature",
      "geometry": {
        "type": "Point",
        "coordinates": [
          140.372156,
          35.226417
        ]
      },
      "properties": {
        "name": "RVパーク ISUMI Glamping Resort & Spa SOLAS",
        "pref": "千葉県",
        "address": "千葉県いすみ市釈迦谷1610−1",
        "phone": "0470625151",
        "fee": "電源利用料については、 電源の有無 の項目をご確認ください。 最新の料金は直接施設へ事前確認をお願いします。",
        "available_period": "通年 日祝 日祝の前日 春休み GW 夏休み お盆 冬休み 年末年始 平日 施設により不定期のお休み・休業を設定している場合があります。ご利用可能日は事前に各施設にお問い合わせください。",
        "checkin_checkout": "チェックイン: 13:00 ～ 17:00 / チェックアウト: 特になし ～ 10:00",
        "vehicle_size": "バスコン キャブコン バンコン トレーラー 軽キャン 一般車 下記駐車場サイズもご確認ください。 利用可能かどうか判断がつかない場合は、施設までお問い合わせください。",
        "features": [
          "24時間利用OK",
          "温水洗浄便座あり",
          "入浴施設あり（施設内）",
          "湯沸かし浴槽あり",
          "ダンプステーション・なし",
          "ごみ処理対応可（有料）",
          "電源あり（無料）",
          "発電機・不可",
          "水道あり（無料）",
          "炊事場あり",
          "コインランドリー・なし",
          "ペットOK",
          "ドッグランなし",
          "WI-FIあり（無料）",
          "旅館・ホテルの食事：朝食・不可",
          "旅館・ホテルの食事：夕食・不可",
          "旅館・ホテルの宿泊予約・不可"
        ],
        "url": "https://www.kurumatabi.com/park/rvpark/1649.html",
        "geocode_source": "auto"
      }
    },
    {
      "type": "Feature",
      "geometry": {
        "type": "Point",
        "coordinates": [
          140.293521,
          35.284005
        ]
      },
      "properties": {
        "name": "RVパーク NANSO CAMP",
        "pref": "千葉県",
        "address": "千葉県いすみ市引田118",
        "phone": "080-6781-1024",
        "fee": "一般: １泊１台につき 3,850円〜10,000円",
        "available_period": "通年 施設により不定期のお休み・休業を設定している場合があります。ご利用可能日は事前に各施設にお問い合わせください。",
        "checkin_checkout": "チェックイン: 12:00 ～ 17:00 / チェックアウト: 7:00 ～ 12:00",
        "vehicle_size": "フルコン セミフルコン バスコン キャブコン バンコン トレーラー 軽キャン 一般車 その他",
        "features": [
          "24時間利用OK",
          "温水洗浄便座あり",
          "入浴施設あり（施設内）",
          "湯沸かし浴槽あり",
          "ダンプステーション・なし",
          "ごみ処理対応可（有料）",
          "電源あり（有料）",
          "発電機・不可",
          "水道あり（無料）",
          "炊事場あり",
          "コインランドリー・なし",
          "ペットOK",
          "ドッグランなし",
          "WI-FIあり（無料）",
          "旅館・ホテルの食事：朝食・不可",
          "旅館・ホテルの食事：夕食・不可",
          "旅館・ホテルの宿泊予約・不可"
        ],
        "url": "https://www.kurumatabi.com/park/rvpark/1759.html",
        "geocode_source": "auto"
      }
    },
    {
      "type": "Feature",
      "geometry": {
        "type": "Point",
        "coordinates": [
          139.858859,
          35.00674
        ]
      },
      "properties": {
        "name": "RVパーク OCEAN FRONT TATEYAMA",
        "pref": "千葉県",
        "address": "千葉県館山市八幡小松原821－11",
        "phone": "08010980575",
        "fee": "一般: 1泊・1台につき 3,900円〜4,900円 / 一般: 1泊・1台につき （サマーシーズン） 4,900円〜5,900円 / 一般: 1泊・1台につき （年末年始・GW・お盆期間） 7,900円",
        "available_period": "通年 施設により不定期のお休み・休業を設定している場合があります。ご利用可能日は事前に各施設にお問い合わせください。",
        "checkin_checkout": "チェックイン: 14:00 ～ / チェックアウト: ～ 12:00",
        "vehicle_size": "セミフルコン バスコン キャブコン バンコン 軽キャン 一般車 その他 下記駐車場サイズもご確認ください。 利用可能かどうか判断がつかない場合は、施設までお問い合わせください。",
        "features": [
          "24時間利用OK",
          "温水洗浄便座あり",
          "入浴施設あり（徒歩圏内あり）",
          "温泉あり",
          "ダンプステーション・なし",
          "ごみ処理対応可（有料）",
          "電源あり（有料）",
          "発電機・不可",
          "水道あり（無料）",
          "炊事場なし",
          "コインランドリーあり",
          "ペットOK",
          "ドッグランなし",
          "WI-FIあり（無料）",
          "旅館・ホテルの食事：朝食・不可",
          "旅館・ホテルの食事：夕食・不可",
          "宿泊予約OK"
        ],
        "url": "https://www.kurumatabi.com/park/rvpark/1381.html",
        "geocode_source": "auto"
      }
    },
    {
      "type": "Feature",
      "geometry": {
        "type": "Point",
        "coordinates": [
          140.381212,
          35.389788
        ]
      },
      "properties": {
        "name": "RVパーク SecretBase・CampMellow",
        "pref": "千葉県",
        "address": "千葉県長生郡長生村一松乙1425-1",
        "phone": "0475-30-1173",
        "fee": "一般: 1泊・1台につき 3,300円 / スタンダード会員: 1泊・1台につき 3,000円 / プレミアム会員: 1泊・1台につき 3,000円",
        "available_period": "日祝 日祝の前日 春休み GW 夏休み お盆 冬休み 年末年始 平日のご利用をご希望される方はお問い合わせ下さい。 施設により不定期のお休み・休業を設定している場合があります。ご利用可能日は事前に各施設にお問い合わせください。",
        "checkin_checkout": "チェックイン: 17:00 ～ 19:00 / チェックアウト: 7:00 ～ 9:00",
        "vehicle_size": "キャブコン バンコン 軽キャン 一般車 その他 下記駐車場サイズもご確認ください。 利用可能かどうか判断がつかない場合は、施設までお問い合わせください。",
        "features": [
          "24時間利用OK",
          "温水洗浄便座あり",
          "入浴施設あり（施設内）",
          "シャワーあり",
          "ダンプステーション・なし",
          "ごみ処理対応可（無料）",
          "電源あり（有料）",
          "発電機利用可(時間指定あり)",
          "水道あり（無料）",
          "炊事場あり",
          "コインランドリー・なし",
          "ペットOK",
          "ドッグランあり",
          "WI-FIの利用・なし",
          "旅館・ホテルの食事：朝食・不可",
          "旅館・ホテルの食事：夕食・不可",
          "旅館・ホテルの宿泊予約・不可"
        ],
        "url": "https://www.kurumatabi.com/park/rvpark/1035.html",
        "geocode_source": "auto"
      }
    },
    {
      "type": "Feature",
      "geometry": {
        "type": "Point",
        "coordinates": [
          139.99,
          35.889
        ]
      },
      "properties": {
        "name": "RVパーク Wonderful Garden 柏",
        "pref": "千葉県",
        "address": "千葉県柏市布施７３６",
        "phone": "070-4711-1550",
        "fee": "一般: RVサイト１泊１台 定員4名 3,500円〜4,500円 / スタンダード会員: RVサイト１泊1台 定員4名 3,500円〜4,500円 / プレミアム会員: RVサイト１泊１台 定員4名 3,500円〜4,500円",
        "available_period": "通年 施設により不定期のお休み・休業を設定している場合があります。ご利用可能日は事前に各施設にお問い合わせください。",
        "checkin_checkout": "チェックイン: 12:00 ～ 18:00 / チェックアウト: 6:00 ～ 11:00",
        "vehicle_size": "セミフルコン バスコン キャブコン バンコン トレーラー 軽キャン 一般車 下記駐車場サイズもご確認ください。 利用可能かどうか判断がつかない場合は、施設までお問い合わせください。",
        "features": [
          "24時間利用OK",
          "温水洗浄便座あり",
          "入浴施設あり（施設内）",
          "シャワーあり",
          "ダンプステーション・なし",
          "ごみ処理対応可（無料）",
          "電源あり（無料）",
          "発電機・不可",
          "水道あり（無料）",
          "炊事場あり",
          "コインランドリー・なし",
          "ペットOK",
          "ドッグランなし",
          "WI-FIあり（無料）",
          "旅館・ホテルの食事：朝食・不可",
          "旅館・ホテルの食事：夕食・不可",
          "旅館・ホテルの宿泊予約・不可"
        ],
        "url": "https://www.kurumatabi.com/park/rvpark/1425.html",
        "geocode_source": "auto"
      }
    },
    {
      "type": "Feature",
      "geometry": {
        "type": "Point",
        "coordinates": [
          140.318905,
          35.642339
        ]
      },
      "properties": {
        "name": "RVパーク YACHIMATA",
        "pref": "千葉県",
        "address": "千葉県八街市八街ほ1035-165",
        "phone": "090-8507-4473",
        "fee": "一般: 1泊・1台につき 3,500円〜5,000円 / スタンダード会員: 1泊・1台につき 3,500円〜5,000円 / プレミアム会員: 1泊・1台につき 3,500円〜5,000円",
        "available_period": "通年 日祝 日祝の前日 GW 休業日：原則日曜から木曜 休業日、および貸切利用をご希望の場合、応相談 施設により不定期のお休み・休業を設定している場合があります。ご利用可能日は事前に各施設にお問い合わせください。",
        "checkin_checkout": "チェックイン: 13:00 ～ 20:00 / チェックアウト: 6:00 ～ 11:00",
        "vehicle_size": "セミフルコン バスコン キャブコン バンコン トレーラー 軽キャン 一般車 下記駐車場サイズもご確認ください。 利用可能かどうか判断がつかない場合は、施設までお問い合わせください。",
        "features": [
          "24時間利用OK",
          "温水洗浄便座あり",
          "入浴施設あり（車移動あり）",
          "温泉あり",
          "ダンプステーション・なし",
          "ごみ処理対応可（有料）",
          "電源あり（無料）",
          "発電機・不可",
          "水道あり（無料）",
          "炊事場あり",
          "コインランドリー・なし",
          "ペットOK",
          "ドッグランあり",
          "WI-FIあり（無料）",
          "旅館・ホテルの食事：朝食・不可",
          "旅館・ホテルの食事：夕食・不可",
          "旅館・ホテルの宿泊予約・不可"
        ],
        "url": "https://www.kurumatabi.com/park/rvpark/1657.html",
        "geocode_source": "auto"
      }
    },
    {
      "type": "Feature",
      "geometry": {
        "type": "Point",
        "coordinates": [
          139.843753,
          35.032029
        ]
      },
      "properties": {
        "name": "RVパーク たてやま倶楽部",
        "pref": "千葉県",
        "address": "千葉県館山市船形777",
        "phone": "090-2377-0777",
        "fee": "1泊 4,000円／1台(トレーラー含む)＋1,000円/名 ※シーズンによって変動有り 電源利用料については、 電源の有無 の項目をご確認ください。 最新の料金は直接施設へ事前確認をお願いします。",
        "available_period": "日祝 日祝の前日 春休み GW 夏休み お盆 年末年始 不定期のお休み・休業にする場合があります。ご利用可能日は事前にお問い合わせください 施設により不定期のお休み・休業を設定している場合があります。ご利用可能日は事前に各施設にお問い合わせください。",
        "checkin_checkout": "チェックイン: 14:00 ～ 17:00 / チェックアウト: 8:00 ～ 11:00",
        "vehicle_size": "セミフルコン キャブコン バンコン トレーラー 軽キャン 一般車 下記駐車場サイズもご確認ください。 利用可能かどうか判断がつかない場合は、施設までお問い合わせください。",
        "features": [
          "24時間利用OK",
          "温水洗浄便座あり",
          "入浴施設あり（車移動あり）",
          "温泉あり",
          "ダンプステーション・なし",
          "ごみ処理対応可（有料）",
          "電源あり（有料）",
          "発電機・不可",
          "水道あり（無料）",
          "炊事場あり",
          "コインランドリー・なし",
          "ペットOK",
          "ドッグランなし",
          "WI-FIあり（無料）"
        ],
        "url": "https://www.kurumatabi.com/park/rvpark/1281.html",
        "geocode_source": "auto"
      }
    },
    {
      "type": "Feature",
      "geometry": {
        "type": "Point",
        "coordinates": [
          140.051076,
          35.279433
        ]
      },
      "properties": {
        "name": "RVパーク ドッグラン&オートキャンプ LOHAS PARK",
        "pref": "千葉県",
        "address": "千葉県君津市山滝野1028",
        "phone": "080-2260-9174",
        "fee": "一般: 1泊 2,200円",
        "available_period": "通年 不定期にお休みする場合がありますので、前日または当日の場合は必ずお電話にてご確認ください。 施設により不定期のお休み・休業を設定している場合があります。ご利用可能日は事前に各施設にお問い合わせください。",
        "checkin_checkout": "チェックイン: 15:00 ～ 21:00 / チェックアウト: 6:00 ～ 11:00",
        "vehicle_size": "フルコン セミフルコン バスコン キャブコン バンコン トレーラー 軽キャン 一般車 その他 下記駐車場サイズもご確認ください。 利用可能かどうか判断がつかない場合は、施設までお問い合わせください。",
        "features": [
          "24時間利用OK",
          "温水洗浄便座あり",
          "入浴施設あり（車移動あり）",
          "温泉あり",
          "ごみ処理対応現地相談（有料）",
          "電源あり（有料）",
          "発電機・不可",
          "水道あり（無料）",
          "炊事場なし",
          "コインランドリー・なし",
          "ペットOK",
          "ドッグランあり",
          "WI-FIあり（無料）",
          "朝食予約OK",
          "夕食予約OK",
          "旅館・ホテルの宿泊予約・不可"
        ],
        "url": "https://www.kurumatabi.com/park/rvpark/1383.html",
        "geocode_source": "auto"
      }
    },
    {
      "type": "Feature",
      "geometry": {
        "type": "Point",
        "coordinates": [
          140.277076,
          35.628166
        ]
      },
      "properties": {
        "name": "RVパーク 八街　OYR LAND オオヤルランド",
        "pref": "千葉県",
        "address": "千葉県八街市大谷流804-4",
        "phone": "043-443-2088",
        "fee": "一般: 1泊・1台につき（～4人） 4,400円〜",
        "available_period": "通年 不定休 施設により不定期のお休み・休業を設定している場合があります。ご利用可能日は事前に各施設にお問い合わせください。",
        "checkin_checkout": "チェックイン: 13:00 ～ 20:30 / チェックアウト: 特になし ～ 11:00",
        "vehicle_size": "フルコン セミフルコン バスコン キャブコン バンコン トレーラー 軽キャン 一般車 下記駐車場サイズもご確認ください。 利用可能かどうか判断がつかない場合は、施設までお問い合わせください。",
        "features": [
          "24時間利用OK",
          "温水洗浄便座あり",
          "入浴施設あり（施設内）",
          "シャワーあり",
          "ブラック・グレーOK",
          "ごみ処理対応可（有料）",
          "電源あり（無料）",
          "発電機・不可",
          "水道あり（無料）",
          "炊事場なし",
          "コインランドリーあり",
          "ペットOK",
          "ドッグランあり",
          "WI-FIあり（無料）",
          "旅館・ホテルの食事：朝食・不可",
          "旅館・ホテルの食事：夕食・不可",
          "旅館・ホテルの宿泊予約・不可"
        ],
        "url": "https://www.kurumatabi.com/park/rvpark/1614.html",
        "geocode_source": "auto"
      }
    },
    {
      "type": "Feature",
      "geometry": {
        "type": "Point",
        "coordinates": [
          140.26027,
          35.137083
        ]
      },
      "properties": {
        "name": "RVパーク 守谷海水浴場大駐車場",
        "pref": "千葉県",
        "address": "千葉県勝浦市守谷764",
        "phone": "080-2395-8600",
        "fee": "一般: サマーシーズン(7月・8月) 3,000円〜8,000円 / 一般: お盆時期(8/9～8/17) 10,000円 / 一般: 通常期 3,000円〜5,000円",
        "available_period": "通年 施設により不定期のお休み・休業を設定している場合があります。ご利用可能日は事前に各施設にお問い合わせください。",
        "checkin_checkout": "チェックイン: 10:00 ～ 21:00 / チェックアウト: 10:00 ～",
        "vehicle_size": "フルコン セミフルコン バスコン キャブコン バンコン トレーラー 軽キャン 一般車 その他 下記駐車場サイズもご確認ください。 利用可能かどうか判断がつかない場合は、施設までお問い合わせください。",
        "features": [
          "24時間利用OK",
          "入浴施設あり（車移動あり）",
          "シャワーあり",
          "ごみ処理対応可（無料）",
          "電源あり（無料）",
          "発電機利用可(時間指定あり)",
          "水道・なし",
          "炊事場なし",
          "コインランドリー・なし",
          "ペットOK",
          "ドッグランなし",
          "WI-FIの利用・なし",
          "旅館・ホテルの宿泊予約・不可"
        ],
        "url": "https://www.kurumatabi.com/park/rvpark/1543.html",
        "geocode_source": "auto"
      }
    },
    {
      "type": "Feature",
      "geometry": {
        "type": "Point",
        "coordinates": [
          140.02354,
          35.13124
        ]
      },
      "properties": {
        "name": "RVパーク 寿萬亀",
        "pref": "千葉県",
        "address": "千葉県鴨川市仲329",
        "phone": "090-3144-6249",
        "fee": "一般: 1泊1台につき 4,290円",
        "available_period": "通年 12/30～1/4はご利用いただけません。 施設により不定期のお休み・休業を設定している場合があります。ご利用可能日は事前に各施設にお問い合わせください。",
        "checkin_checkout": "チェックイン: 16:30 ～ 0:00 / チェックアウト: 0:00 ～ 9:00",
        "vehicle_size": "バスコン キャブコン バンコン 軽キャン 一般車 下記駐車場サイズもご確認ください。 利用可能かどうか判断がつかない場合は、施設までお問い合わせください。",
        "features": [
          "24時間利用OK",
          "温水洗浄便座あり",
          "入浴施設あり（車移動あり）",
          "温泉あり",
          "ダンプステーション・なし",
          "ごみ処理対応可（有料）",
          "電源あり（無料）",
          "発電機・不可",
          "水道あり（無料）",
          "炊事場なし",
          "コインランドリー・なし",
          "ペットOK",
          "ドッグランなし",
          "WI-FIの利用・なし",
          "旅館・ホテルの食事：朝食・不可",
          "旅館・ホテルの食事：夕食・不可",
          "旅館・ホテルの宿泊予約・不可"
        ],
        "url": "https://www.kurumatabi.com/park/rvpark/1581.html",
        "geocode_source": "auto"
      }
    },
    {
      "type": "Feature",
      "geometry": {
        "type": "Point",
        "coordinates": [
          139.93195,
          35.435808
        ]
      },
      "properties": {
        "name": "RVパークGREEN BASE木更津店",
        "pref": "千葉県",
        "address": "千葉県木更津市金田東1丁目48番10",
        "phone": "0438-38-5785",
        "fee": "一般: 1泊 4,000円",
        "available_period": "通年 日祝 日祝の前日 春休み GW 夏休み お盆 冬休み 年末年始 平日 施設により不定期のお休み・休業を設定している場合があります。ご利用可能日は事前に各施設にお問い合わせください。",
        "checkin_checkout": "チェックイン: 13:00 ～ 19:00 / チェックアウト: 特になし ～ 11:00",
        "vehicle_size": "フルコン セミフルコン バスコン キャブコン バンコン トレーラー 軽キャン 一般車 その他 下記駐車場サイズもご確認ください。 利用可能かどうか判断がつかない場合は、施設までお問い合わせください。",
        "features": [
          "24時間利用OK",
          "入浴施設あり（車移動あり）",
          "温泉あり",
          "ブラック・グレーOK",
          "ごみ処理対応可（有料）",
          "電源あり（有料）",
          "発電機・不可",
          "水道あり（無料）",
          "炊事場なし",
          "コインランドリー・なし",
          "ペットOK",
          "WI-FIあり（無料）",
          "旅館・ホテルの食事：朝食・不可",
          "旅館・ホテルの食事：夕食・不可",
          "旅館・ホテルの宿泊予約・不可"
        ],
        "url": "https://www.kurumatabi.com/park/rvpark/958.html",
        "geocode_source": "auto"
      }
    },
    {
      "type": "Feature",
      "geometry": {
        "type": "Point",
        "coordinates": [
          140.291031,
          35.5666
        ]
      },
      "properties": {
        "name": "RVパークGREENBASE東金ジャンボブルーベリー店",
        "pref": "千葉県",
        "address": "千葉県東金市山田1182-1",
        "phone": "070-6561-3046",
        "fee": "一般: 1泊/1台 2,500円",
        "available_period": "通年 日祝 日祝の前日 春休み GW 夏休み お盆 冬休み 年末年始 平日 不定期なので予約サイトにてご確認下さい。 施設により不定期のお休み・休業を設定している場合があります。ご利用可能日は事前に各施設にお問い合わせください。",
        "checkin_checkout": "チェックイン: 16:00 ～ 18:00 / チェックアウト: 6:00 ～ 9:00",
        "vehicle_size": "キャブコン バンコン 軽キャン 一般車 下記駐車場サイズもご確認ください。 利用可能かどうか判断がつかない場合は、施設までお問い合わせください。",
        "features": [
          "24時間利用OK",
          "特に機能なし",
          "入浴施設あり（徒歩圏内あり）",
          "温泉あり",
          "ダンプステーション・なし",
          "ごみ処理対応可（有料）",
          "電源あり（有料）",
          "発電機・不可",
          "水道あり（無料）",
          "ペットOK"
        ],
        "url": "https://www.kurumatabi.com/park/rvpark/1071.html",
        "geocode_source": "auto"
      }
    },
    {
      "type": "Feature",
      "geometry": {
        "type": "Point",
        "coordinates": [
          140.392049,
          35.411251
        ]
      },
      "properties": {
        "name": "RVパークIchinomiya Seaside Mark Base",
        "pref": "千葉県",
        "address": "千葉県長生郡長生村一松戊3454-154",
        "phone": "090-3238-5913",
        "fee": "一般: 1泊・1台につき 4,000円",
        "available_period": "通年 施設により不定期のお休み・休業を設定している場合があります。ご利用可能日は事前に各施設にお問い合わせください。",
        "checkin_checkout": "チェックイン: 13:00 ～ 20:00 / チェックアウト: 特になし ～ 11:00",
        "vehicle_size": "セミフルコン バスコン キャブコン バンコン トレーラー 軽キャン 一般車",
        "features": [
          "24時間利用OK",
          "入浴施設あり（徒歩圏内あり）",
          "温泉あり",
          "ダンプステーション・なし",
          "ゴミ処理対応・不可",
          "電源あり（無料）",
          "発電機・不可",
          "水道あり（無料）",
          "炊事場あり",
          "ペットOK",
          "ドッグランなし",
          "WI-FIあり（無料）"
        ],
        "url": "https://www.kurumatabi.com/park/rvpark/1643.html",
        "geocode_source": "auto"
      }
    },
    {
      "type": "Feature",
      "geometry": {
        "type": "Point",
        "coordinates": [
          140.420755,
          35.48702
        ]
      },
      "properties": {
        "name": "RVパークsmart 大網白里",
        "pref": "千葉県",
        "address": "千葉県大網白里市南今泉4881-8",
        "phone": "092-433-7370",
        "fee": "一般: 1泊・1台につき 3,500円",
        "available_period": "通年 ※12/31利用不可 施設により不定期のお休み・休業を設定している場合があります。ご利用可能日は事前に各施設にお問い合わせください。",
        "checkin_checkout": "チェックイン: 15:00 ～ / チェックアウト: 特になし ～ 11:00",
        "vehicle_size": "バスコン キャブコン バンコン トレーラー 軽キャン 一般車 その他",
        "features": [
          "24時間利用OK",
          "入浴施設あり（施設内）",
          "シャワーあり",
          "ゴミ処理対応・不可",
          "電源あり（無料）",
          "発電機・不可",
          "水道あり（無料）",
          "炊事場なし",
          "コインランドリーあり",
          "ペットOK",
          "ドッグランなし"
        ],
        "url": "https://www.kurumatabi.com/park/rvpark/1514.html",
        "geocode_source": "auto"
      }
    },
    {
      "type": "Feature",
      "geometry": {
        "type": "Point",
        "coordinates": [
          140.484708,
          35.809372
        ]
      },
      "properties": {
        "name": "RVパークsmart 天然温泉美人の湯 カーニバルヒルズ",
        "pref": "千葉県",
        "address": "千葉県香取市沢13-15",
        "phone": "092-433-7370",
        "fee": "一般: 1泊・1台につき 3,500円",
        "available_period": "通年 日祝 日祝の前日 春休み GW 夏休み お盆 冬休み 年末年始 平日 施設により不定期のお休み・休業を設定している場合があります。ご利用可能日は事前に各施設にお問い合わせください。",
        "checkin_checkout": "チェックイン: 13:00 ～ / チェックアウト: 特になし ～ 11:00",
        "vehicle_size": "キャブコン バンコン トレーラー 軽キャン 一般車 下記駐車場サイズもご確認ください。 利用可能かどうか判断がつかない場合は、施設までお問い合わせください。",
        "features": [
          "24時間利用OK",
          "入浴施設あり（施設内）",
          "温泉あり",
          "ごみ処理対応可（無料）",
          "電源あり（無料）",
          "発電機・不可",
          "水道あり（無料）",
          "ペットOK",
          "ドッグランあり"
        ],
        "url": "https://www.kurumatabi.com/park/rvpark/897.html",
        "geocode_source": "auto"
      }
    },
    {
      "type": "Feature",
      "geometry": {
        "type": "Point",
        "coordinates": [
          140.17132,
          35.241558
        ]
      },
      "properties": {
        "name": "RVパークsmart 山の駅 養老渓谷 喜楽里（やまのえき ようろうけいこく きらり）",
        "pref": "千葉県",
        "address": "千葉県夷隅郡大多喜町小田代135",
        "phone": "092-433-7370",
        "fee": "一般: 1泊/1台 3,500円",
        "available_period": "通年 日祝 日祝の前日 春休み GW 夏休み お盆 冬休み 年末年始 平日 施設により不定期のお休み・休業を設定している場合があります。ご利用可能日は事前に各施設にお問い合わせください。",
        "checkin_checkout": "チェックイン: 16:00 ～ 特になし / チェックアウト: 特になし ～ 10:00",
        "vehicle_size": "バスコン キャブコン バンコン トレーラー 軽キャン 一般車 下記駐車場サイズもご確認ください。 利用可能かどうか判断がつかない場合は、施設までお問い合わせください。",
        "features": [
          "24時間利用OK",
          "入浴施設あり（車移動あり）",
          "温泉あり",
          "ゴミ処理対応・不可",
          "電源あり（無料）",
          "発電機・不可",
          "水道あり（無料）",
          "ペットOK"
        ],
        "url": "https://www.kurumatabi.com/park/rvpark/982.html",
        "geocode_source": "auto"
      }
    },
    {
      "type": "Feature",
      "geometry": {
        "type": "Point",
        "coordinates": [
          140.501607,
          35.60266
        ]
      },
      "properties": {
        "name": "RVパークはすぬま",
        "pref": "千葉県",
        "address": "千葉県山武市蓮沼ハの4832番地3",
        "phone": "0475-86-2201",
        "fee": "一般: 1泊・1台につき 3,050円 / 一般: 日帰り 2,040円",
        "available_period": "通年 日祝 日祝の前日 春休み GW 夏休み お盆 冬休み 年末年始 平日 施設により不定期のお休み・休業を設定している場合があります。ご利用可能日は事前に各施設にお問い合わせください。",
        "checkin_checkout": "チェックイン: 13:00 ～ 20:00 / チェックアウト: 特になし ～ 10:00",
        "vehicle_size": "フルコン セミフルコン バスコン キャブコン バンコン トレーラー 軽キャン その他 下記駐車場サイズもご確認ください。 利用可能かどうか判断がつかない場合は、施設までお問い合わせください。",
        "features": [
          "24時間利用OK",
          "温水洗浄便座あり",
          "入浴施設あり（車移動あり）",
          "湯沸かし浴槽あり",
          "ブラック・グレーOK",
          "ごみ処理対応可（無料）",
          "電源あり（無料）",
          "発電機・不可",
          "水道あり（無料）",
          "ペットOK"
        ],
        "url": "https://www.kurumatabi.com/park/rvpark/731.html",
        "geocode_source": "auto"
      }
    },
    {
      "type": "Feature",
      "geometry": {
        "type": "Point",
        "coordinates": [
          139.828715,
          35.318203
        ]
      },
      "properties": {
        "name": "RVパークライト Ema",
        "pref": "千葉県",
        "address": "千葉県富津市新井851-6",
        "phone": "000-000-0000",
        "fee": "一般: 1泊・1台につき 2,000円〜4,000円",
        "available_period": "通年 日祝 日祝の前日 春休み GW 夏休み お盆 冬休み 年末年始 平日 施設により不定期のお休み・休業を設定している場合があります。ご利用可能日は事前に各施設にお問い合わせください。",
        "checkin_checkout": "チェックイン: 12:00 ～ 特になし / チェックアウト: 特になし ～ 10:00",
        "vehicle_size": "セミフルコン バスコン キャブコン バンコン トレーラー 軽キャン 一般車 下記駐車場サイズもご確認ください。 利用可能かどうか判断がつかない場合は、施設までお問い合わせください。",
        "features": [
          "24時間利用OK",
          "温水洗浄便座あり",
          "入浴施設あり（施設内）",
          "シャワーあり",
          "ブラック・グレーOK",
          "ゴミ処理対応・不可",
          "電源あり（無料）",
          "発電機・不可",
          "水道あり（無料）",
          "炊事場なし",
          "コインランドリー・なし",
          "ペットOK",
          "ドッグランあり",
          "WI-FIあり（無料）",
          "旅館・ホテルの食事：朝食・不可",
          "旅館・ホテルの食事：夕食・不可",
          "旅館・ホテルの宿泊予約・不可"
        ],
        "url": "https://www.kurumatabi.com/park/rvpark/1379.html",
        "geocode_source": "auto"
      }
    },
    {
      "type": "Feature",
      "geometry": {
        "type": "Point",
        "coordinates": [
          140.135763,
          35.216827
        ]
      },
      "properties": {
        "name": "RVパーク七里川",
        "pref": "千葉県",
        "address": "千葉県君津市黄和田畑920",
        "phone": "070-3843-1756",
        "fee": "一般: 第1サイト（ ② ③ ④） 2,500円〜 / 一般: 第1サイト( ① ⑤ ) 「3畳程度のタープ等可」 3,000円〜 / 一般: 第2サイト( A ～ H ) 「3畳程度のタープ等可」,第3サイト( 1 ～ 10 ) 「3畳程度のタープ等可」,第4サイト( 1 ～ 8 ) 「3畳程度のタープ等可」 3,000円〜",
        "available_period": "通年 日祝 日祝の前日 春休み GW 夏休み お盆 冬休み 年末年始 平日 施設により不定期のお休み・休業を設定している場合があります。ご利用可能日は事前に各施設にお問い合わせください。",
        "checkin_checkout": "チェックイン: 12:00 ～ 17:00 / チェックアウト: 6:00 ～ 11:00",
        "vehicle_size": "フルコン セミフルコン バスコン キャブコン バンコン トレーラー 軽キャン 一般車 その他 下記駐車場サイズもご確認ください。 利用可能かどうか判断がつかない場合は、施設までお問い合わせください。",
        "features": [
          "24時間利用OK",
          "温水洗浄便座あり",
          "入浴施設あり（徒歩圏内あり）",
          "温泉あり",
          "ダンプステーション・なし",
          "ごみ処理対応可（有料）",
          "電源あり（無料）",
          "発電機・不可",
          "水道あり（無料）",
          "炊事場あり",
          "コインランドリー・なし",
          "ペットOK",
          "ドッグランあり",
          "WI-FIあり（無料）",
          "旅館・ホテルの宿泊予約・不可"
        ],
        "url": "https://www.kurumatabi.com/park/rvpark/680.html",
        "geocode_source": "auto"
      }
    },
    {
      "type": "Feature",
      "geometry": {
        "type": "Point",
        "coordinates": [
          139.877394,
          34.90628
        ]
      },
      "properties": {
        "name": "RVパーク南房総・白浜",
        "pref": "千葉県",
        "address": "千葉県南房総市白浜町滝口9240番地",
        "phone": "0470-38-5519",
        "fee": "1泊 1,500円／1台(トレーラー含む) 【利用可能台数】3台 ■1台分区画:4m×6m それ以上のサイズは施設にご確認下さい。 ※24時間までの料金です。 ※途中出入り可 電源利用料については、 電源の有無 の項目をご確認ください。 最新の料金は直接施設へ事前確認をお願いします。",
        "available_period": "通年 日祝 日祝の前日 春休み GW 夏休み お盆 冬休み 平日 施設により不定期のお休み・休業を設定している場合があります。ご利用可能日は事前に各施設にお問い合わせください。",
        "checkin_checkout": "チェックイン: 9:00 ～ 16:00 / チェックアウト: 9:00 ～ 16:00",
        "vehicle_size": "フルコン セミフルコン バスコン キャブコン バンコン トレーラー 軽キャン 一般車",
        "features": [
          "ごみ処理可能",
          "電源あり",
          "水道あり",
          "発電機OK",
          "入浴施設あり",
          "ペットOK",
          "プレミアム会員特典あり",
          "24時間トイレあり",
          "ダンプステーションあり"
        ],
        "url": "https://www.kurumatabi.com/park/rvpark/661.html",
        "geocode_source": "auto"
      }
    },
    {
      "type": "Feature",
      "geometry": {
        "type": "Point",
        "coordinates": [
          140.076161,
          35.428092
        ]
      },
      "properties": {
        "name": "RVパーク袖ヶ浦オートキャンプ",
        "pref": "千葉県",
        "address": "千葉県袖ケ浦市川原井1851-2",
        "phone": "090-3813-5262",
        "fee": "一般: Ａサイト、Cサイト （Cサイトは５ｍ未満の車両に限定いたします。カムロードはOK） 3,500円 / 一般: プレミアムサイト（専用トイレ、専用シャワー、専用流し場、ペットノーリード可 枠内2台目は2000円追加 10,000円 / 一般: ①～④サイト このサイトは枠内に2台目以降駐車可能です。追加料金2000円です。1枠に4台目まで利用可能です。 5,000円",
        "available_period": "通年 日祝 日祝の前日 春休み GW 夏休み お盆 冬休み 年末年始 平日 施設により不定期のお休み・休業を設定している場合があります。ご利用可能日は事前に各施設にお問い合わせください。",
        "checkin_checkout": "チェックイン: 12:00 ～ 21:00 / チェックアウト: 6:00 ～ 11:00",
        "vehicle_size": "セミフルコン バスコン キャブコン バンコン トレーラー 軽キャン 一般車 その他 下記駐車場サイズもご確認ください。 利用可能かどうか判断がつかない場合は、施設までお問い合わせください。",
        "features": [
          "24時間利用OK",
          "温水洗浄便座あり",
          "入浴施設あり（施設内）",
          "シャワーあり",
          "ブラック・グレーOK",
          "ごみ処理対応可（有料）",
          "電源あり（無料）",
          "発電機・不可",
          "水道あり（無料）",
          "炊事場あり",
          "コインランドリーあり",
          "ペットOK",
          "ドッグランあり",
          "WI-FIあり（無料）"
        ],
        "url": "https://www.kurumatabi.com/park/rvpark/1164.html",
        "geocode_source": "auto"
      }
    },
    {
      "type": "Feature",
      "geometry": {
        "type": "Point",
        "coordinates": [
          140.517578,
          35.770092
        ]
      },
      "properties": {
        "name": "TACO GLAMP THE MEXICO",
        "pref": "千葉県",
        "address": "千葉県香取郡多古町162",
        "phone": "047-701-8840",
        "fee": "一般: 通常サイト（100平米）：1泊 8,000円／1台～ 8,000円〜 / 一般: 広々サイト（200平米越え）：1泊 15,000円／1台～(トレーラー含む) 15,000円〜",
        "available_period": "通年 ＊時期によって金額に変動がございます。予めご承知おきください。 施設により不定期のお休み・休業を設定している場合があります。ご利用可能日は事前に各施設にお問い合わせください。",
        "checkin_checkout": "チェックイン: 12:30 ～ 18:00 / チェックアウト: 7:00 ～ 11:00",
        "vehicle_size": "キャブコン バンコン 軽キャン 一般車 下記駐車場サイズもご確認ください。 利用可能かどうか判断がつかない場合は、施設までお問い合わせください。",
        "features": [
          "24時間利用OK",
          "温水洗浄便座あり",
          "入浴施設あり（施設内）",
          "湯沸かし浴槽あり",
          "ダンプステーション・なし",
          "ごみ処理対応可（無料）",
          "電源あり（無料）",
          "発電機利用可(時間指定あり)",
          "水道あり（無料）",
          "炊事場あり",
          "コインランドリーあり",
          "ペットOK",
          "ドッグランなし",
          "WI-FIあり（無料）",
          "朝食予約OK",
          "夕食予約OK",
          "宿泊予約OK"
        ],
        "url": "https://www.kurumatabi.com/park/rvpark/1239.html",
        "geocode_source": "auto"
      }
    },
    {
      "type": "Feature",
      "geometry": {
        "type": "Point",
        "coordinates": [
          140.046729,
          35.847859
        ]
      },
      "properties": {
        "name": "WASHINOYA OUTDOOR DINING GLOBAR",
        "pref": "千葉県",
        "address": "千葉県柏市鷲野谷137",
        "phone": "04-7137-7433",
        "fee": "一般: 1サイト９mX１５ｍ サイト内収まれば何名様でもご利用可能 6,000円",
        "available_period": "通年 日祝 日祝の前日 春休み GW 夏休み お盆 冬休み 平日 施設により不定期のお休み・休業を設定している場合があります。ご利用可能日は事前に各施設にお問い合わせください。",
        "checkin_checkout": "チェックイン: 13:00 ～ 17:30 / チェックアウト: 11:00 ～ 12:00",
        "vehicle_size": "セミフルコン バスコン キャブコン バンコン トレーラー 軽キャン 一般車 下記駐車場サイズもご確認ください。 利用可能かどうか判断がつかない場合は、施設までお問い合わせください。",
        "features": [
          "24時間利用OK",
          "温水洗浄便座あり",
          "入浴施設あり（車移動あり）",
          "温泉あり",
          "ダンプステーション・なし",
          "ごみ処理対応可（有料）",
          "電源あり（無料）",
          "発電機利用可(時間指定あり)",
          "水道あり（無料）",
          "炊事場あり",
          "コインランドリー・なし",
          "ペットOK",
          "ドッグランなし",
          "WI-FIの利用・なし",
          "朝食予約OK",
          "旅館・ホテルの食事：夕食・不可",
          "旅館・ホテルの宿泊予約・不可"
        ],
        "url": "https://www.kurumatabi.com/park/rvpark/1141.html",
        "geocode_source": "auto"
      }
    },
    {
      "type": "Feature",
      "geometry": {
        "type": "Point",
        "coordinates": [
          139.848251,
          35.099127
        ]
      },
      "properties": {
        "name": "キャラバン・RVパーク NOMAD IWAI",
        "pref": "千葉県",
        "address": "千葉県南房総市久枝3-6",
        "phone": "070-4765-8120",
        "fee": "一般: 1泊・1台につき 4,000円",
        "available_period": "通年 施設により不定期のお休み・休業を設定している場合があります。ご利用可能日は事前に各施設にお問い合わせください。",
        "checkin_checkout": "チェックイン: 13:00 ～ 19:00 / チェックアウト: 24時間可",
        "vehicle_size": "フルコン セミフルコン バスコン キャブコン バンコン トレーラー 軽キャン 下記駐車場サイズもご確認ください。 利用可能かどうか判断がつかない場合は、施設までお問い合わせください。",
        "features": [
          "24時間利用OK",
          "温水洗浄便座あり",
          "入浴施設あり（車移動あり）",
          "湯沸かし浴槽あり",
          "ブラック・グレーOK",
          "ごみ処理対応現地相談（有料）",
          "電源あり（無料）",
          "発電機利用可(時間指定あり)",
          "水道あり（無料）",
          "炊事場なし",
          "ペットOK",
          "ドッグランなし",
          "WI-FIあり（無料）"
        ],
        "url": "https://www.kurumatabi.com/park/rvpark/1465.html",
        "geocode_source": "auto"
      }
    },
    {
      "type": "Feature",
      "geometry": {
        "type": "Point",
        "coordinates": [
          140.381305,
          35.342694
        ]
      },
      "properties": {
        "name": "コンビニRVパーク ローソン 一宮東浪見（いちのみやとらみ）店",
        "pref": "千葉県",
        "address": "千葉県長生郡一宮町東浪見562",
        "phone": "000-000-0000",
        "fee": "一般: 1泊・1台 2,500円",
        "available_period": "通年 施設により不定期のお休み・休業を設定している場合があります。ご利用可能日は事前に各施設にお問い合わせください。",
        "checkin_checkout": "チェックイン: 15:00 ～ 22:00 / チェックアウト: 特になし ～ 10:00",
        "vehicle_size": "キャブコン バンコン 軽キャン 一般車 下記駐車場サイズもご確認ください。 利用可能かどうか判断がつかない場合は、施設までお問い合わせください。",
        "features": [
          "24時間利用OK",
          "入浴施設あり（車移動あり）",
          "温泉あり",
          "ごみ処理対応可（無料）",
          "電源あり（無料）",
          "発電機・不可",
          "水道・なし",
          "ペットOK"
        ],
        "url": "https://www.kurumatabi.com/park/rvpark/1548.html",
        "geocode_source": "auto"
      }
    },
    {
      "type": "Feature",
      "geometry": {
        "type": "Point",
        "coordinates": [
          140.193939,
          35.126933
        ]
      },
      "properties": {
        "name": "コンビニRVパーク ローソン 天津小湊（あまつこみなと）店",
        "pref": "千葉県",
        "address": "千葉県鴨川市内浦1909",
        "phone": "000-000-0000",
        "fee": "一般: 1泊・1台 2,500円",
        "available_period": "通年 施設により不定期のお休み・休業を設定している場合があります。ご利用可能日は事前に各施設にお問い合わせください。",
        "checkin_checkout": "チェックイン: 15:00 ～ 22:00 / チェックアウト: 特になし ～ 10:00",
        "vehicle_size": "キャブコン バンコン 軽キャン 一般車 下記駐車場サイズもご確認ください。 利用可能かどうか判断がつかない場合は、施設までお問い合わせください。",
        "features": [
          "24時間利用OK",
          "入浴施設あり（徒歩圏内あり）",
          "温泉あり",
          "ごみ処理対応可（無料）",
          "電源あり（無料）",
          "発電機・不可",
          "水道・なし",
          "ペットOK"
        ],
        "url": "https://www.kurumatabi.com/park/rvpark/1550.html",
        "geocode_source": "auto"
      }
    },
    {
      "type": "Feature",
      "geometry": {
        "type": "Point",
        "coordinates": [
          139.886502,
          35.235563
        ]
      },
      "properties": {
        "name": "コンビニRVパーク ローソン 富津湊（ふっつみなと）店",
        "pref": "千葉県",
        "address": "千葉県富津市湊1238-1",
        "phone": "000-000-0000",
        "fee": "一般: 泊・1台 2,500円",
        "available_period": "通年 施設により不定期のお休み・休業を設定している場合があります。ご利用可能日は事前に各施設にお問い合わせください。",
        "checkin_checkout": "チェックイン: 15:00 ～ 22:00 / チェックアウト: 特になし ～ 10:00",
        "vehicle_size": "キャブコン バンコン 軽キャン 一般車 下記駐車場サイズもご確認ください。 利用可能かどうか判断がつかない場合は、施設までお問い合わせください。",
        "features": [
          "24時間利用OK",
          "入浴施設あり（車移動あり）",
          "温泉あり",
          "ごみ処理対応可（無料）",
          "電源あり（無料）",
          "発電機・不可",
          "水道・なし",
          "ペットOK"
        ],
        "url": "https://www.kurumatabi.com/park/rvpark/1554.html",
        "geocode_source": "auto"
      }
    },
    {
      "type": "Feature",
      "geometry": {
        "type": "Point",
        "coordinates": [
          139.851835,
          35.03624
        ]
      },
      "properties": {
        "name": "コンビニRVパーク ローソン 富浦インター（とみうらインター）店",
        "pref": "千葉県",
        "address": "千葉県南房総市富浦町福澤873",
        "phone": "000-000-0000",
        "fee": "一般: 1泊・1台 2,500円",
        "available_period": "通年 施設により不定期のお休み・休業を設定している場合があります。ご利用可能日は事前に各施設にお問い合わせください。",
        "checkin_checkout": "チェックイン: 15:00 ～ 22:00 / チェックアウト: 特になし ～ 10:00",
        "vehicle_size": "キャブコン バンコン 軽キャン 一般車 下記駐車場サイズもご確認ください。 利用可能かどうか判断がつかない場合は、施設までお問い合わせください。",
        "features": [
          "24時間利用OK",
          "入浴施設あり（車移動あり）",
          "温泉あり",
          "ごみ処理対応可（無料）",
          "電源あり（無料）",
          "発電機・不可",
          "水道・なし",
          "ペットOK"
        ],
        "url": "https://www.kurumatabi.com/park/rvpark/1552.html",
        "geocode_source": "auto"
      }
    },
    {
      "type": "Feature",
      "geometry": {
        "type": "Point",
        "coordinates": [
          140.361798,
          35.192276
        ]
      },
      "properties": {
        "name": "コンビニRVパーク ローソン 御宿新町（おんじゅくしんまち）店",
        "pref": "千葉県",
        "address": "千葉県夷隅郡御宿町新町417-19",
        "phone": "000-000-0000",
        "fee": "一般: 1泊・1台 2,500円",
        "available_period": "通年 施設により不定期のお休み・休業を設定している場合があります。ご利用可能日は事前に各施設にお問い合わせください。",
        "checkin_checkout": "チェックイン: 15:00 ～ 22:00 / チェックアウト: 特になし ～ 10:00",
        "vehicle_size": "キャブコン バンコン 軽キャン 一般車 下記駐車場サイズもご確認ください。 利用可能かどうか判断がつかない場合は、施設までお問い合わせください。",
        "features": [
          "24時間利用OK",
          "入浴施設あり（車移動あり）",
          "温泉あり",
          "ごみ処理対応可（無料）",
          "電源あり（無料）",
          "発電機・不可",
          "水道・なし",
          "ペットOK"
        ],
        "url": "https://www.kurumatabi.com/park/rvpark/1549.html",
        "geocode_source": "auto"
      }
    },
    {
      "type": "Feature",
      "geometry": {
        "type": "Point",
        "coordinates": [
          140.383572,
          35.80717
        ]
      },
      "properties": {
        "name": "コンビニRVパーク ローソン成田十余三西（なりたとよみにし）店",
        "pref": "千葉県",
        "address": "千葉県成田市十余三128-14",
        "phone": "000-000-0000",
        "fee": "一般: １泊 2,500円",
        "available_period": "通年 施設により不定期のお休み・休業を設定している場合があります。ご利用可能日は事前に各施設にお問い合わせください。",
        "checkin_checkout": "チェックイン: 15:00 ～ 22:00 / チェックアウト: 特になし ～ 10:00",
        "vehicle_size": "キャブコン バンコン 軽キャン 一般車 下記駐車場サイズもご確認ください。 利用可能かどうか判断がつかない場合は、施設までお問い合わせください。",
        "features": [
          "24時間利用OK",
          "入浴施設あり（車移動あり）",
          "温泉あり",
          "ごみ処理対応可（無料）",
          "電源あり（無料）",
          "発電機・不可",
          "水道・なし",
          "ペットOK"
        ],
        "url": "https://www.kurumatabi.com/park/rvpark/1779.html",
        "geocode_source": "auto"
      }
    },
    {
      "type": "Feature",
      "geometry": {
        "type": "Point",
        "coordinates": [
          140.055537,
          35.329797
        ]
      },
      "properties": {
        "name": "コンビニＲＶパーク ローソン君津末吉（きみつすえよし）店",
        "pref": "千葉県",
        "address": "千葉県君津市末吉222−1",
        "phone": "000-000-0000",
        "fee": "一般: １泊 2,500円",
        "available_period": "通年 施設により不定期のお休み・休業を設定している場合があります。ご利用可能日は事前に各施設にお問い合わせください。",
        "checkin_checkout": "チェックイン: 15:00 ～ 22:00 / チェックアウト: 特になし ～ 10:00",
        "vehicle_size": "キャブコン バンコン 軽キャン 一般車 下記駐車場サイズもご確認ください。 利用可能かどうか判断がつかない場合は、施設までお問い合わせください。",
        "features": [
          "24時間利用OK",
          "入浴施設あり（車移動あり）",
          "温泉あり",
          "ごみ処理対応可（無料）",
          "電源あり（無料）",
          "発電機・不可",
          "水道・なし",
          "ペットOK"
        ],
        "url": "https://www.kurumatabi.com/park/rvpark/1783.html",
        "geocode_source": "auto"
      }
    },
    {
      "type": "Feature",
      "geometry": {
        "type": "Point",
        "coordinates": [
          140.117163,
          35.437865
        ]
      },
      "properties": {
        "name": "コンビニＲＶパーク ローソン市原馬立（いちはらうまだて）店",
        "pref": "千葉県",
        "address": "千葉県市原市馬立宇下沢2034-1",
        "phone": "000-000-0000",
        "fee": "一般: １泊 2,500円",
        "available_period": "通年 施設により不定期のお休み・休業を設定している場合があります。ご利用可能日は事前に各施設にお問い合わせください。",
        "checkin_checkout": "チェックイン: 15:00 ～ 22:00 / チェックアウト: 特になし ～ 10:00",
        "vehicle_size": "キャブコン バンコン 軽キャン 一般車 下記駐車場サイズもご確認ください。 利用可能かどうか判断がつかない場合は、施設までお問い合わせください。",
        "features": [
          "24時間利用OK",
          "入浴施設あり（車移動あり）",
          "温泉あり",
          "ごみ処理対応可（無料）",
          "電源あり（無料）",
          "発電機・不可",
          "水道・なし",
          "ペットOK"
        ],
        "url": "https://www.kurumatabi.com/park/rvpark/1781.html",
        "geocode_source": "auto"
      }
    },
    {
      "type": "Feature",
      "geometry": {
        "type": "Point",
        "coordinates": [
          140.393068,
          35.59612
        ]
      },
      "properties": {
        "name": "コンビニＲＶパーク ローソン成東西（なるとうにし）店",
        "pref": "千葉県",
        "address": "千葉県山武市成東字道下2147-7",
        "phone": "000-000-0000",
        "fee": "一般: １泊 2,500円",
        "available_period": "通年 施設により不定期のお休み・休業を設定している場合があります。ご利用可能日は事前に各施設にお問い合わせください。",
        "checkin_checkout": "チェックイン: 15:00 ～ 22:00 / チェックアウト: 特になし ～ 10:00",
        "vehicle_size": "キャブコン バンコン 軽キャン 一般車 下記駐車場サイズもご確認ください。 利用可能かどうか判断がつかない場合は、施設までお問い合わせください。",
        "features": [
          "24時間利用OK",
          "入浴施設あり（車移動あり）",
          "温泉あり",
          "ごみ処理対応可（無料）",
          "電源あり（無料）",
          "発電機・不可",
          "水道・なし",
          "ペットOK"
        ],
        "url": "https://www.kurumatabi.com/park/rvpark/1780.html",
        "geocode_source": "auto"
      }
    },
    {
      "type": "Feature",
      "geometry": {
        "type": "Point",
        "coordinates": [
          140.057538,
          35.388287
        ]
      },
      "properties": {
        "name": "コンビニＲＶパーク ローソン袖ヶ浦三箇（そでがうらさんが）店",
        "pref": "千葉県",
        "address": "千葉県袖ケ浦市三箇1976",
        "phone": "000-000-0000",
        "fee": "一般: １泊 2,500円",
        "available_period": "通年 施設により不定期のお休み・休業を設定している場合があります。ご利用可能日は事前に各施設にお問い合わせください。",
        "checkin_checkout": "チェックイン: 15:00 ～ 22:00 / チェックアウト: 特になし ～ 10:00",
        "vehicle_size": "キャブコン バンコン 軽キャン 一般車 下記駐車場サイズもご確認ください。 利用可能かどうか判断がつかない場合は、施設までお問い合わせください。",
        "features": [
          "24時間利用OK",
          "入浴施設あり（車移動あり）",
          "温泉あり",
          "ごみ処理対応可（無料）",
          "電源あり（無料）",
          "発電機・不可",
          "水道・なし",
          "ペットOK"
        ],
        "url": "https://www.kurumatabi.com/park/rvpark/1782.html",
        "geocode_source": "auto"
      }
    },
    {
      "type": "Feature",
      "geometry": {
        "type": "Point",
        "coordinates": [
          139.864835,
          35.025197
        ]
      },
      "properties": {
        "name": "コンビニＲＶパーク ローソン館山１２７号バイパス店（たてやま１２７ごうばいぱす）店",
        "pref": "千葉県",
        "address": "千葉県館山市那古387ｰ1",
        "phone": "000-000-0000",
        "fee": "一般: １泊 2,500円",
        "available_period": "通年 施設により不定期のお休み・休業を設定している場合があります。ご利用可能日は事前に各施設にお問い合わせください。",
        "checkin_checkout": "チェックイン: 15:00 ～ 22:00 / チェックアウト: 特になし ～ 10:00",
        "vehicle_size": "キャブコン バンコン 軽キャン 一般車 下記駐車場サイズもご確認ください。 利用可能かどうか判断がつかない場合は、施設までお問い合わせください。",
        "features": [
          "24時間利用OK",
          "入浴施設あり（車移動あり）",
          "温泉あり",
          "ごみ処理対応可（無料）",
          "電源あり（無料）",
          "発電機・不可",
          "水道・なし",
          "ペットOK"
        ],
        "url": "https://www.kurumatabi.com/park/rvpark/1784.html",
        "geocode_source": "auto"
      }
    },
    {
      "type": "Feature",
      "geometry": {
        "type": "Point",
        "coordinates": [
          139.84326,
          35.14293
        ]
      },
      "properties": {
        "name": "都市交流施設・道の駅保田小附属ようちえん　RVパーク",
        "pref": "千葉県",
        "address": "千葉県安房郡鋸南町保田724",
        "phone": "0470-50-1238",
        "fee": "一般: 1泊1枠（1枠につき1台） 3,500円",
        "available_period": "通年 施設により不定期のお休み・休業を設定している場合があります。ご利用可能日は事前に各施設にお問い合わせください。",
        "checkin_checkout": "チェックイン: 12:00 ～ 17:00 / チェックアウト: 特になし ～ 10:00",
        "vehicle_size": "キャブコン バンコン 軽キャン 一般車 下記駐車場サイズもご確認ください。 利用可能かどうか判断がつかない場合は、施設までお問い合わせください。",
        "features": [
          "24時間利用OK",
          "入浴施設あり（施設内）",
          "湯沸かし浴槽あり",
          "ダンプステーション・なし",
          "ごみ処理対応可（有料）",
          "電源あり（有料）",
          "発電機・不可",
          "水道あり（有料）",
          "炊事場なし",
          "コインランドリー・なし",
          "ペットOK",
          "ドッグランあり",
          "WI-FIあり（無料）"
        ],
        "url": "https://www.kurumatabi.com/park/rvpark/1295.html",
        "geocode_source": "auto"
      }
    },
    {
      "type": "Feature",
      "geometry": {
        "type": "Point",
        "coordinates": [
          135.405152,
          34.268906
        ]
      },
      "properties": {
        "name": "KINOKAWA RVパーク",
        "pref": "和歌山県",
        "address": "和歌山県紀の川市粉河781-2",
        "phone": "080-3254-6293",
        "fee": "一般: 1泊・1台・4名様につき 6,600円〜9,900円",
        "available_period": "通年 施設により不定期のお休み・休業を設定している場合があります。ご利用可能日は事前に各施設にお問い合わせください。",
        "checkin_checkout": "チェックイン: 15:00 ～ 18:00 / チェックアウト: 9:00 ～ 10:00",
        "vehicle_size": "セミフルコン キャブコン バンコン 軽キャン 一般車 下記駐車場サイズもご確認ください。 利用可能かどうか判断がつかない場合は、施設までお問い合わせください。",
        "features": [
          "24時間利用OK",
          "温水洗浄便座あり",
          "入浴施設あり（車移動あり）",
          "温泉あり",
          "ダンプステーション・なし",
          "ごみ処理対応可（有料）",
          "電源あり（無料）",
          "発電機・不可",
          "水道あり（無料）",
          "炊事場あり",
          "コインランドリー・なし",
          "ペットOK",
          "ドッグランなし",
          "WI-FIあり（無料）",
          "旅館・ホテルの食事：朝食・不可",
          "旅館・ホテルの食事：夕食・不可",
          "旅館・ホテルの宿泊予約・不可"
        ],
        "url": "https://www.kurumatabi.com/park/rvpark/1340.html",
        "geocode_source": "auto"
      }
    },
    {
      "type": "Feature",
      "geometry": {
        "type": "Point",
        "coordinates": [
          135.206514,
          34.155346
        ]
      },
      "properties": {
        "name": "RVパーク きのくに温泉",
        "pref": "和歌山県",
        "address": "和歌山県海南市日方1274-76",
        "phone": "073-483-0428",
        "fee": "一般: 1泊・1台につき 3,240円 / 一般: 1泊・1台につき 3,240円〜8,000円",
        "available_period": "通年 施設により不定期のお休み・休業を設定している場合があります。ご利用可能日は事前に各施設にお問い合わせください。",
        "checkin_checkout": "チェックイン: 15:00 ～ 20:00 / チェックアウト: 特になし ～ 11:00",
        "vehicle_size": "セミフルコン バスコン キャブコン バンコン 軽キャン 一般車 下記駐車場サイズもご確認ください。 利用可能かどうか判断がつかない場合は、施設までお問い合わせください。",
        "features": [
          "24時間利用OK",
          "温水洗浄便座あり",
          "入浴施設あり（施設内）",
          "温泉あり",
          "ごみ処理対応可（無料）",
          "電源あり（無料）",
          "発電機・不可",
          "水道・なし",
          "炊事場なし",
          "コインランドリー・なし",
          "ペットOK",
          "ドッグランなし",
          "WI-FIの利用・なし",
          "旅館・ホテルの食事：朝食・不可",
          "夕食予約OK",
          "宿泊予約OK"
        ],
        "url": "https://www.kurumatabi.com/park/rvpark/1472.html",
        "geocode_source": "auto"
      }
    },
    {
      "type": "Feature",
      "geometry": {
        "type": "Point",
        "coordinates": [
          135.375252,
          33.68136
        ]
      },
      "properties": {
        "name": "RVパーク とれとれ市場 南紀白浜",
        "pref": "和歌山県",
        "address": "和歌山県西牟婁郡白浜町堅田2521",
        "phone": "0739-42-3351",
        "fee": "一般: 1泊・1台につき 2,750円〜 / スタンダード会員: 1泊・1台につき 3,300円〜 / プレミアム会員: 1泊・1台につき 3,080円〜",
        "available_period": "日祝 日祝の前日 春休み 夏休み 冬休み 平日 年末年始、12月28日(日)～1月4日(日)各日限定3台まで利用可（トレ―ラ－、バスコン、フルコン等の大型車は不可） ゴ－ルデンウィ－ク、4月28日(火)～5月5日(火)各日限定5台まで利用可（トレ―ラ－、フルコン等の大型車は不可） お盆期間、8月8日(土)～8月15日(土)各日限定5台まで利用可（トレ―ラ－、バスコン、フルコン等の大型車は不可） 施設により不定期のお休み・休業を設定している場合があります。ご利用可能日は事前に各施設にお問い合わせください。",
        "checkin_checkout": "チェックイン: 16:00 ～ 18:00 / チェックアウト: 特になし ～ 10:00",
        "vehicle_size": "キャブコン バンコン 軽キャン 一般車 下記駐車場サイズもご確認ください。 利用可能かどうか判断がつかない場合は、施設までお問い合わせください。",
        "features": [
          "24時間利用OK",
          "温水洗浄便座あり",
          "入浴施設あり（施設内）",
          "温泉あり",
          "ごみ処理対応可（有料）",
          "電源あり（有料）",
          "発電機・不可",
          "水道・なし",
          "炊事場なし",
          "コインランドリー・なし",
          "ペットOK",
          "ドッグランなし",
          "WI-FIの利用・なし",
          "朝食予約OK",
          "旅館・ホテルの食事：夕食・不可",
          "旅館・ホテルの宿泊予約・不可"
        ],
        "url": "https://www.kurumatabi.com/park/rvpark/1217.html",
        "geocode_source": "auto"
      }
    },
    {
      "type": "Feature",
      "geometry": {
        "type": "Point",
        "coordinates": [
          135.356451,
          33.687979
        ]
      },
      "properties": {
        "name": "RVパーク 久保木モータース",
        "pref": "和歌山県",
        "address": "和歌山県西牟婁郡白浜町3744-31",
        "phone": "09020132121",
        "fee": "一般: 1泊・１台につき 2,200円",
        "available_period": "通年 施設により不定期のお休み・休業を設定している場合があります。ご利用可能日は事前に各施設にお問い合わせください。",
        "checkin_checkout": "チェックイン: 14:00 ～ 19:00 / チェックアウト: 特になし ～ 11:00",
        "vehicle_size": "フルコン セミフルコン バスコン キャブコン バンコン トレーラー 軽キャン 一般車 下記駐車場サイズもご確認ください。 利用可能かどうか判断がつかない場合は、施設までお問い合わせください。",
        "features": [
          "24時間利用OK",
          "温水洗浄便座あり",
          "入浴施設あり（徒歩圏内あり）",
          "温泉あり",
          "グレーOK",
          "ごみ処理対応可（無料）",
          "電源あり（有料）",
          "発電機・不可",
          "水道あり（無料）",
          "炊事場あり",
          "コインランドリー・なし",
          "ペットOK",
          "ドッグランなし",
          "WI-FIあり（無料）",
          "旅館・ホテルの食事：朝食・不可",
          "旅館・ホテルの食事：夕食・不可",
          "旅館・ホテルの宿泊予約・不可"
        ],
        "url": "https://www.kurumatabi.com/park/rvpark/1696.html",
        "geocode_source": "auto"
      }
    },
    {
      "type": "Feature",
      "geometry": {
        "type": "Point",
        "coordinates": [
          135.063428,
          34.265662
        ]
      },
      "properties": {
        "name": "RVパーク 加太ALL FIELD キャンプ場",
        "pref": "和歌山県",
        "address": "和歌山県和歌山市加太63",
        "phone": "080-9477-0024",
        "fee": "一般: 駐車場サイト 1泊1台 施設利用料込み 3,000円 / 一般: フリーサイト 1泊1台 施設利用料込み（30台） 5,500円 / 一般: 電源サイト 1泊1台 施設利用料込み（5台） 7,500円",
        "available_period": "通年 施設により不定期のお休み・休業を設定している場合があります。ご利用可能日は事前に各施設にお問い合わせください。",
        "checkin_checkout": "チェックイン: 13:00 ～ 17:00 / チェックアウト: 6:00 ～ 12:00",
        "vehicle_size": "フルコン セミフルコン バスコン キャブコン バンコン トレーラー 軽キャン 一般車 その他 下記駐車場サイズもご確認ください。 利用可能かどうか判断がつかない場合は、施設までお問い合わせください。",
        "features": [
          "24時間利用OK",
          "温水洗浄便座あり",
          "入浴施設あり（徒歩圏内あり）",
          "温泉あり",
          "ダンプステーション・なし",
          "ごみ処理対応可（無料）",
          "電源あり（無料）",
          "発電機・不可",
          "水道あり（無料）",
          "炊事場あり",
          "コインランドリー・なし",
          "ペットOK",
          "ドッグランあり",
          "WI-FIあり（無料）",
          "旅館・ホテルの食事：朝食・不可",
          "旅館・ホテルの食事：夕食・不可",
          "旅館・ホテルの宿泊予約・不可"
        ],
        "url": "https://www.kurumatabi.com/park/rvpark/1493.html",
        "geocode_source": "auto"
      }
    },
    {
      "type": "Feature",
      "geometry": {
        "type": "Point",
        "coordinates": [
          135.789297,
          33.535622
        ]
      },
      "properties": {
        "name": "RVパーク 南紀月の瀬温泉 ぼたん荘",
        "pref": "和歌山県",
        "address": "和歌山県東牟婁郡古座川町月野瀬881-1",
        "phone": "0735-72-0376",
        "fee": "一般: 1泊/1台につき（＊牽引車は下記参照） 3,850円",
        "available_period": "通年 日祝 日祝の前日 春休み GW 夏休み お盆 冬休み 年末年始 平日 不定期で休館日あり 施設により不定期のお休み・休業を設定している場合があります。ご利用可能日は事前に各施設にお問い合わせください。",
        "checkin_checkout": "チェックイン: 13:00 ～ 18:00 / チェックアウト: 8:00 ～ 10:00",
        "vehicle_size": "キャブコン バンコン 軽キャン 一般車 下記駐車場サイズもご確認ください。 利用可能かどうか判断がつかない場合は、施設までお問い合わせください。",
        "features": [
          "24時間利用OK",
          "温水洗浄便座あり",
          "入浴施設あり（施設内）",
          "温泉あり",
          "ダンプステーション・なし",
          "ごみ処理対応可（有料）",
          "電源あり（無料）",
          "発電機・不可",
          "水道あり（無料）",
          "炊事場あり",
          "コインランドリー・なし",
          "ペットOK",
          "ドッグランなし",
          "WI-FIあり（無料）",
          "朝食予約OK",
          "夕食予約OK",
          "宿泊予約OK"
        ],
        "url": "https://www.kurumatabi.com/park/rvpark/1033.html",
        "geocode_source": "auto"
      }
    },
    {
      "type": "Feature",
      "geometry": {
        "type": "Point",
        "coordinates": [
          135.354245,
          33.688404
        ]
      },
      "properties": {
        "name": "RVパーク 大江戸温泉物語Premium 白浜御苑",
        "pref": "和歌山県",
        "address": "和歌山県西牟婁郡白浜町白浜町1011",
        "phone": "050-3615-3456",
        "fee": "一般: 1泊 3,500円",
        "available_period": "通年 日祝 日祝の前日 春休み 夏休み 冬休み 平日 宿の休館日は、RVパークもご利用いただけません。 最新の休館情報につきましては、宿公式ホームページをご確認ください。 【宿HP：https://www.ooedoonsen.jp/shirahamagyoen/】 なお、災害や積雪などの影響により、予告なく急遽休業する場合がございます。あらかじめご了承ください。 施設により不定期のお休み・休業を設定している場合があります。ご利用可能日は事前に各施設にお問い合わせください。",
        "checkin_checkout": "チェックイン: 15:00 ～ 21:00 / チェックアウト: 特になし ～ 11:00",
        "vehicle_size": "キャブコン バンコン 軽キャン 一般車 下記駐車場サイズもご確認ください。 利用可能かどうか判断がつかない場合は、施設までお問い合わせください。",
        "features": [
          "24時間利用OK",
          "入浴施設あり（施設内）",
          "温泉あり",
          "ダンプステーション・なし",
          "ごみ処理対応可（無料）",
          "電源あり（有料）",
          "発電機・不可",
          "水道・なし",
          "ペットOK"
        ],
        "url": "https://www.kurumatabi.com/park/rvpark/1836.html",
        "geocode_source": "auto"
      }
    },
    {
      "type": "Feature",
      "geometry": {
        "type": "Point",
        "coordinates": [
          135.78899,
          33.479904
        ]
      },
      "properties": {
        "name": "RVパーク 大江戸温泉物語　南紀串本",
        "pref": "和歌山県",
        "address": "和歌山県東牟婁郡串本町串本2300-1",
        "phone": "050-3615-3456",
        "fee": "一般: 1泊 3,500円",
        "available_period": "通年 日祝 日祝の前日 春休み 夏休み 冬休み 平日 宿の休館日は、RVパークもご利用いただけません。 最新の休館情報につきましては、宿公式ホームページをご確認ください。 【宿HP：https://www.ooedoonsen.jp/kushimoto/】 なお、災害や積雪などの影響により、予告なく急遽休業する場合がございます。あらかじめご了承ください。 施設により不定期のお休み・休業を設定している場合があります。ご利用可能日は事前に各施設にお問い合わせください。",
        "checkin_checkout": "チェックイン: 15:00 ～ 21:00 / チェックアウト: 特になし ～ 11:00",
        "vehicle_size": "キャブコン バンコン 軽キャン 一般車 下記駐車場サイズもご確認ください。 利用可能かどうか判断がつかない場合は、施設までお問い合わせください。",
        "features": [
          "24時間利用OK",
          "入浴施設あり（施設内）",
          "温泉あり",
          "ダンプステーション・なし",
          "ごみ処理対応可（無料）",
          "電源あり（有料）",
          "発電機・不可",
          "水道・なし",
          "ペットOK",
          "ドッグランなし"
        ],
        "url": "https://www.kurumatabi.com/park/rvpark/1839.html",
        "geocode_source": "auto"
      }
    },
    {
      "type": "Feature",
      "geometry": {
        "type": "Point",
        "coordinates": [
          135.176046,
          34.038374
        ]
      },
      "properties": {
        "name": "RVパークsmart 湯浅町観光用駐車場",
        "pref": "和歌山県",
        "address": "和歌山県有田郡湯浅町湯浅2702-9",
        "phone": "092-433-7370",
        "fee": "一般: 1泊/1台 2,500円",
        "available_period": "通年 日祝 日祝の前日 春休み GW 夏休み お盆 冬休み 年末年始 平日 施設により不定期のお休み・休業を設定している場合があります。ご利用可能日は事前に各施設にお問い合わせください。",
        "checkin_checkout": "チェックイン: 16:00 ～ 特になし / チェックアウト: 特になし ～ 9:00",
        "vehicle_size": "バスコン キャブコン バンコン トレーラー 軽キャン 一般車 下記駐車場サイズもご確認ください。 利用可能かどうか判断がつかない場合は、施設までお問い合わせください。",
        "features": [
          "24時間利用OK",
          "温水洗浄便座あり",
          "入浴施設あり（車移動あり）",
          "温泉あり",
          "ダンプステーション・なし",
          "ゴミ処理対応・不可",
          "電源あり（無料）",
          "発電機・不可",
          "水道・なし",
          "ペットOK"
        ],
        "url": "https://www.kurumatabi.com/park/rvpark/1037.html",
        "geocode_source": "auto"
      }
    },
    {
      "type": "Feature",
      "geometry": {
        "type": "Point",
        "coordinates": [
          135.940041,
          33.63106
        ]
      },
      "properties": {
        "name": "RVパーク民宿亀の井",
        "pref": "和歌山県",
        "address": "和歌山県東牟婁郡那智勝浦町朝日4-73",
        "phone": "0735-52-0642",
        "fee": "一般: 1泊・1台につき 3,850円〜4,400円 / スタンダード会員: 1泊・1台につき 3,850円〜4,400円 / プレミアム会員: 1泊・1台につき 3,850円〜4,400円",
        "available_period": "通年 日祝 日祝の前日 春休み GW 夏休み お盆 冬休み 年末年始 平日 施設により不定期のお休み・休業を設定している場合があります。ご利用可能日は事前に各施設にお問い合わせください。",
        "checkin_checkout": "チェックイン: 15:00 ～ 19:00 / チェックアウト: 7:00 ～ 9:30",
        "vehicle_size": "キャブコン バンコン 軽キャン 一般車 その他 下記駐車場サイズもご確認ください。 利用可能かどうか判断がつかない場合は、施設までお問い合わせください。",
        "features": [
          "24時間利用OK",
          "暖房便座のみあり",
          "入浴施設あり（車移動あり）",
          "温泉あり",
          "ダンプステーション・なし",
          "ごみ処理対応可（有料）",
          "電源あり（無料）",
          "発電機・不可",
          "水道あり（無料）",
          "炊事場なし",
          "コインランドリー・なし",
          "ペットOK",
          "ドッグランなし",
          "WI-FIあり（無料）",
          "朝食予約OK",
          "夕食予約OK",
          "宿泊予約OK"
        ],
        "url": "https://www.kurumatabi.com/park/rvpark/1155.html",
        "geocode_source": "auto"
      }
    },
    {
      "type": "Feature",
      "geometry": {
        "type": "Point",
        "coordinates": [
          135.911285,
          33.727863
        ]
      },
      "properties": {
        "name": "RVパーク高田グリーンランド・雲取温泉",
        "pref": "和歌山県",
        "address": "和歌山県新宮市高田1810",
        "phone": "0735-29-0321",
        "fee": "一般: 1泊/1台 2,000円 / スタンダード会員: 1泊/1台 1,600円 / プレミアム会員: 1泊/1台 1,500円",
        "available_period": "通年 春休み 夏休み 冬休み 年末年始 平日 当日 空いていれば 可 施設により不定期のお休み・休業を設定している場合があります。ご利用可能日は事前に各施設にお問い合わせください。",
        "checkin_checkout": "チェックイン: 13:00 ～ 20:00 / チェックアウト: 7:00 ～ 10:00",
        "vehicle_size": "セミフルコン バスコン 軽キャン 一般車 下記駐車場サイズもご確認ください。 利用可能かどうか判断がつかない場合は、施設までお問い合わせください。",
        "features": [
          "24時間利用OK",
          "温水洗浄便座あり",
          "入浴施設あり（施設内）",
          "温泉あり",
          "ダンプステーション・なし",
          "ごみ処理対応可（有料）",
          "電源あり（有料）",
          "発電機・不可",
          "水道あり（無料）",
          "コインランドリーあり",
          "ペット・不可",
          "WI-FIの利用・なし",
          "朝食予約OK",
          "夕食予約OK",
          "宿泊予約OK"
        ],
        "url": "https://www.kurumatabi.com/park/rvpark/1031.html",
        "geocode_source": "auto"
      }
    },
    {
      "type": "Feature",
      "geometry": {
        "type": "Point",
        "coordinates": [
          135.902521,
          33.589237
        ]
      },
      "properties": {
        "name": "Temple Camp 大泰寺 RVパーク",
        "pref": "和歌山県",
        "address": "和歌山県東牟婁郡那智勝浦町下和田775",
        "phone": "080-2781-3483",
        "fee": "一般: １泊１サイト 5,000円",
        "available_period": "通年 日祝の前日 春休み GW 夏休み お盆 冬休み 年末年始 平日 日曜日は定休日となります。ただし、月曜が祝日の場合は月曜休業となります。 施設により不定期のお休み・休業を設定している場合があります。ご利用可能日は事前に各施設にお問い合わせください。",
        "checkin_checkout": "チェックイン: 14:00 ～ 21:00 / チェックアウト: 6:00 ～ 11:00",
        "vehicle_size": "バスコン キャブコン バンコン 軽キャン 一般車 下記駐車場サイズもご確認ください。 利用可能かどうか判断がつかない場合は、施設までお問い合わせください。",
        "features": [
          "24時間利用OK",
          "温水洗浄便座あり",
          "入浴施設あり（施設内）",
          "湯沸かし浴槽あり",
          "ダンプステーション・なし",
          "ごみ処理対応可（無料）",
          "電源あり（無料）",
          "発電機・不可",
          "水道あり（無料）",
          "炊事場あり",
          "コインランドリーあり",
          "ペットOK",
          "ドッグランあり",
          "WI-FIあり（無料）",
          "朝食予約OK",
          "旅館・ホテルの食事：夕食・不可",
          "宿泊予約OK"
        ],
        "url": "https://www.kurumatabi.com/park/rvpark/896.html",
        "geocode_source": "auto"
      }
    },
    {
      "type": "Feature",
      "geometry": {
        "type": "Point",
        "coordinates": [
          135.513728,
          34.235796
        ]
      },
      "properties": {
        "name": "中野さんちのキャンプ場・RVパークほたるの郷",
        "pref": "和歌山県",
        "address": "和歌山県伊都郡かつらぎ町志賀１８－１",
        "phone": "080-6731-0345",
        "fee": "一般: 1泊・1台につき(RVサイトA）約150㎡ 5,200円 / 一般: 1泊・1台につき（RVサイトB）約100㎡ 3,600円",
        "available_period": "通年 日祝 日祝の前日 春休み GW 夏休み お盆 冬休み 年末年始 平日 施設により不定期のお休み・休業を設定している場合があります。ご利用可能日は事前に各施設にお問い合わせください。",
        "checkin_checkout": "チェックイン: 13:00 ～ 22:00 / チェックアウト: 7:00 ～ 11:00",
        "vehicle_size": "キャブコン バンコン 軽キャン 一般車 その他 下記駐車場サイズもご確認ください。 利用可能かどうか判断がつかない場合は、施設までお問い合わせください。",
        "features": [
          "24時間利用OK",
          "温水洗浄便座あり",
          "入浴施設あり（施設内）",
          "シャワーあり",
          "ダンプステーション・なし",
          "ごみ処理対応現地相談（無料）",
          "電源あり（有料）",
          "発電機・不可",
          "水道あり（無料）",
          "炊事場あり",
          "コインランドリー・なし",
          "ペットOK",
          "ドッグランなし",
          "WI-FIあり（無料）",
          "旅館・ホテルの食事：朝食・不可",
          "旅館・ホテルの食事：夕食・不可",
          "宿泊予約OK"
        ],
        "url": "https://www.kurumatabi.com/park/rvpark/1156.html",
        "geocode_source": "auto"
      }
    },
    {
      "type": "Feature",
      "geometry": {
        "type": "Point",
        "coordinates": [
          135.192741,
          33.897938
        ]
      },
      "properties": {
        "name": "御坊RVパーク",
        "pref": "和歌山県",
        "address": "和歌山県御坊市野口",
        "phone": "0738-23-5669",
        "fee": "一般: 1泊・1台につき 3,500円〜5,000円",
        "available_period": "通年 日祝 日祝の前日 春休み GW 夏休み お盆 冬休み 年末年始 平日 施設により不定期のお休み・休業を設定している場合があります。ご利用可能日は事前に各施設にお問い合わせください。",
        "checkin_checkout": "チェックイン: 11:00 ～ 16:00 / チェックアウト: 特になし ～ 10:00",
        "vehicle_size": "フルコン セミフルコン バスコン キャブコン バンコン トレーラー 軽キャン 一般車 その他 下記駐車場サイズもご確認ください。 利用可能かどうか判断がつかない場合は、施設までお問い合わせください。",
        "features": [
          "24時間利用OK",
          "温水洗浄便座あり",
          "入浴施設あり（施設内）",
          "シャワーあり",
          "ブラック・グレーOK",
          "ごみ処理対応可（無料）",
          "電源あり（有料）",
          "発電機・不可",
          "水道あり（無料）",
          "炊事場あり",
          "コインランドリー・なし",
          "ペットOK",
          "ドッグランなし",
          "WI-FIあり（無料）",
          "旅館・ホテルの食事：朝食・不可",
          "旅館・ホテルの食事：夕食・不可",
          "旅館・ホテルの宿泊予約・不可"
        ],
        "url": "https://www.kurumatabi.com/park/rvpark/1361.html",
        "geocode_source": "auto"
      }
    },
    {
      "type": "Feature",
      "geometry": {
        "type": "Point",
        "coordinates": [
          135.570624,
          34.275679
        ]
      },
      "properties": {
        "name": "玉川峡RVパーク",
        "pref": "和歌山県",
        "address": "和歌山県伊都郡九度山町椎出897-4",
        "phone": "090-6679-4792",
        "fee": "一般: 1泊・1台につき 2,000円",
        "available_period": "通年 年中無休・２４時間 施設により不定期のお休み・休業を設定している場合があります。ご利用可能日は事前に各施設にお問い合わせください。",
        "checkin_checkout": "チェックイン: 17:00 ～ 特になし / チェックアウト: 特になし ～ 17:00",
        "vehicle_size": "セミフルコン バスコン キャブコン バンコン 軽キャン 一般車 下記駐車場サイズもご確認ください。 利用可能かどうか判断がつかない場合は、施設までお問い合わせください。",
        "features": [
          "24時間利用OK",
          "温水洗浄便座あり",
          "入浴施設あり（車移動あり）",
          "温泉あり",
          "ごみ処理対応可（無料）",
          "電源あり（有料）",
          "発電機・不可",
          "水道あり（無料）",
          "炊事場なし",
          "コインランドリー・なし",
          "ペットOK",
          "ドッグランなし",
          "WI-FIの利用・なし",
          "旅館・ホテルの食事：朝食・不可",
          "旅館・ホテルの食事：夕食・不可",
          "旅館・ホテルの宿泊予約・不可"
        ],
        "url": "https://www.kurumatabi.com/park/rvpark/1671.html",
        "geocode_source": "auto"
      }
    },
    {
      "type": "Feature",
      "geometry": {
        "type": "Point",
        "coordinates": [
          135.599784,
          33.505643
        ]
      },
      "properties": {
        "name": "ＲＶパーク道の駅すさみ",
        "pref": "和歌山県",
        "address": "和歌山県西牟婁郡すさみ町江住808-1",
        "phone": "0739-58-8888",
        "fee": "一般: 一泊 3,000円",
        "available_period": "通年 特に定休日は設けておりませんが、荒天時または店舗メンテナンス等により休業させていただく場合がございます。 施設により不定期のお休み・休業を設定している場合があります。ご利用可能日は事前に各施設にお問い合わせください。",
        "checkin_checkout": "チェックイン: 16:30 ～ 18:00 / チェックアウト: 特になし ～ 8:30",
        "vehicle_size": "キャブコン バンコン 軽キャン 一般車 下記駐車場サイズもご確認ください。 利用可能かどうか判断がつかない場合は、施設までお問い合わせください。",
        "features": [
          "24時間利用OK",
          "温水洗浄便座あり",
          "入浴施設あり（徒歩圏内あり）",
          "温泉あり",
          "ごみ処理対応可（無料）",
          "電源あり（無料）",
          "発電機・不可",
          "水道あり（無料）",
          "炊事場なし",
          "コインランドリー・なし",
          "ペットOK",
          "ドッグランあり",
          "WI-FIの利用・なし",
          "旅館・ホテルの宿泊予約・不可"
        ],
        "url": "https://www.kurumatabi.com/park/rvpark/1662.html",
        "geocode_source": "auto"
      }
    },
    {
      "type": "Feature",
      "geometry": {
        "type": "Point",
        "coordinates": [
          139.073929,
          36.002564
        ]
      },
      "properties": {
        "name": "CONTRADD（コントラッド）秩父公園橋 RVパーク",
        "pref": "埼玉県",
        "address": "埼玉県秩父市中村町４丁目５−３６",
        "phone": "080-5002-2162",
        "fee": "一般: 【平日】1泊・1台につき 5,500円 / 一般: 【土曜日・祝日前日】1泊・1台につき 8,800円〜",
        "available_period": "通年 当施設のRVサイトは、キャンプサイトとしても貸し出しを行っております。土曜・祝前日など、キャンプ利用が多い日はRVパークとしてのご予約が受けられない場合がございます。 施設により不定期のお休み・休業を設定している場合があります。ご利用可能日は事前に各施設にお問い合わせください。",
        "checkin_checkout": "チェックイン: 13:00 ～ 17:00 / チェックアウト: 特になし ～ 10:00",
        "vehicle_size": "バスコン キャブコン バンコン トレーラー 軽キャン 一般車 下記駐車場サイズもご確認ください。 利用可能かどうか判断がつかない場合は、施設までお問い合わせください。",
        "features": [
          "24時間利用OK",
          "暖房便座のみあり",
          "入浴施設あり（車移動あり）",
          "温泉あり",
          "ダンプステーション・なし",
          "ごみ処理対応可（無料）",
          "電源あり（無料）",
          "発電機・不可",
          "水道あり（無料）",
          "炊事場あり",
          "コインランドリー・なし",
          "ペットOK",
          "ドッグランなし",
          "WI-FIあり（無料）",
          "旅館・ホテルの食事：朝食・不可",
          "旅館・ホテルの食事：夕食・不可",
          "旅館・ホテルの宿泊予約・不可"
        ],
        "url": "https://www.kurumatabi.com/park/rvpark/1650.html",
        "geocode_source": "auto"
      }
    },
    {
      "type": "Feature",
      "geometry": {
        "type": "Point",
        "coordinates": [
          139.34034,
          36.093212
        ]
      },
      "properties": {
        "name": "RVパーク ヘリテイジ リゾート",
        "pref": "埼玉県",
        "address": "埼玉県熊谷市小江川228",
        "phone": "048-536-1212",
        "fee": "一般: 1泊／1台電源使用代込 5,000円",
        "available_period": "通年 日祝 日祝の前日 春休み GW 夏休み お盆 冬休み 年末年始 平日 ３６５日毎日ご利用下さい。 当日予約も大歓迎！ 施設により不定期のお休み・休業を設定している場合があります。ご利用可能日は事前に各施設にお問い合わせください。",
        "checkin_checkout": "チェックイン: 13:00 ～ 18:00 / チェックアウト: 特になし ～ 12:00",
        "vehicle_size": "セミフルコン バスコン キャブコン バンコン トレーラー 軽キャン 一般車 下記駐車場サイズもご確認ください。 利用可能かどうか判断がつかない場合は、施設までお問い合わせください。",
        "features": [
          "24時間利用OK",
          "温水洗浄便座あり",
          "入浴施設あり（施設内）",
          "温泉あり",
          "ダンプステーション・なし",
          "ごみ処理対応可（有料）",
          "電源あり（無料）",
          "発電機・不可",
          "水道あり（無料）",
          "コインランドリーあり",
          "ペットOK",
          "ドッグランあり",
          "WI-FIあり（無料）",
          "朝食予約OK",
          "夕食予約OK",
          "宿泊予約OK"
        ],
        "url": "https://www.kurumatabi.com/park/rvpark/1009.html",
        "geocode_source": "auto"
      }
    },
    {
      "type": "Feature",
      "geometry": {
        "type": "Point",
        "coordinates": [
          139.500435,
          36.13055
        ]
      },
      "properties": {
        "name": "RVパーク 古代蓮の里",
        "pref": "埼玉県",
        "address": "埼玉県行田市小針２３７５－１",
        "phone": "048-559-0770",
        "fee": "一般: １泊・１台 3,300円",
        "available_period": "日祝 日祝の前日 春休み GW 夏休み お盆 平日 ６月下旬から８月上旬は駐車場が有料となります（５：００～１４：００） チェックインは１４：００以降でお願いします。 時間内に退場すると再入場の際、駐車料金がかかりますのでご注意ください。 乗用車タイプ５００円/台、バスタイプ１５００円/台 施設により不定期のお休み・休業を設定している場合があります。ご利用可能日は事前に各施設にお問い合わせください。",
        "checkin_checkout": "チェックイン: 14:00 ～ 17:00 / チェックアウト: 9:00 ～ 11:00",
        "vehicle_size": "キャブコン バンコン トレーラー 軽キャン 一般車 下記駐車場サイズもご確認ください。 利用可能かどうか判断がつかない場合は、施設までお問い合わせください。",
        "features": [
          "24時間利用OK",
          "特に機能なし",
          "入浴施設あり（車移動あり）",
          "温泉あり",
          "ダンプステーション・なし",
          "ごみ処理対応可（無料）",
          "電源あり（無料）",
          "発電機・不可",
          "水道あり（無料）",
          "炊事場なし",
          "コインランドリー・なし",
          "ペットOK",
          "ドッグランなし",
          "WI-FIあり（無料）",
          "旅館・ホテルの食事：朝食・不可",
          "旅館・ホテルの食事：夕食・不可",
          "旅館・ホテルの宿泊予約・不可"
        ],
        "url": "https://www.kurumatabi.com/park/rvpark/1317.html",
        "geocode_source": "auto"
      }
    },
    {
      "type": "Feature",
      "geometry": {
        "type": "Point",
        "coordinates": [
          139.270973,
          36.159335
        ]
      },
      "properties": {
        "name": "RVパーク 深谷花園温泉 花湯の森",
        "pref": "埼玉県",
        "address": "埼玉県深谷市人見888",
        "phone": "048-551-1126",
        "fee": "一般: 1泊・1台につき 3,000円〜 / スタンダード会員: 1泊・1台につき 3,000円〜 / プレミアム会員: 1泊・1台につき 3,000円〜",
        "available_period": "平日 施設により不定期のお休み・休業を設定している場合があります。ご利用可能日は事前に各施設にお問い合わせください。",
        "checkin_checkout": "チェックイン: 18:00 ～ 21:00 / チェックアウト: 0:00 ～ 10:00",
        "vehicle_size": "バスコン キャブコン バンコン 軽キャン 一般車 下記駐車場サイズもご確認ください。 利用可能かどうか判断がつかない場合は、施設までお問い合わせください。",
        "features": [
          "24時間利用OK",
          "温水洗浄便座あり",
          "入浴施設あり（施設内）",
          "温泉あり",
          "ダンプステーション・なし",
          "ごみ処理対応現地相談（無料）",
          "電源あり（無料）",
          "発電機・不可",
          "水道あり（無料）",
          "炊事場なし",
          "コインランドリー・なし",
          "ペット・不可",
          "WI-FIの利用・なし",
          "旅館・ホテルの食事：朝食・不可",
          "夕食予約OK",
          "旅館・ホテルの宿泊予約・不可"
        ],
        "url": "https://www.kurumatabi.com/park/rvpark/1471.html",
        "geocode_source": "auto"
      }
    },
    {
      "type": "Feature",
      "geometry": {
        "type": "Point",
        "coordinates": [
          139.115942,
          36.125901
        ]
      },
      "properties": {
        "name": "RVパークsmart 長瀞 ～川とSLの郷～",
        "pref": "埼玉県",
        "address": "埼玉県秩父郡長瀞町野上下郷1567",
        "phone": "092-433-7370",
        "fee": "一般: 全日【RV1・8】 5,000円 / 一般: 全日【RV2～7】 4,000円",
        "available_period": "通年 施設により不定期のお休み・休業を設定している場合があります。ご利用可能日は事前に各施設にお問い合わせください。",
        "checkin_checkout": "チェックイン: 13:00 ～ / チェックアウト: 特になし ～ 11:00",
        "vehicle_size": "バスコン キャブコン バンコン トレーラー 軽キャン 一般車 下記駐車場サイズもご確認ください。 利用可能かどうか判断がつかない場合は、施設までお問い合わせください。",
        "features": [
          "24時間利用OK",
          "入浴施設あり（車移動あり）",
          "温泉あり",
          "ブラック・グレーOK",
          "ごみ処理対応可（有料）",
          "電源あり（無料）",
          "発電機・不可",
          "水道あり（無料）",
          "ペットOK",
          "ドッグランあり"
        ],
        "url": "https://www.kurumatabi.com/park/rvpark/1342.html",
        "geocode_source": "auto"
      }
    },
    {
      "type": "Feature",
      "geometry": {
        "type": "Point",
        "coordinates": [
          139.11448,
          36.06546
        ]
      },
      "properties": {
        "name": "RVパークヘリテイジ美の山",
        "pref": "埼玉県",
        "address": "埼玉県秩父郡皆野町皆野3415",
        "phone": "0494-62-4355",
        "fee": "一般: 1泊・1台につき 3,850円",
        "available_period": "通年 日祝 日祝の前日 春休み GW 夏休み お盆 冬休み 年末年始 平日 ３６５日毎日ご利用下さい。 当日予約も大歓迎！ 施設により不定期のお休み・休業を設定している場合があります。ご利用可能日は事前に各施設にお問い合わせください。",
        "checkin_checkout": "チェックイン: 13:00 ～ 22:00 / チェックアウト: 7:30 ～ 12:00",
        "vehicle_size": "フルコン セミフルコン バスコン キャブコン バンコン トレーラー 軽キャン 一般車 下記駐車場サイズもご確認ください。 利用可能かどうか判断がつかない場合は、施設までお問い合わせください。",
        "features": [
          "24時間利用OK",
          "温水洗浄便座あり",
          "入浴施設あり（徒歩圏内あり）",
          "温泉あり",
          "ブラック・グレーOK",
          "ごみ処理対応可（有料）",
          "電源あり（有料）",
          "発電機・不可",
          "水道あり（無料）",
          "炊事場なし",
          "コインランドリーあり",
          "ペットOK",
          "WI-FIの利用・なし",
          "朝食予約OK",
          "夕食予約OK",
          "宿泊予約OK"
        ],
        "url": "https://www.kurumatabi.com/park/rvpark/797.html",
        "geocode_source": "auto"
      }
    },
    {
      "type": "Feature",
      "geometry": {
        "type": "Point",
        "coordinates": [
          139.522008,
          35.933326
        ]
      },
      "properties": {
        "name": "コンビニＲＶパーク ローソン川越鴨田（かわごえかもだ）店",
        "pref": "埼玉県",
        "address": "埼玉県川越市鴨田1343-1",
        "phone": "000-000-0000",
        "fee": "一般: 1泊 2,500円",
        "available_period": "通年 施設により不定期のお休み・休業を設定している場合があります。ご利用可能日は事前に各施設にお問い合わせください。",
        "checkin_checkout": "チェックイン: 15:00 ～ 22:00 / チェックアウト: 特になし ～ 10:00",
        "vehicle_size": "キャブコン バンコン 軽キャン 一般車 下記駐車場サイズもご確認ください。 利用可能かどうか判断がつかない場合は、施設までお問い合わせください。",
        "features": [
          "24時間利用OK",
          "入浴施設あり（車移動あり）",
          "温泉あり",
          "ごみ処理対応可（無料）",
          "電源あり（無料）",
          "発電機・不可",
          "水道・なし",
          "ペットOK"
        ],
        "url": "https://www.kurumatabi.com/park/rvpark/1791.html",
        "geocode_source": "auto"
      }
    },
    {
      "type": "Feature",
      "geometry": {
        "type": "Point",
        "coordinates": [
          139.418169,
          35.873796
        ]
      },
      "properties": {
        "name": "コンビニＲＶパーク ローソン狭山上奥富（さやまかみおくとみ）店",
        "pref": "埼玉県",
        "address": "埼玉県狭山市上奥富747",
        "phone": "00-000-0000",
        "fee": "一般: 1泊 2,500円",
        "available_period": "通年 施設により不定期のお休み・休業を設定している場合があります。ご利用可能日は事前に各施設にお問い合わせください。",
        "checkin_checkout": "チェックイン: 15:00 ～ 22:00 / チェックアウト: 特になし ～ 10:00",
        "vehicle_size": "キャブコン バンコン 軽キャン 一般車 下記駐車場サイズもご確認ください。 利用可能かどうか判断がつかない場合は、施設までお問い合わせください。",
        "features": [
          "24時間利用OK",
          "入浴施設あり（車移動あり）",
          "温泉あり",
          "ごみ処理対応可（無料）",
          "電源あり（無料）",
          "発電機・不可",
          "水道・なし",
          "ペットOK"
        ],
        "url": "https://www.kurumatabi.com/park/rvpark/1790.html",
        "geocode_source": "auto"
      }
    },
    {
      "type": "Feature",
      "geometry": {
        "type": "Point",
        "coordinates": [
          139.090181,
          36.037597
        ]
      },
      "properties": {
        "name": "コンビニＲＶパーク ローソン秩父下寺尾（ちちぶしもてらお）店",
        "pref": "埼玉県",
        "address": "埼玉県秩父市寺尾897-4",
        "phone": "000-000-0000",
        "fee": "一般: 1泊 2,500円",
        "available_period": "通年 施設により不定期のお休み・休業を設定している場合があります。ご利用可能日は事前に各施設にお問い合わせください。",
        "checkin_checkout": "チェックイン: 15:00 ～ 22:00 / チェックアウト: 特になし ～ 10:00",
        "vehicle_size": "キャブコン バンコン 軽キャン 一般車 下記駐車場サイズもご確認ください。 利用可能かどうか判断がつかない場合は、施設までお問い合わせください。",
        "features": [
          "24時間利用OK",
          "入浴施設あり（車移動あり）",
          "温泉あり",
          "ごみ処理対応可（無料）",
          "電源あり（無料）",
          "発電機・不可",
          "水道・なし",
          "ペットOK"
        ],
        "url": "https://www.kurumatabi.com/park/rvpark/1787.html",
        "geocode_source": "auto"
      }
    },
    {
      "type": "Feature",
      "geometry": {
        "type": "Point",
        "coordinates": [
          139.098742,
          36.076326
        ]
      },
      "properties": {
        "name": "コンビニＲＶパーク ローソン秩父皆野北（ちちぶみなのきた）店",
        "pref": "埼玉県",
        "address": "埼玉県秩父郡皆野町皆野2084",
        "phone": "00-000-0000",
        "fee": "一般: １泊 2,500円",
        "available_period": "通年 施設により不定期のお休み・休業を設定している場合があります。ご利用可能日は事前に各施設にお問い合わせください。",
        "checkin_checkout": "チェックイン: 15:00 ～ 22:00 / チェックアウト: 特になし ～ 10:00",
        "vehicle_size": "キャブコン バンコン 軽キャン 一般車 下記駐車場サイズもご確認ください。 利用可能かどうか判断がつかない場合は、施設までお問い合わせください。",
        "features": [
          "24時間利用OK",
          "入浴施設あり（車移動あり）",
          "温泉あり",
          "ごみ処理対応可（無料）",
          "電源あり（無料）",
          "発電機・不可",
          "水道・なし",
          "ペットOK"
        ],
        "url": "https://www.kurumatabi.com/park/rvpark/1786.html",
        "geocode_source": "auto"
      }
    },
    {
      "type": "Feature",
      "geometry": {
        "type": "Point",
        "coordinates": [
          139.336576,
          35.847496
        ]
      },
      "properties": {
        "name": "コンビニＲＶパーク ローソン飯能双柳六道（はんのうなみやなぎろくどう）店",
        "pref": "埼玉県",
        "address": "埼玉県飯能市双柳760-1",
        "phone": "000-000-0000",
        "fee": "一般: 1泊 2,500円",
        "available_period": "通年 施設により不定期のお休み・休業を設定している場合があります。ご利用可能日は事前に各施設にお問い合わせください。",
        "checkin_checkout": "チェックイン: 15:00 ～ 22:00 / チェックアウト: 特になし ～ 10:00",
        "vehicle_size": "キャブコン バンコン 軽キャン 一般車 下記駐車場サイズもご確認ください。 利用可能かどうか判断がつかない場合は、施設までお問い合わせください。",
        "features": [
          "24時間利用OK",
          "入浴施設あり（車移動あり）",
          "温泉あり",
          "ごみ処理対応可（無料）",
          "電源あり（無料）",
          "発電機・不可",
          "水道・なし",
          "ペットOK"
        ],
        "url": "https://www.kurumatabi.com/park/rvpark/1788.html",
        "geocode_source": "auto"
      }
    },
    {
      "type": "Feature",
      "geometry": {
        "type": "Point",
        "coordinates": [
          139.333334,
          35.870332
        ]
      },
      "properties": {
        "name": "メッツァRVパーク",
        "pref": "埼玉県",
        "address": "埼玉県飯能市宮沢327-6",
        "phone": "0570-03-1066",
        "fee": "一般: 利用料金 ※電源なし (１泊・１台） 3,500円〜5,000円 / 一般: 利用料金 ※電源あり (１泊・１台） 4,000円〜6,000円 / スタンダード会員: 利用料金 ※電源なし (１泊・１台） 3,150円〜4,500円 / スタンダード会員: 利用料金 ※電源あり (１泊・１台） 3,600円〜5,400円 / プレミアム会員: 利用料金 ※電源なし (１泊・１台） 3,150円〜4,500円 / プレミアム会員: 利用料金 ※電源あり (１泊・１台） 3,600円〜5,400円",
        "available_period": "通年 日祝 日祝の前日 春休み GW 夏休み お盆 冬休み 年末年始 平日 予告なく変更する場合がございます。ご利用前には必ず公式HPを確認のうえご来場ください。 施設により不定期のお休み・休業を設定している場合があります。ご利用可能日は事前に各施設にお問い合わせください。",
        "checkin_checkout": "チェックイン: 14:00 ～ 17:30 / チェックアウト: 6:00 ～ 10:00",
        "vehicle_size": "セミフルコン バスコン キャブコン バンコン 軽キャン 一般車 下記駐車場サイズもご確認ください。 利用可能かどうか判断がつかない場合は、施設までお問い合わせください。",
        "features": [
          "24時間利用OK",
          "温水洗浄便座あり",
          "入浴施設あり（徒歩圏内あり）",
          "温泉あり",
          "ダンプステーション・なし",
          "ごみ処理対応可（有料）",
          "電源あり（有料）",
          "発電機・不可",
          "水道あり（無料）",
          "炊事場なし",
          "コインランドリー・なし",
          "ペットOK",
          "ドッグランあり",
          "WI-FIの利用・なし",
          "旅館・ホテルの食事：朝食・不可",
          "旅館・ホテルの食事：夕食・不可",
          "旅館・ホテルの宿泊予約・不可"
        ],
        "url": "https://www.kurumatabi.com/park/rvpark/1082.html",
        "geocode_source": "auto"
      }
    },
    {
      "type": "Feature",
      "geometry": {
        "type": "Point",
        "coordinates": [
          139.442136,
          36.057708
        ]
      },
      "properties": {
        "name": "八丁湖公園 RVパーク",
        "pref": "埼玉県",
        "address": "埼玉県比企郡吉見町黒岩583",
        "phone": "0493531577",
        "fee": "電源利用料については、 電源の有無 の項目をご確認ください。 最新の料金は直接施設へ事前確認をお願いします。",
        "available_period": "通年 基本料金3300円 ■追加料金 キャンプエリア入場料 650円 特定日（A）500円 土曜日、休日前 特定日（B）1,000円 ゴールデンウィーク（4月28日～5月4日） お盆休み（8月10日～8月15日） 特定日（C）1,500円 年末年始（12月31日～1月3日） 施設により不定期のお休み・休業を設定している場合があります。ご利用可能日は事前に各施設にお問い合わせください。",
        "checkin_checkout": "チェックイン: 12:00 ～ 17:00 / チェックアウト: 特になし ～ 10:00",
        "vehicle_size": "フルコン セミフルコン キャブコン バンコン トレーラー 軽キャン 一般車 下記駐車場サイズもご確認ください。 利用可能かどうか判断がつかない場合は、施設までお問い合わせください。",
        "features": [
          "24時間利用OK",
          "入浴施設あり（車移動あり）",
          "湯沸かし浴槽あり",
          "ごみ処理対応可（有料）",
          "電源あり（無料）",
          "発電機・不可",
          "水道あり（無料）",
          "ペットOK"
        ],
        "url": "https://www.kurumatabi.com/park/rvpark/1153.html",
        "geocode_source": "auto"
      }
    },
    {
      "type": "Feature",
      "geometry": {
        "type": "Point",
        "coordinates": [
          131.45496,
          33.316772
        ]
      },
      "properties": {
        "name": "RVパーク Charlie's Lanai",
        "pref": "大分県",
        "address": "大分県別府市明礬４組",
        "phone": "0977-84-7511",
        "fee": "・4.5m×5.5mサイト 4,500円 ・6m×10mサイト 6,600円 電源利用料については、 電源の有無 の項目をご確認ください。 最新の料金は直接施設へ事前確認をお願いします。",
        "available_period": "通年 施設により不定期のお休み・休業を設定している場合があります。ご利用可能日は事前に各施設にお問い合わせください。",
        "checkin_checkout": "チェックイン: 13:00 ～ 18:30 / チェックアウト: 特になし ～ 12:00",
        "vehicle_size": "フルコン セミフルコン バスコン キャブコン バンコン トレーラー 軽キャン 一般車 下記駐車場サイズもご確認ください。 利用可能かどうか判断がつかない場合は、施設までお問い合わせください。",
        "features": [
          "24時間利用OK",
          "入浴施設あり（徒歩圏内あり）",
          "温泉あり",
          "ブラック・グレーOK",
          "ごみ処理対応可（無料）",
          "電源あり（無料）",
          "発電機・不可",
          "水道あり（無料）",
          "炊事場なし",
          "コインランドリー・なし",
          "ペットOK",
          "ドッグランあり",
          "WI-FIの利用・なし",
          "旅館・ホテルの食事：朝食・不可",
          "旅館・ホテルの食事：夕食・不可",
          "旅館・ホテルの宿泊予約・不可"
        ],
        "url": "https://www.kurumatabi.com/park/rvpark/1482.html",
        "geocode_source": "auto"
      }
    },
    {
      "type": "Feature",
      "geometry": {
        "type": "Point",
        "coordinates": [
          131.371526,
          33.066889
        ]
      },
      "properties": {
        "name": "RVパーク グランパーク長湯",
        "pref": "大分県",
        "address": "大分県竹田市直入町長湯3101",
        "phone": "080-8369-5482",
        "fee": "一般: 1区画 ※施設利用料として1名1,000円別途 3,000円",
        "available_period": "通年 施設により不定期のお休み・休業を設定している場合があります。ご利用可能日は事前に各施設にお問い合わせください。",
        "checkin_checkout": "チェックイン: 13:00 ～ 18:00 / チェックアウト: 7:00 ～ 11:00",
        "vehicle_size": "セミフルコン バスコン キャブコン バンコン トレーラー 軽キャン 一般車 下記駐車場サイズもご確認ください。 利用可能かどうか判断がつかない場合は、施設までお問い合わせください。",
        "features": [
          "24時間利用OK",
          "特に機能なし",
          "入浴施設あり（施設内）",
          "温泉あり",
          "ブラック・グレーOK",
          "ごみ処理対応可（有料）",
          "電源あり（無料）",
          "発電機・不可",
          "水道あり（無料）",
          "炊事場あり",
          "コインランドリー・なし",
          "ペットOK",
          "ドッグランなし",
          "WI-FIあり（無料）",
          "旅館・ホテルの食事：朝食・不可",
          "旅館・ホテルの食事：夕食・不可",
          "宿泊予約OK"
        ],
        "url": "https://www.kurumatabi.com/park/rvpark/1221.html",
        "geocode_source": "auto"
      }
    },
    {
      "type": "Feature",
      "geometry": {
        "type": "Point",
        "coordinates": [
          131.524758,
          33.160638
        ]
      },
      "properties": {
        "name": "RVパークNanasegawa",
        "pref": "大分県",
        "address": "大分県大分市野津原2856",
        "phone": "097-529-7776",
        "fee": "一般: 一泊一台 トレーラー含む 税込み 2,000円 / 一般: 一泊一台 トレーラー含む 電源なし 税込み 1,800円",
        "available_period": "通年 日祝 日祝の前日 春休み GW 夏休み お盆 冬休み 平日 施設により不定期のお休み・休業を設定している場合があります。ご利用可能日は事前に各施設にお問い合わせください。",
        "checkin_checkout": "チェックイン: 15:00 ～ 18:00 / チェックアウト: 9:00 ～ 10:00",
        "vehicle_size": "セミフルコン バスコン キャブコン バンコン トレーラー 軽キャン 一般車",
        "features": [
          "24時間利用OK",
          "入浴施設あり（施設内）",
          "シャワーあり",
          "ごみ処理対応可（有料）",
          "電源あり（無料）",
          "発電機・不可",
          "水道あり（無料）",
          "炊事場なし",
          "コインランドリー・なし",
          "ペットOK",
          "ドッグランなし",
          "WI-FIあり（無料）",
          "旅館・ホテルの食事：朝食・不可",
          "旅館・ホテルの宿泊予約・不可"
        ],
        "url": "https://www.kurumatabi.com/park/rvpark/1209.html",
        "geocode_source": "auto"
      }
    },
    {
      "type": "Feature",
      "geometry": {
        "type": "Point",
        "coordinates": [
          131.214195,
          33.513969
        ]
      },
      "properties": {
        "name": "RVパークsmart ややまの湯 八面山荘（はちめんさんそう）",
        "pref": "大分県",
        "address": "大分県中津市三光田口3572-4",
        "phone": "092-433-7370",
        "fee": "一般: 1泊・1台につき 2,500円",
        "available_period": "通年 施設により不定期のお休み・休業を設定している場合があります。ご利用可能日は事前に各施設にお問い合わせください。",
        "checkin_checkout": "チェックイン: 12:00 ～ / チェックアウト: 特になし ～ 12:00",
        "vehicle_size": "バスコン キャブコン バンコン トレーラー 軽キャン 一般車 下記駐車場サイズもご確認ください。 利用可能かどうか判断がつかない場合は、施設までお問い合わせください。",
        "features": [
          "24時間利用OK",
          "和式トイレ",
          "入浴施設あり（施設内）",
          "湯沸かし浴槽あり",
          "ごみ処理対応可（無料）",
          "電源あり（無料）",
          "発電機・不可",
          "水道・なし",
          "ペットOK"
        ],
        "url": "https://www.kurumatabi.com/park/rvpark/944.html",
        "geocode_source": "auto"
      }
    },
    {
      "type": "Feature",
      "geometry": {
        "type": "Point",
        "coordinates": [
          131.610147,
          33.236668
        ]
      },
      "properties": {
        "name": "RVパークsmart 大分府内町",
        "pref": "大分県",
        "address": "大分県大分市府内町2-5-4",
        "phone": "092-433-7370",
        "fee": "一般: 1泊・1台につき 2,500円",
        "available_period": "通年 施設により不定期のお休み・休業を設定している場合があります。ご利用可能日は事前に各施設にお問い合わせください。",
        "checkin_checkout": "チェックイン: 11:00 ～ / チェックアウト: 特になし ～ 11:00",
        "vehicle_size": "キャブコン バンコン 軽キャン 一般車 下記駐車場サイズもご確認ください。 利用可能かどうか判断がつかない場合は、施設までお問い合わせください。",
        "features": [
          "24時間利用OK",
          "入浴施設あり（徒歩圏内あり）",
          "温泉あり",
          "ゴミ処理対応・不可",
          "電源あり（無料）",
          "発電機・不可",
          "水道・なし",
          "ペットOK"
        ],
        "url": "https://www.kurumatabi.com/park/rvpark/889.html",
        "geocode_source": "auto"
      }
    },
    {
      "type": "Feature",
      "geometry": {
        "type": "Point",
        "coordinates": [
          131.402913,
          32.966442
        ]
      },
      "properties": {
        "name": "RVパークsmart 岡城跡",
        "pref": "大分県",
        "address": "大分県竹田市竹田320",
        "phone": "092-433-7370",
        "fee": "一般: 1泊・1台につき 2,500円",
        "available_period": "通年 施設により不定期のお休み・休業を設定している場合があります。ご利用可能日は事前に各施設にお問い合わせください。",
        "checkin_checkout": "チェックイン: 15:00 ～ / チェックアウト: 特になし ～ 10:00",
        "vehicle_size": "バスコン キャブコン バンコン トレーラー 軽キャン 一般車 下記駐車場サイズもご確認ください。 利用可能かどうか判断がつかない場合は、施設までお問い合わせください。",
        "features": [
          "24時間利用OK",
          "入浴施設あり（車移動あり）",
          "温泉あり",
          "ゴミ処理対応・不可",
          "電源あり（無料）",
          "発電機・不可",
          "水道・なし",
          "ペットOK"
        ],
        "url": "https://www.kurumatabi.com/park/rvpark/903.html",
        "geocode_source": "auto"
      }
    },
    {
      "type": "Feature",
      "geometry": {
        "type": "Point",
        "coordinates": [
          131.487036,
          33.645778
        ]
      },
      "properties": {
        "name": "RVパークsmart 粟嶋公園",
        "pref": "大分県",
        "address": "大分県豊後高田市臼野7-10",
        "phone": "092-433-7370",
        "fee": "一般: 1泊/1台 2,500円",
        "available_period": "通年 日祝 日祝の前日 春休み GW 夏休み お盆 冬休み 年末年始 平日 施設により不定期のお休み・休業を設定している場合があります。ご利用可能日は事前に各施設にお問い合わせください。",
        "checkin_checkout": "チェックイン: 15:00 ～ 特になし / チェックアウト: 特になし ～ 12:00",
        "vehicle_size": "キャブコン バンコン トレーラー 軽キャン 一般車 下記駐車場サイズもご確認ください。 利用可能かどうか判断がつかない場合は、施設までお問い合わせください。",
        "features": [
          "24時間利用OK",
          "入浴施設あり（車移動あり）",
          "温泉あり",
          "ゴミ処理対応・不可",
          "電源あり（無料）",
          "発電機・不可",
          "水道・なし",
          "ペットOK"
        ],
        "url": "https://www.kurumatabi.com/park/rvpark/984.html",
        "geocode_source": "auto"
      }
    },
    {
      "type": "Feature",
      "geometry": {
        "type": "Point",
        "coordinates": [
          131.464167,
          33.293238
        ]
      },
      "properties": {
        "name": "RVパーク　水流見（つるみ）",
        "pref": "大分県",
        "address": "大分県別府市扇山１組-1 個室囲炉裏焼き水流見",
        "phone": "0977-85-8855",
        "fee": "一般: 平日1台につき 3,300円 / 一般: 土日・祝祭日1台につき 4,400円",
        "available_period": "通年 日祝 日祝の前日 春休み GW 夏休み お盆 冬休み 平日 定休日毎週火曜日を含む休業日はチェックイン受付を行っていません。 その他休業日は個室囲炉裏焼き水流見のホームページをご確認ください。 施設により不定期のお休み・休業を設定している場合があります。ご利用可能日は事前に各施設にお問い合わせください。",
        "checkin_checkout": "チェックイン: 17:30 ～ 20:00 / チェックアウト: 特になし ～ 11:00",
        "vehicle_size": "フルコン セミフルコン バスコン キャブコン バンコン トレーラー 軽キャン 一般車 下記駐車場サイズもご確認ください。 利用可能かどうか判断がつかない場合は、施設までお問い合わせください。",
        "features": [
          "24時間利用OK",
          "温水洗浄便座あり",
          "入浴施設あり（車移動あり）",
          "温泉あり",
          "ダンプステーション・なし",
          "ごみ処理対応可（有料）",
          "発電機・不可",
          "水道あり（無料）",
          "炊事場なし",
          "コインランドリー・なし",
          "ペットOK",
          "ドッグランなし",
          "WI-FIの利用・なし"
        ],
        "url": "https://www.kurumatabi.com/park/rvpark/1276.html",
        "geocode_source": "auto"
      }
    },
    {
      "type": "Feature",
      "geometry": {
        "type": "Point",
        "coordinates": [
          131.497205,
          33.326031
        ]
      },
      "properties": {
        "name": "RVパーク亀川マリーナテラス",
        "pref": "大分県",
        "address": "大分県別府市亀川東町20-45",
        "phone": "0977-85-7033",
        "fee": "一般: １泊・1台につき 2,750円",
        "available_period": "通年 日祝 日祝の前日 春休み GW 夏休み お盆 冬休み 年末年始 平日 施設により不定期のお休み・休業を設定している場合があります。ご利用可能日は事前に各施設にお問い合わせください。",
        "checkin_checkout": "チェックイン: 15:00 ～ 17:00 / チェックアウト: 9:00 ～ 11:00",
        "vehicle_size": "フルコン セミフルコン バスコン キャブコン バンコン トレーラー 軽キャン 一般車",
        "features": [
          "24時間利用OK",
          "温水洗浄便座あり",
          "入浴施設あり（施設内）",
          "温泉あり",
          "ごみ処理対応可（有料）",
          "電源あり（無料）",
          "発電機・不可",
          "水道あり（無料）",
          "炊事場なし",
          "コインランドリー・なし",
          "ペットOK",
          "WI-FIの利用・なし",
          "朝食予約OK",
          "夕食予約OK",
          "宿泊予約OK"
        ],
        "url": "https://www.kurumatabi.com/park/rvpark/957.html",
        "geocode_source": "auto"
      }
    },
    {
      "type": "Feature",
      "geometry": {
        "type": "Point",
        "coordinates": [
          131.495376,
          33.332302
        ]
      },
      "properties": {
        "name": "RVパーク別府みなと市場",
        "pref": "大分県",
        "address": "大分県別府市亀川浜田町991-183",
        "phone": "0977-67-4031",
        "fee": "１泊 ■ 全長7m未満 …… 3,300円 ■ 全長7m以上 …… 5,500円 ※車検証記載の全長を基準とします ・ご利用料金は【前日14:00までの事前振込】または【当日チェックイン時間内での現金払い】です。 ※ご予約日の前日が土日祝日にあたる場合は、銀行の入金確認ができませんので、前営業日までにお支払いください。 ※銀行営業日14:00までの着金分を当日確認といたします。 ※土日祝日は銀行営業日に含まれません。 ※期限までに入金確認ができない場合は自動キャンセルとなります。 ※振込手数料はお客様負担となります。 ・当日飛び込み利用の場合は【現金払いのみ】となります。 ※当日現金払いの場合、チェックイン時間を過ぎますとキャンセル扱いになります。 電源利用料については、 電源の有無 の項目をご確認ください。 最新の料金は直接施設へ事前確認をお願いします。",
        "available_period": "通年 施設により不定期のお休み・休業を設定している場合があります。ご利用可能日は事前に各施設にお問い合わせください。",
        "checkin_checkout": "チェックイン: 14:00 ～ 15:30 / チェックアウト: 特になし ～ 10:30",
        "vehicle_size": "フルコン セミフルコン バスコン キャブコン バンコン トレーラー 軽キャン 一般車",
        "features": [
          "24時間利用OK",
          "入浴施設あり（徒歩圏内あり）",
          "温泉あり",
          "ごみ処理対応可（有料）",
          "発電機・不可",
          "水道あり（無料）",
          "ペットOK",
          "夕食予約OK"
        ],
        "url": "https://www.kurumatabi.com/park/rvpark/1668.html",
        "geocode_source": "auto"
      }
    },
    {
      "type": "Feature",
      "geometry": {
        "type": "Point",
        "coordinates": [
          131.360691,
          33.27253
        ]
      },
      "properties": {
        "name": "RVパーク湯布院（由布院・ゆふいん）",
        "pref": "大分県",
        "address": "大分県由布市湯布院町川上885-1",
        "phone": "0942-55-1113",
        "fee": "時間制: 1時間300円 24時間最大2,500円 【利用可能台数】9台 ※湯布院観光の際にキャンピングカー用駐車場としての短時間利用も可能 ※電気の使用不使用にかかわらず、必ず駐車枠に駐車してご利用ください。 ※トレーラーのみ、トレーラーを駐車枠へ駐車しヘッド車をトレーラーの前に縦列駐車することが可能です。 電源利用料については、 電源の有無 の項目をご確認ください。 最新の料金は直接施設へ事前確認をお願いします。",
        "available_period": "通年 日祝 日祝の前日 春休み GW 夏休み お盆 冬休み 年末年始 平日 施設により不定期のお休み・休業を設定している場合があります。ご利用可能日は事前に各施設にお問い合わせください。",
        "checkin_checkout": "チェックイン: 特になし / チェックアウト: 特になし",
        "vehicle_size": "フルコン セミフルコン バスコン キャブコン バンコン トレーラー 軽キャン 一般車 下記駐車場サイズもご確認ください。 利用可能かどうか判断がつかない場合は、施設までお問い合わせください。",
        "features": [
          "24時間利用OK",
          "温水洗浄便座あり",
          "入浴施設あり（徒歩圏内あり）",
          "温泉あり",
          "ブラック・グレーOK",
          "ごみ処理対応可（有料）",
          "電源あり（無料）",
          "発電機・不可",
          "水道あり（無料）",
          "炊事場あり",
          "コインランドリーあり",
          "ペットOK"
        ],
        "url": "https://www.kurumatabi.com/park/rvpark/793.html",
        "geocode_source": "auto"
      }
    },
    {
      "type": "Feature",
      "geometry": {
        "type": "Point",
        "coordinates": [
          131.359101,
          33.262479
        ]
      },
      "properties": {
        "name": "RVパーク由布院 A  BASE",
        "pref": "大分県",
        "address": "大分県由布市川上2966-14",
        "phone": "0977-84-2300",
        "fee": "一般: １泊１台につき 3,500円 / スタンダード会員: １泊１台につき 3,500円 / プレミアム会員: １泊１台につき 3,500円",
        "available_period": "通年 コインシャワーは1月と2月はクローズ 施設により不定期のお休み・休業を設定している場合があります。ご利用可能日は事前に各施設にお問い合わせください。",
        "checkin_checkout": "チェックイン: 12:00 ～ 17:00 / チェックアウト: 特になし ～ 12:00",
        "vehicle_size": "セミフルコン キャブコン バンコン 軽キャン 一般車 その他 下記駐車場サイズもご確認ください。 利用可能かどうか判断がつかない場合は、施設までお問い合わせください。",
        "features": [
          "24時間利用OK",
          "温水洗浄便座あり",
          "入浴施設あり（施設内）",
          "シャワーあり",
          "ダンプステーション・なし",
          "ごみ処理対応現地相談（有料）",
          "電源あり（無料）",
          "発電機・不可",
          "水道あり（無料）",
          "炊事場なし",
          "コインランドリー・なし",
          "ペットOK",
          "ドッグランなし",
          "WI-FIあり（無料）"
        ],
        "url": "https://www.kurumatabi.com/park/rvpark/1139.html",
        "geocode_source": "auto"
      }
    },
    {
      "type": "Feature",
      "geometry": {
        "type": "Point",
        "coordinates": [
          131.870602,
          33.234066
        ]
      },
      "properties": {
        "name": "RVパーク関あじ関さば館",
        "pref": "大分県",
        "address": "大分県大分市白木949",
        "phone": "097-575-2338",
        "fee": "一般: 1泊/1台 電源付き 1,800円 / 一般: 1泊/1台 電源無し 1,500円",
        "available_period": "通年 日祝 日祝の前日 春休み GW 夏休み お盆 冬休み 年末年始 平日 http://sekiajisekisabakan.com 施設により不定期のお休み・休業を設定している場合があります。ご利用可能日は事前に各施設にお問い合わせください。",
        "checkin_checkout": "チェックイン: 15:00 ～ 17:00 / チェックアウト: 特になし ～ 10:00",
        "vehicle_size": "セミフルコン バスコン キャブコン バンコン トレーラー 軽キャン 一般車 下記駐車場サイズもご確認ください。 利用可能かどうか判断がつかない場合は、施設までお問い合わせください。",
        "features": [
          "24時間利用OK",
          "温水洗浄便座あり",
          "入浴施設あり（施設内）",
          "温泉あり",
          "ダンプステーション・なし",
          "ごみ処理対応可（有料）",
          "電源あり（無料）",
          "発電機・不可",
          "水道あり（無料）",
          "ペットOK",
          "WI-FIあり（無料）",
          "夕食予約OK"
        ],
        "url": "https://www.kurumatabi.com/park/rvpark/1068.html",
        "geocode_source": "auto"
      }
    },
    {
      "type": "Feature",
      "geometry": {
        "type": "Point",
        "coordinates": [
          131.723835,
          33.501818
        ]
      },
      "properties": {
        "name": "RVパーク鳳凰武蔵",
        "pref": "大分県",
        "address": "大分県国東市武蔵町古市167-3",
        "phone": "0978-68-0001",
        "fee": "一般: 1泊1台につき 3,000円 / スタンダード会員: 1泊1台につき 3,000円",
        "available_period": "通年 日祝 日祝の前日 春休み GW 夏休み お盆 冬休み 平日 ● 年始のみお休みを頂いております。（1月1日～2日） 施設により不定期のお休み・休業を設定している場合があります。ご利用可能日は事前に各施設にお問い合わせください。",
        "checkin_checkout": "チェックイン: 11:00 ～ 18:00 / チェックアウト: 8:00 ～ 10:00",
        "vehicle_size": "フルコン セミフルコン バスコン キャブコン バンコン トレーラー 軽キャン 一般車 その他 下記駐車場サイズもご確認ください。 利用可能かどうか判断がつかない場合は、施設までお問い合わせください。",
        "features": [
          "24時間利用OK",
          "温水洗浄便座あり",
          "入浴施設あり（車移動あり）",
          "湯沸かし浴槽あり",
          "ごみ処理対応可（有料）",
          "電源あり（無料）",
          "発電機・不可",
          "水道あり（無料）",
          "炊事場あり",
          "コインランドリー・なし",
          "ペットOK",
          "ドッグランなし",
          "WI-FIあり（無料）"
        ],
        "url": "https://www.kurumatabi.com/park/rvpark/1254.html",
        "geocode_source": "auto"
      }
    },
    {
      "type": "Feature",
      "geometry": {
        "type": "Point",
        "coordinates": [
          135.6099,
          34.479948
        ]
      },
      "properties": {
        "name": "RVパーク GLAMPING金剛テラス",
        "pref": "大阪府",
        "address": "大阪府富田林市佐備1500",
        "phone": "072-135-3336",
        "fee": "一般: 標準サイト(4m×7m) 1泊/1台（注※）につき 11時〜翌日10時 3,300円 / 一般: プレミアムサイト (6m×7m) 1泊/1台（注※）につき 11時〜翌日10時 6,600円 / 一般: プレミアムサイト 日帰りDAYキャンプ 1台につき 11時〜17時 3,300円",
        "available_period": "通年 日祝 日祝の前日 春休み GW 夏休み お盆 冬休み 年末年始 平日 施設により不定期のお休み・休業を設定している場合があります。ご利用可能日は事前に各施設にお問い合わせください。",
        "checkin_checkout": "チェックイン: 11:00 ～ / チェックアウト: 0:00 ～ 10:00",
        "vehicle_size": "フルコン セミフルコン バスコン キャブコン バンコン トレーラー 軽キャン 一般車 その他 下記駐車場サイズもご確認ください。 利用可能かどうか判断がつかない場合は、施設までお問い合わせください。",
        "features": [
          "24時間利用OK",
          "温水洗浄便座あり",
          "入浴施設あり（施設内）",
          "シャワーあり",
          "ブラック・グレーOK",
          "ごみ処理対応可（有料）",
          "電源あり（無料）",
          "発電機・不可",
          "水道あり（無料）",
          "炊事場あり",
          "コインランドリーあり",
          "ペットOK",
          "ドッグランなし",
          "WI-FIあり（無料）",
          "旅館・ホテルの食事：朝食・不可",
          "旅館・ホテルの食事：夕食・不可",
          "旅館・ホテルの宿泊予約・不可"
        ],
        "url": "https://www.kurumatabi.com/park/rvpark/1263.html",
        "geocode_source": "auto"
      }
    },
    {
      "type": "Feature",
      "geometry": {
        "type": "Point",
        "coordinates": [
          135.390823,
          34.66502
        ]
      },
      "properties": {
        "name": "RVパーク The Day Osaka",
        "pref": "大阪府",
        "address": "大阪府大阪市此花区北港緑地2丁目3番75号 The Day Osaka",
        "phone": "0664606688",
        "fee": "入場料金 ・大人 1,300円（休前日･休日2,600円） ・小人 800円（休前日･休日1,600円） ※大浴場利用料含む RVパーク利用料金 ・1泊3,500円 電源利用料については、 電源の有無 の項目をご確認ください。 最新の料金は直接施設へ事前確認をお願いします。",
        "available_period": "通年 年中無休 ※但しイベントや貸切利用などの場合に、RVパーク利用を休止させて頂く場合がございますので、予めお問い合わせください。 施設により不定期のお休み・休業を設定している場合があります。ご利用可能日は事前に各施設にお問い合わせください。",
        "checkin_checkout": "チェックイン: 12:00 ～ 21:00 / チェックアウト: 特になし ～ 10:00",
        "vehicle_size": "キャブコン バンコン 軽キャン 一般車 下記駐車場サイズもご確認ください。 利用可能かどうか判断がつかない場合は、施設までお問い合わせください。",
        "features": [
          "24時間利用OK",
          "入浴施設あり（施設内）",
          "湯沸かし浴槽あり",
          "ごみ処理対応可（有料）",
          "電源あり（無料）",
          "発電機・不可",
          "水道あり（無料）",
          "ペット・不可"
        ],
        "url": "https://www.kurumatabi.com/park/rvpark/1541.html",
        "geocode_source": "auto"
      }
    },
    {
      "type": "Feature",
      "geometry": {
        "type": "Point",
        "coordinates": [
          135.429672,
          34.431288
        ]
      },
      "properties": {
        "name": "RVパーク WHATAWON",
        "pref": "大阪府",
        "address": "大阪府岸和田市岸の丘町1-32",
        "phone": "050-5810-0775",
        "fee": "一般: 月～木 3,000円 / 一般: 金土日祝 4,500円",
        "available_period": "通年 日祝 日祝の前日 春休み GW 夏休み お盆 冬休み 平日 12/30～1/2：休業 施設により不定期のお休み・休業を設定している場合があります。ご利用可能日は事前に各施設にお問い合わせください。",
        "checkin_checkout": "チェックイン: 11:00 ～ 21:00 / チェックアウト: 特になし ～ 12:00",
        "vehicle_size": "キャブコン バンコン 軽キャン 一般車 下記駐車場サイズもご確認ください。 利用可能かどうか判断がつかない場合は、施設までお問い合わせください。",
        "features": [
          "24時間利用OK",
          "入浴施設あり（施設内）",
          "湯沸かし浴槽あり",
          "ごみ処理対応可（無料）",
          "電源あり（無料）",
          "発電機・不可",
          "水道あり（無料）",
          "コインランドリー・なし",
          "ペットOK",
          "ドッグランあり"
        ],
        "url": "https://www.kurumatabi.com/park/rvpark/1617.html",
        "geocode_source": "auto"
      }
    },
    {
      "type": "Feature",
      "geometry": {
        "type": "Point",
        "coordinates": [
          135.503655,
          34.614969
        ]
      },
      "properties": {
        "name": "RVパーク キャンピングカーレンタル MARUOU",
        "pref": "大阪府",
        "address": "大阪府大阪市住吉区万代5-14-5",
        "phone": "06-4703-5861",
        "fee": "一般: 月～木 １泊につき 5,500円 / 一般: 金土日祝、祝前日 1泊につき 6,600円",
        "available_period": "通年 施設により不定期のお休み・休業を設定している場合があります。ご利用可能日は事前に各施設にお問い合わせください。",
        "checkin_checkout": "チェックイン: 13:00 ～ 19:00 / チェックアウト: 0:00 ～ 9:00",
        "vehicle_size": "キャブコン バンコン 軽キャン 一般車 下記駐車場サイズもご確認ください。 利用可能かどうか判断がつかない場合は、施設までお問い合わせください。",
        "features": [
          "24時間利用OK",
          "温水洗浄便座あり",
          "入浴施設あり（徒歩圏内あり）",
          "湯沸かし浴槽あり",
          "ごみ処理対応可（有料）",
          "電源あり（無料）",
          "発電機・不可",
          "水道あり（無料）",
          "炊事場なし",
          "コインランドリーあり",
          "ペットOK",
          "ドッグランなし",
          "WI-FIの利用・なし",
          "旅館・ホテルの食事：朝食・不可",
          "旅館・ホテルの食事：夕食・不可",
          "旅館・ホテルの宿泊予約・不可"
        ],
        "url": "https://www.kurumatabi.com/park/rvpark/1597.html",
        "geocode_source": "auto"
      }
    },
    {
      "type": "Feature",
      "geometry": {
        "type": "Point",
        "coordinates": [
          135.333783,
          34.448074
        ]
      },
      "properties": {
        "name": "RVパーク 二色の浜公園 海浜緑地",
        "pref": "大阪府",
        "address": "大阪府貝塚市二色南町 府営二色の浜公営 海浜緑地内",
        "phone": "072-468-7741",
        "fee": "一般: 1泊・1台 3,500円",
        "available_period": "通年 施設により不定期のお休み・休業を設定している場合があります。ご利用可能日は事前に各施設にお問い合わせください。",
        "checkin_checkout": "チェックイン: 12:00 ～ 17:00 / チェックアウト: 特になし ～ 11:00",
        "vehicle_size": "バスコン キャブコン バンコン 軽キャン 一般車 下記駐車場サイズもご確認ください。 利用可能かどうか判断がつかない場合は、施設までお問い合わせください。",
        "features": [
          "24時間利用OK",
          "入浴施設あり（車移動あり）",
          "温泉あり",
          "ごみ処理対応可（無料）",
          "電源あり（無料）",
          "発電機・不可",
          "水道あり（無料）",
          "コインランドリー・なし",
          "ペットOK",
          "ドッグランなし",
          "WI-FIの利用・なし"
        ],
        "url": "https://www.kurumatabi.com/park/rvpark/1488.html",
        "geocode_source": "auto"
      }
    },
    {
      "type": "Feature",
      "geometry": {
        "type": "Point",
        "coordinates": [
          135.668601,
          34.59005
        ]
      },
      "properties": {
        "name": "RVパーク 柏原 竜田古道",
        "pref": "大阪府",
        "address": "大阪府柏原市雁多尾畑652-9",
        "phone": "072-979-0504",
        "fee": "宿泊：17:00～翌9:30（2,500円） 日帰り：10:00～16:30（1,000円） 電源：宿泊1,000円、日帰り500円 (2か所のみ、いずれもリールコード電源1500Ｗまで） チェックイン時の精算でお願いいたします。 電源利用料については、 電源の有無 の項目をご確認ください。 最新の料金は直接施設へ事前確認をお願いします。",
        "available_period": "日祝 日祝の前日 春休み GW 夏休み お盆 冬休み 平日 12月29日～1月3日まで、竜田古道の里山公園は休園となっており、これに伴いＲＶパークも12月28日より宿泊利用が出来なくなり、お休みをいただきます。 丘の上にある公園になります。大阪や奈良側からお越しいただくことができますが、道によっては狭い道もございます。事前にお調べください。 施設により不定期のお休み・休業を設定している場合があります。ご利用可能日は事前に各施設にお問い合わせください。",
        "checkin_checkout": "チェックイン: 9:00 ～ 17:00 / チェックアウト: 特になし ～ 9:30",
        "vehicle_size": "フルコン セミフルコン キャブコン バンコン 軽キャン 一般車 下記駐車場サイズもご確認ください。 利用可能かどうか判断がつかない場合は、施設までお問い合わせください。",
        "features": [
          "24時間利用OK",
          "和式トイレ",
          "入浴施設あり（車移動あり）",
          "温泉あり",
          "ごみ処理対応可（有料）",
          "電源あり（有料）",
          "発電機利用可(時間指定あり)",
          "水道あり（無料）",
          "炊事場あり",
          "コインランドリー・なし",
          "ペットOK",
          "WI-FIの利用・なし"
        ],
        "url": "https://www.kurumatabi.com/park/rvpark/918.html",
        "geocode_source": "auto"
      }
    },
    {
      "type": "Feature",
      "geometry": {
        "type": "Point",
        "coordinates": [
          135.977487,
          34.53098
        ]
      },
      "properties": {
        "name": "RVパーク CAUNA Nara Uda",
        "pref": "奈良県",
        "address": "奈良県宇陀市榛原檜牧2107-4",
        "phone": "0745-82-7411",
        "fee": "・基本料金1泊1台 4,400円 ・大人入場料￥1,000/名・子ども入場料(4～15歳)￥500/名 ・駐車場代1台￥500(平日)/￥800(土日祝) ・環境整備費¥500/組 電源利用料については、 電源の有無 の項目をご確認ください。 最新の料金は直接施設へ事前確認をお願いします。",
        "available_period": "通年 定休日：毎週火曜日(祝日の場合は営業、翌日定休日) 施設により不定期のお休み・休業を設定している場合があります。ご利用可能日は事前に各施設にお問い合わせください。",
        "checkin_checkout": "チェックイン: 13:00 ～ 16:00 / チェックアウト: 特になし ～ 11:00",
        "vehicle_size": "セミフルコン キャブコン バンコン トレーラー 軽キャン 一般車 下記駐車場サイズもご確認ください。 利用可能かどうか判断がつかない場合は、施設までお問い合わせください。",
        "features": [
          "24時間利用OK",
          "入浴施設あり（車移動あり）",
          "温泉あり",
          "ごみ処理対応可（無料）",
          "電源あり（無料）",
          "発電機・不可",
          "水道あり（無料）",
          "ペットOK"
        ],
        "url": "https://www.kurumatabi.com/park/rvpark/1576.html",
        "geocode_source": "auto"
      }
    },
    {
      "type": "Feature",
      "geometry": {
        "type": "Point",
        "coordinates": [
          135.835519,
          34.693259
        ]
      },
      "properties": {
        "name": "RVパーク　古都さくらの庭　奈良東大寺裏",
        "pref": "奈良県",
        "address": "奈良県奈良市雑司町70-4",
        "phone": "080-9602-7279",
        "fee": "駐車区画① 【月〜木】 1泊 3,500円／1台（電源利用なし） 1泊 4,000円／1台（電源利用あり） チェックイン前駐車料金（チェックイン日の10-16時）300円/1台 チェックアウト後駐車料金（チェックアウト日の10-15時）300円/1台 ※GW、お盆、SW、年末年始等の連休期間中の平日（宿泊料金が祝日扱いの平日）は【金土日祝料金】でご予約ください 【金土日祝】 1泊 4,000円／1台（電源利用なし） 1泊 4,500円／1台（電源利用あり） チェックイン前駐車料金（チェックイン日の10-16時）500円/1台 チェックアウト後駐車料金（チェックアウト日の10-15時）500円/1台 ※電源、チェックイン前駐車、チェックアウト後駐車等のオプションはWEB予約の場合は予約サイトから選択頂き、電話予約の場合はお電話でお申し付けください。 ※すべて税込価格になります。 駐車区画② 料金は駐車区画①と同じ。こちらは電話予約のみとなります。 ※駐車区画は予約状況に応じて、移動をお願いすることがございますので、ご了承ください。 電源利用料については、 電源の有無 の項目をご確認ください。 最新の料金は直接施設へ事前確認をお願いします。",
        "available_period": "通年 日祝 日祝の前日 春休み GW 夏休み お盆 冬休み 年末年始 平日 改修、工事等、不定期にお休みさせて頂く場合もございます。 ご利用可能日は事前に予約サイト、お電話でお問合せをお願い申し上げます。 施設により不定期のお休み・休業を設定している場合があります。ご利用可能日は事前に各施設にお問い合わせください。",
        "checkin_checkout": "チェックイン: 16:00 ～ 22:00 / チェックアウト: 特になし ～ 10:00",
        "vehicle_size": "キャブコン バンコン トレーラー 軽キャン 一般車 下記駐車場サイズもご確認ください。 利用可能かどうか判断がつかない場合は、施設までお問い合わせください。",
        "features": [
          "24時間利用OK",
          "温水洗浄便座あり",
          "入浴施設あり（車移動あり）",
          "湯沸かし浴槽あり",
          "ごみ処理対応可（有料）",
          "電源あり（有料）",
          "発電機・不可",
          "水道あり（無料）",
          "炊事場あり",
          "コインランドリー・なし",
          "ペットOK",
          "ドッグランなし",
          "WI-FIの利用・なし",
          "旅館・ホテルの食事：朝食・不可",
          "旅館・ホテルの食事：夕食・不可",
          "旅館・ホテルの宿泊予約・不可"
        ],
        "url": "https://www.kurumatabi.com/park/rvpark/1359.html",
        "geocode_source": "auto"
      }
    },
    {
      "type": "Feature",
      "geometry": {
        "type": "Point",
        "coordinates": [
          135.927821,
          34.472023
        ]
      },
      "properties": {
        "name": "RVパークライト あきののゆ",
        "pref": "奈良県",
        "address": "奈良県宇陀市大宇陀拾生250-2",
        "phone": "07056691239",
        "fee": "一般: 1泊1台につき 3,850円",
        "available_period": "通年 定休日：第三木曜日 施設により不定期のお休み・休業を設定している場合があります。ご利用可能日は事前に各施設にお問い合わせください。",
        "checkin_checkout": "チェックイン: 13:00 ～ 20:00 / チェックアウト: 5:00 ～ 12:00",
        "vehicle_size": "キャブコン バンコン 軽キャン 一般車 その他 下記駐車場サイズもご確認ください。 利用可能かどうか判断がつかない場合は、施設までお問い合わせください。",
        "features": [
          "24時間利用OK",
          "入浴施設あり（施設内）",
          "温泉あり",
          "ゴミ処理対応・不可",
          "電源あり（無料）",
          "発電機・不可",
          "水道あり（無料）",
          "ペットOK"
        ],
        "url": "https://www.kurumatabi.com/park/rvpark/1346.html",
        "geocode_source": "auto"
      }
    },
    {
      "type": "Feature",
      "geometry": {
        "type": "Point",
        "coordinates": [
          135.716352,
          34.412577
        ]
      },
      "properties": {
        "name": "RVパークライトかもきみの湯",
        "pref": "奈良県",
        "address": "奈良県御所市五百家333",
        "phone": "07056691239",
        "fee": "一般: 1泊/1台 3,850円 / 一般: トレーラー 1泊/1台追加料金 1,000円 / 一般: 6ｍ以上の車両1泊/1台 4,850円",
        "available_period": "通年 日祝 日祝の前日 春休み GW 夏休み お盆 冬休み 年末年始 平日 施設により不定期のお休み・休業を設定している場合があります。ご利用可能日は事前に各施設にお問い合わせください。",
        "checkin_checkout": "チェックイン: 14:00 ～ 19:00 / チェックアウト: 特になし ～ 12:00",
        "vehicle_size": "バスコン キャブコン バンコン トレーラー 軽キャン 一般車",
        "features": [
          "24時間利用OK",
          "入浴施設あり（施設内）",
          "温泉あり",
          "ゴミ処理対応・不可",
          "電源あり（有料）",
          "発電機利用可(時間指定なし)",
          "水道・なし",
          "炊事場なし",
          "コインランドリー・なし",
          "ペットOK",
          "ドッグランなし",
          "WI-FIの利用・なし"
        ],
        "url": "https://www.kurumatabi.com/park/rvpark/1032.html",
        "geocode_source": "auto"
      }
    },
    {
      "type": "Feature",
      "geometry": {
        "type": "Point",
        "coordinates": [
          135.753461,
          34.672904
        ]
      },
      "properties": {
        "name": "RVパークライト大和の里　富雄中町（とみおなかまち）",
        "pref": "奈良県",
        "address": "奈良県奈良市中町4338-2",
        "phone": "090-9865-4546",
        "fee": "一般: 1泊/1台 3,300円",
        "available_period": "通年 日祝 日祝の前日 春休み GW 夏休み お盆 冬休み 年末年始 平日 不定休になります。 ※長期連休（GW、お盆）につきましては、弊社BBQ場の運営も兼ねておりますので、駐車場が騒々しくなります。ご了承のほどよろしくお願いいたします。 施設により不定期のお休み・休業を設定している場合があります。ご利用可能日は事前に各施設にお問い合わせください。",
        "checkin_checkout": "チェックイン: 11:00 ～ 23:00 / チェックアウト: 特になし ～ 9:30",
        "vehicle_size": "セミフルコン バスコン キャブコン バンコン トレーラー 軽キャン 一般車 その他",
        "features": [
          "24時間利用OK",
          "特に機能なし",
          "入浴施設あり（車移動あり）",
          "温泉あり",
          "ごみ処理対応可（有料）",
          "電源あり（有料）",
          "発電機利用可(時間指定あり)",
          "水道あり（無料）",
          "炊事場なし",
          "コインランドリー・なし",
          "ペットOK",
          "ドッグランなし",
          "WI-FIの利用・なし"
        ],
        "url": "https://www.kurumatabi.com/park/rvpark/781.html",
        "geocode_source": "auto"
      }
    },
    {
      "type": "Feature",
      "geometry": {
        "type": "Point",
        "coordinates": [
          135.792503,
          34.686224
        ]
      },
      "properties": {
        "name": "RVパークライト平城京朱雀門（へいじょうきょうすざくもん）ひろば",
        "pref": "奈良県",
        "address": "奈良県奈良市二条大路南4-6-1",
        "phone": "090-9865-4546",
        "fee": "一般: 1泊・1台につき 4,400円",
        "available_period": "通年 日祝 日祝の前日 春休み GW 夏休み お盆 冬休み 年末年始 平日 施設により不定期のお休み・休業を設定している場合があります。ご利用可能日は事前に各施設にお問い合わせください。",
        "checkin_checkout": "チェックイン: 15:00 ～ 19:00 / チェックアウト: 特になし ～ 10:00",
        "vehicle_size": "キャブコン バンコン 軽キャン 一般車 その他 下記駐車場サイズもご確認ください。 利用可能かどうか判断がつかない場合は、施設までお問い合わせください。",
        "features": [
          "24時間利用OK",
          "温水洗浄便座あり",
          "入浴施設あり（施設内）",
          "シャワーあり",
          "ゴミ処理対応・不可",
          "電源あり（有料）",
          "発電機・不可",
          "水道・なし",
          "炊事場なし",
          "コインランドリー・なし",
          "ペットOK",
          "ドッグランなし",
          "WI-FIの利用・なし"
        ],
        "url": "https://www.kurumatabi.com/park/rvpark/831.html",
        "geocode_source": "auto"
      }
    },
    {
      "type": "Feature",
      "geometry": {
        "type": "Point",
        "coordinates": [
          136.03571,
          34.711359
        ]
      },
      "properties": {
        "name": "RVパークロマントピア月ヶ瀬",
        "pref": "奈良県",
        "address": "奈良県奈良市月ヶ瀬長引707-10",
        "phone": "0743-92-0810",
        "fee": "1泊 2,500円／1台(トレーラー含む) 【利用可能台数】5台 電源利用料については、 電源の有無 の項目をご確認ください。 最新の料金は直接施設へ事前確認をお願いします。",
        "available_period": "通年 日祝 日祝の前日 春休み GW 夏休み お盆 冬休み 年末年始 平日 施設により不定期のお休み・休業を設定している場合があります。ご利用可能日は事前に各施設にお問い合わせください。",
        "checkin_checkout": "チェックイン: 13:00 ～ 17:00 / チェックアウト: 特になし ～ 10:00",
        "vehicle_size": "フルコン セミフルコン バスコン キャブコン バンコン トレーラー 軽キャン 一般車",
        "features": [
          "ごみ処理可能",
          "電源あり",
          "水道あり",
          "発電機OK",
          "入浴施設あり",
          "ペットOK",
          "プレミアム会員特典あり",
          "24時間トイレあり",
          "ダンプステーションあり"
        ],
        "url": "https://www.kurumatabi.com/park/rvpark/641.html",
        "geocode_source": "auto"
      }
    },
    {
      "type": "Feature",
      "geometry": {
        "type": "Point",
        "coordinates": [
          135.737858,
          34.556343
        ]
      },
      "properties": {
        "name": "【2025年受付休止】RVパークライト 竹取",
        "pref": "奈良県",
        "address": "奈良県北葛城郡広陵町三吉391-1",
        "phone": "0745-55-1001",
        "fee": "一般: 1泊1台 1,000円",
        "available_period": "日祝 日祝の前日 春休み GW 夏休み お盆 冬休み 平日 施設により不定期のお休み・休業を設定している場合があります。ご利用可能日は事前に各施設にお問い合わせください。",
        "checkin_checkout": "チェックイン: 10:00 ～ 17:00 / チェックアウト: 7:00 ～ 10:00",
        "vehicle_size": "キャブコン バンコン 軽キャン",
        "features": [
          "24時間利用OK",
          "入浴施設あり（車移動あり）",
          "温泉あり",
          "ごみ処理対応可（有料）",
          "電源・なし",
          "発電機利用可(時間指定あり)",
          "水道・なし",
          "ペットOK"
        ],
        "url": "https://www.kurumatabi.com/park/rvpark/902.html",
        "geocode_source": "auto"
      }
    },
    {
      "type": "Feature",
      "geometry": {
        "type": "Point",
        "coordinates": [
          140.537366,
          38.121251
        ]
      },
      "properties": {
        "name": "RVパーク Chillin Chillin Park in ZAO",
        "pref": "宮城県",
        "address": "宮城県刈田郡蔵王町遠刈田温泉字上ノ原168-11",
        "phone": "0224-29-3316",
        "fee": "一般: 1泊・1台につき 4,000円",
        "available_period": "通年 冬季：12月位～3月位は雪中になりますのでご注意ください！ 施設により不定期のお休み・休業を設定している場合があります。ご利用可能日は事前に各施設にお問い合わせください。",
        "checkin_checkout": "チェックイン: 15:00 ～ 17:00 / チェックアウト: 0:00 ～ 10:00",
        "vehicle_size": "キャブコン バンコン 軽キャン 一般車 下記駐車場サイズもご確認ください。 利用可能かどうか判断がつかない場合は、施設までお問い合わせください。",
        "features": [
          "24時間利用OK",
          "温水洗浄便座あり",
          "入浴施設あり（徒歩圏内あり）",
          "温泉あり",
          "ダンプステーション・なし",
          "ごみ処理対応可（有料）",
          "電源あり（有料）",
          "発電機・不可",
          "水道あり（無料）",
          "炊事場なし",
          "コインランドリー・なし",
          "ペットOK",
          "ドッグランなし",
          "WI-FIあり（無料）",
          "朝食予約OK",
          "夕食予約OK",
          "宿泊予約OK"
        ],
        "url": "https://www.kurumatabi.com/park/rvpark/1641.html",
        "geocode_source": "auto"
      }
    },
    {
      "type": "Feature",
      "geometry": {
        "type": "Point",
        "coordinates": [
          140.812537,
          38.148302
        ]
      },
      "properties": {
        "name": "RVパーク KJパーク",
        "pref": "宮城県",
        "address": "宮城県名取市愛島台５－１０１－３９",
        "phone": "07040227677",
        "fee": "一般: 1区画 4,000円〜5,000円",
        "available_period": "通年 施設により不定期のお休み・休業を設定している場合があります。ご利用可能日は事前に各施設にお問い合わせください。",
        "checkin_checkout": "チェックイン: 11:00 ～ 17:00 / チェックアウト: 特になし ～ 10:00",
        "vehicle_size": "フルコン セミフルコン バスコン キャブコン バンコン 軽キャン 一般車 その他 下記駐車場サイズもご確認ください。 利用可能かどうか判断がつかない場合は、施設までお問い合わせください。",
        "features": [
          "24時間利用OK",
          "温水洗浄便座あり",
          "入浴施設あり（施設内）",
          "シャワーあり",
          "ごみ処理対応現地相談（無料）",
          "電源あり（有料）",
          "発電機利用可(時間指定あり)",
          "水道あり（無料）",
          "炊事場あり",
          "コインランドリー・なし",
          "ペットOK",
          "ドッグランあり",
          "WI-FIあり（無料）",
          "旅館・ホテルの宿泊予約・不可"
        ],
        "url": "https://www.kurumatabi.com/park/rvpark/1435.html",
        "geocode_source": "auto"
      }
    },
    {
      "type": "Feature",
      "geometry": {
        "type": "Point",
        "coordinates": [
          141.268874,
          38.564486
        ]
      },
      "properties": {
        "name": "RVパーク くるま宿オアシス",
        "pref": "宮城県",
        "address": "宮城県石巻市桃生町城内字嶺前8-1",
        "phone": "0225-25-6591",
        "fee": "一般: 1泊・1台 2,750円",
        "available_period": "日祝 日祝の前日 春休み GW 夏休み お盆 冬休み 平日 休業日 12月30日～1月3日 施設により不定期のお休み・休業を設定している場合があります。ご利用可能日は事前に各施設にお問い合わせください。",
        "checkin_checkout": "チェックイン: 14:00 ～ 17:00 / チェックアウト: 8:00 ～ 11:00",
        "vehicle_size": "フルコン セミフルコン バスコン キャブコン バンコン トレーラー 軽キャン 一般車 下記駐車場サイズもご確認ください。 利用可能かどうか判断がつかない場合は、施設までお問い合わせください。",
        "features": [
          "24時間利用OK",
          "温水洗浄便座あり",
          "入浴施設あり（車移動あり）",
          "温泉あり",
          "ゴミ処理対応・不可",
          "電源あり（無料）",
          "発電機・不可",
          "水道あり（無料）",
          "炊事場なし",
          "コインランドリー・なし",
          "ペットOK",
          "ドッグランなし",
          "WI-FIの利用・なし",
          "宿泊予約OK"
        ],
        "url": "https://www.kurumatabi.com/park/rvpark/1431.html",
        "geocode_source": "auto"
      }
    },
    {
      "type": "Feature",
      "geometry": {
        "type": "Point",
        "coordinates": [
          140.95559,
          38.18528
        ]
      },
      "properties": {
        "name": "RVパーク アクアイグニス仙台",
        "pref": "宮城県",
        "address": "宮城県仙台市若林区藤塚字松の西33番地の3",
        "phone": "022-355-2181",
        "fee": "平日（金曜日除く） 5,000円 日曜日 5,500円 金曜日・祝日前の平日 6,000円 土曜日 6,500円 3連休以上の初日から最終日1日前 7,000円 GW、お盆、年末年始、大型イベント日 7,500円 電源利用料については、 電源の有無 の項目をご確認ください。 最新の料金は直接施設へ事前確認をお願いします。",
        "available_period": "通年 施設により不定期のお休み・休業を設定している場合があります。ご利用可能日は事前に各施設にお問い合わせください。",
        "checkin_checkout": "チェックイン: 13:00 ～ 20:00 / チェックアウト: 特になし ～ 11:00",
        "vehicle_size": "セミフルコン バスコン キャブコン バンコン 軽キャン 一般車 下記駐車場サイズもご確認ください。 利用可能かどうか判断がつかない場合は、施設までお問い合わせください。",
        "features": [
          "24時間利用OK",
          "温水洗浄便座あり",
          "入浴施設あり（施設内）",
          "温泉あり",
          "ダンプステーション・なし",
          "ごみ処理対応可（有料）",
          "電源あり（無料）",
          "発電機利用可(時間指定あり)",
          "水道あり（無料）",
          "炊事場あり",
          "コインランドリー・なし",
          "ペットOK",
          "ドッグランなし",
          "WI-FIあり（無料）",
          "旅館・ホテルの食事：朝食・不可",
          "旅館・ホテルの食事：夕食・不可",
          "旅館・ホテルの宿泊予約・不可"
        ],
        "url": "https://www.kurumatabi.com/park/rvpark/1626.html",
        "geocode_source": "auto"
      }
    },
    {
      "type": "Feature",
      "geometry": {
        "type": "Point",
        "coordinates": [
          140.813721,
          38.435207
        ]
      },
      "properties": {
        "name": "RVパーク 台ヶ森",
        "pref": "宮城県",
        "address": "宮城県黒川郡大和町吉田字台ヶ森１３",
        "phone": "022-725-8613",
        "fee": "一般: 1泊・1台につき 4,000円〜5,000円",
        "available_period": "通年 日祝 日祝の前日 春休み GW 夏休み お盆 冬休み 年末年始 平日 焚火・直火での調理は禁止ですが、カセットコンロでの調理は可能です。 ※カセットコンロ・食材の提供はございませんので、ご持参ください。 施設により不定期のお休み・休業を設定している場合があります。ご利用可能日は事前に各施設にお問い合わせください。",
        "checkin_checkout": "チェックイン: 14:00 ～ 17:00 / チェックアウト: 特になし ～ 10:00",
        "vehicle_size": "キャブコン バンコン トレーラー 軽キャン 一般車",
        "features": [
          "24時間利用OK",
          "温水洗浄便座あり",
          "入浴施設あり（施設内）",
          "温泉あり",
          "ダンプステーション・なし",
          "ごみ処理対応可（有料）",
          "電源あり（無料）",
          "発電機・不可",
          "水道あり（無料）",
          "炊事場なし",
          "コインランドリー・なし",
          "ペットOK",
          "ドッグランあり",
          "WI-FIあり（無料）",
          "朝食予約OK",
          "夕食予約OK",
          "宿泊予約OK"
        ],
        "url": "https://www.kurumatabi.com/park/rvpark/1422.html",
        "geocode_source": "auto"
      }
    },
    {
      "type": "Feature",
      "geometry": {
        "type": "Point",
        "coordinates": [
          140.951202,
          38.170396
        ]
      },
      "properties": {
        "name": "RVパーク 陣中 牛タンファクトリーガーデン",
        "pref": "宮城県",
        "address": "宮城県名取市閖上東3丁目9-1",
        "phone": "0120-70-4129",
        "fee": "一般: 1泊・1台につき 3,600円",
        "available_period": "通年 不定休 施設により不定期のお休み・休業を設定している場合があります。ご利用可能日は事前に各施設にお問い合わせください。",
        "checkin_checkout": "チェックイン: 15:00 ～ 17:30 / チェックアウト: 特になし ～ 9:30",
        "vehicle_size": "セミフルコン バスコン キャブコン バンコン トレーラー 軽キャン 一般車 その他 下記駐車場サイズもご確認ください。 利用可能かどうか判断がつかない場合は、施設までお問い合わせください。",
        "features": [
          "24時間利用OK",
          "温水洗浄便座あり",
          "入浴施設あり（徒歩圏内あり）",
          "温泉あり",
          "ダンプステーション・なし",
          "ごみ処理対応可（有料）",
          "電源あり（無料）",
          "発電機・不可",
          "水道あり（無料）",
          "炊事場なし",
          "コインランドリー・なし",
          "ペットOK",
          "ドッグランあり",
          "WI-FIの利用・なし",
          "旅館・ホテルの食事：朝食・不可",
          "夕食予約OK",
          "旅館・ホテルの宿泊予約・不可"
        ],
        "url": "https://www.kurumatabi.com/park/rvpark/1496.html",
        "geocode_source": "auto"
      }
    },
    {
      "type": "Feature",
      "geometry": {
        "type": "Point",
        "coordinates": [
          141.310576,
          38.700259
        ]
      },
      "properties": {
        "name": "RVパーク　荒馬沢",
        "pref": "宮城県",
        "address": "宮城県登米市東和町米谷字荒馬沢23",
        "phone": "09072679205",
        "fee": "一般: 一泊・1台につき 3,000円",
        "available_period": "通年 日祝 日祝の前日 春休み GW 夏休み お盆 冬休み 年末年始 平日 施設により不定期のお休み・休業を設定している場合があります。ご利用可能日は事前に各施設にお問い合わせください。",
        "checkin_checkout": "チェックイン: 13:00 ～ 17:00 / チェックアウト: 10:00 ～ 12:00",
        "vehicle_size": "セミフルコン バスコン キャブコン バンコン トレーラー 軽キャン 一般車 下記駐車場サイズもご確認ください。 利用可能かどうか判断がつかない場合は、施設までお問い合わせください。",
        "features": [
          "24時間利用OK",
          "温水洗浄便座あり",
          "入浴施設あり（施設内）",
          "シャワーあり",
          "ブラック・グレーOK",
          "ごみ処理対応可（無料）",
          "電源あり（無料）",
          "発電機・不可",
          "水道あり（無料）",
          "炊事場なし",
          "コインランドリーあり",
          "ペットOK",
          "ドッグランなし",
          "WI-FIの利用・なし",
          "旅館・ホテルの食事：朝食・不可",
          "旅館・ホテルの食事：夕食・不可",
          "旅館・ホテルの宿泊予約・不可"
        ],
        "url": "https://www.kurumatabi.com/park/rvpark/1237.html",
        "geocode_source": "auto"
      }
    },
    {
      "type": "Feature",
      "geometry": {
        "type": "Point",
        "coordinates": [
          141.438837,
          38.440211
        ]
      },
      "properties": {
        "name": "RVパークおながわ＆浜焼きコーナー",
        "pref": "宮城県",
        "address": "宮城県牡鹿郡女川町鷲神浜字堀切山109-11",
        "phone": "0225-24-6225",
        "fee": "一般: 1台/1泊 3,500円 / 一般: 1台1泊（G.Wなどの繁忙期）電源、ゴミ袋込み 4,500円 / スタンダード会員: 1台/1泊（電源、ごみ処理込み） 3,000円 / プレミアム会員: 1台/1泊（電源、ごみ処理込み） 2,800円",
        "available_period": "通年 日祝 日祝の前日 春休み GW 夏休み お盆 冬休み 年末年始 平日 ＊予約時にお伺いしたチェックイン予定時刻より30分以上遅れる場合はお電話にてご連絡ください。連絡がない場合は自動キャンセルとなりますのでご注意ください。 施設により不定期のお休み・休業を設定している場合があります。ご利用可能日は事前に各施設にお問い合わせください。",
        "checkin_checkout": "チェックイン: 15:00 ～ 19:00 / チェックアウト: 特になし ～ 10:00",
        "vehicle_size": "セミフルコン バスコン キャブコン バンコン 軽キャン 一般車 下記駐車場サイズもご確認ください。 利用可能かどうか判断がつかない場合は、施設までお問い合わせください。",
        "features": [
          "24時間利用OK",
          "温水洗浄便座あり",
          "入浴施設あり（施設内）",
          "シャワーあり",
          "ダンプステーション・なし",
          "ごみ処理対応可（有料）",
          "電源あり（有料）",
          "発電機利用可(時間指定あり)",
          "水道あり（無料）",
          "炊事場なし",
          "コインランドリーあり",
          "ペットOK",
          "ドッグランあり",
          "WI-FIあり（無料）",
          "旅館・ホテルの食事：朝食・不可",
          "夕食予約OK",
          "旅館・ホテルの宿泊予約・不可"
        ],
        "url": "https://www.kurumatabi.com/park/rvpark/978.html",
        "geocode_source": "auto"
      }
    },
    {
      "type": "Feature",
      "geometry": {
        "type": "Point",
        "coordinates": [
          140.579702,
          38.117743
        ]
      },
      "properties": {
        "name": "RVパークまほろば",
        "pref": "宮城県",
        "address": "宮城県刈田郡蔵王町遠刈田温泉字新地東裏山34-27",
        "phone": "0224-34-2114",
        "fee": "一般: 1泊・1台につき 2,500円",
        "available_period": "通年 日祝 日祝の前日 春休み GW 夏休み お盆 冬休み 年末年始 平日 施設により不定期のお休み・休業を設定している場合があります。ご利用可能日は事前に各施設にお問い合わせください。",
        "checkin_checkout": "チェックイン: 8:00 ～ 17:00 / チェックアウト: 特になし ～ 11:00",
        "vehicle_size": "フルコン セミフルコン バスコン キャブコン バンコン トレーラー 軽キャン 一般車 その他 下記駐車場サイズもご確認ください。 利用可能かどうか判断がつかない場合は、施設までお問い合わせください。",
        "features": [
          "24時間利用OK",
          "温水洗浄便座あり",
          "入浴施設あり（施設内）",
          "温泉あり",
          "ダンプステーション・なし",
          "ごみ処理対応可（有料）",
          "電源あり（有料）",
          "発電機・不可",
          "水道あり（無料）",
          "炊事場なし",
          "コインランドリー・なし",
          "ペットOK",
          "ドッグランなし",
          "WI-FIの利用・なし",
          "旅館・ホテルの食事：朝食・不可",
          "夕食予約OK",
          "旅館・ホテルの宿泊予約・不可"
        ],
        "url": "https://www.kurumatabi.com/park/rvpark/595.html",
        "geocode_source": "auto"
      }
    },
    {
      "type": "Feature",
      "geometry": {
        "type": "Point",
        "coordinates": [
          140.575953,
          38.124409
        ]
      },
      "properties": {
        "name": "RVパークライト MSBぴかぴかパークOne  【in 遠刈田温泉】",
        "pref": "宮城県",
        "address": "宮城県刈田郡蔵王町遠刈田温泉仲町7",
        "phone": "080-6576-4080",
        "fee": "一般: 1台1泊（電源使用（15A）・水道使用込み） 2,680円〜3,180円 / スタンダード会員: 1台1泊（電源使用（15A）・水道使用込み・24時間利用） 2,680円〜3,180円 / プレミアム会員: 1台1泊（電源使用（15A）・水道使用込み・24時間利用） 2,680円〜3,180円",
        "available_period": "通年 日祝 日祝の前日 春休み GW 夏休み お盆 冬休み 年末年始 平日 24時間営業・365日 施設により不定期のお休み・休業を設定している場合があります。ご利用可能日は事前に各施設にお問い合わせください。",
        "checkin_checkout": "チェックイン: 17:00 ～ 特になし / チェックアウト: 特になし ～ 11:00",
        "vehicle_size": "セミフルコン バスコン キャブコン バンコン トレーラー 軽キャン 一般車 その他 下記駐車場サイズもご確認ください。 利用可能かどうか判断がつかない場合は、施設までお問い合わせください。",
        "features": [
          "24時間利用OK",
          "温水洗浄便座あり",
          "入浴施設あり（徒歩圏内あり）",
          "温泉あり",
          "ダンプステーション・なし",
          "ゴミ処理対応・不可",
          "電源あり（有料）",
          "発電機・不可",
          "水道あり（無料）",
          "炊事場あり",
          "コインランドリー・なし",
          "ペットOK",
          "ドッグランなし",
          "WI-FIの利用・なし",
          "旅館・ホテルの食事：朝食・不可",
          "旅館・ホテルの食事：夕食・不可",
          "旅館・ホテルの宿泊予約・不可"
        ],
        "url": "https://www.kurumatabi.com/park/rvpark/993.html",
        "geocode_source": "auto"
      }
    },
    {
      "type": "Feature",
      "geometry": {
        "type": "Point",
        "coordinates": [
          140.720739,
          38.390598
        ]
      },
      "properties": {
        "name": "RVパーク泉ヶ岳スキー場",
        "pref": "宮城県",
        "address": "宮城県仙台市泉区福岡字岳山9-4",
        "phone": "022-379-1250",
        "fee": "一般: 1泊/1台 3,000円",
        "available_period": "日祝 日祝の前日 GW 夏休み お盆 平日 施設により不定期のお休み・休業を設定している場合があります。ご利用可能日は事前に各施設にお問い合わせください。",
        "checkin_checkout": "チェックイン: 11:00 ～ 16:00 / チェックアウト: 特になし ～ 10:00",
        "vehicle_size": "キャブコン バンコン 軽キャン 一般車 下記駐車場サイズもご確認ください。 利用可能かどうか判断がつかない場合は、施設までお問い合わせください。",
        "features": [
          "24時間利用OK",
          "温水洗浄便座あり",
          "入浴施設あり（車移動あり）",
          "温泉あり",
          "ごみ処理対応可（有料）",
          "発電機・不可",
          "水道あり（無料）",
          "炊事場なし",
          "コインランドリー・なし",
          "ペットOK",
          "ドッグランあり",
          "WI-FIの利用・なし",
          "旅館・ホテルの食事：朝食・不可",
          "旅館・ホテルの食事：夕食・不可",
          "旅館・ホテルの宿泊予約・不可"
        ],
        "url": "https://www.kurumatabi.com/park/rvpark/1018.html",
        "geocode_source": "auto"
      }
    },
    {
      "type": "Feature",
      "geometry": {
        "type": "Point",
        "coordinates": [
          141.072883,
          38.378327
        ]
      },
      "properties": {
        "name": "大江戸温泉物語Premium ホテル壮観",
        "pref": "宮城県",
        "address": "宮城県宮城郡松島町磯崎字浜1-1",
        "phone": "050-3615-3456",
        "fee": "一般: 1泊 3,500円",
        "available_period": "通年 日祝 日祝の前日 春休み 夏休み 冬休み 平日 ホテルの休館日は、RVパークもご利用いただけません。 最新の休館情報につきましては、ホテル公式ホームページをご確認ください。 【ホテルHP：https://www.ooedoonsen.jp/sohkan/】 なお、災害や積雪などの影響により、予告なく急遽休業する場合がございます。あらかじめご了承ください。 施設により不定期のお休み・休業を設定している場合があります。ご利用可能日は事前に各施設にお問い合わせください。",
        "checkin_checkout": "チェックイン: 15:00 ～ 21:00 / チェックアウト: 特になし ～ 11:00",
        "vehicle_size": "キャブコン バンコン 軽キャン 一般車 下記駐車場サイズもご確認ください。 利用可能かどうか判断がつかない場合は、施設までお問い合わせください。",
        "features": [
          "24時間利用OK",
          "入浴施設あり（施設内）",
          "温泉あり",
          "ダンプステーション・なし",
          "ごみ処理対応可（無料）",
          "電源あり（有料）",
          "発電機・不可",
          "水道・なし",
          "ペットOK"
        ],
        "url": "https://www.kurumatabi.com/park/rvpark/1838.html",
        "geocode_source": "auto"
      }
    },
    {
      "type": "Feature",
      "geometry": {
        "type": "Point",
        "coordinates": [
          131.4576,
          31.807455
        ]
      },
      "properties": {
        "name": "AOSHIMA PICNIC CLUB RV Park",
        "pref": "宮崎県",
        "address": "宮崎県宮崎市加江田7470-3 こどものくに",
        "phone": "050-3690-9137",
        "fee": "1泊 3,300円(税込)／1台 電源利用料については、 電源の有無 の項目をご確認ください。 最新の料金は直接施設へ事前確認をお願いします。",
        "available_period": "通年 ※当日予約に関しての電話受付時間は 11：00～17：00となります。 施設により不定期のお休み・休業を設定している場合があります。ご利用可能日は事前に各施設にお問い合わせください。",
        "checkin_checkout": "チェックイン: 12:00 ～ 18:00 / チェックアウト: 特になし ～ 11:00",
        "vehicle_size": "キャブコン バンコン 軽キャン 一般車 下記駐車場サイズもご確認ください。 利用可能かどうか判断がつかない場合は、施設までお問い合わせください。",
        "features": [
          "24時間利用OK",
          "暖房便座のみあり",
          "入浴施設あり（徒歩圏内あり）",
          "温泉あり",
          "ダンプステーション・なし",
          "ごみ処理対応可（有料）",
          "電源あり（無料）",
          "発電機・不可",
          "水道・なし",
          "炊事場なし",
          "コインランドリー・なし",
          "ペットOK",
          "WI-FIの利用・なし",
          "朝食予約OK",
          "旅館・ホテルの食事：夕食・不可",
          "旅館・ホテルの宿泊予約・不可"
        ],
        "url": "https://www.kurumatabi.com/park/rvpark/1255.html",
        "geocode_source": "auto"
      }
    },
    {
      "type": "Feature",
      "geometry": {
        "type": "Point",
        "coordinates": [
          131.594009,
          32.317885
        ]
      },
      "properties": {
        "name": "RV-PARK MARISOL",
        "pref": "宮崎県",
        "address": "宮崎県日向市美々津町1380-2",
        "phone": "09062668081",
        "fee": "1泊 4,400円／1台(トレーラー含む) 電源利用料については、 電源の有無 の項目をご確認ください。 最新の料金は直接施設へ事前確認をお願いします。",
        "available_period": "通年 施設により不定期のお休み・休業を設定している場合があります。ご利用可能日は事前に各施設にお問い合わせください。",
        "checkin_checkout": "チェックイン: 12:00 ～ 18:00 / チェックアウト: 6:00 ～ 11:00",
        "vehicle_size": "フルコン セミフルコン キャブコン バンコン 軽キャン 一般車 下記駐車場サイズもご確認ください。 利用可能かどうか判断がつかない場合は、施設までお問い合わせください。",
        "features": [
          "24時間利用OK",
          "入浴施設あり（施設内）",
          "シャワーあり",
          "ごみ処理対応可（無料）",
          "電源あり（無料）",
          "発電機利用可(時間指定なし)",
          "水道あり（無料）",
          "炊事場なし",
          "コインランドリー・なし",
          "ペットOK",
          "ドッグランあり",
          "WI-FIあり（無料）"
        ],
        "url": "https://www.kurumatabi.com/park/rvpark/1751.html",
        "geocode_source": "auto"
      }
    },
    {
      "type": "Feature",
      "geometry": {
        "type": "Point",
        "coordinates": [
          131.659824,
          32.414241
        ]
      },
      "properties": {
        "name": "RVパーク SUZU",
        "pref": "宮崎県",
        "address": "宮崎県日向市日知屋682-192",
        "phone": "0982-52-4092",
        "fee": "一般: サイト①②⑤1泊 3,500円／1台 3,500円 / 一般: サイト③④1泊 3,500円／1台(キャブコンまで) 3,500円",
        "available_period": "通年 施設により不定期のお休み・休業を設定している場合があります。ご利用可能日は事前に各施設にお問い合わせください。 施設により不定期のお休み・休業を設定している場合があります。ご利用可能日は事前に各施設にお問い合わせください。",
        "checkin_checkout": "チェックイン: 13:00 ～ 21:00 / チェックアウト: 特になし ～ 11:00",
        "vehicle_size": "フルコン セミフルコン バスコン キャブコン バンコン 軽キャン 一般車 下記駐車場サイズもご確認ください。 利用可能かどうか判断がつかない場合は、施設までお問い合わせください。",
        "features": [
          "24時間利用OK",
          "温水洗浄便座あり",
          "入浴施設あり（車移動あり）",
          "温泉あり",
          "ブラック・グレーOK",
          "ごみ処理対応現地相談（有料）",
          "電源あり（有料）",
          "発電機・不可",
          "水道あり（無料）",
          "炊事場なし",
          "コインランドリー・なし",
          "ペットOK",
          "ドッグランあり",
          "WI-FIあり（無料）"
        ],
        "url": "https://www.kurumatabi.com/park/rvpark/1363.html",
        "geocode_source": "auto"
      }
    },
    {
      "type": "Feature",
      "geometry": {
        "type": "Point",
        "coordinates": [
          131.225648,
          31.8296
        ]
      },
      "properties": {
        "name": "RVパーク 青井岳温泉",
        "pref": "宮崎県",
        "address": "宮崎県都城市山之口町山之口２１２３",
        "phone": "090-1246-5907",
        "fee": "一般: 一泊/１台/お一人様 2,700円〜3,800円",
        "available_period": "通年 施設により不定期のお休み・休業を設定している場合があります。ご利用可能日は事前に各施設にお問い合わせください。",
        "checkin_checkout": "チェックイン: 12:00 ～ 17:00 / チェックアウト: 9:30 ～ 12:00",
        "vehicle_size": "セミフルコン バスコン キャブコン バンコン トレーラー 軽キャン 一般車 下記駐車場サイズもご確認ください。 利用可能かどうか判断がつかない場合は、施設までお問い合わせください。",
        "features": [
          "24時間利用OK",
          "温水洗浄便座あり",
          "入浴施設あり（施設内）",
          "温泉あり",
          "ダンプステーション・なし",
          "ごみ処理対応可（有料）",
          "電源あり（無料）",
          "発電機・不可",
          "水道あり（無料）",
          "炊事場なし",
          "コインランドリー・なし",
          "ペットOK",
          "WI-FIあり（無料）",
          "朝食予約OK",
          "夕食予約OK"
        ],
        "url": "https://www.kurumatabi.com/park/rvpark/1454.html",
        "geocode_source": "auto"
      }
    },
    {
      "type": "Feature",
      "geometry": {
        "type": "Point",
        "coordinates": [
          131.170503,
          32.221543
        ]
      },
      "properties": {
        "name": "RVパークsmart 川の駅 百菜屋",
        "pref": "宮崎県",
        "address": "宮崎県児湯郡西米良村村所208-1",
        "phone": "092-433-7370",
        "fee": "一般: 1泊・1台につき 2,000円",
        "available_period": "通年 施設により不定期のお休み・休業を設定している場合があります。ご利用可能日は事前に各施設にお問い合わせください。",
        "checkin_checkout": "チェックイン: 16:00 ～ 特になし / チェックアウト: 特になし ～ 11:00",
        "vehicle_size": "キャブコン バンコン 軽キャン 一般車 下記駐車場サイズもご確認ください。 利用可能かどうか判断がつかない場合は、施設までお問い合わせください。",
        "features": [
          "24時間利用OK",
          "入浴施設あり（車移動あり）",
          "温泉あり",
          "ダンプステーション・なし",
          "ゴミ処理対応・不可",
          "電源あり（無料）",
          "発電機・不可",
          "水道・なし",
          "ペットOK"
        ],
        "url": "https://www.kurumatabi.com/park/rvpark/1180.html",
        "geocode_source": "auto"
      }
    },
    {
      "type": "Feature",
      "geometry": {
        "type": "Point",
        "coordinates": [
          131.145308,
          32.228813
        ]
      },
      "properties": {
        "name": "RVパークsmart 西米良村 健康増進広場",
        "pref": "宮崎県",
        "address": "宮崎県児湯郡西米良村村所664",
        "phone": "092-433-7370",
        "fee": "一般: 1泊・1台につき 2,000円",
        "available_period": "通年 施設により不定期のお休み・休業を設定している場合があります。ご利用可能日は事前に各施設にお問い合わせください。",
        "checkin_checkout": "チェックイン: 16:00 ～ 特になし / チェックアウト: 特になし ～ 11:00",
        "vehicle_size": "キャブコン バンコン トレーラー 軽キャン 一般車 下記駐車場サイズもご確認ください。 利用可能かどうか判断がつかない場合は、施設までお問い合わせください。",
        "features": [
          "24時間利用OK",
          "入浴施設あり（車移動あり）",
          "温泉あり",
          "ダンプステーション・なし",
          "ゴミ処理対応・不可",
          "電源あり（無料）",
          "発電機・不可",
          "水道・なし",
          "ペットOK"
        ],
        "url": "https://www.kurumatabi.com/park/rvpark/1181.html",
        "geocode_source": "auto"
      }
    },
    {
      "type": "Feature",
      "geometry": {
        "type": "Point",
        "coordinates": [
          131.476894,
          32.119725
        ]
      },
      "properties": {
        "name": "RVパークsmart 高鍋町めいりん公園",
        "pref": "宮崎県",
        "address": "宮崎県児湯郡高鍋町上江6884-1",
        "phone": "092-433-7370",
        "fee": "一般: 1泊／1台(トレーラー含む) 2,040円",
        "available_period": "通年 日祝 日祝の前日 春休み GW 夏休み お盆 冬休み 平日 施設により不定期のお休み・休業を設定している場合があります。ご利用可能日は事前に各施設にお問い合わせください。",
        "checkin_checkout": "チェックイン: 13:00 ～ / チェックアウト: 特になし ～ 12:00",
        "vehicle_size": "キャブコン バンコン トレーラー 軽キャン 一般車 下記駐車場サイズもご確認ください。 利用可能かどうか判断がつかない場合は、施設までお問い合わせください。",
        "features": [
          "24時間利用OK",
          "入浴施設あり（車移動あり）",
          "温泉あり",
          "ダンプステーション・なし",
          "ゴミ処理対応・不可",
          "電源あり（無料）",
          "発電機利用可(時間指定なし)",
          "水道あり（無料）",
          "炊事場なし",
          "コインランドリー・なし",
          "ペットOK",
          "ドッグランなし",
          "WI-FIの利用・なし",
          "旅館・ホテルの食事：朝食・不可",
          "旅館・ホテルの食事：夕食・不可",
          "旅館・ホテルの宿泊予約・不可"
        ],
        "url": "https://www.kurumatabi.com/park/rvpark/599.html",
        "geocode_source": "auto"
      }
    },
    {
      "type": "Feature",
      "geometry": {
        "type": "Point",
        "coordinates": [
          131.198851,
          32.710506
        ]
      },
      "properties": {
        "name": "RVパークsmart　五ヶ瀬ワイナリー",
        "pref": "宮崎県",
        "address": "宮崎県西臼杵郡五ヶ瀬町桑野内4847-1",
        "phone": "092-433-7370",
        "fee": "一般: 一泊一台 3,000円",
        "available_period": "通年 施設により不定期のお休み・休業を設定している場合があります。ご利用可能日は事前に各施設にお問い合わせください。",
        "checkin_checkout": "チェックイン: 16:00 ～ / チェックアウト: 特になし ～ 10:00",
        "vehicle_size": "キャブコン バンコン トレーラー 軽キャン 一般車 下記駐車場サイズもご確認ください。 利用可能かどうか判断がつかない場合は、施設までお問い合わせください。",
        "features": [
          "24時間利用OK",
          "入浴施設あり（車移動あり）",
          "温泉あり",
          "ダンプステーション・なし",
          "ゴミ処理対応・不可",
          "電源あり（無料）",
          "発電機・不可",
          "水道あり（無料）",
          "ペットOK"
        ],
        "url": "https://www.kurumatabi.com/park/rvpark/1225.html",
        "geocode_source": "auto"
      }
    },
    {
      "type": "Feature",
      "geometry": {
        "type": "Point",
        "coordinates": [
          131.657975,
          32.481531
        ]
      },
      "properties": {
        "name": "RVパークかどがわ",
        "pref": "宮崎県",
        "address": "宮崎県東臼杵郡門川町加草2333",
        "phone": "0982-68-1101",
        "fee": "一般: 1泊/1台 1,500円",
        "available_period": "通年 日祝 日祝の前日 春休み GW 夏休み お盆 冬休み 年末年始 平日 施設により不定期のお休み・休業を設定している場合があります。ご利用可能日は事前に各施設にお問い合わせください。",
        "checkin_checkout": "チェックイン: 10:00 ～ 18:00 / チェックアウト: 特になし ～ 12:00",
        "vehicle_size": "フルコン セミフルコン バスコン キャブコン バンコン トレーラー 軽キャン 一般車",
        "features": [
          "24時間利用OK",
          "和式トイレ",
          "入浴施設あり（車移動あり）",
          "温泉あり",
          "ごみ処理対応可（無料）",
          "電源あり（有料）",
          "発電機・不可",
          "水道・なし",
          "ペットOK"
        ],
        "url": "https://www.kurumatabi.com/park/rvpark/585.html",
        "geocode_source": "auto"
      }
    },
    {
      "type": "Feature",
      "geometry": {
        "type": "Point",
        "coordinates": [
          131.063056,
          31.884172
        ]
      },
      "properties": {
        "name": "RVパークたかざき",
        "pref": "宮崎県",
        "address": "宮崎県都城市高崎町大牟田1399番地 高崎パークゴルフ場",
        "phone": "0986-62-4448",
        "fee": "1泊 1,020円／1台(トレーラー含む) 【利用可能台数】5台 ■1泊 1,020円(税込) ■3泊以上 710円(税込) 電源利用料については、 電源の有無 の項目をご確認ください。 最新の料金は直接施設へ事前確認をお願いします。",
        "available_period": "通年 日祝 日祝の前日 春休み GW 夏休み お盆 冬休み 年末年始 平日 ※定休日は毎月 第1・第3の木曜日です。祝日の場合は営業します。 ※水曜日から金曜日までの連泊は可能です。 施設により不定期のお休み・休業を設定している場合があります。ご利用可能日は事前に各施設にお問い合わせください。",
        "checkin_checkout": "チェックイン: 12:00 ～ 17:00 / チェックアウト: 特になし ～ 10:00",
        "vehicle_size": "フルコン セミフルコン バスコン キャブコン バンコン トレーラー 軽キャン 一般車 下記駐車場サイズもご確認ください。 利用可能かどうか判断がつかない場合は、施設までお問い合わせください。",
        "features": [
          "24時間利用OK",
          "入浴施設あり（徒歩圏内あり）",
          "温泉あり",
          "ごみ処理対応可（有料）",
          "電源あり（無料）",
          "発電機・不可",
          "水道あり（無料）",
          "炊事場なし",
          "コインランドリー・なし",
          "ペットOK",
          "ドッグランなし",
          "WI-FIの利用・なし",
          "旅館・ホテルの食事：朝食・不可",
          "旅館・ホテルの食事：夕食・不可",
          "旅館・ホテルの宿泊予約・不可"
        ],
        "url": "https://www.kurumatabi.com/park/rvpark/629.html",
        "geocode_source": "auto"
      }
    },
    {
      "type": "Feature",
      "geometry": {
        "type": "Point",
        "coordinates": [
          131.313471,
          32.72183
        ]
      },
      "properties": {
        "name": "RVパーク高千穂",
        "pref": "宮崎県",
        "address": "宮崎県西臼杵郡高千穂町三田井3121-2",
        "phone": "0982-82-2351",
        "fee": "1泊 2,750円（税込）／1台(トレーラー含む) 【利用可能台数】6台 ※利用料金とは別に入場料がかかります。 入場料:大人(中学生以上)1人550円／小学生1人330円（税込） 電源利用料については、 電源の有無 の項目をご確認ください。 最新の料金は直接施設へ事前確認をお願いします。",
        "available_period": "通年 日祝 日祝の前日 春休み GW 夏休み お盆 冬休み 年末年始 平日 繁忙期などは、事前にご連絡ください。 施設により不定期のお休み・休業を設定している場合があります。ご利用可能日は事前に各施設にお問い合わせください。",
        "checkin_checkout": "チェックイン: 13:00 ～ 18:00 / チェックアウト: 特になし ～ 11:00",
        "vehicle_size": "フルコン セミフルコン バスコン キャブコン バンコン トレーラー 軽キャン 一般車",
        "features": [
          "24時間利用OK",
          "入浴施設あり（車移動あり）",
          "温泉あり",
          "ブラック・グレーOK",
          "ごみ処理対応可（有料）",
          "電源あり（無料）",
          "発電機・不可",
          "水道あり（無料）",
          "ペットOK",
          "ドッグランあり"
        ],
        "url": "https://www.kurumatabi.com/park/rvpark/816.html",
        "geocode_source": "auto"
      }
    },
    {
      "type": "Feature",
      "geometry": {
        "type": "Point",
        "coordinates": [
          137.397416,
          36.83162
        ]
      },
      "properties": {
        "name": "RVパーク たすめっと",
        "pref": "富山県",
        "address": "富山県魚津市北鬼江２８３７－１",
        "phone": "080-9578-8721",
        "fee": "一般: 1泊1台 3,500円",
        "available_period": "通年 併設するカフェは毎週月曜日が定休日 施設により不定期のお休み・休業を設定している場合があります。ご利用可能日は事前に各施設にお問い合わせください。",
        "checkin_checkout": "チェックイン: 16:00 ～ / チェックアウト: 特になし ～ 10:00",
        "vehicle_size": "バンコン 軽キャン 一般車 下記駐車場サイズもご確認ください。 利用可能かどうか判断がつかない場合は、施設までお問い合わせください。",
        "features": [
          "24時間利用OK",
          "入浴施設あり（車移動あり）",
          "湯沸かし浴槽あり",
          "ごみ処理対応可（無料）",
          "発電機・不可",
          "水道あり（無料）",
          "ペットOK"
        ],
        "url": "https://www.kurumatabi.com/park/rvpark/1418.html",
        "geocode_source": "auto"
      }
    },
    {
      "type": "Feature",
      "geometry": {
        "type": "Point",
        "coordinates": [
          136.872166,
          36.500051
        ]
      },
      "properties": {
        "name": "RVパーク 南砺市クリエイタープラザ",
        "pref": "富山県",
        "address": "富山県南砺市立野原東1514-18",
        "phone": "0000-00-0000",
        "fee": "一般: 当日昼12時～翌日昼12時（1利用単位最大24時間） 2,600円",
        "available_period": "日祝 日祝の前日 春休み GW 夏休み お盆 平日 12～2月は積雪期間のため休止 施設により不定期のお休み・休業を設定している場合があります。ご利用可能日は事前に各施設にお問い合わせください。",
        "checkin_checkout": "チェックイン: 24時間可 / チェックアウト: 24時間可",
        "vehicle_size": "セミフルコン バスコン キャブコン バンコン トレーラー 軽キャン 一般車 その他 下記駐車場サイズもご確認ください。 利用可能かどうか判断がつかない場合は、施設までお問い合わせください。",
        "features": [
          "24時間利用OK",
          "温水洗浄便座あり",
          "入浴施設あり（徒歩圏内あり）",
          "温泉あり",
          "ダンプステーション・なし",
          "ごみ処理対応可（有料）",
          "電源あり（無料）",
          "発電機・不可",
          "水道あり（無料）",
          "炊事場なし",
          "コインランドリー・なし",
          "ペットOK",
          "ドッグランなし",
          "WI-FIあり（無料）",
          "朝食予約OK",
          "夕食予約OK",
          "宿泊予約OK"
        ],
        "url": "https://www.kurumatabi.com/park/rvpark/1110.html",
        "geocode_source": "auto"
      }
    },
    {
      "type": "Feature",
      "geometry": {
        "type": "Point",
        "coordinates": [
          137.303382,
          36.68737
        ]
      },
      "properties": {
        "name": "RVパーク 天然温泉 湯めごこち",
        "pref": "富山県",
        "address": "富山県中新川郡舟橋村古海老江２５６−１",
        "phone": "076-464-2600",
        "fee": "電源利用料については、 電源の有無 の項目をご確認ください。 最新の料金は直接施設へ事前確認をお願いします。",
        "available_period": "日祝 日祝の前日 春休み GW 夏休み お盆 平日 施設により不定期のお休み・休業を設定している場合があります。ご利用可能日は事前に各施設にお問い合わせください。",
        "checkin_checkout": "チェックイン: 13:00 ～ 22:00 / チェックアウト: 特になし ～ 11:00",
        "vehicle_size": "フルコン セミフルコン バスコン キャブコン バンコン トレーラー 軽キャン 一般車 その他 下記駐車場サイズもご確認ください。 利用可能かどうか判断がつかない場合は、施設までお問い合わせください。",
        "features": [
          "24時間利用OK",
          "温水洗浄便座あり",
          "入浴施設あり（施設内）",
          "温泉あり",
          "ごみ処理対応可（有料）",
          "電源あり（有料）",
          "発電機・不可",
          "水道あり（無料）",
          "コインランドリー・なし",
          "ペットOK",
          "WI-FIあり（無料）",
          "旅館・ホテルの宿泊予約・不可"
        ],
        "url": "https://www.kurumatabi.com/park/rvpark/1194.html",
        "geocode_source": "auto"
      }
    },
    {
      "type": "Feature",
      "geometry": {
        "type": "Point",
        "coordinates": [
          137.427025,
          36.57682
        ]
      },
      "properties": {
        "name": "RVパーク立山ライチョウ谷",
        "pref": "富山県",
        "address": "富山県富山市本宮3-14",
        "phone": "090-3767-6584",
        "fee": "一般: 1泊・1台につき 1,500円",
        "available_period": "日祝 GW 夏休み お盆 平日 施設により不定期のお休み・休業を設定している場合があります。ご利用可能日は事前に各施設にお問い合わせください。",
        "checkin_checkout": "チェックイン: 10:00 ～ 16:00 / チェックアウト: 特になし ～ 10:00",
        "vehicle_size": "フルコン セミフルコン バスコン キャブコン バンコン トレーラー 軽キャン 一般車",
        "features": [
          "24時間利用OK",
          "入浴施設あり（施設内）",
          "シャワーあり",
          "グレーOK",
          "ごみ処理対応可（無料）",
          "電源あり（有料）",
          "発電機・不可",
          "水道あり（無料）",
          "炊事場あり",
          "コインランドリー・なし",
          "ペットOK",
          "ドッグランなし"
        ],
        "url": "https://www.kurumatabi.com/park/rvpark/669.html",
        "geocode_source": "auto"
      }
    },
    {
      "type": "Feature",
      "geometry": {
        "type": "Point",
        "coordinates": [
          131.665035,
          34.648504
        ]
      },
      "properties": {
        "name": "RVパーク たまがわ",
        "pref": "山口県",
        "address": "山口県萩市下田万2849-1",
        "phone": "08387-2-1150",
        "fee": "一般: 1泊/1台 1,000円",
        "available_period": "通年 日祝 日祝の前日 春休み GW 夏休み お盆 冬休み 年末年始 平日 夏季のキャンプシーズンは、駐車スペースに限りがあるため、ＲＶパークご利用台数を調整させていただきます。 （但し、電源スタンド部分は、年間を通じて使用できます。） 施設により不定期のお休み・休業を設定している場合があります。ご利用可能日は事前に各施設にお問い合わせください。",
        "checkin_checkout": "チェックイン: 特になし / チェックアウト: 特になし",
        "vehicle_size": "フルコン セミフルコン バスコン キャブコン バンコン トレーラー 軽キャン 一般車",
        "features": [
          "24時間利用OK",
          "入浴施設あり（施設内）",
          "温泉あり",
          "ごみ処理対応可（有料）",
          "電源あり（有料）",
          "発電機・不可",
          "水道あり（無料）",
          "ペットOK"
        ],
        "url": "https://www.kurumatabi.com/park/rvpark/211.html",
        "geocode_source": "auto"
      }
    },
    {
      "type": "Feature",
      "geometry": {
        "type": "Point",
        "coordinates": [
          131.070805,
          34.043094
        ]
      },
      "properties": {
        "name": "RVパーク みちしお",
        "pref": "山口県",
        "address": "山口県山陽小野田市大字埴生2216-7",
        "phone": "0836-76-0050",
        "fee": "一般: 1泊・1台につき 3,800円",
        "available_period": "通年 12/31、1/1はお休みです。 施設により不定期のお休み・休業を設定している場合があります。ご利用可能日は事前に各施設にお問い合わせください。",
        "checkin_checkout": "チェックイン: 12:00 ～ 18:00 / チェックアウト: 7:00 ～ 10:00",
        "vehicle_size": "バスコン キャブコン バンコン 軽キャン 一般車",
        "features": [
          "24時間利用OK",
          "温水洗浄便座あり",
          "入浴施設あり（施設内）",
          "温泉あり",
          "ブラック・グレーOK",
          "ごみ処理対応可（無料）",
          "電源あり（無料）",
          "発電機・不可",
          "水道あり（無料）",
          "炊事場なし",
          "コインランドリーあり",
          "ペットOK",
          "ドッグランなし",
          "WI-FIあり（無料）",
          "旅館・ホテルの食事：朝食・不可",
          "旅館・ホテルの食事：夕食・不可",
          "旅館・ホテルの宿泊予約・不可"
        ],
        "url": "https://www.kurumatabi.com/park/rvpark/1313.html",
        "geocode_source": "auto"
      }
    },
    {
      "type": "Feature",
      "geometry": {
        "type": "Point",
        "coordinates": [
          132.233479,
          33.965108
        ]
      },
      "properties": {
        "name": "RVパーク グリーンステイながうら",
        "pref": "山口県",
        "address": "山口県大島郡周防大島町椋野1144-1",
        "phone": "0820-79-0021",
        "fee": "一般: 1泊/1台 2,000円",
        "available_period": "通年 日祝 日祝の前日 春休み GW 夏休み お盆 冬休み 年末年始 平日 施設の定休日となる火曜日、その前日の月曜日は利用できません。 また学生等の団体宿泊がある場合は安全性を考慮してご利用できない日もございます。 ご了承ください 施設により不定期のお休み・休業を設定している場合があります。ご利用可能日は事前に各施設にお問い合わせください。",
        "checkin_checkout": "チェックイン: 14:00 ～ 20:00 / チェックアウト: 特になし ～ 12:00",
        "vehicle_size": "フルコン セミフルコン バスコン キャブコン バンコン 軽キャン",
        "features": [
          "24時間利用OK",
          "温水洗浄便座あり",
          "入浴施設あり（施設内）",
          "湯沸かし浴槽あり",
          "ダンプステーション・なし",
          "ごみ処理対応可（有料）",
          "電源あり（有料）",
          "発電機・不可",
          "水道あり（無料）",
          "炊事場なし",
          "コインランドリーあり",
          "ペットOK",
          "WI-FIの利用・なし",
          "宿泊予約OK"
        ],
        "url": "https://www.kurumatabi.com/park/rvpark/1000.html",
        "geocode_source": "auto"
      }
    },
    {
      "type": "Feature",
      "geometry": {
        "type": "Point",
        "coordinates": [
          131.568416,
          34.005104
        ]
      },
      "properties": {
        "name": "RVパーク タヌキの里、向島",
        "pref": "山口県",
        "address": "山口県防府市1713-24",
        "phone": "09048065519",
        "fee": "1泊 5,000円／1台 2口コンセントの利用代、ゴミ出しは料金に含みます。 オプション ・大型車対応、6m以上10m未満（RV-1） ・電気自動車用200Vコンセント（RV-3） ・排水処理 電源利用料については、 電源の有無 の項目をご確認ください。 最新の料金は直接施設へ事前確認をお願いします。",
        "available_period": "通年 GW、お盆、年末年始もご利用可能です。 施設により不定期のお休み・休業を設定している場合があります。ご利用可能日は事前に各施設にお問い合わせください。",
        "checkin_checkout": "チェックイン: 16:00 ～ 22:00 / チェックアウト: 6:00 ～ 10:00",
        "vehicle_size": "フルコン セミフルコン バスコン キャブコン バンコン トレーラー 軽キャン 一般車 下記駐車場サイズもご確認ください。 利用可能かどうか判断がつかない場合は、施設までお問い合わせください。",
        "features": [
          "24時間利用OK",
          "温水洗浄便座あり",
          "入浴施設あり（車移動あり）",
          "温泉あり",
          "ダンプステーション・なし",
          "ごみ処理対応可（無料）",
          "電源あり（無料）",
          "発電機利用可(時間指定あり)",
          "水道あり（無料）",
          "炊事場なし",
          "コインランドリー・なし",
          "ペットOK",
          "ドッグランなし",
          "WI-FIあり（無料）",
          "旅館・ホテルの食事：朝食・不可",
          "旅館・ホテルの食事：夕食・不可",
          "旅館・ホテルの宿泊予約・不可"
        ],
        "url": "https://www.kurumatabi.com/park/rvpark/1690.html",
        "geocode_source": "auto"
      }
    },
    {
      "type": "Feature",
      "geometry": {
        "type": "Point",
        "coordinates": [
          132.044669,
          33.913533
        ]
      },
      "properties": {
        "name": "RVパーク リラマリーフ田布施",
        "pref": "山口県",
        "address": "山口県熊毛郡田布施町別府1649",
        "phone": "090-5260-5050",
        "fee": "一般: 1泊・１台につき 2,200円",
        "available_period": "通年 施設により不定期のお休み・休業を設定している場合があります。ご利用可能日は事前に各施設にお問い合わせください。",
        "checkin_checkout": "チェックイン: 13:00 ～ 19:00 / チェックアウト: 6:00 ～ 12:00",
        "vehicle_size": "キャブコン バンコン 軽キャン 一般車 下記駐車場サイズもご確認ください。 利用可能かどうか判断がつかない場合は、施設までお問い合わせください。",
        "features": [
          "24時間利用OK",
          "温水洗浄便座あり",
          "入浴施設あり（車移動あり）",
          "温泉あり",
          "ダンプステーション・なし",
          "ごみ処理対応現地相談（無料）",
          "電源あり（無料）",
          "発電機・不可",
          "水道あり（無料）",
          "炊事場あり",
          "コインランドリー・なし",
          "ペットOK",
          "ドッグランあり",
          "WI-FIあり（無料）",
          "旅館・ホテルの食事：朝食・不可"
        ],
        "url": "https://www.kurumatabi.com/park/rvpark/1380.html",
        "geocode_source": "auto"
      }
    },
    {
      "type": "Feature",
      "geometry": {
        "type": "Point",
        "coordinates": [
          132.361742,
          33.898381
        ]
      },
      "properties": {
        "name": "RVパーク 片添ヶ浜",
        "pref": "山口県",
        "address": "山口県大島郡周防大島町平野1212-1",
        "phone": "0820780985",
        "fee": "一般: 1泊・1台 2,500円",
        "available_period": "通年 施設により不定期のお休み・休業を設定している場合があります。ご利用可能日は事前に各施設にお問い合わせください。",
        "checkin_checkout": "チェックイン: 13:00 ～ 19:00 / チェックアウト: 6:00 ～ 12:00",
        "vehicle_size": "フルコン セミフルコン バスコン キャブコン バンコン トレーラー 軽キャン 一般車 下記駐車場サイズもご確認ください。 利用可能かどうか判断がつかない場合は、施設までお問い合わせください。",
        "features": [
          "24時間利用OK",
          "入浴施設あり（車移動あり）",
          "温泉あり",
          "ダンプステーション・なし",
          "ごみ処理対応可（無料）",
          "電源あり（有料）",
          "発電機・不可",
          "水道あり（無料）",
          "コインランドリーあり",
          "ペットOK"
        ],
        "url": "https://www.kurumatabi.com/park/rvpark/1509.html",
        "geocode_source": "auto"
      }
    },
    {
      "type": "Feature",
      "geometry": {
        "type": "Point",
        "coordinates": [
          131.515708,
          34.161963
        ]
      },
      "properties": {
        "name": "RVパークBooBooステージ",
        "pref": "山口県",
        "address": "山口県山口市大内長野1651番地１",
        "phone": "080-2181-7395",
        "fee": "一般: 1泊・1台につき 3,300円",
        "available_period": "通年 日祝 日祝の前日 春休み GW 夏休み お盆 冬休み 年末年始 平日 施設により不定期のお休み・休業を設定している場合があります。ご利用可能日は事前に各施設にお問い合わせください。",
        "checkin_checkout": "チェックイン: 14:00 ～ 17:00 / チェックアウト: 特になし ～ 12:00",
        "vehicle_size": "フルコン セミフルコン バスコン キャブコン バンコン トレーラー 軽キャン 一般車 下記駐車場サイズもご確認ください。 利用可能かどうか判断がつかない場合は、施設までお問い合わせください。",
        "features": [
          "24時間利用OK",
          "入浴施設あり（施設内）",
          "シャワーあり",
          "ブラック・グレーOK",
          "ごみ処理対応可（有料）",
          "電源あり（無料）",
          "発電機利用可(時間指定あり)",
          "水道あり（無料）",
          "コインランドリー・なし",
          "ペットOK",
          "ドッグランあり",
          "WI-FIあり（無料）"
        ],
        "url": "https://www.kurumatabi.com/park/rvpark/1169.html",
        "geocode_source": "auto"
      }
    },
    {
      "type": "Feature",
      "geometry": {
        "type": "Point",
        "coordinates": [
          130.940622,
          33.954441
        ]
      },
      "properties": {
        "name": "RVパークsmart あるかぽーと",
        "pref": "山口県",
        "address": "山口県下関市南部町26",
        "phone": "092-433-7370",
        "fee": "一般: 1泊・1台につき 3,000円",
        "available_period": "通年 日祝 日祝の前日 春休み GW 夏休み お盆 冬休み 年末年始 平日 施設により不定期のお休み・休業を設定している場合があります。ご利用可能日は事前に各施設にお問い合わせください。",
        "checkin_checkout": "チェックイン: 13:00 ～ / チェックアウト: 特になし ～ 13:00",
        "vehicle_size": "キャブコン バンコン トレーラー 軽キャン 一般車 下記駐車場サイズもご確認ください。 利用可能かどうか判断がつかない場合は、施設までお問い合わせください。",
        "features": [
          "24時間利用OK",
          "和式トイレ",
          "入浴施設あり（車移動あり）",
          "温泉あり",
          "ゴミ処理対応・不可",
          "電源あり（無料）",
          "発電機・不可",
          "水道・なし",
          "ペットOK"
        ],
        "url": "https://www.kurumatabi.com/park/rvpark/825.html",
        "geocode_source": "auto"
      }
    },
    {
      "type": "Feature",
      "geometry": {
        "type": "Point",
        "coordinates": [
          132.076807,
          33.894823
        ]
      },
      "properties": {
        "name": "RVパーク×しお活HARBOR",
        "pref": "山口県",
        "address": "山口県熊毛郡平生町佐賀2103-5",
        "phone": "050-1793-3583",
        "fee": "一般: 1泊・1台につき 5,500円 / スタンダード会員: 1泊・1台につき 5,500円 / プレミアム会員: 1泊・1台につき 5,500円",
        "available_period": "通年 施設により不定期のお休み・休業を設定している場合があります。ご利用可能日は事前に各施設にお問い合わせください。",
        "checkin_checkout": "チェックイン: 13:00 ～ 20:00 / チェックアウト: 特になし ～ 11:00",
        "vehicle_size": "セミフルコン バスコン キャブコン バンコン トレーラー 軽キャン 一般車 下記駐車場サイズもご確認ください。 利用可能かどうか判断がつかない場合は、施設までお問い合わせください。",
        "features": [
          "24時間利用OK",
          "温水洗浄便座あり",
          "入浴施設あり（施設内）",
          "シャワーあり",
          "ごみ処理対応可（無料）",
          "電源あり（無料）",
          "発電機利用可(時間指定あり)",
          "水道あり（無料）",
          "炊事場なし",
          "コインランドリー・なし",
          "ペットOK",
          "ドッグランなし",
          "WI-FIあり（無料）",
          "旅館・ホテルの食事：朝食・不可",
          "旅館・ホテルの食事：夕食・不可",
          "宿泊予約OK"
        ],
        "url": "https://www.kurumatabi.com/park/rvpark/1587.html",
        "geocode_source": "auto"
      }
    },
    {
      "type": "Feature",
      "geometry": {
        "type": "Point",
        "coordinates": [
          131.467883,
          34.49798
        ]
      },
      "properties": {
        "name": "RVパーク道の駅阿武町",
        "pref": "山口県",
        "address": "山口県阿武郡阿武町大字奈古2249",
        "phone": "08388-2-0355",
        "fee": "一般: 1泊/1台 1,000円",
        "available_period": "通年 日祝 日祝の前日 春休み GW 夏休み お盆 冬休み 年末年始 平日 施設により不定期のお休み・休業を設定している場合があります。ご利用可能日は事前に各施設にお問い合わせください。",
        "checkin_checkout": "チェックイン: 10:00 ～ 18:00 / チェックアウト: 特になし ～ 11:30",
        "vehicle_size": "セミフルコン バスコン キャブコン バンコン トレーラー 軽キャン 一般車",
        "features": [
          "24時間利用OK",
          "入浴施設あり（施設内）",
          "温泉あり",
          "ダンプステーション・なし",
          "ごみ処理対応可（有料）",
          "電源あり（有料）",
          "発電機・不可",
          "水道あり（無料）",
          "炊事場なし",
          "コインランドリーあり",
          "ペットOK",
          "ドッグランなし",
          "WI-FIあり（無料）",
          "旅館・ホテルの食事：朝食・不可",
          "旅館・ホテルの食事：夕食・不可",
          "旅館・ホテルの宿泊予約・不可"
        ],
        "url": "https://www.kurumatabi.com/park/rvpark/573.html",
        "geocode_source": "auto"
      }
    },
    {
      "type": "Feature",
      "geometry": {
        "type": "Point",
        "coordinates": [
          130.931373,
          34.204321
        ]
      },
      "properties": {
        "name": "seaside villa HILIFE RVパーク",
        "pref": "山口県",
        "address": "山口県下関市豊浦町大字宇賀7017-1",
        "phone": "083-776-0551",
        "fee": "一般: 1泊 4,000円/1台（トレーラー含む） 4,000円",
        "available_period": "通年 施設により不定期のお休み・休業を設定している場合があります。ご利用可能日は事前に各施設にお問い合わせください。",
        "checkin_checkout": "チェックイン: 13:00 ～ 21:00 / チェックアウト: 5:00 ～ 11:00",
        "vehicle_size": "フルコン セミフルコン バスコン キャブコン トレーラー 軽キャン 一般車 その他 下記駐車場サイズもご確認ください。 利用可能かどうか判断がつかない場合は、施設までお問い合わせください。",
        "features": [
          "24時間利用OK",
          "温水洗浄便座あり",
          "入浴施設あり（車移動あり）",
          "温泉あり",
          "ごみ処理対応可（有料）",
          "電源あり（有料）",
          "発電機利用可(時間指定なし)",
          "水道あり（無料）",
          "炊事場あり",
          "コインランドリーあり",
          "ペットOK",
          "ドッグランなし",
          "WI-FIの利用・なし",
          "朝食予約OK",
          "夕食予約OK",
          "宿泊予約OK"
        ],
        "url": "https://www.kurumatabi.com/park/rvpark/1228.html",
        "geocode_source": "auto"
      }
    },
    {
      "type": "Feature",
      "geometry": {
        "type": "Point",
        "coordinates": [
          140.268911,
          38.398793
        ]
      },
      "properties": {
        "name": "RVパーク CLAAPIN SAGAE",
        "pref": "山形県",
        "address": "山形県寒河江市八鍬字川原919-6",
        "phone": "0570-01-4004",
        "fee": "1泊 2,750円／1台(トレーラー含む) 電源利用料については、 電源の有無 の項目をご確認ください。 最新の料金は直接施設へ事前確認をお願いします。",
        "available_period": "日祝 日祝の前日 春休み GW 夏休み お盆 平日 冬期間休業（12月～3月） 施設により不定期のお休み・休業を設定している場合があります。ご利用可能日は事前に各施設にお問い合わせください。",
        "checkin_checkout": "チェックイン: 13:00 ～ 18:00 / チェックアウト: 特になし ～ 11:00",
        "vehicle_size": "キャブコン バンコン トレーラー 軽キャン 一般車 下記駐車場サイズもご確認ください。 利用可能かどうか判断がつかない場合は、施設までお問い合わせください。",
        "features": [
          "24時間利用OK",
          "入浴施設あり（車移動あり）",
          "温泉あり",
          "ダンプステーション・なし",
          "ゴミ処理対応・不可",
          "電源あり（無料）",
          "発電機・不可",
          "水道あり（無料）",
          "炊事場なし",
          "コインランドリーあり",
          "ペットOK",
          "WI-FIあり（無料）"
        ],
        "url": "https://www.kurumatabi.com/park/rvpark/1329.html",
        "geocode_source": "auto"
      }
    },
    {
      "type": "Feature",
      "geometry": {
        "type": "Point",
        "coordinates": [
          139.826619,
          38.91818
        ]
      },
      "properties": {
        "name": "RVパーク SAKATANTO CONTAINER HOTEL CAMPS",
        "pref": "山形県",
        "address": "山形県酒田市南新町２丁目６－６４",
        "phone": "0234-25-0303",
        "fee": "一般: １泊・１台につき 3,500円〜4,500円",
        "available_period": "通年 施設により不定期のお休み・休業を設定している場合があります。ご利用可能日は事前に各施設にお問い合わせください。",
        "checkin_checkout": "チェックイン: 15:00 ～ 6:00 / チェックアウト: 6:00 ～ 10:00",
        "vehicle_size": "バスコン キャブコン バンコン トレーラー 軽キャン 一般車 その他 下記駐車場サイズもご確認ください。 利用可能かどうか判断がつかない場合は、施設までお問い合わせください。",
        "features": [
          "24時間利用OK",
          "温水洗浄便座あり",
          "入浴施設あり（施設内）",
          "シャワーあり",
          "ダンプステーション・なし",
          "ごみ処理対応可（無料）",
          "電源あり（無料）",
          "発電機・不可",
          "水道あり（無料）",
          "炊事場なし",
          "コインランドリーあり",
          "ペットOK",
          "ドッグランなし",
          "WI-FIの利用・なし",
          "旅館・ホテルの食事：朝食・不可",
          "旅館・ホテルの食事：夕食・不可",
          "宿泊予約OK"
        ],
        "url": "https://www.kurumatabi.com/park/rvpark/1517.html",
        "geocode_source": "auto"
      }
    },
    {
      "type": "Feature",
      "geometry": {
        "type": "Point",
        "coordinates": [
          139.750512,
          38.778421
        ]
      },
      "properties": {
        "name": "RVパーク 湯野浜ビーチサイド",
        "pref": "山形県",
        "address": "山形県鶴岡市湯野浜1-3-35",
        "phone": "0235-75-2311",
        "fee": "一般: 1泊1台につき 3,300円",
        "available_period": "通年 冬季間は休業します 施設により不定期のお休み・休業を設定している場合があります。ご利用可能日は事前に各施設にお問い合わせください。",
        "checkin_checkout": "チェックイン: 15:00 ～ 21:00 / チェックアウト: 7:00 ～ 10:00",
        "vehicle_size": "キャブコン バンコン トレーラー 軽キャン 下記駐車場サイズもご確認ください。 利用可能かどうか判断がつかない場合は、施設までお問い合わせください。",
        "features": [
          "24時間利用OK",
          "特に機能なし",
          "入浴施設あり（徒歩圏内あり）",
          "温泉あり",
          "ダンプステーション・なし",
          "ごみ処理対応可（無料）",
          "電源あり（無料）",
          "発電機・不可",
          "水道あり（無料）",
          "炊事場なし",
          "コインランドリー・なし",
          "ペットOK",
          "ドッグランなし",
          "WI-FIの利用・なし",
          "朝食予約OK",
          "夕食予約OK",
          "宿泊予約OK"
        ],
        "url": "https://www.kurumatabi.com/park/rvpark/1574.html",
        "geocode_source": "auto"
      }
    },
    {
      "type": "Feature",
      "geometry": {
        "type": "Point",
        "coordinates": [
          140.1113,
          38.19484
        ]
      },
      "properties": {
        "name": "RVパーク 鷹野湯温泉パレス松風",
        "pref": "山形県",
        "address": "山形県西置賜郡白鷹町大字十王５６８７－８",
        "phone": "0238-85-1001",
        "fee": "一般: 1泊・1台につき 2,200円〜",
        "available_period": "平日 土曜、連休2,750円 GW、お盆、年末年始3,300円 施設により不定期のお休み・休業を設定している場合があります。ご利用可能日は事前に各施設にお問い合わせください。",
        "checkin_checkout": "チェックイン: 14:00 ～ 22:00 / チェックアウト: 7:00 ～ 11:00",
        "vehicle_size": "フルコン セミフルコン バスコン キャブコン バンコン トレーラー 軽キャン 一般車 その他 下記駐車場サイズもご確認ください。 利用可能かどうか判断がつかない場合は、施設までお問い合わせください。",
        "features": [
          "24時間利用OK",
          "温水洗浄便座あり",
          "入浴施設あり（施設内）",
          "温泉あり",
          "ダンプステーション・なし",
          "ごみ処理対応可（無料）",
          "電源あり（無料）",
          "発電機利用可(時間指定あり)",
          "水道あり（無料）",
          "炊事場なし",
          "コインランドリー・なし",
          "ペットOK",
          "ドッグランなし",
          "WI-FIの利用・なし",
          "旅館・ホテルの食事：朝食・不可",
          "旅館・ホテルの食事：夕食・不可",
          "宿泊予約OK"
        ],
        "url": "https://www.kurumatabi.com/park/rvpark/1432.html",
        "geocode_source": "auto"
      }
    },
    {
      "type": "Feature",
      "geometry": {
        "type": "Point",
        "coordinates": [
          139.784028,
          38.748528
        ]
      },
      "properties": {
        "name": "RVパーク　おおやま",
        "pref": "山形県",
        "address": "山形県鶴岡市大山上柳原27-1",
        "phone": "0235-33-4321",
        "fee": "一般: 1泊1台 3,300円",
        "available_period": "通年 施設により不定期のお休み・休業を設定している場合があります。ご利用可能日は事前に各施設にお問い合わせください。",
        "checkin_checkout": "チェックイン: 15:00 ～ / チェックアウト: 12:00 ～",
        "vehicle_size": "キャブコン バンコン 軽キャン 一般車 下記駐車場サイズもご確認ください。 利用可能かどうか判断がつかない場合は、施設までお問い合わせください。",
        "features": [
          "24時間利用OK",
          "入浴施設あり（車移動あり）",
          "温泉あり",
          "ごみ処理対応可（無料）",
          "電源あり（無料）",
          "発電機・不可",
          "水道あり（無料）",
          "ペットOK"
        ],
        "url": "https://www.kurumatabi.com/park/rvpark/1269.html",
        "geocode_source": "auto"
      }
    },
    {
      "type": "Feature",
      "geometry": {
        "type": "Point",
        "coordinates": [
          140.27727,
          38.15903
        ]
      },
      "properties": {
        "name": "RVパークライト MSBぴかぴかパークTwo【in かみのやま温泉】",
        "pref": "山形県",
        "address": "山形県上山市十日町8-38",
        "phone": "080-6576-4080",
        "fee": "一般: 1台1泊（電源使用（１５A）・水道使用込み） 2,680円〜3,180円 / スタンダード会員: 1台1泊（電源使用（１５A）・水道使用込み・24時間利用） 2,680円〜3,180円 / プレミアム会員: 1台1泊（電源使用（１５A）・水道使用込み・24時間利用） 2,680円〜3,180円",
        "available_period": "日祝 日祝の前日 春休み GW 夏休み お盆 平日 真冬は 積雪 状況により お休みとなります。 施設により不定期のお休み・休業を設定している場合があります。ご利用可能日は事前に各施設にお問い合わせください。",
        "checkin_checkout": "チェックイン: 17:00 ～ 特になし / チェックアウト: 特になし ～ 11:00",
        "vehicle_size": "キャブコン バンコン トレーラー 軽キャン 一般車 下記駐車場サイズもご確認ください。 利用可能かどうか判断がつかない場合は、施設までお問い合わせください。",
        "features": [
          "24時間利用OK",
          "温水洗浄便座あり",
          "入浴施設あり（徒歩圏内あり）",
          "温泉あり",
          "ダンプステーション・なし",
          "ゴミ処理対応・不可",
          "電源あり（無料）",
          "発電機・不可",
          "水道あり（無料）",
          "炊事場なし",
          "コインランドリー・なし",
          "ペットOK",
          "ドッグランなし",
          "WI-FIの利用・なし",
          "旅館・ホテルの食事：朝食・不可",
          "旅館・ホテルの食事：夕食・不可",
          "旅館・ホテルの宿泊予約・不可"
        ],
        "url": "https://www.kurumatabi.com/park/rvpark/1290.html",
        "geocode_source": "auto"
      }
    },
    {
      "type": "Feature",
      "geometry": {
        "type": "Point",
        "coordinates": [
          140.344375,
          38.484901
        ]
      },
      "properties": {
        "name": "RVパーク碁点温泉・最上川三難所",
        "pref": "山形県",
        "address": "山形県村山市碁点1034-7",
        "phone": "0237-56-3351",
        "fee": "一般: 1泊（24時間）・1台につき 2,750円",
        "available_period": "日祝 日祝の前日 GW 夏休み お盆 平日 4月～11月 ※但し雪の状況により営業日が変更になる場合がございます。ご了承ください。 施設により不定期のお休み・休業を設定している場合があります。ご利用可能日は事前に各施設にお問い合わせください。",
        "checkin_checkout": "チェックイン: 8:00 ～ 20:00 / チェックアウト: 7:00 ～ 20:00",
        "vehicle_size": "フルコン セミフルコン バスコン キャブコン バンコン トレーラー 軽キャン 一般車 下記駐車場サイズもご確認ください。 利用可能かどうか判断がつかない場合は、施設までお問い合わせください。",
        "features": [
          "24時間利用OK",
          "入浴施設あり（施設内）",
          "温泉あり",
          "ごみ処理対応可（有料）",
          "電源あり（無料）",
          "発電機・不可",
          "水道あり（無料）",
          "炊事場なし",
          "ペットOK",
          "ドッグランなし"
        ],
        "url": "https://www.kurumatabi.com/park/rvpark/652.html",
        "geocode_source": "auto"
      }
    },
    {
      "type": "Feature",
      "geometry": {
        "type": "Point",
        "coordinates": [
          140.198507,
          38.004496
        ]
      },
      "properties": {
        "name": "RVパーク高畠ふれあい市",
        "pref": "山形県",
        "address": "山形県東置賜郡高畠町大字高畠3704-1",
        "phone": "080-1834-8350",
        "fee": "一般: 1泊・1台につき 2,000円〜2,500円",
        "available_period": "日祝 日祝の前日 GW 夏休み お盆 平日 冬期は積雪の為、12月1日より3月31日までお休みとなります。 施設により不定期のお休み・休業を設定している場合があります。ご利用可能日は事前に各施設にお問い合わせください。",
        "checkin_checkout": "チェックイン: 15:00 ～ 19:00 / チェックアウト: 特になし ～ 10:00",
        "vehicle_size": "フルコン セミフルコン バスコン キャブコン バンコン トレーラー 軽キャン 一般車",
        "features": [
          "24時間利用OK",
          "入浴施設あり（車移動あり）",
          "温泉あり",
          "ごみ処理対応可（無料）",
          "電源あり（無料）",
          "発電機・不可",
          "水道あり（無料）",
          "炊事場なし",
          "コインランドリー・なし",
          "ペットOK",
          "ドッグランなし"
        ],
        "url": "https://www.kurumatabi.com/park/rvpark/563.html",
        "geocode_source": "auto"
      }
    },
    {
      "type": "Feature",
      "geometry": {
        "type": "Point",
        "coordinates": [
          134.881641,
          35.319395
        ]
      },
      "properties": {
        "name": "FujihokurokuSamoyedBase",
        "pref": "山梨県",
        "address": "山梨県南都留郡富士河口湖町小立5244-1",
        "phone": "080-2058-6916",
        "fee": "一般: 1泊1台につき 5,000円 / 一般: 1台追加につき（最大4台までのご利用） 1,000円",
        "available_period": "通年 施設により不定期のお休み・休業を設定している場合があります。ご利用可能日は事前に各施設にお問い合わせください。",
        "checkin_checkout": "チェックイン: 15:00 ～ 0:00 / チェックアウト: 6:00 ～ 10:00",
        "vehicle_size": "セミフルコン バスコン キャブコン バンコン トレーラー 軽キャン 一般車 その他 下記駐車場サイズもご確認ください。 利用可能かどうか判断がつかない場合は、施設までお問い合わせください。",
        "features": [
          "24時間利用OK",
          "温水洗浄便座あり",
          "入浴施設あり（車移動あり）",
          "温泉あり",
          "ダンプステーション・なし",
          "ごみ処理対応可（無料）",
          "電源あり（無料）",
          "発電機利用可(時間指定あり)",
          "水道あり（無料）",
          "炊事場なし",
          "コインランドリー・なし",
          "ペットOK",
          "ドッグランあり",
          "WI-FIあり（無料）",
          "旅館・ホテルの食事：朝食・不可",
          "旅館・ホテルの食事：夕食・不可",
          "旅館・ホテルの宿泊予約・不可"
        ],
        "url": "https://www.kurumatabi.com/park/rvpark/1710.html",
        "geocode_source": "auto"
      }
    },
    {
      "type": "Feature",
      "geometry": {
        "type": "Point",
        "coordinates": [
          138.914769,
          35.437042
        ]
      },
      "properties": {
        "name": "Hygge Yamanakako RVパークヒュッゲ山中湖",
        "pref": "山梨県",
        "address": "山梨県南都留郡山中湖村平野１４０９ 番",
        "phone": "00-0000-0000",
        "fee": "＜＜OPENキャンペーン価格＞＞ 【AC電源なし区画】 平日 1,500円 土日祝 3,000円 【AC電源あり区画】 平日 3,000円 土日祝 4,000円 ＜以下通常価格＞ 【AC電源なし区画】 平日 3,000円 土日祝 4,000円 【AC電源あり区画】 平日 4,000円 土日祝 5,000円 ※ハイシーズン価格 ＋1,000円 電源利用料については、 電源の有無 の項目をご確認ください。 最新の料金は直接施設へ事前確認をお願いします。",
        "available_period": "通年 ※近隣でフェスを開催する時期には臨時休業する場合がございます。 ※台風や積雪などの悪天候の影響により臨時休業する場合がございます。 施設により不定期のお休み・休業を設定している場合があります。ご利用可能日は事前に各施設にお問い合わせください。",
        "checkin_checkout": "チェックイン: 12:00 ～ 17:00 / チェックアウト: 特になし ～ 11:00",
        "vehicle_size": "セミフルコン バスコン キャブコン バンコン トレーラー 軽キャン 一般車 下記駐車場サイズもご確認ください。 利用可能かどうか判断がつかない場合は、施設までお問い合わせください。",
        "features": [
          "24時間利用OK",
          "暖房便座のみあり",
          "入浴施設あり（施設内）",
          "シャワーあり",
          "ダンプステーション・なし",
          "ごみ処理対応可（有料）",
          "電源あり（有料）",
          "発電機・不可",
          "水道あり（無料）",
          "炊事場あり",
          "コインランドリーあり",
          "ペットOK",
          "ドッグランなし",
          "WI-FIの利用・なし",
          "旅館・ホテルの食事：朝食・不可",
          "旅館・ホテルの食事：夕食・不可",
          "旅館・ホテルの宿泊予約・不可"
        ],
        "url": "https://www.kurumatabi.com/park/rvpark/1394.html",
        "geocode_source": "auto"
      }
    },
    {
      "type": "Feature",
      "geometry": {
        "type": "Point",
        "coordinates": [
          138.987069,
          35.496783
        ]
      },
      "properties": {
        "name": "RVパーク Annex 道志",
        "pref": "山梨県",
        "address": "山梨県南都留郡道志村下善之木１０１７１－２",
        "phone": "090-5095-0575",
        "fee": "一般: 駐車場サイト：1泊・1台（一台につき、大人2名+15歳以下無料） 3,500円〜5,500円 / 一般: ガーデンサイト：1泊・1台（一台につき、大人2名+15歳以下無料） 4,500円〜6,500円",
        "available_period": "通年 日祝 日祝の前日 春休み GW 夏休み お盆 冬休み 平日 施設により不定期のお休み・休業を設定している場合があります。ご利用可能日は事前に各施設にお問い合わせください。",
        "checkin_checkout": "チェックイン: 12:00 ～ 18:00 / チェックアウト: 特になし ～ 11:00",
        "vehicle_size": "セミフルコン バスコン キャブコン バンコン トレーラー 軽キャン 一般車 下記駐車場サイズもご確認ください。 利用可能かどうか判断がつかない場合は、施設までお問い合わせください。",
        "features": [
          "24時間利用OK",
          "温水洗浄便座あり",
          "入浴施設なし",
          "ダンプステーション・なし",
          "ごみ処理対応可（有料）",
          "電源あり（有料）",
          "発電機・不可",
          "水道あり（無料）",
          "炊事場なし",
          "コインランドリーあり",
          "ペットOK",
          "ドッグランなし",
          "WI-FIあり（無料）",
          "旅館・ホテルの食事：朝食・不可",
          "旅館・ホテルの食事：夕食・不可",
          "旅館・ホテルの宿泊予約・不可"
        ],
        "url": "https://www.kurumatabi.com/park/rvpark/939.html",
        "geocode_source": "auto"
      }
    },
    {
      "type": "Feature",
      "geometry": {
        "type": "Point",
        "coordinates": [
          138.447052,
          35.285144
        ]
      },
      "properties": {
        "name": "RVパーク Campingcar Trip L",
        "pref": "山梨県",
        "address": "山梨県南巨摩郡南部町南部9426-1",
        "phone": "0556-64-3131",
        "fee": "一般: 一泊・1区画につき 5,500円",
        "available_period": "通年 施設により不定期のお休み・休業を設定している場合があります。ご利用可能日は事前に各施設にお問い合わせください。",
        "checkin_checkout": "チェックイン: 15:00 ～ 特になし / チェックアウト: 特になし ～ 11:00",
        "vehicle_size": "セミフルコン バスコン キャブコン バンコン トレーラー 軽キャン 一般車 その他 下記駐車場サイズもご確認ください。 利用可能かどうか判断がつかない場合は、施設までお問い合わせください。",
        "features": [
          "24時間利用OK",
          "温水洗浄便座あり",
          "入浴施設あり（車移動あり）",
          "温泉あり",
          "ダンプステーション・なし",
          "ごみ処理対応可（無料）",
          "電源あり（無料）",
          "発電機・不可",
          "水道あり（無料）",
          "炊事場あり",
          "コインランドリー・なし",
          "ペットOK",
          "ドッグランなし",
          "WI-FIあり（無料）",
          "旅館・ホテルの食事：朝食・不可",
          "旅館・ホテルの食事：夕食・不可",
          "旅館・ホテルの宿泊予約・不可"
        ],
        "url": "https://www.kurumatabi.com/park/rvpark/1260.html",
        "geocode_source": "auto"
      }
    },
    {
      "type": "Feature",
      "geometry": {
        "type": "Point",
        "coordinates": [
          138.693732,
          35.625764
        ]
      },
      "properties": {
        "name": "RVパーク FURI~space桃の里",
        "pref": "山梨県",
        "address": "山梨県笛吹市一宮町市之蔵82-1",
        "phone": "080-7590-5374",
        "fee": "※ 車室の大きさ、利用日等により金額が異なります 詳しくは予約サイトでご確認ください ※ 当施設は原則「paypay（推奨）」もしくは「d払い」での事前入金制となります ※ 当施設はインボイスの観点から、消費税をいただいておりません 入金の際は提示金額を入金（送金）ください ※ 「paypay（推奨）」もしくは「d払い」での事前入金が出来ない場合は、事前にご連絡のうえご相談ください 当日、現金での支払いも出来る限り対応いたします ◆車室①～②：<ﾄﾞｯｸﾞﾗﾝ可能な人工芝ﾌﾘｰｽﾍﾟｰｽ付ﾌﾟﾗｲﾍﾞｰﾄｻｲﾄ／電源（100V/20A/単線）利用料込み> 平日および休前日ではない祝日／￥5,500(税込) 土曜および休前日／￥6,600(税込) GW、お盆、年末年始等の大型連休／￥7,700(税込) ◆車室③～⑩：<スタンダードサイト> 平日および休前日ではない祝日／￥3,300(税込) 土曜および休前日／￥4,400(税込) GW、お盆、年末年始等の大型連休／￥5,500(税込) Friday-Nightプラン（③⑤⑥⑧）→￥1,650 （税込／平日金曜19:00〜土曜日12:00／電源別途￥550(税込)） ◆車室⑪ ：<ソロ(おひとり様)専用サイト／電源なし> 土曜および休前日／￥2,200 GW、お盆、年末年始等の大型連休中／￥3,300 ※ 全車室ゴミ処理代込み ※ 電源（100V/20A/単線）利用はオプション(別途有料、¥800(税込))となります （➀②サイトは電気利用料込み、Friday-Nightプランでの電源利用料は￥550(税込)） ※ 給湯器完備（通年利用可） ※ 上記金額は一泊料金（チェックアウト12：00） ※【連泊割引サービス】 予約完了後にpaypayで500円を返金いたします ＞paypayで入金いただいたお客様に限ります ＞お得意様割引と併用します！ ※【お得意様(3回目以降のリピーターの方)割引サービス】 予約完了後にPayPayにて500円をキャッシュバックいたします ＞予約時にリピートの旨記載ください ＞paypayで入金いただいたお客様に限ります ＞連泊割引サービスと併用します！ ＞Friday-Nightプラン、および車室⑪を除く ※【ソロ割引】 ソロ(おひとり様)でのご利用はその日の料金から￥1,000割引いたします ＞Friday-Nightプラン、および車室①②⑪を除く ※ 車室⑪（8m×4m） ・ソロ(おひとり様)専用サイトです。2名様以上でのご利用はできません ・電源設備はありません。電源をご利用の際はスタンダードサイトをご予約ください ・フルコンなどの車室スペースを超える車両は止められません ・平日はご利用できません。同じ料金でスタンダートサイトがご利用できます 電源利用料については、 電源の有無 の項目をご確認ください。 最新の料金は直接施設へ事前確認をお願いします。",
        "available_period": "通年 ※ 冬季期間。ペット用シャワーおよびダンプステーションの給水は使用できません。冬季は流しの水道をお使いください 施設により不定期のお休み・休業を設定している場合があります。ご利用可能日は事前に各施設にお問い合わせください。",
        "checkin_checkout": "チェックイン: 14:00 ～ 22:00 / チェックアウト: 特になし ～ 12:00",
        "vehicle_size": "フルコン セミフルコン バスコン キャブコン バンコン トレーラー 軽キャン 一般車 下記駐車場サイズもご確認ください。 利用可能かどうか判断がつかない場合は、施設までお問い合わせください。",
        "features": [
          "24時間利用OK",
          "温水洗浄便座あり",
          "入浴施設あり（徒歩圏内あり）",
          "温泉あり",
          "ブラック・グレーOK",
          "ごみ処理対応可（無料）",
          "電源あり（有料）",
          "発電機・不可",
          "水道あり（無料）",
          "炊事場なし",
          "コインランドリー・なし",
          "ペットOK",
          "ドッグランあり",
          "WI-FIあり（無料）"
        ],
        "url": "https://www.kurumatabi.com/park/rvpark/1147.html",
        "geocode_source": "auto"
      }
    },
    {
      "type": "Feature",
      "geometry": {
        "type": "Point",
        "coordinates": [
          138.320042,
          35.77434
        ]
      },
      "properties": {
        "name": "RVパーク HAKUSHU BASE  by bigland",
        "pref": "山梨県",
        "address": "山梨県北杜市白州町大坊1131",
        "phone": "0551-35-4518",
        "fee": "一般: 1泊・1台につき 2,800円 / スタンダード会員: 1泊・1台につき 2,800円 / プレミアム会員: 1泊・1台につき 2,800円",
        "available_period": "通年 12月中旬から3月中旬まで休業。不定休日があるので事前に電話、RVパークのホームページ等で確認してください。 施設により不定期のお休み・休業を設定している場合があります。ご利用可能日は事前に各施設にお問い合わせください。",
        "checkin_checkout": "チェックイン: 13:00 ～ 20:00 / チェックアウト: 7:00 ～ 11:00",
        "vehicle_size": "キャブコン バンコン トレーラー 軽キャン 一般車 下記駐車場サイズもご確認ください。 利用可能かどうか判断がつかない場合は、施設までお問い合わせください。",
        "features": [
          "24時間利用OK",
          "温水洗浄便座あり",
          "入浴施設あり（施設内）",
          "湯沸かし浴槽あり",
          "ダンプステーション・なし",
          "ごみ処理対応可（有料）",
          "電源あり（有料）",
          "発電機・不可",
          "水道あり（無料）",
          "炊事場あり",
          "コインランドリーあり",
          "ペットOK",
          "ドッグランなし",
          "WI-FIあり（無料）"
        ],
        "url": "https://www.kurumatabi.com/park/rvpark/1688.html",
        "geocode_source": "auto"
      }
    },
    {
      "type": "Feature",
      "geometry": {
        "type": "Point",
        "coordinates": [
          138.751498,
          35.489774
        ]
      },
      "properties": {
        "name": "RVパーク HESTA富士河口湖",
        "pref": "山梨県",
        "address": "山梨県南都留郡富士河口湖町小立3919",
        "phone": "0555-72-3711",
        "fee": "スタンダード会員: 1泊 1台につき 3,000円〜",
        "available_period": "通年 日祝 日祝の前日 春休み GW 夏休み お盆 冬休み 年末年始 平日 施設により不定期のお休み・休業を設定している場合があります。ご利用可能日は事前に各施設にお問い合わせください。",
        "checkin_checkout": "チェックイン: 16:00 ～ 22:00 / チェックアウト: 6:00 ～ 10:00",
        "vehicle_size": "フルコン セミフルコン バスコン キャブコン バンコン トレーラー 軽キャン 一般車 その他 下記駐車場サイズもご確認ください。 利用可能かどうか判断がつかない場合は、施設までお問い合わせください。",
        "features": [
          "24時間利用OK",
          "入浴施設あり（施設内）",
          "温泉あり",
          "ダンプステーション・なし",
          "ごみ処理対応可（無料）",
          "電源あり（無料）",
          "発電機利用可(時間指定あり)",
          "水道・なし",
          "炊事場なし",
          "コインランドリー・なし",
          "ペットOK",
          "ドッグランなし",
          "WI-FIの利用・なし",
          "朝食予約OK",
          "夕食予約OK",
          "宿泊予約OK"
        ],
        "url": "https://www.kurumatabi.com/park/rvpark/1562.html",
        "geocode_source": "auto"
      }
    },
    {
      "type": "Feature",
      "geometry": {
        "type": "Point",
        "coordinates": [
          138.478398,
          35.665804
        ]
      },
      "properties": {
        "name": "RVパーク Luxway　南アルプス",
        "pref": "山梨県",
        "address": "山梨県南アルプス市野牛島2160",
        "phone": "055-242-8411",
        "fee": "一般: 1泊/1台 (トレーラーはヘッド車無料) 4,000円",
        "available_period": "通年 日祝 日祝の前日 春休み GW 夏休み お盆 冬休み 年末年始 平日 施設により不定期のお休み・休業を設定している場合があります。ご利用可能日は事前に各施設にお問い合わせください。",
        "checkin_checkout": "チェックイン: 13:00 ～ 22:00 / チェックアウト: 特になし ～ 11:00",
        "vehicle_size": "フルコン セミフルコン バスコン キャブコン バンコン トレーラー 軽キャン 一般車 その他 下記駐車場サイズもご確認ください。 利用可能かどうか判断がつかない場合は、施設までお問い合わせください。",
        "features": [
          "24時間利用OK",
          "温水洗浄便座あり",
          "入浴施設あり（徒歩圏内あり）",
          "温泉あり",
          "ブラック・グレーOK",
          "ごみ処理対応可（有料）",
          "電源あり（有料）",
          "発電機・不可",
          "水道あり（無料）",
          "炊事場あり",
          "コインランドリーあり",
          "ペットOK",
          "ドッグランなし",
          "WI-FIあり（無料）"
        ],
        "url": "https://www.kurumatabi.com/park/rvpark/1044.html",
        "geocode_source": "auto"
      }
    },
    {
      "type": "Feature",
      "geometry": {
        "type": "Point",
        "coordinates": [
          138.9238,
          35.44375
        ]
      },
      "properties": {
        "name": "RVパーク Mauka Resort  AZMY",
        "pref": "山梨県",
        "address": "山梨県南都留郡山中湖村平野1289",
        "phone": "070-8321-6220",
        "fee": "一般: 1泊/1台（電源無し） 2,000円 / 一般: 1泊/1台（電源有り） 3,000円",
        "available_period": "日祝 日祝の前日 春休み GW 夏休み お盆 冬休み 年末年始 平日 平日火曜水曜日木曜日は定休日 ※1月3日以降から3月いっぱいまでは冬季休業となります。 ゴールデンウィーク休まず営業 施設により不定期のお休み・休業を設定している場合があります。ご利用可能日は事前に各施設にお問い合わせください。",
        "checkin_checkout": "チェックイン: 13:00 ～ 16:00 / チェックアウト: 7:00 ～ 11:00",
        "vehicle_size": "セミフルコン バスコン キャブコン バンコン トレーラー 軽キャン 一般車 下記駐車場サイズもご確認ください。 利用可能かどうか判断がつかない場合は、施設までお問い合わせください。",
        "features": [
          "24時間利用OK",
          "暖房便座のみあり",
          "入浴施設あり（車移動あり）",
          "温泉あり",
          "グレーOK",
          "ごみ処理対応可（有料）",
          "電源あり（無料）",
          "発電機・不可",
          "水道あり（無料）",
          "炊事場あり",
          "コインランドリー・なし",
          "ペットOK",
          "ドッグランあり",
          "WI-FIあり（無料）",
          "旅館・ホテルの食事：朝食・不可",
          "旅館・ホテルの食事：夕食・不可"
        ],
        "url": "https://www.kurumatabi.com/park/rvpark/1063.html",
        "geocode_source": "auto"
      }
    },
    {
      "type": "Feature",
      "geometry": {
        "type": "Point",
        "coordinates": [
          138.625879,
          35.62489
        ]
      },
      "properties": {
        "name": "RVパーク N＊BASE",
        "pref": "山梨県",
        "address": "山梨県笛吹市石和町小石和2235",
        "phone": "055-225-3101",
        "fee": "一般: 平日・日曜 2,200円〜 / 一般: 土曜日 2,750円〜 / 一般: 繁忙期・連休等 3,300円〜",
        "available_period": "通年 日祝 日祝の前日 春休み GW 夏休み お盆 冬休み 平日 ■毎週水曜日は貸切予約のみ。 ■臨時休業あり。 ■詳しくは電話にてお問い合わせください。 施設により不定期のお休み・休業を設定している場合があります。ご利用可能日は事前に各施設にお問い合わせください。",
        "checkin_checkout": "チェックイン: 12:00 ～ 18:00 / チェックアウト: 特になし ～ 10:00",
        "vehicle_size": "フルコン セミフルコン バスコン キャブコン バンコン トレーラー 軽キャン 一般車 その他 下記駐車場サイズもご確認ください。 利用可能かどうか判断がつかない場合は、施設までお問い合わせください。",
        "features": [
          "24時間利用OK",
          "温水洗浄便座あり",
          "入浴施設あり（車移動あり）",
          "温泉あり",
          "ごみ処理対応可（有料）",
          "電源あり（有料）",
          "発電機・不可",
          "水道あり（無料）",
          "炊事場あり",
          "コインランドリー・なし",
          "ペットOK",
          "WI-FIの利用・なし",
          "旅館・ホテルの食事：朝食・不可",
          "旅館・ホテルの食事：夕食・不可",
          "旅館・ホテルの宿泊予約・不可"
        ],
        "url": "https://www.kurumatabi.com/park/rvpark/909.html",
        "geocode_source": "auto"
      }
    },
    {
      "type": "Feature",
      "geometry": {
        "type": "Point",
        "coordinates": [
          138.908741,
          35.434272
        ]
      },
      "properties": {
        "name": "RVパーク WANALOHA Fujiやまなかこ",
        "pref": "山梨県",
        "address": "山梨県南都留郡山中湖村平野1488-1",
        "phone": "080-9357-4292",
        "fee": "一般: 【スタンダードサイト】1泊・1台につき2名まで(15歳以下無料） 4,500円〜6,000円 / 一般: 【ミニサイト】軽キャンもしくは軽自動車1泊・1台につき2名まで(15歳以下無料） 3,500円〜5,000円 / 一般: 【プレミアムサイト】1泊・1台につき2名まで(15歳以下無料） 7,000円〜9,000円",
        "available_period": "通年 日祝 日祝の前日 春休み GW 夏休み お盆 冬休み 年末年始 平日 - 21:00〜翌朝6:00まではクワイエットタイムとします。車外での飲食や談笑等の時間にご配慮お願いします。（トレーラーハウス利用時間も同様です。） ＊この時間はゆっくりと車内でお過ごしください。 - 村のスピーカーがすぐ近くにあり、地区の放送が大きな音量で流れます。 - 近隣に民家がありますので、ご迷惑がかからないようご配慮をお願いします。 - 炭や薪を使っての調理や焚き火はできません。 ＊将来的に利用できるように調整予定です。 施設により不定期のお休み・休業を設定している場合があります。ご利用可能日は事前に各施設にお問い合わせください。",
        "checkin_checkout": "チェックイン: 12:00 ～ 18:00 / チェックアウト: 5:00 ～ 10:00",
        "vehicle_size": "フルコン セミフルコン バスコン キャブコン バンコン トレーラー 軽キャン 一般車 その他 下記駐車場サイズもご確認ください。 利用可能かどうか判断がつかない場合は、施設までお問い合わせください。",
        "features": [
          "24時間利用OK",
          "温水洗浄便座あり",
          "入浴施設あり（徒歩圏内あり）",
          "温泉あり",
          "ブラック・グレーOK",
          "ごみ処理対応可（有料）",
          "電源あり（有料）",
          "発電機・不可",
          "水道あり（無料）",
          "炊事場なし",
          "コインランドリーあり",
          "ペットOK",
          "ドッグランなし",
          "WI-FIあり（無料）",
          "旅館・ホテルの食事：朝食・不可",
          "旅館・ホテルの食事：夕食・不可",
          "旅館・ホテルの宿泊予約・不可"
        ],
        "url": "https://www.kurumatabi.com/park/rvpark/1615.html",
        "geocode_source": "auto"
      }
    },
    {
      "type": "Feature",
      "geometry": {
        "type": "Point",
        "coordinates": [
          139.05757,
          35.53367
        ]
      },
      "properties": {
        "name": "RVパーク campsite fairy forest",
        "pref": "山梨県",
        "address": "山梨県南都留郡道志村４０８０－１",
        "phone": "0554-23-6873",
        "fee": "一般: １泊・１台につき 3,500円〜6,300円 / スタンダード会員: １泊・１台につき 3,500円〜6,300円 / プレミアム会員: １泊・１台につき 3,500円〜6,300円",
        "available_period": "通年 水曜日と木曜日が定休日になります。 ※事前にご連絡をいただけましたら、定休日の営業も検討させていただきます。 ※春休み・夏休み・冬休み・GW・年末年始などの繁忙期は無休にて営業いたします。 施設により不定期のお休み・休業を設定している場合があります。ご利用可能日は事前に各施設にお問い合わせください。",
        "checkin_checkout": "チェックイン: 14:00 ～ 18:00 / チェックアウト: 6:00 ～ 11:00",
        "vehicle_size": "キャブコン バンコン 軽キャン 一般車 下記駐車場サイズもご確認ください。 利用可能かどうか判断がつかない場合は、施設までお問い合わせください。",
        "features": [
          "24時間利用OK",
          "温水洗浄便座あり",
          "入浴施設あり（徒歩圏内あり）",
          "温泉あり",
          "ダンプステーション・なし",
          "ごみ処理対応可（有料）",
          "電源あり（無料）",
          "発電機・不可",
          "水道あり（無料）",
          "炊事場なし",
          "コインランドリー・なし",
          "ペットOK",
          "ドッグランなし",
          "WI-FIあり（無料）",
          "旅館・ホテルの食事：朝食・不可",
          "旅館・ホテルの食事：夕食・不可",
          "旅館・ホテルの宿泊予約・不可"
        ],
        "url": "https://www.kurumatabi.com/park/rvpark/1436.html",
        "geocode_source": "auto"
      }
    },
    {
      "type": "Feature",
      "geometry": {
        "type": "Point",
        "coordinates": [
          138.930647,
          35.58305
        ]
      },
      "properties": {
        "name": "RVパーク つる",
        "pref": "山梨県",
        "address": "山梨県都留市大原88番地",
        "phone": "0554-43-1110",
        "fee": "一般: 2,552円",
        "available_period": "日祝 日祝の前日 春休み GW 夏休み お盆 冬休み 平日 12月31日～1月4日休館日の為利用不可 1月～3月は設備メンテナンス等で休館日を設けております。 道の駅つるまでお問い合わせください。 ご迷惑をおかけしますがよろしくお願いいたします。 施設により不定期のお休み・休業を設定している場合があります。ご利用可能日は事前に各施設にお問い合わせください。",
        "checkin_checkout": "チェックイン: 13:00 ～ 17:00 / チェックアウト: 10:00 ～ 10:00",
        "vehicle_size": "フルコン セミフルコン バスコン キャブコン バンコン トレーラー 軽キャン 一般車 その他",
        "features": [
          "24時間利用OK",
          "入浴施設あり（車移動あり）",
          "温泉あり",
          "ごみ処理対応可（有料）",
          "電源あり（無料）",
          "発電機利用可(時間指定なし)",
          "水道・なし",
          "ペットOK"
        ],
        "url": "https://www.kurumatabi.com/park/rvpark/735.html",
        "geocode_source": "auto"
      }
    },
    {
      "type": "Feature",
      "geometry": {
        "type": "Point",
        "coordinates": [
          138.309517,
          35.879779
        ]
      },
      "properties": {
        "name": "RVパーク フレックスフィールド",
        "pref": "山梨県",
        "address": "山梨県北杜市小淵沢町3900－2",
        "phone": "0551374130",
        "fee": "電源利用料については、 電源の有無 の項目をご確認ください。 最新の料金は直接施設へ事前確認をお願いします。",
        "available_period": "通年 施設により不定期のお休み・休業を設定している場合があります。ご利用可能日は事前に各施設にお問い合わせください。",
        "checkin_checkout": "チェックイン: 13:00 ～ 18:00 / チェックアウト: 8:00 ～ 11:00",
        "vehicle_size": "キャブコン バンコン 軽キャン 一般車",
        "features": [
          "24時間利用OK",
          "温水洗浄便座あり",
          "入浴施設あり（施設内）",
          "シャワーあり",
          "ごみ処理対応可（無料）",
          "電源あり（有料）",
          "発電機利用可(時間指定なし)",
          "水道あり（無料）",
          "炊事場あり",
          "コインランドリーあり",
          "ペットOK",
          "ドッグランあり",
          "WI-FIの利用・なし",
          "朝食予約OK",
          "夕食予約OK",
          "宿泊予約OK"
        ],
        "url": "https://www.kurumatabi.com/park/rvpark/1495.html",
        "geocode_source": "auto"
      }
    },
    {
      "type": "Feature",
      "geometry": {
        "type": "Point",
        "coordinates": [
          138.92035,
          35.559558
        ]
      },
      "properties": {
        "name": "RVパーク ホテルスターらんど",
        "pref": "山梨県",
        "address": "山梨県都留市下谷2450‐1",
        "phone": "0554-45-6711",
        "fee": "一般: 1台/1泊 2,500円",
        "available_period": "通年 日祝 日祝の前日 春休み GW 夏休み お盆 冬休み 年末年始 平日 施設により不定期のお休み・休業を設定している場合があります。ご利用可能日は事前に各施設にお問い合わせください。",
        "checkin_checkout": "チェックイン: 12:00 ～ 21:00 / チェックアウト: 6:00 ～ 12:00",
        "vehicle_size": "セミフルコン バスコン キャブコン バンコン 軽キャン その他",
        "features": [
          "24時間利用OK",
          "温水洗浄便座あり",
          "入浴施設あり（施設内）",
          "温泉あり",
          "ごみ処理対応可（無料）",
          "電源あり（有料）",
          "発電機・不可",
          "水道あり（無料）",
          "コインランドリーあり",
          "ペットOK",
          "WI-FIあり（無料）",
          "朝食予約OK",
          "夕食予約OK",
          "宿泊予約OK"
        ],
        "url": "https://www.kurumatabi.com/park/rvpark/835.html",
        "geocode_source": "auto"
      }
    },
    {
      "type": "Feature",
      "geometry": {
        "type": "Point",
        "coordinates": [
          138.31089,
          35.88273
        ]
      },
      "properties": {
        "name": "RVパーク 八ヶ岳 ホテル風か",
        "pref": "山梨県",
        "address": "山梨県北杜市小淵沢町上の原3989-1",
        "phone": "0551-36-6414",
        "fee": "一般: 2食付【夕食はカジュアルフレンチ 朝食は洋朝食】/1人 車中泊オールインクルーシブ付 19,000円〜",
        "available_period": "日祝の前日 平日 施設により不定期のお休み・休業を設定している場合があります。ご利用可能日は事前に各施設にお問い合わせください。",
        "checkin_checkout": "チェックイン: 15:00 ～ 19:30 / チェックアウト: 7:00 ～ 11:00",
        "vehicle_size": "フルコン セミフルコン キャブコン バンコン 軽キャン 一般車 下記駐車場サイズもご確認ください。 利用可能かどうか判断がつかない場合は、施設までお問い合わせください。",
        "features": [
          "24時間利用OK",
          "温水洗浄便座あり",
          "入浴施設あり（施設内）",
          "温泉あり",
          "ダンプステーション・なし",
          "ごみ処理対応可（無料）",
          "電源あり（無料）",
          "発電機利用可(時間指定あり)",
          "水道・なし",
          "炊事場なし",
          "コインランドリーあり",
          "ペットOK",
          "ドッグランなし",
          "WI-FIの利用・なし",
          "朝食予約OK",
          "夕食予約OK",
          "旅館・ホテルの宿泊予約・不可"
        ],
        "url": "https://www.kurumatabi.com/park/rvpark/1631.html",
        "geocode_source": "auto"
      }
    },
    {
      "type": "Feature",
      "geometry": {
        "type": "Point",
        "coordinates": [
          138.960955,
          35.611525
        ]
      },
      "properties": {
        "name": "RVパーク 大月ロハス村",
        "pref": "山梨県",
        "address": "山梨県大月市駒橋3-3-13",
        "phone": "0554-23-1169",
        "fee": "一般: 2.5Ⅿ×5Ⅿ1泊・1台につき 2,200円 / 一般: 5Ⅿ×7Ⅿ 1泊・1台につき 4,400円 / スタンダード会員: 2.5Ⅿ×5Ⅿ 1泊・1台につき 2,000円 / スタンダード会員: 5Ⅿ×7Ⅿ 1泊・1台につき(トレーラー含む） 4,000円 / スタンダード会員: 5Ⅿ×長さ13Ⅿ・1泊・1台につき(トレーラー含む） 6,000円 / プレミアム会員: 2.5Ⅿ×5Ⅿ1泊・1台につき 2,000円 / プレミアム会員: 5Ⅿ×7Ⅿ 1泊・1台につき(トレーラー含む） 4,000円 / プレミアム会員: 5Ⅿ×長さ13Ⅿ・1泊・1台につき(トレーラー含む） 6,000円",
        "available_period": "通年 日祝 日祝の前日 春休み GW 夏休み お盆 冬休み 年末年始 平日 土日祝、土日祝前日、GW、お盆、年末年始は＋500円 施設により不定期のお休み・休業を設定している場合があります。ご利用可能日は事前に各施設にお問い合わせください。",
        "checkin_checkout": "チェックイン: 14:00 ～ 23:00 / チェックアウト: 特になし ～ 11:00",
        "vehicle_size": "フルコン セミフルコン バスコン キャブコン バンコン トレーラー 軽キャン 一般車 その他 下記駐車場サイズもご確認ください。 利用可能かどうか判断がつかない場合は、施設までお問い合わせください。",
        "features": [
          "24時間利用OK",
          "温水洗浄便座あり",
          "入浴施設あり（車移動あり）",
          "温泉あり",
          "ダンプステーション・なし",
          "ごみ処理対応可（有料）",
          "電源あり（有料）",
          "発電機利用可(時間指定あり)",
          "水道あり（無料）",
          "炊事場あり",
          "コインランドリー・なし",
          "ペットOK",
          "ドッグランあり",
          "WI-FIあり（無料）",
          "旅館・ホテルの食事：朝食・不可",
          "旅館・ホテルの食事：夕食・不可",
          "宿泊予約OK"
        ],
        "url": "https://www.kurumatabi.com/park/rvpark/1590.html",
        "geocode_source": "auto"
      }
    },
    {
      "type": "Feature",
      "geometry": {
        "type": "Point",
        "coordinates": [
          139.123712,
          35.580627
        ]
      },
      "properties": {
        "name": "RVパーク 秋山温泉",
        "pref": "山梨県",
        "address": "山梨県上野原市秋山2210",
        "phone": "0554-56-2611",
        "fee": "一般: 1泊・1台につき 4,000円",
        "available_period": "通年 利用可能曜日：火曜日～土曜日 日曜宿泊および月曜宿泊はご利用頂けません。（施設定休日：毎週月曜日の為） 施設臨時休館日はご利用頂けません。 施設により不定期のお休み・休業を設定している場合があります。ご利用可能日は事前に各施設にお問い合わせください。",
        "checkin_checkout": "チェックイン: 14:00 ～ 20:00 / チェックアウト: 6:00 ～ 12:00",
        "vehicle_size": "セミフルコン バスコン キャブコン バンコン トレーラー 軽キャン 一般車 その他 下記駐車場サイズもご確認ください。 利用可能かどうか判断がつかない場合は、施設までお問い合わせください。",
        "features": [
          "24時間利用OK",
          "温水洗浄便座あり",
          "入浴施設あり（施設内）",
          "温泉あり",
          "ダンプステーション・なし",
          "ごみ処理対応可（無料）",
          "電源あり（無料）",
          "発電機利用可(時間指定あり)",
          "水道あり（無料）",
          "炊事場なし",
          "コインランドリー・なし",
          "ペットOK",
          "ドッグランなし",
          "WI-FIの利用・なし",
          "旅館・ホテルの食事：朝食・不可",
          "旅館・ホテルの食事：夕食・不可",
          "旅館・ホテルの宿泊予約・不可"
        ],
        "url": "https://www.kurumatabi.com/park/rvpark/1264.html",
        "geocode_source": "auto"
      }
    },
    {
      "type": "Feature",
      "geometry": {
        "type": "Point",
        "coordinates": [
          138.672011,
          35.481546
        ]
      },
      "properties": {
        "name": "RVパーク 紅葉台オートキャンプ場",
        "pref": "山梨県",
        "address": "山梨県南都留郡鳴沢村鳴沢８５２９－１４６",
        "phone": "0555-85-2356",
        "fee": "一般: 1泊・1台につき 2,000円〜3,000円",
        "available_period": "日祝 日祝の前日 春休み GW 夏休み お盆 年末年始 平日 施設により不定期のお休み・休業を設定している場合があります。ご利用可能日は事前に各施設にお問い合わせください。",
        "checkin_checkout": "チェックイン: 11:00 ～ 16:00 / チェックアウト: 特になし ～ 10:30",
        "vehicle_size": "フルコン セミフルコン バスコン キャブコン バンコン トレーラー 軽キャン 一般車 下記駐車場サイズもご確認ください。 利用可能かどうか判断がつかない場合は、施設までお問い合わせください。",
        "features": [
          "24時間利用OK",
          "入浴施設あり（車移動あり）",
          "温泉あり",
          "ごみ処理対応可（無料）",
          "電源あり（有料）",
          "発電機利用可(時間指定あり)",
          "水道あり（無料）",
          "ペットOK",
          "ドッグランなし",
          "WI-FIの利用・なし"
        ],
        "url": "https://www.kurumatabi.com/park/rvpark/1505.html",
        "geocode_source": "auto"
      }
    },
    {
      "type": "Feature",
      "geometry": {
        "type": "Point",
        "coordinates": [
          138.427786,
          35.865738
        ]
      },
      "properties": {
        "name": "RVパーク 道の駅 南きよさと",
        "pref": "山梨県",
        "address": "山梨県北杜市高根町長沢760番地",
        "phone": "0551-20-7224",
        "fee": "一般: 1泊・1台につき 2,000円",
        "available_period": "日祝 日祝の前日 春休み GW 夏休み お盆 冬休み 平日 ※１月・２月の２ヶ月間は、火曜日を休業日とさせていただきます。 ※年末年始は休業しております。 施設により不定期のお休み・休業を設定している場合があります。ご利用可能日は事前に各施設にお問い合わせください。",
        "checkin_checkout": "チェックイン: 13:00 ～ 17:00 / チェックアウト: 特になし ～ 10:00",
        "vehicle_size": "フルコン セミフルコン バスコン キャブコン バンコン トレーラー 軽キャン 一般車",
        "features": [
          "24時間利用OK",
          "入浴施設あり（車移動あり）",
          "湯沸かし浴槽あり",
          "ごみ処理対応可（有料）",
          "電源あり（有料）",
          "発電機利用可(時間指定あり)",
          "水道あり（無料）",
          "ペットOK",
          "ドッグランあり"
        ],
        "url": "https://www.kurumatabi.com/park/rvpark/572.html",
        "geocode_source": "auto"
      }
    },
    {
      "type": "Feature",
      "geometry": {
        "type": "Point",
        "coordinates": [
          138.449838,
          35.487074
        ]
      },
      "properties": {
        "name": "RVパーク 道の駅にしじま和紙の里かみすきパーク",
        "pref": "山梨県",
        "address": "山梨県南巨摩郡身延町西嶋345",
        "phone": "0556-20-4555",
        "fee": "一般: 1泊・1台につき 2,000円",
        "available_period": "通年 定休日：火曜日（祝日の場合は営業、翌日休業）、年末年始 施設により不定期のお休み・休業を設定している場合があります。ご利用可能日は事前に各施設にお問い合わせください。",
        "checkin_checkout": "チェックイン: 15:00 ～ 17:00 / チェックアウト: 9:00 ～ 10:00",
        "vehicle_size": "キャブコン バンコン 軽キャン 一般車 下記駐車場サイズもご確認ください。 利用可能かどうか判断がつかない場合は、施設までお問い合わせください。",
        "features": [
          "24時間利用OK",
          "入浴施設あり（車移動あり）",
          "温泉あり",
          "ごみ処理対応可（有料）",
          "電源あり（有料）",
          "発電機・不可",
          "水道あり（無料）",
          "ペットOK"
        ],
        "url": "https://www.kurumatabi.com/park/rvpark/1508.html",
        "geocode_source": "auto"
      }
    },
    {
      "type": "Feature",
      "geometry": {
        "type": "Point",
        "coordinates": [
          138.331472,
          35.810429
        ]
      },
      "properties": {
        "name": "RVパーク 道の駅はくしゅう",
        "pref": "山梨県",
        "address": "山梨県北杜市白州町白須1308",
        "phone": "0551-20-4711",
        "fee": "1泊 2,000円／1台（1泊2日につき24時間超えない場合は1日とみなす） 【利用可能台数】2台 電源利用料については、 電源の有無 の項目をご確認ください。 最新の料金は直接施設へ事前確認をお願いします。",
        "available_period": "日祝 日祝の前日 GW 夏休み お盆 平日 12月～3月の火曜日チェックイン～木曜日チェックアウト（水曜日定休日のため）と年末年始は休業 施設により不定期のお休み・休業を設定している場合があります。ご利用可能日は事前に各施設にお問い合わせください。",
        "checkin_checkout": "チェックイン: 15:00 ～ 17:30 / チェックアウト: 9:00 ～ 10:00",
        "vehicle_size": "フルコン セミフルコン キャブコン バンコン 軽キャン",
        "features": [
          "24時間利用OK",
          "入浴施設あり（車移動あり）",
          "温泉あり",
          "ごみ処理対応可（有料）",
          "電源あり（無料）",
          "発電機・不可",
          "水道あり（無料）",
          "ペットOK"
        ],
        "url": "https://www.kurumatabi.com/park/rvpark/961.html",
        "geocode_source": "auto"
      }
    },
    {
      "type": "Feature",
      "geometry": {
        "type": "Point",
        "coordinates": [
          138.716944,
          35.48385
        ]
      },
      "properties": {
        "name": "RVパークsmart 富士山野営道具店",
        "pref": "山梨県",
        "address": "山梨県南都留郡鳴沢村字大棟ノ木２５０８",
        "phone": "092-433-7370",
        "fee": "一般: 1泊・1台につき 4,800円〜",
        "available_period": "通年 施設により不定期のお休み・休業を設定している場合があります。ご利用可能日は事前に各施設にお問い合わせください。",
        "checkin_checkout": "チェックイン: 15:00 ～ / チェックアウト: 特になし ～ 11:00",
        "vehicle_size": "キャブコン バンコン 軽キャン 一般車 下記駐車場サイズもご確認ください。 利用可能かどうか判断がつかない場合は、施設までお問い合わせください。",
        "features": [
          "24時間利用OK",
          "入浴施設あり（施設内）",
          "シャワーあり",
          "ダンプステーション・なし",
          "ごみ処理対応可（無料）",
          "電源あり（無料）",
          "発電機・不可",
          "水道あり（無料）",
          "炊事場なし",
          "ペットOK",
          "ドッグランなし"
        ],
        "url": "https://www.kurumatabi.com/park/rvpark/1461.html",
        "geocode_source": "auto"
      }
    },
    {
      "type": "Feature",
      "geometry": {
        "type": "Point",
        "coordinates": [
          138.498908,
          35.584553
        ]
      },
      "properties": {
        "name": "RVパークやまなみの湯",
        "pref": "山梨県",
        "address": "山梨県南アルプス市西南湖1299-1",
        "phone": "055-280-3340",
        "fee": "1泊 2,000円／1台(トレーラー含む) 【利用可能台数】8台 ※1泊2日につき24時間を超えない場合は一日とみなす 電源利用料については、 電源の有無 の項目をご確認ください。 最新の料金は直接施設へ事前確認をお願いします。",
        "available_period": "日祝 日祝の前日 春休み GW 夏休み お盆 冬休み 年末年始 平日 ※毎週水曜日の休業日を除く ※GW、お盆、年末年始は無休 施設により不定期のお休み・休業を設定している場合があります。ご利用可能日は事前に各施設にお問い合わせください。",
        "checkin_checkout": "チェックイン: 13:00 ～ 17:00 / チェックアウト: 特になし ～ 10:00",
        "vehicle_size": "フルコン セミフルコン バスコン キャブコン バンコン トレーラー 軽キャン 一般車",
        "features": [
          "24時間利用OK",
          "入浴施設あり（施設内）",
          "温泉あり",
          "ごみ処理対応可（有料）",
          "電源あり（有料）",
          "発電機利用可(時間指定あり)",
          "水道あり（無料）",
          "ペットOK"
        ],
        "url": "https://www.kurumatabi.com/park/rvpark/593.html",
        "geocode_source": "auto"
      }
    },
    {
      "type": "Feature",
      "geometry": {
        "type": "Point",
        "coordinates": [
          138.736763,
          35.674098
        ]
      },
      "properties": {
        "name": "RVパーク甲州市勝沼ぶどうの丘",
        "pref": "山梨県",
        "address": "山梨県甲州市勝沼町菱山5093",
        "phone": "0553-44-2111",
        "fee": "一般: 1泊・1台につき 3,300円",
        "available_period": "通年 日祝 日祝の前日 春休み GW 夏休み お盆 冬休み 年末年始 平日 年末年始を含め年間利用可 （施設点検のため１月末頃に休館日有り） 施設により不定期のお休み・休業を設定している場合があります。ご利用可能日は事前に各施設にお問い合わせください。",
        "checkin_checkout": "チェックイン: 15:00 ～ 20:00 / チェックアウト: 特になし ～ 10:00",
        "vehicle_size": "キャブコン バンコン 軽キャン 一般車",
        "features": [
          "24時間利用OK",
          "入浴施設あり（施設内）",
          "湯沸かし浴槽あり",
          "ごみ処理対応可（無料）",
          "電源あり（無料）",
          "発電機・不可",
          "水道あり（無料）",
          "炊事場なし",
          "コインランドリー・なし",
          "ペットOK",
          "ドッグランなし",
          "WI-FIの利用・なし"
        ],
        "url": "https://www.kurumatabi.com/park/rvpark/733.html",
        "geocode_source": "auto"
      }
    },
    {
      "type": "Feature",
      "geometry": {
        "type": "Point",
        "coordinates": [
          138.687772,
          35.472477
        ]
      },
      "properties": {
        "name": "enico.Mt.Fuji Resort＆Glamping RVパーク",
        "pref": "山梨県",
        "address": "山梨県南都留郡鳴沢村字猿口7472-11",
        "phone": "08045776604",
        "fee": "一般: 1泊・1台につき 10,000円",
        "available_period": "通年 施設により不定期のお休み・休業を設定している場合があります。ご利用可能日は事前に各施設にお問い合わせください。",
        "checkin_checkout": "チェックイン: 15:00 ～ 18:00 / チェックアウト: 8:00 ～ 11:00",
        "vehicle_size": "フルコン セミフルコン バスコン キャブコン バンコン トレーラー 軽キャン 一般車 下記駐車場サイズもご確認ください。 利用可能かどうか判断がつかない場合は、施設までお問い合わせください。",
        "features": [
          "24時間利用OK",
          "温水洗浄便座あり",
          "入浴施設あり（車移動あり）",
          "温泉あり",
          "ダンプステーション・なし",
          "ごみ処理対応可（無料）",
          "電源あり（無料）",
          "発電機・不可",
          "水道あり（無料）",
          "炊事場なし",
          "コインランドリー・なし",
          "ペットOK",
          "ドッグランあり",
          "WI-FIの利用・なし",
          "旅館・ホテルの食事：朝食・不可",
          "旅館・ホテルの食事：夕食・不可",
          "旅館・ホテルの宿泊予約・不可"
        ],
        "url": "https://www.kurumatabi.com/park/rvpark/1338.html",
        "geocode_source": "auto"
      }
    },
    {
      "type": "Feature",
      "geometry": {
        "type": "Point",
        "coordinates": [
          138.481324,
          35.613007
        ]
      },
      "properties": {
        "name": "fumotto RVパーク",
        "pref": "山梨県",
        "address": "山梨県南アルプス市十日市場1571-1 fumotto南アルプス",
        "phone": "055-225-3151",
        "fee": "一般: 1台1泊2名様 シャワー無料・ゴミ袋1袋付き 4,400円",
        "available_period": "通年 施設により不定期のお休み・休業を設定している場合があります。ご利用可能日は事前に各施設にお問い合わせください。",
        "checkin_checkout": "チェックイン: 15:00 ～ 18:00 / チェックアウト: 9:00 ～ 12:00",
        "vehicle_size": "セミフルコン バスコン キャブコン バンコン トレーラー 軽キャン 一般車 その他 下記駐車場サイズもご確認ください。 利用可能かどうか判断がつかない場合は、施設までお問い合わせください。",
        "features": [
          "24時間利用OK",
          "入浴施設あり（施設内）",
          "シャワーあり",
          "ダンプステーション・なし",
          "ごみ処理対応可（有料）",
          "電源あり（有料）",
          "発電機・不可",
          "水道あり（無料）",
          "炊事場なし",
          "コインランドリー・なし",
          "ペットOK",
          "ドッグランなし",
          "WI-FIあり（無料）",
          "旅館・ホテルの食事：朝食・不可",
          "旅館・ホテルの食事：夕食・不可",
          "旅館・ホテルの宿泊予約・不可"
        ],
        "url": "https://www.kurumatabi.com/park/rvpark/1412.html",
        "geocode_source": "auto"
      }
    },
    {
      "type": "Feature",
      "geometry": {
        "type": "Point",
        "coordinates": [
          136.774169,
          35.734125
        ]
      },
      "properties": {
        "name": "RVパーク HESTA板取川温泉",
        "pref": "岐阜県",
        "address": "岐阜県関市板取4175番地9",
        "phone": "0581-57-2822",
        "fee": "一般: 平日 2,500円〜",
        "available_period": "通年 日祝 日祝の前日 春休み GW 夏休み お盆 冬休み 年末年始 平日 ・基本的に毎週水曜日は定休日をいただいております。 ・臨時休業あり。 ・詳しくは電話にてお問い合わせください。 施設により不定期のお休み・休業を設定している場合があります。ご利用可能日は事前に各施設にお問い合わせください。",
        "checkin_checkout": "チェックイン: 14:00 ～ 20:00 / チェックアウト: 8:00 ～ 11:00",
        "vehicle_size": "フルコン セミフルコン バスコン キャブコン バンコン トレーラー 軽キャン 一般車 その他 下記駐車場サイズもご確認ください。 利用可能かどうか判断がつかない場合は、施設までお問い合わせください。",
        "features": [
          "24時間利用OK",
          "暖房便座のみあり",
          "入浴施設あり（施設内）",
          "温泉あり",
          "ダンプステーション・なし",
          "ごみ処理対応可（無料）",
          "電源あり（無料）",
          "発電機利用可(時間指定なし)",
          "水道あり（無料）",
          "炊事場なし",
          "コインランドリー・なし",
          "ペットOK",
          "ドッグランなし",
          "WI-FIの利用・なし",
          "旅館・ホテルの食事：朝食・不可",
          "旅館・ホテルの食事：夕食・不可",
          "旅館・ホテルの宿泊予約・不可"
        ],
        "url": "https://www.kurumatabi.com/park/rvpark/1252.html",
        "geocode_source": "auto"
      }
    },
    {
      "type": "Feature",
      "geometry": {
        "type": "Point",
        "coordinates": [
          137.139226,
          35.353408
        ]
      },
      "properties": {
        "name": "RVパーク One Life garden",
        "pref": "岐阜県",
        "address": "岐阜県多治見市東栄町1-14-1",
        "phone": "0572-26-7145",
        "fee": "一般: 1泊・1台 3,300円",
        "available_period": "通年 日曜定休（チェックアウトが日曜はOK） 施設により不定期のお休み・休業を設定している場合があります。ご利用可能日は事前に各施設にお問い合わせください。",
        "checkin_checkout": "チェックイン: 15:00 ～ 17:00 / チェックアウト: 特になし ～ 10:30",
        "vehicle_size": "セミフルコン バスコン キャブコン バンコン 軽キャン 一般車 下記駐車場サイズもご確認ください。 利用可能かどうか判断がつかない場合は、施設までお問い合わせください。",
        "features": [
          "24時間利用OK",
          "温水洗浄便座あり",
          "入浴施設あり（車移動あり）",
          "温泉あり",
          "ダンプステーション・なし",
          "ごみ処理対応可（無料）",
          "電源あり（無料）",
          "発電機・不可",
          "水道あり（無料）",
          "炊事場あり",
          "ペットOK"
        ],
        "url": "https://www.kurumatabi.com/park/rvpark/1387.html",
        "geocode_source": "auto"
      }
    },
    {
      "type": "Feature",
      "geometry": {
        "type": "Point",
        "coordinates": [
          137.367926,
          35.478513
        ]
      },
      "properties": {
        "name": "RVパーク s-craft",
        "pref": "岐阜県",
        "address": "岐阜県恵那市笠置町毛呂窪字滝坂１７２０－１",
        "phone": "090-7851-1595",
        "fee": "1泊 3000円～4000円／1台 土日祝前日、GW,お盆、年末年始は1000円増し 電源利用料については、 電源の有無 の項目をご確認ください。 最新の料金は直接施設へ事前確認をお願いします。",
        "available_period": "通年 施設により不定期のお休み・休業を設定している場合があります。ご利用可能日は事前に各施設にお問い合わせください。",
        "checkin_checkout": "チェックイン: 13:00 ～ 17:00 / チェックアウト: 特になし ～ 10:00",
        "vehicle_size": "キャブコン バンコン 軽キャン 一般車 下記駐車場サイズもご確認ください。 利用可能かどうか判断がつかない場合は、施設までお問い合わせください。",
        "features": [
          "24時間利用OK",
          "温水洗浄便座あり",
          "入浴施設あり（施設内）",
          "シャワーあり",
          "ブラックOK",
          "ごみ処理対応可（有料）",
          "電源あり（無料）",
          "発電機・不可",
          "水道あり（無料）",
          "炊事場あり",
          "コインランドリー・なし",
          "ペットOK",
          "ドッグランなし",
          "旅館・ホテルの食事：朝食・不可",
          "旅館・ホテルの食事：夕食・不可",
          "宿泊予約OK"
        ],
        "url": "https://www.kurumatabi.com/park/rvpark/1366.html",
        "geocode_source": "auto"
      }
    },
    {
      "type": "Feature",
      "geometry": {
        "type": "Point",
        "coordinates": [
          137.280333,
          36.127628
        ]
      },
      "properties": {
        "name": "RVパーク おやど楽",
        "pref": "岐阜県",
        "address": "岐阜県高山市江名子町2044-17",
        "phone": "090-7493-0568",
        "fee": "一般: 1泊・1台につき 4,400円〜6,600円",
        "available_period": "通年 冬季は凍結のためスノータイヤ装着車でもアクセスできない場合がございます。 施設により不定期のお休み・休業を設定している場合があります。ご利用可能日は事前に各施設にお問い合わせください。",
        "checkin_checkout": "チェックイン: 15:00 ～ 18:00 / チェックアウト: 特になし ～ 10:00",
        "vehicle_size": "キャブコン バンコン 軽キャン 一般車 下記駐車場サイズもご確認ください。 利用可能かどうか判断がつかない場合は、施設までお問い合わせください。",
        "features": [
          "24時間利用OK",
          "温水洗浄便座あり",
          "入浴施設あり（施設内）",
          "シャワーあり",
          "ダンプステーション・なし",
          "ごみ処理対応現地相談（有料）",
          "電源あり（無料）",
          "発電機・不可",
          "水道あり（無料）",
          "炊事場あり",
          "コインランドリー・なし",
          "ペット・不可",
          "WI-FIあり（無料）",
          "旅館・ホテルの食事：朝食・不可",
          "旅館・ホテルの食事：夕食・不可",
          "宿泊予約OK"
        ],
        "url": "https://www.kurumatabi.com/park/rvpark/1266.html",
        "geocode_source": "auto"
      }
    },
    {
      "type": "Feature",
      "geometry": {
        "type": "Point",
        "coordinates": [
          136.469,
          35.259
        ]
      },
      "properties": {
        "name": "RVパーク かみいしづベース",
        "pref": "岐阜県",
        "address": "岐阜県大垣市上石津町上多良前ケ瀬入会1‐1",
        "phone": "0584-45-2287",
        "fee": "一般: 1泊・1台 3,300円〜4,950円",
        "available_period": "通年 12月28日～1月3日は休業 イベント等で休業を設定している場合があります。 施設により不定期のお休み・休業を設定している場合があります。ご利用可能日は事前に各施設にお問い合わせください。",
        "checkin_checkout": "チェックイン: 13:00 ～ 17:00 / チェックアウト: 特になし ～ 10:00",
        "vehicle_size": "セミフルコン バスコン キャブコン バンコン トレーラー 軽キャン 一般車 下記駐車場サイズもご確認ください。 利用可能かどうか判断がつかない場合は、施設までお問い合わせください。",
        "features": [
          "24時間利用OK",
          "温水洗浄便座あり",
          "入浴施設あり（施設内）",
          "シャワーあり",
          "ダンプステーション・なし",
          "ごみ処理対応可（無料）",
          "電源あり（無料）",
          "発電機・不可",
          "水道あり（無料）",
          "炊事場なし",
          "コインランドリー・なし",
          "ペットOK",
          "ドッグランなし",
          "WI-FIあり（無料）",
          "旅館・ホテルの食事：朝食・不可",
          "旅館・ホテルの食事：夕食・不可",
          "旅館・ホテルの宿泊予約・不可"
        ],
        "url": "https://www.kurumatabi.com/park/rvpark/1711.html",
        "geocode_source": "auto"
      }
    },
    {
      "type": "Feature",
      "geometry": {
        "type": "Point",
        "coordinates": [
          136.809781,
          35.965833
        ]
      },
      "properties": {
        "name": "RVパーク ウイングヒルズ 満天の湯",
        "pref": "岐阜県",
        "address": "岐阜県郡上市白鳥町石徹白136番地1-1",
        "phone": "080-5811-9030",
        "fee": "一般: 1泊1台につき 2,500円〜4,000円 / スタンダード会員: 1泊・1台につき 2,500円〜4,000円",
        "available_period": "日祝 日祝の前日 GW 夏休み お盆 2026年4月29日(金)～11月23日(月祝)の金土日祝(11/3除く)。及びゴールデンウィーク(4/29～5/6)、夏休み(7/25～8/30)は毎日 施設により不定期のお休み・休業を設定している場合があります。ご利用可能日は事前に各施設にお問い合わせください。",
        "checkin_checkout": "チェックイン: 14:00 ～ 17:00 / チェックアウト: 特になし ～ 11:00",
        "vehicle_size": "セミフルコン バスコン キャブコン バンコン トレーラー 軽キャン 一般車 下記駐車場サイズもご確認ください。 利用可能かどうか判断がつかない場合は、施設までお問い合わせください。",
        "features": [
          "24時間利用OK",
          "温水洗浄便座あり",
          "入浴施設あり（施設内）",
          "温泉あり",
          "ごみ処理対応可（無料）",
          "電源あり（無料）",
          "発電機・不可",
          "水道あり（無料）",
          "炊事場なし",
          "コインランドリー・なし",
          "ペットOK",
          "ドッグランあり",
          "WI-FIあり（無料）",
          "旅館・ホテルの食事：朝食・不可",
          "旅館・ホテルの食事：夕食・不可",
          "旅館・ホテルの宿泊予約・不可"
        ],
        "url": "https://www.kurumatabi.com/park/rvpark/1175.html",
        "geocode_source": "auto"
      }
    },
    {
      "type": "Feature",
      "geometry": {
        "type": "Point",
        "coordinates": [
          137.237515,
          35.806617
        ]
      },
      "properties": {
        "name": "RVパーク 大江戸温泉物語Premium 下呂本館",
        "pref": "岐阜県",
        "address": "岐阜県下呂市幸田1605",
        "phone": "050-3615-3456",
        "fee": "一般: 1泊 3,500円",
        "available_period": "通年 日祝 日祝の前日 春休み 夏休み 冬休み 平日 宿の休館日は、RVパークもご利用いただけません。 最新の休館情報につきましては、宿公式ホームページをご確認ください。 【宿HP：https://www.ooedoonsen.jp/gero-honkan/】 なお、災害や積雪などの影響により、予告なく急遽休業する場合がございます。あらかじめご了承ください。 施設により不定期のお休み・休業を設定している場合があります。ご利用可能日は事前に各施設にお問い合わせください。",
        "checkin_checkout": "チェックイン: 15:00 ～ 21:00 / チェックアウト: 特になし ～ 11:00",
        "vehicle_size": "キャブコン バンコン 軽キャン 一般車 下記駐車場サイズもご確認ください。 利用可能かどうか判断がつかない場合は、施設までお問い合わせください。",
        "features": [
          "24時間利用OK",
          "入浴施設あり（施設内）",
          "温泉あり",
          "ダンプステーション・なし",
          "ごみ処理対応可（無料）",
          "電源あり（有料）",
          "発電機・不可",
          "水道・なし",
          "ペットOK"
        ],
        "url": "https://www.kurumatabi.com/park/rvpark/1835.html",
        "geocode_source": "auto"
      }
    },
    {
      "type": "Feature",
      "geometry": {
        "type": "Point",
        "coordinates": [
          137.18532,
          35.525503
        ]
      },
      "properties": {
        "name": "RVパークsmart 天空の牧場 スクーデリアステラin八百津",
        "pref": "岐阜県",
        "address": "岐阜県加茂郡八百津町久田見166",
        "phone": "092-433-7370",
        "fee": "一般: 1泊1台 3,500円",
        "available_period": "通年 施設により不定期のお休み・休業を設定している場合があります。ご利用可能日は事前に各施設にお問い合わせください。",
        "checkin_checkout": "チェックイン: 13:00 ～ / チェックアウト: 特になし ～ 12:00",
        "vehicle_size": "キャブコン バンコン トレーラー 軽キャン 一般車 下記駐車場サイズもご確認ください。 利用可能かどうか判断がつかない場合は、施設までお問い合わせください。",
        "features": [
          "24時間利用OK",
          "入浴施設あり（施設内）",
          "シャワーあり",
          "ダンプステーション・なし",
          "ゴミ処理対応・不可",
          "電源あり（無料）",
          "発電機・不可",
          "水道あり（無料）",
          "ペットOK"
        ],
        "url": "https://www.kurumatabi.com/park/rvpark/1284.html",
        "geocode_source": "auto"
      }
    },
    {
      "type": "Feature",
      "geometry": {
        "type": "Point",
        "coordinates": [
          137.171894,
          35.528985
        ]
      },
      "properties": {
        "name": "RVパークあかね",
        "pref": "岐阜県",
        "address": "岐阜県加茂郡八百津町久田見1220-6",
        "phone": "0574-49-2211",
        "fee": "一般: 1泊・1台につき 5,500円 / スタンダード会員: 1泊・1台につき 5,500円 / プレミアム会員: 1泊・1台につき 5,500円",
        "available_period": "通年 日祝 日祝の前日 春休み GW 夏休み お盆 冬休み 年末年始 平日 施設により不定期のお休み・休業を設定している場合があります。ご利用可能日は事前に各施設にお問い合わせください。",
        "checkin_checkout": "チェックイン: 12:00 ～ 18:00 / チェックアウト: 7:00 ～ 11:00",
        "vehicle_size": "フルコン セミフルコン バスコン キャブコン バンコン トレーラー 軽キャン 一般車 下記駐車場サイズもご確認ください。 利用可能かどうか判断がつかない場合は、施設までお問い合わせください。",
        "features": [
          "24時間利用OK",
          "温水洗浄便座あり",
          "入浴施設あり（施設内）",
          "シャワーあり",
          "ダンプステーション・なし",
          "ごみ処理対応現地相談（有料）",
          "電源あり（無料）",
          "発電機・不可",
          "水道あり（無料）",
          "炊事場なし",
          "コインランドリー・なし",
          "ペットOK",
          "ドッグランなし",
          "WI-FIあり（無料）",
          "朝食予約OK",
          "夕食予約OK",
          "宿泊予約OK"
        ],
        "url": "https://www.kurumatabi.com/park/rvpark/1088.html",
        "geocode_source": "auto"
      }
    },
    {
      "type": "Feature",
      "geometry": {
        "type": "Point",
        "coordinates": [
          136.96134,
          35.68809
        ]
      },
      "properties": {
        "name": "RVパークライト R156 深戸城下陣屋",
        "pref": "岐阜県",
        "address": "岐阜県郡上市美並町三戸382-1",
        "phone": "090-1696-2083",
        "fee": "一般: サイト#01、#02 電源あり 4,400円 / 一般: #04 軽自動車専用・電源なし 3,300円",
        "available_period": "通年 年末年始は休業です。 施設により不定期のお休み・休業を設定している場合があります。ご利用可能日は事前に各施設にお問い合わせください。",
        "checkin_checkout": "チェックイン: 13:00 ～ 20:00 / チェックアウト: 6:00 ～ 11:00",
        "vehicle_size": "バスコン キャブコン バンコン 軽キャン 一般車 下記駐車場サイズもご確認ください。 利用可能かどうか判断がつかない場合は、施設までお問い合わせください。",
        "features": [
          "24時間利用OK",
          "温水洗浄便座あり",
          "入浴施設あり（車移動あり）",
          "湯沸かし浴槽あり",
          "ダンプステーション・なし",
          "ゴミ処理対応・不可",
          "電源あり（無料）",
          "発電機・不可",
          "水道あり（無料）",
          "炊事場なし",
          "コインランドリー・なし",
          "ペットOK",
          "ドッグランなし",
          "WI-FIの利用・なし",
          "旅館・ホテルの食事：朝食・不可",
          "旅館・ホテルの食事：夕食・不可",
          "旅館・ホテルの宿泊予約・不可"
        ],
        "url": "https://www.kurumatabi.com/park/rvpark/1561.html",
        "geocode_source": "auto"
      }
    },
    {
      "type": "Feature",
      "geometry": {
        "type": "Point",
        "coordinates": [
          137.023623,
          35.607416
        ]
      },
      "properties": {
        "name": "RVパークライト 上之保温泉",
        "pref": "岐阜県",
        "address": "岐阜県関市上之保 672番地",
        "phone": "0575471022",
        "fee": "一般: 1泊1台 3,000円",
        "available_period": "通年 水曜日定休日 施設により不定期のお休み・休業を設定している場合があります。ご利用可能日は事前に各施設にお問い合わせください。",
        "checkin_checkout": "チェックイン: 16:00 ～ 20:30 / チェックアウト: 9:00 ～ 10:00",
        "vehicle_size": "キャブコン バンコン トレーラー 軽キャン 一般車 下記駐車場サイズもご確認ください。 利用可能かどうか判断がつかない場合は、施設までお問い合わせください。",
        "features": [
          "24時間利用OK",
          "入浴施設あり（徒歩圏内あり）",
          "温泉あり",
          "ダンプステーション・なし",
          "ゴミ処理対応・不可",
          "電源あり（無料）",
          "発電機・不可",
          "水道あり（無料）",
          "炊事場なし",
          "コインランドリー・なし",
          "ペットOK",
          "ドッグランなし",
          "WI-FIあり（無料）"
        ],
        "url": "https://www.kurumatabi.com/park/rvpark/1525.html",
        "geocode_source": "auto"
      }
    },
    {
      "type": "Feature",
      "geometry": {
        "type": "Point",
        "coordinates": [
          137.006429,
          35.421652
        ]
      },
      "properties": {
        "name": "RVパーク湯の華RVキャンプ場",
        "pref": "岐阜県",
        "address": "岐阜県可児市土田大脇4733-4",
        "phone": "0574-26-1187",
        "fee": "利用料金1泊3,000円／1台(トレーラー含む)※大型区画は1泊5,000円／1台 【利用可能台数】16台 電源利用料については、 電源の有無 の項目をご確認ください。 最新の料金は直接施設へ事前確認をお願いします。",
        "available_period": "通年 日祝 日祝の前日 春休み GW 夏休み お盆 冬休み 年末年始 平日 施設により不定期のお休み・休業を設定している場合があります。ご利用可能日は事前に各施設にお問い合わせください。",
        "checkin_checkout": "チェックイン: 11:00 ～ / チェックアウト: ～ 10:00",
        "vehicle_size": "セミフルコン バスコン キャブコン バンコン 軽キャン",
        "features": [
          "ごみ処理可能",
          "電源あり",
          "水道あり",
          "発電機OK",
          "入浴施設あり",
          "ペットOK",
          "プレミアム会員特典あり",
          "24時間トイレあり",
          "ダンプステーションあり"
        ],
        "url": "https://www.kurumatabi.com/park/rvpark/789.html",
        "geocode_source": "auto"
      }
    },
    {
      "type": "Feature",
      "geometry": {
        "type": "Point",
        "coordinates": [
          137.008654,
          35.787547
        ]
      },
      "properties": {
        "name": "RVパーク郡上八幡",
        "pref": "岐阜県",
        "address": "岐阜県郡上市八幡町初納1430-2",
        "phone": "090-4114-1370",
        "fee": "一般: 1泊・1台につき 3,000円〜5,000円",
        "available_period": "通年 積雪が多い土地柄、天候によってはご利用をご遠慮いただく場合がございます。 ※公式ホームページやインスタグラムで随時情報発信しています。 ご予約・お問い合わせ時間 ■AM09:00〜PM18:00 お問合せ先 ■090-4114-1370 定休日 ■第1日曜日・毎週月曜 施設により不定期のお休み・休業を設定している場合があります。ご利用可能日は事前に各施設にお問い合わせください。",
        "checkin_checkout": "チェックイン: 14:00 ～ 18:00 / チェックアウト: 特になし ～ 10:00",
        "vehicle_size": "セミフルコン バスコン キャブコン バンコン トレーラー 軽キャン 一般車 その他 下記駐車場サイズもご確認ください。 利用可能かどうか判断がつかない場合は、施設までお問い合わせください。",
        "features": [
          "24時間利用OK",
          "温水洗浄便座あり",
          "入浴施設あり（車移動あり）",
          "温泉あり",
          "ダンプステーション・なし",
          "ごみ処理対応可（有料）",
          "電源あり（無料）",
          "発電機・不可",
          "水道あり（無料）",
          "炊事場なし",
          "コインランドリー・なし",
          "ペットOK",
          "ドッグランあり",
          "WI-FIあり（無料）",
          "旅館・ホテルの食事：朝食・不可",
          "旅館・ホテルの食事：夕食・不可",
          "旅館・ホテルの宿泊予約・不可"
        ],
        "url": "https://www.kurumatabi.com/park/rvpark/1248.html",
        "geocode_source": "auto"
      }
    },
    {
      "type": "Feature",
      "geometry": {
        "type": "Point",
        "coordinates": [
          137.190519,
          36.414203
        ]
      },
      "properties": {
        "name": "RVパーク飛騨まんが王国",
        "pref": "岐阜県",
        "address": "岐阜県飛騨市宮川町杉原110番地",
        "phone": "0577-62-3259",
        "fee": "一般: 1泊・1台につき 1,500円",
        "available_period": "日祝 日祝の前日 春休み GW 夏休み お盆 平日 ■木曜日はご利用いただけません。 ■冬期間（12月～3月）は降雪のため基本ご利用いただけません。（天気により可能な場合もありますのでお問い合わせください） 施設により不定期のお休み・休業を設定している場合があります。ご利用可能日は事前に各施設にお問い合わせください。",
        "checkin_checkout": "チェックイン: 13:00 ～ 18:00 / チェックアウト: 4:00 ～ 10:00",
        "vehicle_size": "フルコン セミフルコン バスコン キャブコン バンコン トレーラー 軽キャン 下記駐車場サイズもご確認ください。 利用可能かどうか判断がつかない場合は、施設までお問い合わせください。",
        "features": [
          "24時間利用OK",
          "温水洗浄便座あり",
          "入浴施設あり（施設内）",
          "温泉あり",
          "ごみ処理対応可（有料）",
          "発電機・不可",
          "水道あり（無料）",
          "炊事場なし",
          "コインランドリー・なし",
          "ペットOK",
          "ドッグランなし",
          "WI-FIの利用・なし",
          "旅館・ホテルの食事：朝食・不可",
          "旅館・ホテルの食事：夕食・不可",
          "宿泊予約OK"
        ],
        "url": "https://www.kurumatabi.com/park/rvpark/740.html",
        "geocode_source": "auto"
      }
    },
    {
      "type": "Feature",
      "geometry": {
        "type": "Point",
        "coordinates": [
          137.126,
          35.472
        ]
      },
      "properties": {
        "name": "けものみち 森の離れ-RV STAY-",
        "pref": "岐阜県",
        "address": "岐阜県加茂郡八百津町伊岐津志2839-2",
        "phone": "080-4051-1097",
        "fee": "一般: 1泊・1台（トレーラー含む）につき 8,800円〜13,200円",
        "available_period": "通年 臨時休業となる場合がございます。営業日は予約カレンダーをご確認ください。 施設により不定期のお休み・休業を設定している場合があります。ご利用可能日は事前に各施設にお問い合わせください。",
        "checkin_checkout": "チェックイン: 16:00 ～ 19:00 / チェックアウト: 6:00 ～ 10:00",
        "vehicle_size": "フルコン セミフルコン バスコン キャブコン バンコン トレーラー 軽キャン 一般車 その他 下記駐車場サイズもご確認ください。 利用可能かどうか判断がつかない場合は、施設までお問い合わせください。",
        "features": [
          "24時間利用OK",
          "温水洗浄便座あり",
          "入浴施設あり（施設内）",
          "湯沸かし浴槽あり",
          "ごみ処理対応可（無料）",
          "電源あり（無料）",
          "発電機利用可(時間指定あり)",
          "水道あり（無料）",
          "ペットOK"
        ],
        "url": "https://www.kurumatabi.com/park/rvpark/1698.html",
        "geocode_source": "auto"
      }
    },
    {
      "type": "Feature",
      "geometry": {
        "type": "Point",
        "coordinates": [
          136.558073,
          35.297382
        ]
      },
      "properties": {
        "name": "養老温泉　ゆせんの里",
        "pref": "岐阜県",
        "address": "岐阜県養老郡養老町押越1374-50",
        "phone": "0584-34-1313",
        "fee": "一般: 1泊・1台電源付き 5,940円 / 一般: 1泊・1台ドッグラン、電源付き 6,930円 / スタンダード会員: 1泊・1台に電源付き 5,940円 / スタンダード会員: 1泊・1台ドッグラン、電源付き 6,930円 / プレミアム会員: 1泊・1台に電源付き 5,940円 / プレミアム会員: 1泊・1台ドッグラン、電源付き 6,930円",
        "available_period": "通年 施設メンテナンス等で不定期のお休みを設定している場合があります。 施設により不定期のお休み・休業を設定している場合があります。ご利用可能日は事前に各施設にお問い合わせください。",
        "checkin_checkout": "チェックイン: 13:00 ～ 17:00 / チェックアウト: 8:00 ～ 11:00",
        "vehicle_size": "キャブコン バンコン 軽キャン 一般車 下記駐車場サイズもご確認ください。 利用可能かどうか判断がつかない場合は、施設までお問い合わせください。",
        "features": [
          "24時間利用OK",
          "温水洗浄便座あり",
          "入浴施設あり（施設内）",
          "温泉あり",
          "ダンプステーション・なし",
          "ごみ処理対応可（無料）",
          "電源あり（無料）",
          "発電機・不可",
          "水道あり（無料）",
          "炊事場なし",
          "コインランドリー・なし",
          "ペットOK",
          "ドッグランあり",
          "WI-FIの利用・なし",
          "朝食予約OK",
          "夕食予約OK",
          "宿泊予約OK"
        ],
        "url": "https://www.kurumatabi.com/park/rvpark/1185.html",
        "geocode_source": "auto"
      }
    },
    {
      "type": "Feature",
      "geometry": {
        "type": "Point",
        "coordinates": [
          134.15268,
          34.7945
        ]
      },
      "properties": {
        "name": "RVパーク ショッピングセンターサンモール",
        "pref": "岡山県",
        "address": "岡山県和気郡和気町福富510",
        "phone": "0869-93-3635",
        "fee": "1区画￥2,500(税抜き) ※電気、水道、ごみ回収の料金が含まれます。 電源利用料については、 電源の有無 の項目をご確認ください。 最新の料金は直接施設へ事前確認をお願いします。",
        "available_period": "通年 施設により不定期のお休み・休業を設定している場合があります。ご利用可能日は事前に各施設にお問い合わせください。",
        "checkin_checkout": "チェックイン: 18:00 ～ / チェックアウト: 9:00 ～",
        "vehicle_size": "フルコン セミフルコン バスコン キャブコン バンコン トレーラー 軽キャン 一般車",
        "features": [
          "24時間利用OK",
          "入浴施設あり（車移動あり）",
          "温泉あり",
          "ごみ処理対応可（無料）",
          "電源あり（無料）",
          "発電機・不可",
          "水道あり（無料）",
          "ペットOK"
        ],
        "url": "https://www.kurumatabi.com/park/rvpark/1599.html",
        "geocode_source": "auto"
      }
    },
    {
      "type": "Feature",
      "geometry": {
        "type": "Point",
        "coordinates": [
          133.73549,
          35.186965
        ]
      },
      "properties": {
        "name": "RVパーク 下湯原温泉ひまわり館",
        "pref": "岡山県",
        "address": "岡山県真庭市下湯原24-1",
        "phone": "0867-62-7080",
        "fee": "一般: 1泊・1台につき(2人まで） 2,500円 / スタンダード会員: 1泊・1台につき 2,500円 / プレミアム会員: 1泊・1台につき 2,500円",
        "available_period": "通年 日祝 日祝の前日 春休み 夏休み 冬休み 平日 火曜日は定休日となります。 GW,お盆、年末年始、また気候（特に冬季）により休館する場合がございます。 施設により不定期のお休み・休業を設定している場合があります。ご利用可能日は事前に各施設にお問い合わせください。",
        "checkin_checkout": "チェックイン: 15:00 ～ 17:00 / チェックアウト: 特になし ～ 11:00",
        "vehicle_size": "フルコン セミフルコン バスコン キャブコン バンコン トレーラー 軽キャン 一般車 下記駐車場サイズもご確認ください。 利用可能かどうか判断がつかない場合は、施設までお問い合わせください。",
        "features": [
          "24時間利用OK",
          "暖房便座のみあり",
          "入浴施設あり（施設内）",
          "温泉あり",
          "ダンプステーション・なし",
          "ごみ処理対応可（有料）",
          "電源あり（有料）",
          "発電機・不可",
          "水道あり（無料）",
          "炊事場なし",
          "コインランドリー・なし",
          "ペットOK",
          "ドッグランあり",
          "WI-FIの利用・なし",
          "旅館・ホテルの食事：朝食・不可",
          "旅館・ホテルの食事：夕食・不可",
          "旅館・ホテルの宿泊予約・不可"
        ],
        "url": "https://www.kurumatabi.com/park/rvpark/1186.html",
        "geocode_source": "auto"
      }
    },
    {
      "type": "Feature",
      "geometry": {
        "type": "Point",
        "coordinates": [
          134.2758,
          34.73065
        ]
      },
      "properties": {
        "name": "RVパーク 優　活(ゆうかつ)",
        "pref": "岡山県",
        "address": "岡山県備前市日生町日生641-17",
        "phone": "090-7051-0008",
        "fee": "一般: １泊・１台につき 3,850円〜4,950円",
        "available_period": "通年 日祝 日祝の前日 春休み GW 夏休み お盆 冬休み 年末年始 平日 施設により不定期のお休み・休業を設定している場合があります。ご利用可能日は事前に各施設にお問い合わせください。",
        "checkin_checkout": "チェックイン: 14:00 ～ 18:00 / チェックアウト: 特になし ～ 12:00",
        "vehicle_size": "フルコン セミフルコン バスコン キャブコン バンコン トレーラー 軽キャン 一般車 下記駐車場サイズもご確認ください。 利用可能かどうか判断がつかない場合は、施設までお問い合わせください。",
        "features": [
          "24時間利用OK",
          "温水洗浄便座あり",
          "入浴施設あり（徒歩圏内あり）",
          "温泉あり",
          "ダンプステーション・なし",
          "ごみ処理対応可（有料）",
          "電源あり（無料）",
          "発電機利用可(時間指定あり)",
          "水道あり（無料）",
          "炊事場あり",
          "コインランドリー・なし",
          "ペットOK",
          "ドッグランなし",
          "WI-FIあり（無料）",
          "旅館・ホテルの食事：朝食・不可",
          "旅館・ホテルの食事：夕食・不可",
          "旅館・ホテルの宿泊予約・不可"
        ],
        "url": "https://www.kurumatabi.com/park/rvpark/1374.html",
        "geocode_source": "auto"
      }
    },
    {
      "type": "Feature",
      "geometry": {
        "type": "Point",
        "coordinates": [
          134.137237,
          34.599542
        ]
      },
      "properties": {
        "name": "RVパーク 海星の丘",
        "pref": "岡山県",
        "address": "岡山県瀬戸内市牛窓町鹿忍6422-16",
        "phone": "080-4559-4188",
        "fee": "A-1～7 4,000円 B-1～3 5,000円 C-1～3 3,500円 DX-1 7,000円 DX-2 8,000円 Eサイト 2,500円（コンセント・水道無し） ※土日祝は1000円追加 電源利用料については、 電源の有無 の項目をご確認ください。 最新の料金は直接施設へ事前確認をお願いします。",
        "available_period": "通年 施設により不定期のお休み・休業を設定している場合があります。ご利用可能日は事前に各施設にお問い合わせください。",
        "checkin_checkout": "チェックイン: 12:00 ～ 17:00 / チェックアウト: 6:00 ～ 11:00",
        "vehicle_size": "フルコン セミフルコン バスコン キャブコン バンコン トレーラー 軽キャン 一般車",
        "features": [
          "24時間利用OK",
          "温水洗浄便座あり",
          "入浴施設あり（車移動あり）",
          "温泉あり",
          "ブラック・グレーOK",
          "ごみ処理対応可（有料）",
          "電源あり（無料）",
          "発電機・不可",
          "水道あり（無料）",
          "炊事場あり",
          "コインランドリー・なし",
          "ペットOK",
          "ドッグランなし",
          "WI-FIの利用・なし",
          "旅館・ホテルの食事：朝食・不可",
          "旅館・ホテルの食事：夕食・不可",
          "旅館・ホテルの宿泊予約・不可"
        ],
        "url": "https://www.kurumatabi.com/park/rvpark/1535.html",
        "geocode_source": "auto"
      }
    },
    {
      "type": "Feature",
      "geometry": {
        "type": "Point",
        "coordinates": [
          133.592914,
          34.659637
        ]
      },
      "properties": {
        "name": "RVパーク 矢掛本陣憩いのキャンプ場",
        "pref": "岡山県",
        "address": "岡山県小田郡矢掛町下高末2175-2",
        "phone": "080-3890-1571",
        "fee": "■オートサイト12ｍ×12ｍ 5,000円 ■貸切 五右衛門風呂サイト12m×12ｍ 15,000円 ■ドッグサイト 1番サイト 23m×12m 4番サイト 19m×14m 5番サイト 24m×27m 12,000円 電源利用料については、 電源の有無 の項目をご確認ください。 最新の料金は直接施設へ事前確認をお願いします。",
        "available_period": "通年 施設により不定期のお休み・休業を設定している場合があります。ご利用可能日は事前に各施設にお問い合わせください。",
        "checkin_checkout": "チェックイン: 12:00 ～ 19:00 / チェックアウト: 7:00 ～ 11:00",
        "vehicle_size": "フルコン セミフルコン バスコン キャブコン バンコン トレーラー 軽キャン 一般車 下記駐車場サイズもご確認ください。 利用可能かどうか判断がつかない場合は、施設までお問い合わせください。",
        "features": [
          "24時間利用OK",
          "入浴施設あり（施設内）",
          "シャワーあり",
          "ごみ処理対応可（有料）",
          "電源あり（無料）",
          "発電機・不可",
          "水道あり（無料）",
          "ペットOK"
        ],
        "url": "https://www.kurumatabi.com/park/rvpark/1529.html",
        "geocode_source": "auto"
      }
    },
    {
      "type": "Feature",
      "geometry": {
        "type": "Point",
        "coordinates": [
          133.878084,
          34.624188
        ]
      },
      "properties": {
        "name": "RVパークsmart ひとやね",
        "pref": "岡山県",
        "address": "岡山県岡山市南区古新田1391-1",
        "phone": "092-433-7370",
        "fee": "一般: 1泊・1台につき（RV2・3） 4,000円 / 一般: 1泊・1台につき（RV1・4） 5,000円",
        "available_period": "通年 施設により不定期のお休み・休業を設定している場合があります。ご利用可能日は事前に各施設にお問い合わせください。",
        "checkin_checkout": "チェックイン: 18:00 ～ / チェックアウト: 特になし ～ 9:00",
        "vehicle_size": "バスコン キャブコン バンコン トレーラー 軽キャン 一般車 その他 下記駐車場サイズもご確認ください。 利用可能かどうか判断がつかない場合は、施設までお問い合わせください。",
        "features": [
          "24時間利用OK",
          "入浴施設あり（車移動あり）",
          "温泉あり",
          "ごみ処理対応可（無料）",
          "電源あり（無料）",
          "発電機・不可",
          "水道・なし",
          "炊事場なし",
          "ペットOK",
          "ドッグランなし"
        ],
        "url": "https://www.kurumatabi.com/park/rvpark/1483.html",
        "geocode_source": "auto"
      }
    },
    {
      "type": "Feature",
      "geometry": {
        "type": "Point",
        "coordinates": [
          133.64446,
          34.58269
        ]
      },
      "properties": {
        "name": "RVパークとのやま山荘",
        "pref": "岡山県",
        "address": "岡山県倉敷市玉島道口5392",
        "phone": "070-8331-7291",
        "fee": "一般: 1泊/1台 3,300円",
        "available_period": "通年 デイキャンプのチェックインとチェックアウトの時間は宿泊の予約状況によるので電話にてお問い合わせ下さい 施設により不定期のお休み・休業を設定している場合があります。ご利用可能日は事前に各施設にお問い合わせください。",
        "checkin_checkout": "チェックイン: 15:00 ～ 特になし / チェックアウト: 特になし ～ 10:00",
        "vehicle_size": "セミフルコン バスコン キャブコン バンコン トレーラー 軽キャン 一般車 下記駐車場サイズもご確認ください。 利用可能かどうか判断がつかない場合は、施設までお問い合わせください。",
        "features": [
          "24時間利用OK",
          "温水洗浄便座あり",
          "入浴施設あり（車移動あり）",
          "温泉あり",
          "ごみ処理対応可（有料）",
          "電源あり（無料）",
          "発電機・不可",
          "水道あり（無料）",
          "ペットOK",
          "ドッグランなし"
        ],
        "url": "https://www.kurumatabi.com/park/rvpark/709.html",
        "geocode_source": "auto"
      }
    },
    {
      "type": "Feature",
      "geometry": {
        "type": "Point",
        "coordinates": [
          133.731387,
          35.194934
        ]
      },
      "properties": {
        "name": "RVパークゆばら湯っ足り広場",
        "pref": "岡山県",
        "address": "岡山県真庭市豊栄1525-1",
        "phone": "0867-62-2011",
        "fee": "一般: 1泊/1台 1,000円",
        "available_period": "通年 日祝 日祝の前日 春休み GW 夏休み お盆 冬休み 年末年始 平日 施設により不定期のお休み・休業を設定している場合があります。ご利用可能日は事前に各施設にお問い合わせください。",
        "checkin_checkout": "チェックイン: 13:00 ～ 16:00 / チェックアウト: 特になし ～ 11:00",
        "vehicle_size": "フルコン セミフルコン バスコン キャブコン バンコン トレーラー 軽キャン 一般車",
        "features": [
          "24時間利用OK",
          "温水洗浄便座あり",
          "入浴施設あり（施設内）",
          "温泉あり",
          "ごみ処理対応可（有料）",
          "電源あり（有料）",
          "発電機・不可",
          "水道あり（無料）",
          "ペットOK"
        ],
        "url": "https://www.kurumatabi.com/park/rvpark/649.html",
        "geocode_source": "auto"
      }
    },
    {
      "type": "Feature",
      "geometry": {
        "type": "Point",
        "coordinates": [
          134.313154,
          34.733189
        ]
      },
      "properties": {
        "name": "RVパークライト COSTA HINASE RESORT",
        "pref": "岡山県",
        "address": "岡山県備前市日生町寒河38番",
        "phone": "0869-74-0500",
        "fee": "一般: Stay Camp １区画サイト 芝生有テント張OK 陸電有 5,500円 / 一般: Stay Camp RVPAKU専用 陸電有 4,000円",
        "available_period": "日祝 春休み GW 夏休み 冬休み 平日 営業が不定期な場合があります。ご利用の際はお電話にてご確認ください。（基本 火曜日 水曜日はお休みです） 施設により不定期のお休み・休業を設定している場合があります。ご利用可能日は事前に各施設にお問い合わせください。",
        "checkin_checkout": "チェックイン: 10:00 ～ 11:30 / チェックアウト: 14:00 ～ 16:00",
        "vehicle_size": "セミフルコン キャブコン バンコン 軽キャン 一般車 その他",
        "features": [
          "24時間利用OK",
          "和式トイレ",
          "入浴施設あり（車移動あり）",
          "温泉あり",
          "ゴミ処理対応・不可",
          "電源あり（有料）",
          "発電機利用可(時間指定あり)",
          "水道あり（無料）",
          "コインランドリー・なし",
          "ペットOK",
          "ドッグランあり",
          "WI-FIあり（無料）",
          "旅館・ホテルの食事：朝食・不可",
          "旅館・ホテルの食事：夕食・不可",
          "宿泊予約OK"
        ],
        "url": "https://www.kurumatabi.com/park/rvpark/1385.html",
        "geocode_source": "auto"
      }
    },
    {
      "type": "Feature",
      "geometry": {
        "type": "Point",
        "coordinates": [
          133.763117,
          34.661278
        ]
      },
      "properties": {
        "name": "RVパーク農マル園芸吉備路農園",
        "pref": "岡山県",
        "address": "岡山県総社市西郡411-1",
        "phone": "0866-94-6755",
        "fee": "一般: 1泊/1台 2,500円 / プレミアム会員: 1泊/1台 2,000円",
        "available_period": "通年 日祝 日祝の前日 春休み GW 夏休み お盆 冬休み 年末年始 平日 12月31日昼～1月2日は休園となっております ※その他当農園が指定するイベント開催日等の利用はできません 施設により不定期のお休み・休業を設定している場合があります。ご利用可能日は事前に各施設にお問い合わせください。",
        "checkin_checkout": "チェックイン: 12:00 ～ 16:00 / チェックアウト: 特になし ～ 12:00",
        "vehicle_size": "フルコン セミフルコン バスコン キャブコン バンコン トレーラー 軽キャン 一般車",
        "features": [
          "24時間利用OK",
          "温水洗浄便座あり",
          "入浴施設あり（施設内）",
          "シャワーあり",
          "ごみ処理対応可（無料）",
          "電源あり（有料）",
          "発電機利用可(時間指定なし)",
          "水道あり（無料）",
          "ペットOK",
          "ドッグランあり"
        ],
        "url": "https://www.kurumatabi.com/park/rvpark/676.html",
        "geocode_source": "auto"
      }
    },
    {
      "type": "Feature",
      "geometry": {
        "type": "Point",
        "coordinates": [
          140.977119,
          39.905151
        ]
      },
      "properties": {
        "name": "RVパーク DynaBase APPI",
        "pref": "岩手県",
        "address": "岩手県八幡平市松尾寄木第一地割６１８－４６",
        "phone": "050-5539-5163",
        "fee": "一般: 1泊・1サイトにつき 3,000円〜4,000円 / スタンダード会員: 1泊・1サイトにつき 3,000円〜4,000円 / プレミアム会員: 1泊・1サイトにつき 3,000円〜4,000円",
        "available_period": "通年 ホワイトシーズン（11月1日～4月30日）は通常料金＋1サイト・1泊につき税込1200円の除雪予備金。 グリーンシーズン（5月1日～10月30日）は通常料金。 施設により不定期のお休み・休業を設定している場合があります。ご利用可能日は事前に各施設にお問い合わせください。",
        "checkin_checkout": "チェックイン: 13:00 ～ 23:30 / チェックアウト: 0:00 ～ 11:00",
        "vehicle_size": "フルコン セミフルコン バスコン キャブコン バンコン トレーラー 軽キャン 一般車 下記駐車場サイズもご確認ください。 利用可能かどうか判断がつかない場合は、施設までお問い合わせください。",
        "features": [
          "24時間利用OK",
          "温水洗浄便座あり",
          "入浴施設あり（徒歩圏内あり）",
          "温泉あり",
          "ブラック・グレーOK",
          "ごみ処理対応可（無料）",
          "電源あり（無料）",
          "発電機・不可",
          "水道あり（無料）",
          "炊事場あり",
          "コインランドリーあり",
          "ペットOK",
          "ドッグランなし",
          "WI-FIあり（無料）",
          "旅館・ホテルの食事：朝食・不可",
          "旅館・ホテルの食事：夕食・不可",
          "旅館・ホテルの宿泊予約・不可"
        ],
        "url": "https://www.kurumatabi.com/park/rvpark/1400.html",
        "geocode_source": "auto"
      }
    },
    {
      "type": "Feature",
      "geometry": {
        "type": "Point",
        "coordinates": [
          141.641278,
          39.014147
        ]
      },
      "properties": {
        "name": "RVパーク キャピタルホテル1000",
        "pref": "岩手県",
        "address": "岩手県陸前高田市高田町字長砂60-1 キャピタルホテル1000",
        "phone": "0192-55-3111",
        "fee": "1泊 4,000円（税込）／1台(トレーラー含む) ※区画利用料金に既に入浴料(通常600円)が含まれております。 ※時期により利用料金が変動する場合がございます。 電源利用料については、 電源の有無 の項目をご確認ください。 最新の料金は直接施設へ事前確認をお願いします。",
        "available_period": "通年 施設により不定期のお休み・休業を設定している場合があります。ご利用可能日は事前に各施設にお問い合わせください。",
        "checkin_checkout": "チェックイン: 13:00 ～ / チェックアウト: 6:00 ～ 11:00",
        "vehicle_size": "キャブコン バンコン トレーラー 軽キャン 一般車 下記駐車場サイズもご確認ください。 利用可能かどうか判断がつかない場合は、施設までお問い合わせください。",
        "features": [
          "24時間利用OK",
          "温水洗浄便座あり",
          "入浴施設あり（施設内）",
          "湯沸かし浴槽あり",
          "ダンプステーション・なし",
          "ごみ処理対応可（無料）",
          "電源あり（有料）",
          "発電機・不可",
          "水道あり（無料）",
          "炊事場なし",
          "コインランドリーあり",
          "ペットOK",
          "ドッグランなし",
          "WI-FIあり（無料）",
          "朝食予約OK",
          "夕食予約OK",
          "宿泊予約OK"
        ],
        "url": "https://www.kurumatabi.com/park/rvpark/1480.html",
        "geocode_source": "auto"
      }
    },
    {
      "type": "Feature",
      "geometry": {
        "type": "Point",
        "coordinates": [
          141.619927,
          39.011224
        ]
      },
      "properties": {
        "name": "RVパーク ワタミオーガニックランド",
        "pref": "岩手県",
        "address": "岩手県陸前高田市気仙町字土手影309",
        "phone": "0192-53-2107",
        "fee": "一般: 1泊・1台 3,000円",
        "available_period": "通年 イベント等により利用不可の場合があります。 ご心配な場合は事前にご連絡ください。 施設により不定期のお休み・休業を設定している場合があります。ご利用可能日は事前に各施設にお問い合わせください。",
        "checkin_checkout": "チェックイン: 12:00 ～ 17:00 / チェックアウト: 0:00 ～ 11:00",
        "vehicle_size": "フルコン セミフルコン バスコン キャブコン バンコン トレーラー 軽キャン 一般車 その他 下記駐車場サイズもご確認ください。 利用可能かどうか判断がつかない場合は、施設までお問い合わせください。",
        "features": [
          "24時間利用OK",
          "温水洗浄便座あり",
          "入浴施設あり（施設内）",
          "シャワーあり",
          "ごみ処理対応可（無料）",
          "電源あり（無料）",
          "発電機利用可(時間指定あり)",
          "水道あり（無料）",
          "炊事場なし",
          "コインランドリー・なし",
          "ペットOK",
          "ドッグランなし",
          "WI-FIの利用・なし",
          "旅館・ホテルの食事：朝食・不可",
          "旅館・ホテルの食事：夕食・不可",
          "旅館・ホテルの宿泊予約・不可"
        ],
        "url": "https://www.kurumatabi.com/park/rvpark/1352.html",
        "geocode_source": "auto"
      }
    },
    {
      "type": "Feature",
      "geometry": {
        "type": "Point",
        "coordinates": [
          141.21517,
          38.90206
        ]
      },
      "properties": {
        "name": "RVパーク 一関弥栄",
        "pref": "岩手県",
        "address": "岩手県一関市弥栄字釜ノ沢３８－２９１",
        "phone": "070-8555-2929",
        "fee": "一般: 1泊・1台につき 2,000円〜4,000円",
        "available_period": "通年 ◆水曜日・木曜日 定休日 ただし祝日の場合は営業、連泊の場合は応相談 施設により不定期のお休み・休業を設定している場合があります。ご利用可能日は事前に各施設にお問い合わせください。",
        "checkin_checkout": "チェックイン: 15:00 ～ 20:00 / チェックアウト: 特になし ～ 10:00",
        "vehicle_size": "セミフルコン バスコン キャブコン バンコン トレーラー 軽キャン 一般車 下記駐車場サイズもご確認ください。 利用可能かどうか判断がつかない場合は、施設までお問い合わせください。",
        "features": [
          "24時間利用OK",
          "温水洗浄便座あり",
          "入浴施設あり（施設内）",
          "シャワーあり",
          "ダンプステーション・なし",
          "ごみ処理対応可（有料）",
          "電源あり（無料）",
          "発電機・不可",
          "水道あり（無料）",
          "炊事場なし",
          "コインランドリー・なし",
          "ペットOK",
          "ドッグランあり",
          "WI-FIあり（無料）",
          "旅館・ホテルの食事：朝食・不可",
          "旅館・ホテルの食事：夕食・不可",
          "旅館・ホテルの宿泊予約・不可"
        ],
        "url": "https://www.kurumatabi.com/park/rvpark/1439.html",
        "geocode_source": "auto"
      }
    },
    {
      "type": "Feature",
      "geometry": {
        "type": "Point",
        "coordinates": [
          141.092781,
          39.274226
        ]
      },
      "properties": {
        "name": "RVパーク北上 ゆっくりレンタカー",
        "pref": "岩手県",
        "address": "岩手県北上市鬼柳町宿７７－３",
        "phone": "0197-67-5233",
        "fee": "一般: 1泊・1台につき 3,300円",
        "available_period": "通年 施設により不定期のお休み・休業を設定している場合があります。ご利用可能日は事前に各施設にお問い合わせください。",
        "checkin_checkout": "チェックイン: 15:00 ～ 特になし / チェックアウト: 特になし ～ 10:00",
        "vehicle_size": "キャブコン バンコン 軽キャン 一般車 下記駐車場サイズもご確認ください。 利用可能かどうか判断がつかない場合は、施設までお問い合わせください。",
        "features": [
          "24時間利用OK",
          "温水洗浄便座あり",
          "入浴施設あり（車移動あり）",
          "湯沸かし浴槽あり",
          "ごみ処理対応可（有料）",
          "電源あり（無料）",
          "発電機・不可",
          "水道あり（無料）",
          "ペットOK",
          "WI-FIあり（無料）"
        ],
        "url": "https://www.kurumatabi.com/park/rvpark/1355.html",
        "geocode_source": "auto"
      }
    },
    {
      "type": "Feature",
      "geometry": {
        "type": "Point",
        "coordinates": [
          140.947502,
          39.813933
        ]
      },
      "properties": {
        "name": "RVパーク岩手山",
        "pref": "岩手県",
        "address": "岩手県岩手郡雫石町長山岩手山22－394",
        "phone": "080-5557-1341",
        "fee": "一般: 1泊・1台につき 3,000円 / スタンダード会員: 1泊・1台につき 3,000円〜5,000円 / プレミアム会員: 1泊・1台につき 3,000円〜5,000円",
        "available_period": "通年 11月６日～３月まで冬休みになります。 施設により不定期のお休み・休業を設定している場合があります。ご利用可能日は事前に各施設にお問い合わせください。",
        "checkin_checkout": "チェックイン: 13:00 ～ 20:00 / チェックアウト: 特になし ～ 10:00",
        "vehicle_size": "セミフルコン バスコン キャブコン バンコン トレーラー 軽キャン 一般車 その他 下記駐車場サイズもご確認ください。 利用可能かどうか判断がつかない場合は、施設までお問い合わせください。",
        "features": [
          "24時間利用OK",
          "暖房便座のみあり",
          "入浴施設あり（車移動あり）",
          "温泉あり",
          "ダンプステーション・なし",
          "ごみ処理対応可（有料）",
          "電源あり（有料）",
          "発電機・不可",
          "水道あり（無料）",
          "炊事場あり",
          "コインランドリー・なし",
          "ペットOK",
          "ドッグランあり",
          "WI-FIあり（無料）",
          "旅館・ホテルの食事：朝食・不可",
          "旅館・ホテルの食事：夕食・不可",
          "旅館・ホテルの宿泊予約・不可"
        ],
        "url": "https://www.kurumatabi.com/park/rvpark/1124.html",
        "geocode_source": "auto"
      }
    },
    {
      "type": "Feature",
      "geometry": {
        "type": "Point",
        "coordinates": [
          141.89847,
          40.013984
        ]
      },
      "properties": {
        "name": "普代浜園地キラウミＲＶパーク",
        "pref": "岩手県",
        "address": "岩手県下閉伊郡普代村明神28番地19、29番地",
        "phone": "0194-35-2411",
        "fee": "一般: 1泊/1台 3,000円",
        "available_period": "日祝 日祝の前日 春休み GW 夏休み お盆 冬休み 平日 12/29～翌年1/3は休業日 施設により不定期のお休み・休業を設定している場合があります。ご利用可能日は事前に各施設にお問い合わせください。",
        "checkin_checkout": "チェックイン: 13:00 ～ 17:00 / チェックアウト: 8:00 ～ 12:00",
        "vehicle_size": "セミフルコン バスコン キャブコン バンコン トレーラー 軽キャン 一般車 下記駐車場サイズもご確認ください。 利用可能かどうか判断がつかない場合は、施設までお問い合わせください。",
        "features": [
          "24時間利用OK",
          "温水洗浄便座あり",
          "入浴施設あり（車移動あり）",
          "温泉あり",
          "ダンプステーション・なし",
          "ごみ処理対応可（無料）",
          "電源あり（無料）",
          "発電機・不可",
          "水道あり（無料）",
          "コインランドリー・なし",
          "ペットOK",
          "WI-FIあり（無料）",
          "旅館・ホテルの食事：朝食・不可",
          "旅館・ホテルの食事：夕食・不可",
          "旅館・ホテルの宿泊予約・不可"
        ],
        "url": "https://www.kurumatabi.com/park/rvpark/1042.html",
        "geocode_source": "auto"
      }
    },
    {
      "type": "Feature",
      "geometry": {
        "type": "Point",
        "coordinates": [
          132.874112,
          35.381943
        ]
      },
      "properties": {
        "name": "RVパーク 四季荘",
        "pref": "島根県",
        "address": "島根県出雲市斐川町学頭1369",
        "phone": "0853-72-6525",
        "fee": "一般: 1泊・1台 2,500円",
        "available_period": "通年 施設により不定期のお休み・休業を設定している場合があります。ご利用可能日は事前に各施設にお問い合わせください。",
        "checkin_checkout": "チェックイン: 15:00 ～ 20:00 / チェックアウト: 5:00 ～ 10:00",
        "vehicle_size": "フルコン セミフルコン キャブコン バンコン 軽キャン 一般車 下記駐車場サイズもご確認ください。 利用可能かどうか判断がつかない場合は、施設までお問い合わせください。",
        "features": [
          "24時間利用OK",
          "入浴施設あり（施設内）",
          "温泉あり",
          "ごみ処理対応可（有料）",
          "電源あり（有料）",
          "発電機・不可",
          "水道・なし",
          "ペットOK",
          "ドッグランあり"
        ],
        "url": "https://www.kurumatabi.com/park/rvpark/1577.html",
        "geocode_source": "auto"
      }
    },
    {
      "type": "Feature",
      "geometry": {
        "type": "Point",
        "coordinates": [
          132.820695,
          35.454826
        ]
      },
      "properties": {
        "name": "RVパーク 平田",
        "pref": "島根県",
        "address": "島根県出雲市東福町543",
        "phone": "090-8060-6200",
        "fee": "一般: 1泊1台 2,500円",
        "available_period": "通年 施設により不定期のお休み・休業を設定している場合があります。ご利用可能日は事前に各施設にお問い合わせください。",
        "checkin_checkout": "チェックイン: 13:00 ～ 21:00 / チェックアウト: 6:00 ～ 11:00",
        "vehicle_size": "セミフルコン バスコン キャブコン バンコン トレーラー 軽キャン 下記駐車場サイズもご確認ください。 利用可能かどうか判断がつかない場合は、施設までお問い合わせください。",
        "features": [
          "24時間利用OK",
          "温水洗浄便座あり",
          "入浴施設あり（車移動あり）",
          "温泉あり",
          "グレーOK",
          "ごみ処理対応可（無料）",
          "電源あり（無料）",
          "発電機・不可",
          "水道あり（無料）",
          "炊事場なし",
          "コインランドリー・なし",
          "ペットOK",
          "ドッグランなし",
          "WI-FIの利用・なし",
          "旅館・ホテルの食事：朝食・不可",
          "旅館・ホテルの食事：夕食・不可",
          "旅館・ホテルの宿泊予約・不可"
        ],
        "url": "https://www.kurumatabi.com/park/rvpark/1632.html",
        "geocode_source": "auto"
      }
    },
    {
      "type": "Feature",
      "geometry": {
        "type": "Point",
        "coordinates": [
          132.91323,
          35.319649
        ]
      },
      "properties": {
        "name": "RVパーク 雲南市道の駅さくらの里きすき緑地公園",
        "pref": "島根県",
        "address": "島根県雲南市加茂町南加茂1228-45",
        "phone": "0854-40-1093",
        "fee": "一般: １泊・１台につき 3,500円",
        "available_period": "通年 冬季は積雪のため休業する期間があります 施設により不定期のお休み・休業を設定している場合があります。ご利用可能日は事前に各施設にお問い合わせください。",
        "checkin_checkout": "チェックイン: 13:00 ～ 17:00 / チェックアウト: 6:00 ～ 10:00",
        "vehicle_size": "セミフルコン バスコン キャブコン バンコン 軽キャン 一般車 下記駐車場サイズもご確認ください。 利用可能かどうか判断がつかない場合は、施設までお問い合わせください。",
        "features": [
          "24時間利用OK",
          "特に機能なし",
          "入浴施設あり（車移動あり）",
          "温泉あり",
          "ダンプステーション・なし",
          "ごみ処理対応可（無料）",
          "電源あり（無料）",
          "発電機・不可",
          "水道あり（無料）",
          "炊事場あり",
          "コインランドリー・なし",
          "ペットOK",
          "ドッグランなし",
          "WI-FIの利用・なし",
          "旅館・ホテルの食事：朝食・不可",
          "旅館・ホテルの食事：夕食・不可",
          "旅館・ホテルの宿泊予約・不可"
        ],
        "url": "https://www.kurumatabi.com/park/rvpark/1730.html",
        "geocode_source": "auto"
      }
    },
    {
      "type": "Feature",
      "geometry": {
        "type": "Point",
        "coordinates": [
          132.991925,
          36.084671
        ]
      },
      "properties": {
        "name": "RVパークライト 島根鼻公園オートキャンプ場",
        "pref": "島根県",
        "address": "島根県隠岐郡西ノ島町大字浦郷825番地１",
        "phone": "08514-6-0023",
        "fee": "一般: 1区画1泊 4,000円",
        "available_period": "日祝 日祝の前日 GW 夏休み お盆 利用期間：5月1日～10月31日 施設により不定期のお休み・休業を設定している場合があります。ご利用可能日は事前に各施設にお問い合わせください。",
        "checkin_checkout": "チェックイン: 13:00 ～ 17:30 / チェックアウト: 特になし ～ 10:00",
        "vehicle_size": "フルコン セミフルコン キャブコン バンコン 軽キャン 一般車 下記駐車場サイズもご確認ください。 利用可能かどうか判断がつかない場合は、施設までお問い合わせください。",
        "features": [
          "24時間利用OK",
          "入浴施設あり（車移動あり）",
          "湯沸かし浴槽あり",
          "ダンプステーション・なし",
          "ゴミ処理対応・不可",
          "電源あり（無料）",
          "発電機・不可",
          "水道あり（無料）",
          "炊事場あり",
          "コインランドリー・なし",
          "ペットOK",
          "WI-FIの利用・なし",
          "旅館・ホテルの食事：朝食・不可",
          "旅館・ホテルの食事：夕食・不可",
          "旅館・ホテルの宿泊予約・不可"
        ],
        "url": "https://www.kurumatabi.com/park/rvpark/946.html",
        "geocode_source": "auto"
      }
    },
    {
      "type": "Feature",
      "geometry": {
        "type": "Point",
        "coordinates": [
          133.028131,
          35.471545
        ]
      },
      "properties": {
        "name": "RVパーク宍道湖",
        "pref": "島根県",
        "address": "島根県松江市浜佐田町９７４－１",
        "phone": "080-3873-5349",
        "fee": "一般: 1泊・1台につき（電源なし） 3,000円 / 一般: 1泊・1台につき（電源あり） 4,000円 / スタンダード会員: 1泊・1台につき（電源なし） 3,000円 / スタンダード会員: 1泊・1台につき（電源あり） 4,000円 / プレミアム会員: 1泊・1台につき（電源なし） 2,500円 / プレミアム会員: 1泊・1台につき（電源あり） 3,500円",
        "available_period": "通年 日祝 日祝の前日 春休み GW 夏休み お盆 冬休み 年末年始 平日 施設により不定期のお休み・休業を設定している場合があります。ご利用可能日は事前に各施設にお問い合わせください。",
        "checkin_checkout": "チェックイン: 16:00 ～ 特になし / チェックアウト: 特になし ～ 10:00",
        "vehicle_size": "フルコン セミフルコン バスコン キャブコン バンコン トレーラー 軽キャン 一般車 その他 下記駐車場サイズもご確認ください。 利用可能かどうか判断がつかない場合は、施設までお問い合わせください。",
        "features": [
          "24時間利用OK",
          "温水洗浄便座あり",
          "入浴施設あり（車移動あり）",
          "温泉あり",
          "ブラック・グレーOK",
          "ごみ処理対応可（無料）",
          "電源あり（有料）",
          "発電機・不可",
          "水道あり（無料）",
          "コインランドリー・なし",
          "ペットOK",
          "WI-FIあり（無料）",
          "旅館・ホテルの食事：朝食・不可",
          "旅館・ホテルの食事：夕食・不可",
          "旅館・ホテルの宿泊予約・不可"
        ],
        "url": "https://www.kurumatabi.com/park/rvpark/1120.html",
        "geocode_source": "auto"
      }
    },
    {
      "type": "Feature",
      "geometry": {
        "type": "Point",
        "coordinates": [
          132.024418,
          34.687981
        ]
      },
      "properties": {
        "name": "RVパーク美都温泉",
        "pref": "島根県",
        "address": "島根県益田市美都町宇津川ロ630-3",
        "phone": "0856-52-2100",
        "fee": "一般: 1泊/1台 1,650円",
        "available_period": "通年 日祝 日祝の前日 春休み GW 夏休み お盆 冬休み 年末年始 平日 ※毎週水曜日は休館日（祝祭日は除く） 施設により不定期のお休み・休業を設定している場合があります。ご利用可能日は事前に各施設にお問い合わせください。",
        "checkin_checkout": "チェックイン: 13:00 ～ 20:00 / チェックアウト: 特になし ～ 10:00",
        "vehicle_size": "フルコン セミフルコン バスコン キャブコン バンコン トレーラー 軽キャン 一般車",
        "features": [
          "24時間利用OK",
          "入浴施設あり（施設内）",
          "温泉あり",
          "ごみ処理対応可（有料）",
          "電源あり（有料）",
          "発電機・不可",
          "水道あり（無料）",
          "ペットOK"
        ],
        "url": "https://www.kurumatabi.com/park/rvpark/577.html",
        "geocode_source": "auto"
      }
    },
    {
      "type": "Feature",
      "geometry": {
        "type": "Point",
        "coordinates": [
          132.413082,
          35.14589
        ]
      },
      "properties": {
        "name": "RVパーク道の駅「ごいせ仁摩」",
        "pref": "島根県",
        "address": "島根県大田市仁摩町大国42-1",
        "phone": "0854-88-9001",
        "fee": "一般: 1泊/1台 2,750円",
        "available_period": "日祝 日祝の前日 春休み GW 夏休み お盆 冬休み 平日 火曜日（祝日の場合は営業）、１月１日は休業 施設により不定期のお休み・休業を設定している場合があります。ご利用可能日は事前に各施設にお問い合わせください。",
        "checkin_checkout": "チェックイン: 15:00 ～ 18:00 / チェックアウト: 9:00 ～ 10:00",
        "vehicle_size": "セミフルコン バスコン キャブコン バンコン 軽キャン 一般車 下記駐車場サイズもご確認ください。 利用可能かどうか判断がつかない場合は、施設までお問い合わせください。",
        "features": [
          "24時間利用OK",
          "温水洗浄便座あり",
          "入浴施設あり（車移動あり）",
          "温泉あり",
          "ブラック・グレーOK",
          "ごみ処理対応可（有料）",
          "電源あり（有料）",
          "発電機・不可",
          "水道あり（有料）",
          "ペットOK",
          "ドッグランあり",
          "WI-FIの利用・なし"
        ],
        "url": "https://www.kurumatabi.com/park/rvpark/1020.html",
        "geocode_source": "auto"
      }
    },
    {
      "type": "Feature",
      "geometry": {
        "type": "Point",
        "coordinates": [
          132.873668,
          34.304691
        ]
      },
      "properties": {
        "name": "RVパーク CoCoChi",
        "pref": "広島県",
        "address": "広島県竹原市吉名町10793-11",
        "phone": "09097389779",
        "fee": "一般: 日曜日から木曜日 4,180円 / 一般: 金曜日 土曜日 祝日前 連休前 5,280円",
        "available_period": "通年 施設により不定期のお休み・休業を設定している場合があります。ご利用可能日は事前に各施設にお問い合わせください。",
        "checkin_checkout": "チェックイン: 15:00 ～ 18:00 / チェックアウト: 6:00 ～ 11:00",
        "vehicle_size": "セミフルコン バスコン キャブコン バンコン トレーラー 軽キャン 一般車 下記駐車場サイズもご確認ください。 利用可能かどうか判断がつかない場合は、施設までお問い合わせください。",
        "features": [
          "24時間利用OK",
          "入浴施設あり（車移動あり）",
          "湯沸かし浴槽あり",
          "ダンプステーション・なし",
          "ごみ処理対応可（有料）",
          "電源あり（有料）",
          "発電機利用可(時間指定あり)",
          "水道あり（無料）",
          "炊事場なし",
          "コインランドリー・なし",
          "ペットOK",
          "ドッグランなし",
          "WI-FIの利用・なし",
          "旅館・ホテルの食事：朝食・不可",
          "旅館・ホテルの食事：夕食・不可",
          "旅館・ホテルの宿泊予約・不可"
        ],
        "url": "https://www.kurumatabi.com/park/rvpark/1596.html",
        "geocode_source": "auto"
      }
    },
    {
      "type": "Feature",
      "geometry": {
        "type": "Point",
        "coordinates": [
          132.922422,
          34.444932
        ]
      },
      "properties": {
        "name": "RVパーク リンクウSTORAGE",
        "pref": "広島県",
        "address": "広島県三原市本郷町善入寺用倉山１００６４－１９１",
        "phone": "0848-60-8053",
        "fee": "一般: 一泊・1台につき 4,000円",
        "available_period": "通年 日祝 日祝の前日 春休み GW 夏休み お盆 冬休み 年末年始 平日 施設により不定期のお休み・休業を設定している場合があります。ご利用可能日は事前に各施設にお問い合わせください。",
        "checkin_checkout": "チェックイン: 13:00 ～ 17:30 / チェックアウト: 特になし ～ 12:00",
        "vehicle_size": "セミフルコン バスコン キャブコン バンコン トレーラー 軽キャン 一般車 下記駐車場サイズもご確認ください。 利用可能かどうか判断がつかない場合は、施設までお問い合わせください。",
        "features": [
          "24時間利用OK",
          "特に機能なし",
          "入浴施設あり（施設内）",
          "シャワーあり",
          "ごみ処理対応可（無料）",
          "電源あり（無料）",
          "発電機利用可(時間指定あり)",
          "水道あり（無料）",
          "炊事場あり",
          "コインランドリー・なし",
          "ペットOK",
          "ドッグランなし",
          "WI-FIあり（無料）",
          "旅館・ホテルの食事：朝食・不可",
          "旅館・ホテルの食事：夕食・不可",
          "旅館・ホテルの宿泊予約・不可"
        ],
        "url": "https://www.kurumatabi.com/park/rvpark/1449.html",
        "geocode_source": "auto"
      }
    },
    {
      "type": "Feature",
      "geometry": {
        "type": "Point",
        "coordinates": [
          132.849273,
          34.898821
        ]
      },
      "properties": {
        "name": "RVパーク 君田温泉 森の泉",
        "pref": "広島県",
        "address": "広島県三次市君田町泉吉田３１１－３",
        "phone": "0824-53-7021",
        "fee": "1泊 2,500円／1台 電源利用料については、 電源の有無 の項目をご確認ください。 最新の料金は直接施設へ事前確認をお願いします。",
        "available_period": "通年 毎週火曜日が定休日です。その他メンテナンス等による臨時休業となる場合があります。※HPをご確認ください。 施設により不定期のお休み・休業を設定している場合があります。ご利用可能日は事前に各施設にお問い合わせください。",
        "checkin_checkout": "チェックイン: 13:00 ～ 18:00 / チェックアウト: 8:00 ～ 11:00",
        "vehicle_size": "バンコン 軽キャン 一般車",
        "features": [
          "24時間利用OK",
          "入浴施設あり（施設内）",
          "温泉あり",
          "ごみ処理対応可（有料）",
          "電源あり（有料）",
          "発電機・不可",
          "水道あり（無料）",
          "コインランドリー・なし",
          "ペットOK",
          "ドッグランあり",
          "WI-FIの利用・なし",
          "朝食予約OK",
          "夕食予約OK",
          "宿泊予約OK"
        ],
        "url": "https://www.kurumatabi.com/park/rvpark/1420.html",
        "geocode_source": "auto"
      }
    },
    {
      "type": "Feature",
      "geometry": {
        "type": "Point",
        "coordinates": [
          133.0342,
          34.4861
        ]
      },
      "properties": {
        "name": "RVパーク 遊びの森グリーンフィールド",
        "pref": "広島県",
        "address": "広島県三原市久井町坂井原1412-57",
        "phone": "080-3896-7411",
        "fee": "一般: サイト料金 人数当たりの利用料が別途必要 3,500円",
        "available_period": "通年 施設により不定期のお休み・休業を設定している場合があります。ご利用可能日は事前に各施設にお問い合わせください。",
        "checkin_checkout": "チェックイン: 16:00 ～ 18:00 / チェックアウト: 8:30 ～ 9:00",
        "vehicle_size": "キャブコン バンコン 軽キャン 一般車 下記駐車場サイズもご確認ください。 利用可能かどうか判断がつかない場合は、施設までお問い合わせください。",
        "features": [
          "24時間利用OK",
          "特に機能なし",
          "入浴施設あり（車移動あり）",
          "温泉あり",
          "ダンプステーション・なし",
          "ごみ処理対応可（有料）",
          "電源あり（無料）",
          "発電機・不可",
          "水道あり（無料）",
          "炊事場なし",
          "コインランドリー・なし",
          "ペットOK",
          "ドッグランあり",
          "WI-FIの利用・なし",
          "旅館・ホテルの食事：朝食・不可",
          "旅館・ホテルの食事：夕食・不可",
          "旅館・ホテルの宿泊予約・不可"
        ],
        "url": "https://www.kurumatabi.com/park/rvpark/1602.html",
        "geocode_source": "auto"
      }
    },
    {
      "type": "Feature",
      "geometry": {
        "type": "Point",
        "coordinates": [
          132.520883,
          34.095097
        ]
      },
      "properties": {
        "name": "RVパークくらはしカープビーチ",
        "pref": "広島県",
        "address": "広島県呉市倉橋町井目木123-1",
        "phone": "080-6347-1173",
        "fee": "一般: 1泊・1台につき 4,400円",
        "available_period": "通年 日祝 日祝の前日 春休み GW 夏休み お盆 冬休み 年末年始 平日 施設により不定期のお休み・休業を設定している場合があります。ご利用可能日は事前に各施設にお問い合わせください。",
        "checkin_checkout": "チェックイン: 14:00 ～ 23:30 / チェックアウト: 特になし ～ 10:00",
        "vehicle_size": "フルコン セミフルコン バスコン キャブコン バンコン トレーラー 軽キャン 一般車",
        "features": [
          "24時間利用OK",
          "温水洗浄便座あり",
          "入浴施設あり（車移動あり）",
          "温泉あり",
          "ごみ処理対応可（有料）",
          "電源あり（有料）",
          "発電機利用可(時間指定なし)",
          "水道あり（無料）",
          "炊事場あり",
          "コインランドリー・なし",
          "ペットOK",
          "ドッグランあり",
          "WI-FIの利用・なし",
          "旅館・ホテルの食事：朝食・不可",
          "旅館・ホテルの食事：夕食・不可",
          "旅館・ホテルの宿泊予約・不可"
        ],
        "url": "https://www.kurumatabi.com/park/rvpark/726.html",
        "geocode_source": "auto"
      }
    },
    {
      "type": "Feature",
      "geometry": {
        "type": "Point",
        "coordinates": [
          133.073674,
          34.280597
        ]
      },
      "properties": {
        "name": "RVパーク瀬戸田サンセットビーチ",
        "pref": "広島県",
        "address": "広島県尾道市瀬戸田町垂水1506-15",
        "phone": "0845-27-1100",
        "fee": "1泊 2,000円／1台(トレーラー含む) 【利用可能台数】3台 電源利用料については、 電源の有無 の項目をご確認ください。 最新の料金は直接施設へ事前確認をお願いします。",
        "available_period": "日祝 日祝の前日 春休み GW 夏休み お盆 冬休み 平日 施設により不定期のお休み・休業を設定している場合があります。ご利用可能日は事前に各施設にお問い合わせください。",
        "checkin_checkout": "チェックイン: 16:00 ～ 18:00 / チェックアウト: 特になし ～ 9:00",
        "vehicle_size": "フルコン セミフルコン バスコン キャブコン バンコン トレーラー 軽キャン 一般車",
        "features": [
          "ごみ処理可能",
          "電源あり",
          "水道あり",
          "発電機OK",
          "入浴施設あり",
          "ペットOK",
          "プレミアム会員特典あり",
          "24時間トイレあり",
          "ダンプステーションあり"
        ],
        "url": "https://www.kurumatabi.com/park/rvpark/588.html",
        "geocode_source": "auto"
      }
    },
    {
      "type": "Feature",
      "geometry": {
        "type": "Point",
        "coordinates": [
          132.452923,
          34.643311
        ]
      },
      "properties": {
        "name": "RVパーク豊平どんぐり村",
        "pref": "広島県",
        "address": "広島県山県郡北広島町都志見12609",
        "phone": "0826-84-1414",
        "fee": "一般: 1泊/1台 2,200円",
        "available_period": "日祝 日祝の前日 春休み GW 夏休み お盆 冬休み 平日 年末年始・木曜日休館 施設により不定期のお休み・休業を設定している場合があります。ご利用可能日は事前に各施設にお問い合わせください。",
        "checkin_checkout": "チェックイン: 16:00 ～ 18:00 / チェックアウト: 9:00 ～ 9:00",
        "vehicle_size": "バンコン トレーラー 軽キャン 一般車",
        "features": [
          "24時間利用OK",
          "入浴施設あり（徒歩圏内あり）",
          "温泉あり",
          "ごみ処理対応可（有料）",
          "電源あり（有料）",
          "発電機・不可",
          "水道・なし",
          "ペットOK"
        ],
        "url": "https://www.kurumatabi.com/park/rvpark/556.html",
        "geocode_source": "auto"
      }
    },
    {
      "type": "Feature",
      "geometry": {
        "type": "Point",
        "coordinates": [
          132.775729,
          34.532019
        ]
      },
      "properties": {
        "name": "RVパーク道の駅湖畔の里福富",
        "pref": "広島県",
        "address": "広島県東広島市福富町久芳1506",
        "phone": "082-435-2110",
        "fee": "一般: 平日1泊/1台（２日目1,800円、3日目1,600円） 2,000円 / 一般: 土日1泊/1台（２日目2,500円、3日目2,200円） 2,800円 / スタンダード会員: 平日1泊/1台（２日目1,600円、3日目1,400円） 1,800円 / スタンダード会員: 土日1泊/1台（２日目2,200円、3日目2,000円） 2,500円 / プレミアム会員: 平日1泊/1台（２日目1,400円、3日目1,200円） 1,600円 / プレミアム会員: 土日1泊/1台（２日目2,000円、3日目1,800円） 2,200円",
        "available_period": "通年 日祝 日祝の前日 春休み GW 夏休み お盆 冬休み 年末年始 平日 施設により不定期のお休み・休業を設定している場合があります。ご利用可能日は事前に各施設にお問い合わせください。",
        "checkin_checkout": "チェックイン: 13:00 ～ 18:00 / チェックアウト: 特になし ～ 12:00",
        "vehicle_size": "フルコン セミフルコン バスコン キャブコン バンコン トレーラー 軽キャン 一般車 下記駐車場サイズもご確認ください。 利用可能かどうか判断がつかない場合は、施設までお問い合わせください。",
        "features": [
          "24時間利用OK",
          "温水洗浄便座あり",
          "入浴施設あり（施設内）",
          "シャワーあり",
          "ダンプステーション・なし",
          "ごみ処理対応可（無料）",
          "電源あり（無料）",
          "発電機利用可(時間指定あり)",
          "水道あり（無料）",
          "コインランドリー・なし",
          "ペットOK",
          "WI-FIの利用・なし"
        ],
        "url": "https://www.kurumatabi.com/park/rvpark/1045.html",
        "geocode_source": "auto"
      }
    },
    {
      "type": "Feature",
      "geometry": {
        "type": "Point",
        "coordinates": [
          132.2551,
          34.2716
        ]
      },
      "properties": {
        "name": "宮浜温泉RVパーク",
        "pref": "広島県",
        "address": "広島県廿日市市宮浜温泉",
        "phone": "0829-55-1883",
        "fee": "一般: 1泊・1台につき 4,400円〜11,000円",
        "available_period": "通年 GW・お盆・年末年始など料金が変更となります。 施設により不定期のお休み・休業を設定している場合があります。ご利用可能日は事前に各施設にお問い合わせください。",
        "checkin_checkout": "チェックイン: 15:00 ～ 22:00 / チェックアウト: 特になし ～ 11:00",
        "vehicle_size": "フルコン セミフルコン バスコン キャブコン バンコン 軽キャン 一般車 その他 下記駐車場サイズもご確認ください。 利用可能かどうか判断がつかない場合は、施設までお問い合わせください。",
        "features": [
          "24時間利用OK",
          "温水洗浄便座あり",
          "入浴施設あり（徒歩圏内あり）",
          "温泉あり",
          "ダンプステーション・なし",
          "ごみ処理対応可（無料）",
          "電源あり（無料）",
          "発電機・不可",
          "水道あり（無料）",
          "炊事場なし",
          "コインランドリー・なし",
          "ペットOK",
          "ドッグランなし",
          "WI-FIあり（無料）",
          "旅館・ホテルの食事：朝食・不可",
          "旅館・ホテルの食事：夕食・不可",
          "宿泊予約OK"
        ],
        "url": "https://www.kurumatabi.com/park/rvpark/1444.html",
        "geocode_source": "auto"
      }
    },
    {
      "type": "Feature",
      "geometry": {
        "type": "Point",
        "coordinates": [
          134.377701,
          34.108212
        ]
      },
      "properties": {
        "name": "RVパーク お遍路阿波路",
        "pref": "徳島県",
        "address": "徳島県阿波市吉野町西条字西大竹３４－１",
        "phone": "080-5363-1638",
        "fee": "一般: 1泊・1台 2,200円〜3,850円 / スタンダード会員: 1泊・1台 2,200円〜3,850円 / プレミアム会員: 1泊・1台 2,200円〜3,850円",
        "available_period": "通年 施設により不定期のお休み・休業を設定している場合があります。ご利用可能日は事前に各施設にお問い合わせください。",
        "checkin_checkout": "チェックイン: 15:00 ～ 22:00 / チェックアウト: 5:00 ～ 12:00",
        "vehicle_size": "バスコン キャブコン バンコン 軽キャン 一般車 その他 下記駐車場サイズもご確認ください。 利用可能かどうか判断がつかない場合は、施設までお問い合わせください。",
        "features": [
          "24時間利用OK",
          "特に機能なし",
          "入浴施設あり（車移動あり）",
          "温泉あり",
          "ダンプステーション・なし",
          "ごみ処理対応現地相談（有料）",
          "電源あり（有料）",
          "発電機利用可(時間指定なし)",
          "水道あり（無料）",
          "炊事場なし",
          "コインランドリー・なし",
          "ペットOK",
          "ドッグランなし",
          "WI-FIの利用・なし",
          "旅館・ホテルの食事：朝食・不可",
          "旅館・ホテルの食事：夕食・不可",
          "旅館・ホテルの宿泊予約・不可"
        ],
        "url": "https://www.kurumatabi.com/park/rvpark/1458.html",
        "geocode_source": "auto"
      }
    },
    {
      "type": "Feature",
      "geometry": {
        "type": "Point",
        "coordinates": [
          134.493813,
          34.065068
        ]
      },
      "properties": {
        "name": "RVパーク 鮎喰川オアシス",
        "pref": "徳島県",
        "address": "徳島県徳島市名東町2丁目650-10",
        "phone": "08085498337",
        "fee": "一般: 1泊・1台につき 3,300円〜4,400円",
        "available_period": "通年 施設により不定期のお休み・休業を設定している場合があります。ご利用可能日は事前に各施設にお問い合わせください。",
        "checkin_checkout": "チェックイン: 12:00 ～ 21:00 / チェックアウト: 5:00 ～ 11:00",
        "vehicle_size": "セミフルコン バスコン キャブコン バンコン トレーラー 軽キャン 一般車 その他 下記駐車場サイズもご確認ください。 利用可能かどうか判断がつかない場合は、施設までお問い合わせください。",
        "features": [
          "24時間利用OK",
          "入浴施設あり（車移動あり）",
          "湯沸かし浴槽あり",
          "ダンプステーション・なし",
          "ゴミ処理対応・不可",
          "電源あり（有料）",
          "発電機・不可",
          "水道あり（無料）",
          "炊事場あり",
          "コインランドリー・なし",
          "ペットOK",
          "ドッグランなし",
          "WI-FIの利用・なし",
          "旅館・ホテルの食事：朝食・不可",
          "旅館・ホテルの食事：夕食・不可"
        ],
        "url": "https://www.kurumatabi.com/park/rvpark/1530.html",
        "geocode_source": "auto"
      }
    },
    {
      "type": "Feature",
      "geometry": {
        "type": "Point",
        "coordinates": [
          134.446801,
          34.206031
        ]
      },
      "properties": {
        "name": "RVパーク　国立公園引田・鳴門ぴんぴん亭",
        "pref": "徳島県",
        "address": "徳島県鳴門市北灘町大須長浜５６",
        "phone": "080-6391-8273",
        "fee": "一般: 1泊/1台 2,000円",
        "available_period": "通年 日祝 日祝の前日 春休み GW 夏休み お盆 冬休み 年末年始 平日 施設により不定期のお休み・休業を設定している場合があります。ご利用可能日は事前に各施設にお問い合わせください。",
        "checkin_checkout": "チェックイン: 24時間可 / チェックアウト: 特になし ～ 13:00",
        "vehicle_size": "セミフルコン バスコン キャブコン バンコン トレーラー 軽キャン 一般車 下記駐車場サイズもご確認ください。 利用可能かどうか判断がつかない場合は、施設までお問い合わせください。",
        "features": [
          "24時間利用OK",
          "和式トイレ",
          "入浴施設あり（車移動あり）",
          "温泉あり",
          "ごみ処理対応可（無料）",
          "電源あり（無料）",
          "発電機利用可(時間指定なし)",
          "水道あり（無料）",
          "コインランドリー・なし",
          "ペットOK",
          "WI-FIの利用・なし",
          "朝食予約OK",
          "夕食予約OK"
        ],
        "url": "https://www.kurumatabi.com/park/rvpark/1054.html",
        "geocode_source": "auto"
      }
    },
    {
      "type": "Feature",
      "geometry": {
        "type": "Point",
        "coordinates": [
          134.522897,
          33.932136
        ]
      },
      "properties": {
        "name": "RVパークライトひなの里かつうら",
        "pref": "徳島県",
        "address": "徳島県勝浦郡勝浦町大字生名字月ノ瀬4番地1",
        "phone": "0885-44-0112",
        "fee": "1泊 2,000円／1台(トレーラー含む) ※途中出入り可 【利用可能台数】2台 ※RVパーク専用スペースへの入り口が狭くなっており、高さ2.9mを超える車両は道の駅大型車両スペースでのご利用となります。 電源利用料については、 電源の有無 の項目をご確認ください。 最新の料金は直接施設へ事前確認をお願いします。",
        "available_period": "日祝 日祝の前日 春休み GW 夏休み お盆 冬休み 平日 第４日曜・月曜および、年末年始（12/27～1/2）は利用できません 施設により不定期のお休み・休業を設定している場合があります。ご利用可能日は事前に各施設にお問い合わせください。",
        "checkin_checkout": "チェックイン: 13:00 ～ 17:00 / チェックアウト: 10:00 ～ 10:00",
        "vehicle_size": "セミフルコン バスコン バンコン トレーラー 軽キャン 一般車",
        "features": [
          "ごみ処理可能",
          "電源あり",
          "水道あり",
          "発電機OK",
          "入浴施設あり",
          "ペットOK",
          "プレミアム会員特典あり",
          "24時間トイレあり",
          "ダンプステーションあり"
        ],
        "url": "https://www.kurumatabi.com/park/rvpark/210.html",
        "geocode_source": "auto"
      }
    },
    {
      "type": "Feature",
      "geometry": {
        "type": "Point",
        "coordinates": [
          134.608065,
          34.190933
        ]
      },
      "properties": {
        "name": "RVパーク鳴門天然温泉あらたえの湯",
        "pref": "徳島県",
        "address": "徳島県鳴門市撫養町大桑島字北ノ浜8-2",
        "phone": "088-676-2681",
        "fee": "一般: 電気あり（５ｍ×7ｍの区画） 2,750円 / 一般: 電気なし（4ｍ×5ｍの区画） 2,200円 / 一般: ★お得な車中泊プレミアム電源ありプラン（５ｍ×7ｍの区画） 6,000円",
        "available_period": "通年 日祝 日祝の前日 春休み GW 夏休み お盆 冬休み 年末年始 平日 【注意事項】※必ずご確認下さい ◎期間中は大変混雑するため、区画利用料金に加え、繁忙期料金をいただきます。 【シルバーウィーク】 ・9月18日(金)・・・・・・・・・＋1,000円 ・9月19日(土)、20日(日)、21日(月)、22日(火)・・＋2,000円 ・9月23日(水)・・・・・・・・・＋1,000円 ◎休館日のご案内 全館休館（お風呂・飲食・お土産屋、全てご利用いただけません） ・9月14日(月) ・10月27日(火) ・11月24日(火) ・12月22日(火) ・2027年1月21日(木) ・2月8日(月) ・3月15日(月) ◎飲食施設休館日（飲食施設のみ終日ご利用いただけません） ご迷惑をおかけいたしますが、ご理解とご協力の程よろしくお願いいたします。 毎月1回 休館日あり（不定休）※休館日はお風呂や飲食、お土産の購入はできません。 施設により不定期のお休み・休業を設定している場合があります。ご利用可能日は事前に各施設にお問い合わせください。",
        "checkin_checkout": "チェックイン: 10:00 ～ 19:30 / チェックアウト: 6:00 ～ 10:00",
        "vehicle_size": "フルコン セミフルコン バスコン キャブコン バンコン トレーラー 軽キャン 一般車 その他 下記駐車場サイズもご確認ください。 利用可能かどうか判断がつかない場合は、施設までお問い合わせください。",
        "features": [
          "24時間利用OK",
          "温水洗浄便座あり",
          "入浴施設あり（徒歩圏内あり）",
          "温泉あり",
          "ダンプステーション・なし",
          "ごみ処理対応可（無料）",
          "電源あり（有料）",
          "発電機・不可",
          "水道あり（無料）",
          "炊事場なし",
          "コインランドリーあり",
          "ペットOK",
          "WI-FIの利用・なし",
          "旅館・ホテルの食事：朝食・不可",
          "夕食予約OK",
          "旅館・ホテルの宿泊予約・不可"
        ],
        "url": "https://www.kurumatabi.com/park/rvpark/935.html",
        "geocode_source": "auto"
      }
    },
    {
      "type": "Feature",
      "geometry": {
        "type": "Point",
        "coordinates": [
          134.389606,
          34.119246
        ]
      },
      "properties": {
        "name": "お遍路RVパーク 安楽寺",
        "pref": "徳島県",
        "address": "徳島県板野郡上板町引野寺ノ西北8",
        "phone": "088-694-2046",
        "fee": "一般: 1泊/1台（電源利用、駐車料金、温泉入浴料金込み） 2,500円 / スタンダード会員: 1泊/1台（電源利用、駐車料金、交通安全お通安全お守り、温泉入浴料金込み） 2,500円 / プレミアム会員: 1泊/1台（電源利用、駐車料金、交通安全お通安全お守り、温泉入浴料金込み） 2,500円",
        "available_period": "通年 日祝 日祝の前日 春休み GW 夏休み お盆 冬休み 年末年始 平日 施設により不定期のお休み・休業を設定している場合があります。ご利用可能日は事前に各施設にお問い合わせください。",
        "checkin_checkout": "チェックイン: 13:00 ～ 18:00 / チェックアウト: 7:00 ～ 11:00",
        "vehicle_size": "フルコン セミフルコン バスコン キャブコン バンコン トレーラー 軽キャン 一般車 下記駐車場サイズもご確認ください。 利用可能かどうか判断がつかない場合は、施設までお問い合わせください。",
        "features": [
          "24時間利用OK",
          "温水洗浄便座あり",
          "入浴施設あり（施設内）",
          "温泉あり",
          "ダンプステーション・なし",
          "ごみ処理対応可（無料）",
          "電源あり（無料）",
          "発電機・不可",
          "水道あり（無料）",
          "炊事場あり",
          "コインランドリーあり",
          "ペットOK",
          "ドッグランなし",
          "WI-FIの利用・なし",
          "朝食予約OK",
          "夕食予約OK",
          "宿泊予約OK"
        ],
        "url": "https://www.kurumatabi.com/park/rvpark/1030.html",
        "geocode_source": "auto"
      }
    },
    {
      "type": "Feature",
      "geometry": {
        "type": "Point",
        "coordinates": [
          132.822502,
          33.866195
        ]
      },
      "properties": {
        "name": "RVパーク 愛媛・松山・奥道後",
        "pref": "愛媛県",
        "address": "愛媛県松山市末町甲300番地（リブマックスリゾート奥道後を目印にお越し下さい。）",
        "phone": "090-4077-6235",
        "fee": "一般: 1泊・1台につき 3,500円",
        "available_period": "通年 無人で運営しています。管理人が携帯電話を常時携帯しています。 お電話に出れなかった場合は、折り返しご連絡致しますので、要件を留守番電話に残して下さい。 トラブル等がありましたら、ご遠慮なくご連絡下さい。 施設により不定期のお休み・休業を設定している場合があります。ご利用可能日は事前に各施設にお問い合わせください。",
        "checkin_checkout": "チェックイン: 14:00 ～ 特になし / チェックアウト: 特になし ～ 11:00",
        "vehicle_size": "フルコン セミフルコン バスコン キャブコン バンコン トレーラー 軽キャン 一般車 その他 下記駐車場サイズもご確認ください。 利用可能かどうか判断がつかない場合は、施設までお問い合わせください。",
        "features": [
          "24時間利用OK",
          "温水洗浄便座あり",
          "入浴施設あり（徒歩圏内あり）",
          "温泉あり",
          "グレーOK",
          "ごみ処理対応可（無料）",
          "電源あり（無料）",
          "発電機利用可(時間指定あり)",
          "水道あり（無料）",
          "炊事場あり",
          "コインランドリー・なし",
          "ペットOK",
          "ドッグランあり",
          "WI-FIあり（無料）",
          "朝食予約OK",
          "夕食予約OK",
          "旅館・ホテルの宿泊予約・不可"
        ],
        "url": "https://www.kurumatabi.com/park/rvpark/1625.html",
        "geocode_source": "auto"
      }
    },
    {
      "type": "Feature",
      "geometry": {
        "type": "Point",
        "coordinates": [
          132.56846,
          33.21873
        ]
      },
      "properties": {
        "name": "RVパーク 李音パーキング",
        "pref": "愛媛県",
        "address": "愛媛県宇和島市本町追手2-8-25",
        "phone": "090-3187-0756",
        "fee": "1泊 3,000円／1台(トレーラー含む) ※５m未満の車はコインパーキング利用可能（トイレ・ゴミ箱利用可能） 利用料はコインパーキングの料金をお支払いください。（こちらはチェックインアウト必要なしでご利用いただけます。ただし、電源（500円）をご利用の方はご連絡ください。） 電源利用料については、 電源の有無 の項目をご確認ください。 最新の料金は直接施設へ事前確認をお願いします。",
        "available_period": "通年 施設により不定期のお休み・休業を設定している場合があります。ご利用可能日は事前に各施設にお問い合わせください。",
        "checkin_checkout": "チェックイン: 16:00 ～ 20:00 / チェックアウト: 7:00 ～ 10:00",
        "vehicle_size": "セミフルコン バスコン キャブコン バンコン 軽キャン 一般車",
        "features": [
          "24時間利用OK",
          "入浴施設なし",
          "ごみ処理対応可（無料）",
          "発電機・不可",
          "水道あり（無料）",
          "ペットOK"
        ],
        "url": "https://www.kurumatabi.com/park/rvpark/1389.html",
        "geocode_source": "auto"
      }
    },
    {
      "type": "Feature",
      "geometry": {
        "type": "Point",
        "coordinates": [
          132.417921,
          33.458691
        ]
      },
      "properties": {
        "name": "RVパーク 道の駅 みなとオアシス 八幡浜みなっと",
        "pref": "愛媛県",
        "address": "愛媛県八幡浜市沖新田1581番地23",
        "phone": "0894-21-3710",
        "fee": "一般: 1泊・1台につき 2,000円",
        "available_period": "通年 日祝 日祝の前日 春休み GW 夏休み お盆 冬休み 平日 8月15日は花火大会のためご利用できません。 年末年始はみなと交流館が休館日のため12月29日～1月3日はご利用できません。 施設により不定期のお休み・休業を設定している場合があります。ご利用可能日は事前に各施設にお問い合わせください。",
        "checkin_checkout": "チェックイン: 12:00 ～ 17:00 / チェックアウト: 特になし ～ 12:00",
        "vehicle_size": "キャブコン バンコン 軽キャン 一般車 下記駐車場サイズもご確認ください。 利用可能かどうか判断がつかない場合は、施設までお問い合わせください。",
        "features": [
          "24時間利用OK",
          "温水洗浄便座あり",
          "入浴施設あり（車移動あり）",
          "温泉あり",
          "ダンプステーション・なし",
          "ごみ処理対応可（無料）",
          "電源あり（無料）",
          "発電機・不可",
          "水道あり（無料）",
          "炊事場なし",
          "コインランドリー・なし",
          "ペットOK",
          "ドッグランなし",
          "WI-FIの利用・なし",
          "旅館・ホテルの食事：朝食・不可",
          "旅館・ホテルの食事：夕食・不可",
          "旅館・ホテルの宿泊予約・不可"
        ],
        "url": "https://www.kurumatabi.com/park/rvpark/1466.html",
        "geocode_source": "auto"
      }
    },
    {
      "type": "Feature",
      "geometry": {
        "type": "Point",
        "coordinates": [
          132.677554,
          33.460613
        ]
      },
      "properties": {
        "name": "RVパーク　道の駅 清流の里ひじかわ",
        "pref": "愛媛県",
        "address": "愛媛県大洲市肱川町宇和川3030番地",
        "phone": "0893-34-2700",
        "fee": "一般: １泊・１台につき（電気・水道・ゴミ処理代含む） 2,000円",
        "available_period": "通年 日祝 日祝の前日 春休み GW 夏休み お盆 冬休み 年末年始 平日 施設により不定期のお休み・休業を設定している場合があります。ご利用可能日は事前に各施設にお問い合わせください。",
        "checkin_checkout": "チェックイン: 13:00 ～ 17:00 / チェックアウト: 24時間可",
        "vehicle_size": "セミフルコン バスコン キャブコン バンコン トレーラー 軽キャン 一般車 下記駐車場サイズもご確認ください。 利用可能かどうか判断がつかない場合は、施設までお問い合わせください。",
        "features": [
          "24時間利用OK",
          "温水洗浄便座あり",
          "入浴施設あり（車移動あり）",
          "温泉あり",
          "ごみ処理対応可（有料）",
          "電源あり（有料）",
          "発電機・不可",
          "水道あり（有料）",
          "炊事場なし",
          "コインランドリーあり",
          "ペットOK",
          "ドッグランなし",
          "WI-FIの利用・なし",
          "旅館・ホテルの食事：朝食・不可",
          "旅館・ホテルの食事：夕食・不可",
          "旅館・ホテルの宿泊予約・不可"
        ],
        "url": "https://www.kurumatabi.com/park/rvpark/830.html",
        "geocode_source": "auto"
      }
    },
    {
      "type": "Feature",
      "geometry": {
        "type": "Point",
        "coordinates": [
          133.05032,
          34.25826
        ]
      },
      "properties": {
        "name": "RVパークしまなみ海道 大三島",
        "pref": "愛媛県",
        "address": "愛媛県今治市上浦町井口7340-1",
        "phone": "090-7373-4414",
        "fee": "一般: ﾋﾞｰﾁﾌﾛﾝﾄｻｲﾄ４区画・・・1泊目/￥3,500、2泊目/￥3,000、3泊目～/￥2,000 3,500円 / 一般: ﾄﾞｯｸﾞﾌﾘｰｻｲﾄ３区画・・・1泊目/￥7,700、2泊目/￥7,200、3泊目～/￥5,500 7,700円 / スタンダード会員: ﾋﾞｰﾁﾌﾛﾝﾄｻｲﾄ４区画・・・1泊目/￥3,100、2泊目/￥2,700、3泊目～/￥2,000 3,100円 / スタンダード会員: ﾄﾞｯｸﾞﾌﾘｰｻｲﾄ３区画・・・1泊目/￥6,900、2泊目/￥6,500、3泊目～/￥5,500 6,900円 / プレミアム会員: ﾋﾞｰﾁﾌﾛﾝﾄｻｲﾄ４区画・・・1泊目/￥2,800、2泊目/￥2,400、3泊目～/￥2,000 2,800円 / プレミアム会員: ﾄﾞｯｸﾞﾌﾘｰｻｲﾄ３区画・・・1泊目/￥6,100、2泊目/￥5,800、3泊目～/￥5,500 6,100円",
        "available_period": "通年 日祝 日祝の前日 春休み GW 夏休み お盆 冬休み 年末年始 平日 施設により不定期のお休み・休業を設定している場合があります。ご利用可能日は事前に各施設にお問い合わせください。",
        "checkin_checkout": "チェックイン: 13:00 ～ 21:00 / チェックアウト: 特になし ～ 12:00",
        "vehicle_size": "セミフルコン バスコン キャブコン バンコン トレーラー 軽キャン 一般車 その他 下記駐車場サイズもご確認ください。 利用可能かどうか判断がつかない場合は、施設までお問い合わせください。",
        "features": [
          "24時間利用OK",
          "温水洗浄便座あり",
          "入浴施設あり（徒歩圏内あり）",
          "温泉あり",
          "ブラック・グレーOK",
          "ごみ処理対応可（無料）",
          "電源あり（無料）",
          "発電機・不可",
          "水道あり（無料）",
          "炊事場あり",
          "コインランドリーあり",
          "ペットOK",
          "ドッグランあり",
          "WI-FIあり（無料）"
        ],
        "url": "https://www.kurumatabi.com/park/rvpark/710.html",
        "geocode_source": "auto"
      }
    },
    {
      "type": "Feature",
      "geometry": {
        "type": "Point",
        "coordinates": [
          132.709651,
          33.229511
        ]
      },
      "properties": {
        "name": "RVパーク道の駅虹の森公園まつの",
        "pref": "愛媛県",
        "address": "愛媛県北宇和郡松野町延野々1510-1",
        "phone": "0895-20-5006",
        "fee": "一般: 1泊/1台 2,000円",
        "available_period": "通年 日祝 日祝の前日 春休み GW 夏休み お盆 冬休み 年末年始 平日 施設により不定期のお休み・休業を設定している場合があります。ご利用可能日は事前に各施設にお問い合わせください。",
        "checkin_checkout": "チェックイン: 13:00 ～ 17:00 / チェックアウト: 特になし ～ 12:00",
        "vehicle_size": "バンコン 軽キャン 一般車",
        "features": [
          "24時間利用OK",
          "入浴施設あり（徒歩圏内あり）",
          "温泉あり",
          "ごみ処理対応可（有料）",
          "電源あり（有料）",
          "発電機・不可",
          "水道あり（無料）",
          "炊事場なし",
          "コインランドリー・なし",
          "ペットOK",
          "ドッグランなし",
          "WI-FIの利用・なし",
          "旅館・ホテルの食事：朝食・不可",
          "旅館・ホテルの食事：夕食・不可",
          "旅館・ホテルの宿泊予約・不可"
        ],
        "url": "https://www.kurumatabi.com/park/rvpark/623.html",
        "geocode_source": "auto"
      }
    },
    {
      "type": "Feature",
      "geometry": {
        "type": "Point",
        "coordinates": [
          133.039374,
          34.211444
        ]
      },
      "properties": {
        "name": "しまなみ海道 RVパーク シーサイドM",
        "pref": "愛媛県",
        "address": "愛媛県今治市上浦町瀬戸6247",
        "phone": "0897-72-8123",
        "fee": "一般: マウンテンサイド2台分、1泊・1台につき(税込) 6,600円 / 一般: シーサイド7台分、1泊・1台につき(税込) 8,800円 / 一般: テントサイト(税込) 3,900円〜7,500円 / スタンダード会員: マウンテンサイド2台分、1泊・1台につき(税込) 6,300円 / スタンダード会員: シーサイド7台分、1泊・1台につき(税込) 8,500円 / プレミアム会員: マウンテンサイト2台分、1泊・1台につき(税込) 6,000円 / プレミアム会員: シーサイド7台分、1泊・1台につき(税込) 8,200円",
        "available_period": "通年 全シーズンで運営しています。(イベント等により不定休がございます) 施設により不定期のお休み・休業を設定している場合があります。ご利用可能日は事前に各施設にお問い合わせください。",
        "checkin_checkout": "チェックイン: 14:00 ～ 18:00 / チェックアウト: 特になし ～ 11:00",
        "vehicle_size": "セミフルコン バスコン キャブコン バンコン トレーラー 軽キャン 一般車 下記駐車場サイズもご確認ください。 利用可能かどうか判断がつかない場合は、施設までお問い合わせください。",
        "features": [
          "24時間利用OK",
          "温水洗浄便座あり",
          "入浴施設あり（施設内）",
          "シャワーあり",
          "ブラック・グレーOK",
          "ごみ処理対応可（有料）",
          "電源あり（無料）",
          "発電機・不可",
          "水道あり（無料）",
          "炊事場あり",
          "コインランドリーあり",
          "ペットOK",
          "ドッグランなし",
          "WI-FIあり（無料）",
          "旅館・ホテルの食事：朝食・不可",
          "旅館・ホテルの食事：夕食・不可",
          "旅館・ホテルの宿泊予約・不可"
        ],
        "url": "https://www.kurumatabi.com/park/rvpark/1478.html",
        "geocode_source": "auto"
      }
    },
    {
      "type": "Feature",
      "geometry": {
        "type": "Point",
        "coordinates": [
          132.56434,
          33.213538
        ]
      },
      "properties": {
        "name": "法円寺RVパーク",
        "pref": "愛媛県",
        "address": "愛媛県宇和島市神田川原新4",
        "phone": "090-3188-0574",
        "fee": "一般: 1泊/1台 2,000円 / スタンダード会員: 1泊/1台(ゴミ受け入れ料金込み） 2,000円 / プレミアム会員: 1泊/1台(ゴミ受け入れ料金込み） 2,000円",
        "available_period": "通年 日祝 日祝の前日 春休み GW 夏休み お盆 冬休み 年末年始 平日 寺、保育園行事等で受け入れ不可の場合があります。 施設により不定期のお休み・休業を設定している場合があります。ご利用可能日は事前に各施設にお問い合わせください。",
        "checkin_checkout": "チェックイン: 13:00 ～ 19:00 / チェックアウト: 特になし ～ 12:00",
        "vehicle_size": "キャブコン バンコン トレーラー 軽キャン 一般車 下記駐車場サイズもご確認ください。 利用可能かどうか判断がつかない場合は、施設までお問い合わせください。",
        "features": [
          "24時間利用OK",
          "温水洗浄便座あり",
          "入浴施設あり（施設内）",
          "湯沸かし浴槽あり",
          "ブラック・グレーOK",
          "ごみ処理対応可（有料）",
          "電源あり（有料）",
          "発電機・不可",
          "水道あり（無料）",
          "炊事場あり",
          "コインランドリー・なし",
          "ペットOK",
          "WI-FIの利用・なし",
          "旅館・ホテルの食事：朝食・不可",
          "旅館・ホテルの食事：夕食・不可"
        ],
        "url": "https://www.kurumatabi.com/park/rvpark/1021.html",
        "geocode_source": "auto"
      }
    },
    {
      "type": "Feature",
      "geometry": {
        "type": "Point",
        "coordinates": [
          136.863001,
          34.816462
        ]
      },
      "properties": {
        "name": "RVパーク BEACH FRONT SAKAI",
        "pref": "愛知県",
        "address": "愛知県常滑市坂井町字北浜田36",
        "phone": "09031581869",
        "fee": "一般: RV-1～RV3 3,500円〜4,500円 / 一般: RV-4 3,000円〜4,000円 / 一般: RV-5～CP-6 3,000円〜3,500円 / スタンダード会員: RV-1～RV3 3,350円〜4,350円 / スタンダード会員: RV-4 2,850円〜3,850円 / スタンダード会員: RV-5～CP-6 2,850円〜3,350円 / プレミアム会員: RV-1～RV3 3,350円〜4,350円 / プレミアム会員: RV-4 2,850円〜3,850円 / プレミアム会員: RV-5～CP-6 2,850円〜3,350円",
        "available_period": "通年 施設により不定期のお休み・休業を設定している場合があります。ご利用可能日は事前に各施設にお問い合わせください。",
        "checkin_checkout": "チェックイン: 14:00 ～ 20:00 / チェックアウト: 6:00 ～ 11:00",
        "vehicle_size": "セミフルコン バスコン キャブコン バンコン トレーラー 軽キャン 一般車 その他 下記駐車場サイズもご確認ください。 利用可能かどうか判断がつかない場合は、施設までお問い合わせください。",
        "features": [
          "24時間利用OK",
          "温水洗浄便座あり",
          "入浴施設あり（徒歩圏内あり）",
          "温泉あり",
          "ブラック・グレーOK",
          "ごみ処理対応可（有料）",
          "発電機・不可",
          "水道あり（無料）",
          "炊事場あり",
          "コインランドリー・なし",
          "ペットOK",
          "ドッグランなし",
          "WI-FIの利用・なし",
          "旅館・ホテルの食事：朝食・不可",
          "旅館・ホテルの食事：夕食・不可",
          "旅館・ホテルの宿泊予約・不可"
        ],
        "url": "https://www.kurumatabi.com/park/rvpark/1637.html",
        "geocode_source": "auto"
      }
    },
    {
      "type": "Feature",
      "geometry": {
        "type": "Point",
        "coordinates": [
          136.935614,
          34.736724
        ]
      },
      "properties": {
        "name": "RVパーク Camp in Airstream South 77",
        "pref": "愛知県",
        "address": "愛知県知多郡南知多町林39",
        "phone": "0566-21-1810",
        "fee": "1泊 5,000円／1台(トレーラー含む) 電源利用料については、 電源の有無 の項目をご確認ください。 最新の料金は直接施設へ事前確認をお願いします。",
        "available_period": "通年 施設により不定期のお休み・休業を設定している場合があります。ご利用可能日は事前に各施設にお問い合わせください。",
        "checkin_checkout": "チェックイン: 13:00 ～ 22:00 / チェックアウト: 6:00 ～ 12:00",
        "vehicle_size": "フルコン セミフルコン バスコン キャブコン バンコン トレーラー 軽キャン 一般車 その他",
        "features": [
          "24時間利用OK",
          "入浴施設あり（施設内）",
          "シャワーあり",
          "ごみ処理対応可（無料）",
          "電源あり（無料）",
          "発電機利用可(時間指定なし)",
          "水道あり（無料）",
          "ペットOK"
        ],
        "url": "https://www.kurumatabi.com/park/rvpark/1612.html",
        "geocode_source": "auto"
      }
    },
    {
      "type": "Feature",
      "geometry": {
        "type": "Point",
        "coordinates": [
          136.850428,
          34.779498
        ]
      },
      "properties": {
        "name": "RVパーク cocoron life 美浜若松",
        "pref": "愛知県",
        "address": "愛知県知多郡美浜町野間若松98",
        "phone": "090-6648-1907",
        "fee": "■A区画手前【フリースペースandドックラン利用】 8,800円 ■B区画奥 【パーゴラ利用】 5,500円 電源利用料については、 電源の有無 の項目をご確認ください。 最新の料金は直接施設へ事前確認をお願いします。",
        "available_period": "通年 毎週木曜日定休日 施設により不定期のお休み・休業を設定している場合があります。ご利用可能日は事前に各施設にお問い合わせください。",
        "checkin_checkout": "チェックイン: 16:00 ～ 18:00 / チェックアウト: 6:00 ～ 10:00",
        "vehicle_size": "セミフルコン バスコン キャブコン バンコン 軽キャン 一般車 下記駐車場サイズもご確認ください。 利用可能かどうか判断がつかない場合は、施設までお問い合わせください。",
        "features": [
          "24時間利用OK",
          "温水洗浄便座あり",
          "入浴施設あり（徒歩圏内あり）",
          "温泉あり",
          "ごみ処理対応可（有料）",
          "発電機・不可",
          "水道あり（無料）",
          "コインランドリー・なし",
          "ペットOK",
          "ドッグランあり",
          "WI-FIあり（無料）",
          "旅館・ホテルの食事：朝食・不可",
          "旅館・ホテルの宿泊予約・不可"
        ],
        "url": "https://www.kurumatabi.com/park/rvpark/1566.html",
        "geocode_source": "auto"
      }
    },
    {
      "type": "Feature",
      "geometry": {
        "type": "Point",
        "coordinates": [
          137.261247,
          34.806058
        ]
      },
      "properties": {
        "name": "RVパーク 海陽閣",
        "pref": "愛知県",
        "address": "愛知県蒲郡市三谷町南山1-69",
        "phone": "0533-69-5335",
        "fee": "一般: 電源無しサイト 4,000円 / 一般: 電源ありサイト 4,600円",
        "available_period": "通年 施設により不定期のお休み・休業を設定している場合があります。ご利用可能日は事前に各施設にお問い合わせください。",
        "checkin_checkout": "チェックイン: 15:00 ～ 20:00 / チェックアウト: 7:00 ～ 10:00",
        "vehicle_size": "セミフルコン バスコン キャブコン バンコン 軽キャン 一般車 下記駐車場サイズもご確認ください。 利用可能かどうか判断がつかない場合は、施設までお問い合わせください。",
        "features": [
          "24時間利用OK",
          "温水洗浄便座あり",
          "入浴施設あり（徒歩圏内あり）",
          "温泉あり",
          "ごみ処理対応可（有料）",
          "電源あり（有料）",
          "発電機利用可(時間指定あり)",
          "水道あり（無料）",
          "炊事場なし",
          "コインランドリーあり",
          "ペットOK",
          "ドッグランあり",
          "WI-FIの利用・なし",
          "朝食予約OK",
          "夕食予約OK",
          "宿泊予約OK"
        ],
        "url": "https://www.kurumatabi.com/park/rvpark/1341.html",
        "geocode_source": "auto"
      }
    },
    {
      "type": "Feature",
      "geometry": {
        "type": "Point",
        "coordinates": [
          136.844652,
          34.768402
        ]
      },
      "properties": {
        "name": "RVパーク 野間海岸ステーション",
        "pref": "愛知県",
        "address": "愛知県知多郡美浜町野間",
        "phone": "0569-87-0026",
        "fee": "一般: 1泊・1台につき 3,000円〜 / スタンダード会員: 1泊・1台につき 3,000円〜 / プレミアム会員: 1泊・1台につき 3,000円〜",
        "available_period": "通年 日祝 日祝の前日 春休み GW 夏休み お盆 冬休み 平日 施設により不定期のお休み・休業を設定している場合があります。ご利用可能日は事前に各施設にお問い合わせください。",
        "checkin_checkout": "チェックイン: 14:00 ～ 20:00 / チェックアウト: 特になし ～ 11:00",
        "vehicle_size": "フルコン セミフルコン バスコン キャブコン バンコン トレーラー 軽キャン 一般車 その他 下記駐車場サイズもご確認ください。 利用可能かどうか判断がつかない場合は、施設までお問い合わせください。",
        "features": [
          "24時間利用OK",
          "特に機能なし",
          "入浴施設あり（車移動あり）",
          "温泉あり",
          "ごみ処理対応可（有料）",
          "電源あり（有料）",
          "発電機・不可",
          "水道あり（無料）",
          "炊事場なし",
          "コインランドリー・なし",
          "ペットOK",
          "ドッグランなし",
          "WI-FIの利用・なし",
          "旅館・ホテルの食事：朝食・不可",
          "旅館・ホテルの食事：夕食・不可",
          "旅館・ホテルの宿泊予約・不可"
        ],
        "url": "https://www.kurumatabi.com/park/rvpark/856.html",
        "geocode_source": "auto"
      }
    },
    {
      "type": "Feature",
      "geometry": {
        "type": "Point",
        "coordinates": [
          137.054764,
          35.155002
        ]
      },
      "properties": {
        "name": "コンビニRVパーク ローソン日進五色園（にっしんごしきえん）店",
        "pref": "愛知県",
        "address": "愛知県日進市北新町薬師池3-2",
        "phone": "000-000-0000",
        "fee": "一般: 1泊 2,500円",
        "available_period": "通年 施設により不定期のお休み・休業を設定している場合があります。ご利用可能日は事前に各施設にお問い合わせください。",
        "checkin_checkout": "チェックイン: 15:00 ～ 22:00 / チェックアウト: 特になし ～ 10:00",
        "vehicle_size": "キャブコン バンコン 軽キャン 一般車 下記駐車場サイズもご確認ください。 利用可能かどうか判断がつかない場合は、施設までお問い合わせください。",
        "features": [
          "24時間利用OK",
          "入浴施設あり（車移動あり）",
          "温泉あり",
          "ごみ処理対応可（無料）",
          "電源あり（無料）",
          "発電機・不可",
          "水道・なし",
          "ペットOK"
        ],
        "url": "https://www.kurumatabi.com/park/rvpark/1802.html",
        "geocode_source": "auto"
      }
    },
    {
      "type": "Feature",
      "geometry": {
        "type": "Point",
        "coordinates": [
          136.942958,
          35.352859
        ]
      },
      "properties": {
        "name": "コンビニRVパーク ローソン犬山羽黒上大日（いぬやまはぐろかみたいにち）店",
        "pref": "愛知県",
        "address": "愛知県犬山市羽黒上日大27-1",
        "phone": "000-000-0000",
        "fee": "一般: 1泊 2,500円",
        "available_period": "通年 施設により不定期のお休み・休業を設定している場合があります。ご利用可能日は事前に各施設にお問い合わせください。",
        "checkin_checkout": "チェックイン: 15:00 ～ 22:00 / チェックアウト: 特になし ～ 10:00",
        "vehicle_size": "キャブコン バンコン 軽キャン 一般車 下記駐車場サイズもご確認ください。 利用可能かどうか判断がつかない場合は、施設までお問い合わせください。",
        "features": [
          "24時間利用OK",
          "入浴施設あり（車移動あり）",
          "温泉あり",
          "ごみ処理対応可（無料）",
          "電源あり（無料）",
          "発電機・不可",
          "水道・なし",
          "ペットOK"
        ],
        "url": "https://www.kurumatabi.com/park/rvpark/1803.html",
        "geocode_source": "auto"
      }
    },
    {
      "type": "Feature",
      "geometry": {
        "type": "Point",
        "coordinates": [
          137.163361,
          34.945361
        ]
      },
      "properties": {
        "name": "コンビニＲＶパーク ローソン岡崎明大寺町（おかざきみようだいじちょう）店",
        "pref": "愛知県",
        "address": "愛知県岡崎市明大寺町野畔11-11",
        "phone": "000-000-0000",
        "fee": "一般: 1泊 2,500円",
        "available_period": "通年 施設により不定期のお休み・休業を設定している場合があります。ご利用可能日は事前に各施設にお問い合わせください。",
        "checkin_checkout": "チェックイン: 15:00 ～ 22:00 / チェックアウト: 特になし ～ 10:00",
        "vehicle_size": "キャブコン バンコン 軽キャン 一般車 下記駐車場サイズもご確認ください。 利用可能かどうか判断がつかない場合は、施設までお問い合わせください。",
        "features": [
          "24時間利用OK",
          "入浴施設あり（施設内）",
          "温泉あり",
          "ごみ処理対応可（無料）",
          "電源あり（無料）",
          "発電機・不可",
          "水道・なし",
          "ペットOK"
        ],
        "url": "https://www.kurumatabi.com/park/rvpark/1801.html",
        "geocode_source": "auto"
      }
    },
    {
      "type": "Feature",
      "geometry": {
        "type": "Point",
        "coordinates": [
          138.226782,
          37.171727
        ]
      },
      "properties": {
        "name": "RV-PARK テラ・ロウリュ　なおえつ海水浴場",
        "pref": "新潟県",
        "address": "新潟県上越市五智4-6-30",
        "phone": "025-520-9258",
        "fee": "一般: 1泊・1台につき 3,500円",
        "available_period": "通年 日祝 日祝の前日 春休み GW 夏休み お盆 冬休み 年末年始 平日 施設により不定期のお休み・休業を設定している場合があります。ご利用可能日は事前に各施設にお問い合わせください。",
        "checkin_checkout": "チェックイン: 15:00 ～ 20:00 / チェックアウト: 7:00 ～ 10:00",
        "vehicle_size": "フルコン セミフルコン バスコン キャブコン バンコン 軽キャン 一般車",
        "features": [
          "24時間利用OK",
          "入浴施設あり（車移動あり）",
          "温泉あり",
          "ごみ処理対応可（無料）",
          "電源あり（無料）",
          "発電機・不可",
          "水道あり（無料）",
          "ペットOK"
        ],
        "url": "https://www.kurumatabi.com/park/rvpark/1743.html",
        "geocode_source": "auto"
      }
    },
    {
      "type": "Feature",
      "geometry": {
        "type": "Point",
        "coordinates": [
          138.811155,
          36.927481
        ]
      },
      "properties": {
        "name": "RVパーク NASPAニューオータニ",
        "pref": "新潟県",
        "address": "新潟県南魚沼郡湯沢町大字湯沢2117-9",
        "phone": "0278-25-4424",
        "fee": "一般: 1泊・1台につき 6,000円〜8,000円 / 一般: ホテルビュッフェ2食付プラン 15,400円〜17,400円 / スタンダード会員: 通常料金より500円引き 5,500円〜7,500円 / スタンダード会員: ホテルビュッフェ2食付プラン 14,900円〜16,900円 / プレミアム会員: 通常料金より1,000円引き 5,000円〜7,000円 / プレミアム会員: ホテルビュッフェ2食付プラン 14,400円〜16,400円",
        "available_period": "通年 日祝 日祝の前日 春休み GW 夏休み お盆 平日 2026年4月25日チェックイン～11月3日チェックアウト ※ただし、10月4日～8日・12日～15日・18日～22日・25日～29日はRVパーク休業日となります。 また、休館日や団体貸切日などにより、上記以外にも休業日が発生する場合がございます。あらかじめご了承ください。 施設により不定期のお休み・休業を設定している場合があります。ご利用可能日は事前に各施設にお問い合わせください。",
        "checkin_checkout": "チェックイン: 14:00 ～ 17:00 / チェックアウト: 特になし ～ 10:00",
        "vehicle_size": "セミフルコン バスコン キャブコン バンコン トレーラー 軽キャン 一般車 下記駐車場サイズもご確認ください。 利用可能かどうか判断がつかない場合は、施設までお問い合わせください。",
        "features": [
          "24時間利用OK",
          "温水洗浄便座あり",
          "入浴施設あり（施設内）",
          "温泉あり",
          "ダンプステーション・なし",
          "ごみ処理対応可（無料）",
          "電源あり（無料）",
          "発電機利用可(時間指定なし)",
          "水道あり（無料）",
          "炊事場あり",
          "コインランドリーあり",
          "ペットOK",
          "ドッグランあり",
          "WI-FIあり（無料）",
          "朝食予約OK",
          "夕食予約OK",
          "宿泊予約OK"
        ],
        "url": "https://www.kurumatabi.com/park/rvpark/1210.html",
        "geocode_source": "auto"
      }
    },
    {
      "type": "Feature",
      "geometry": {
        "type": "Point",
        "coordinates": [
          138.516148,
          37.35614
        ]
      },
      "properties": {
        "name": "RVパーク SBP サンセット ビーチ パーキング",
        "pref": "新潟県",
        "address": "新潟県柏崎市鯨波２－３－６",
        "phone": "09074075962",
        "fee": "一般: 1泊 4,000円〜10,000円",
        "available_period": "日祝 日祝の前日 春休み GW 夏休み お盆 平日 毎年12月1日～3月31日は施設を閉鎖いたします（厳冬期間） 施設により不定期のお休み・休業を設定している場合があります。ご利用可能日は事前に各施設にお問い合わせください。",
        "checkin_checkout": "チェックイン: 13:00 ～ 20:00 / チェックアウト: 5:00 ～ 11:00",
        "vehicle_size": "フルコン セミフルコン バスコン キャブコン バンコン トレーラー 軽キャン 一般車 下記駐車場サイズもご確認ください。 利用可能かどうか判断がつかない場合は、施設までお問い合わせください。",
        "features": [
          "24時間利用OK",
          "温水洗浄便座あり",
          "入浴施設あり（施設内）",
          "湯沸かし浴槽あり",
          "ごみ処理対応可（無料）",
          "電源あり（無料）",
          "発電機利用可(時間指定あり)",
          "水道あり（無料）",
          "炊事場なし",
          "コインランドリーあり",
          "ペットOK",
          "ドッグランあり",
          "WI-FIあり（無料）",
          "旅館・ホテルの食事：朝食・不可",
          "旅館・ホテルの食事：夕食・不可",
          "宿泊予約OK"
        ],
        "url": "https://www.kurumatabi.com/park/rvpark/1429.html",
        "geocode_source": "auto"
      }
    },
    {
      "type": "Feature",
      "geometry": {
        "type": "Point",
        "coordinates": [
          139.262563,
          37.829521
        ]
      },
      "properties": {
        "name": "RVパーク 新潟阿賀野リゾート",
        "pref": "新潟県",
        "address": "新潟県阿賀野市金屋340-5",
        "phone": "0250-63-2100",
        "fee": "一般: 1泊・1台につき 2,200円 / 一般: 電源サイト利用 1泊・1台につき 5,500円 / スタンダード会員: 1泊・1台につき 1,100円 / スタンダード会員: 電源サイト利用 1泊・1台につき 4,400円 / プレミアム会員: 1泊・1台につき 1,100円 / プレミアム会員: 電源サイト利用 1泊・1台につき 4,400円",
        "available_period": "通年 月・火 定休日（ゴールデンウィーク・お盆期間中は営業の場合あり） 年末年始原則お休み 施設により不定期のお休み・休業を設定している場合があります。ご利用可能日は事前に各施設にお問い合わせください。",
        "checkin_checkout": "チェックイン: 15:00 ～ 18:30 / チェックアウト: 特になし ～ 10:00",
        "vehicle_size": "バンコン トレーラー 軽キャン 一般車 その他 下記駐車場サイズもご確認ください。 利用可能かどうか判断がつかない場合は、施設までお問い合わせください。",
        "features": [
          "24時間利用OK",
          "温水洗浄便座あり",
          "入浴施設あり（施設内）",
          "シャワーあり",
          "ごみ処理対応可（有料）",
          "電源あり（有料）",
          "発電機・不可",
          "水道あり（無料）",
          "炊事場なし",
          "コインランドリー・なし",
          "ペットOK",
          "ドッグランなし",
          "WI-FIの利用・なし",
          "旅館・ホテルの食事：朝食・不可",
          "夕食予約OK",
          "旅館・ホテルの宿泊予約・不可"
        ],
        "url": "https://www.kurumatabi.com/park/rvpark/1115.html",
        "geocode_source": "auto"
      }
    },
    {
      "type": "Feature",
      "geometry": {
        "type": "Point",
        "coordinates": [
          138.865242,
          37.046988
        ]
      },
      "properties": {
        "name": "RVパーク★NC21+ピーキャン★",
        "pref": "新潟県",
        "address": "新潟県南魚沼市竹俣235-1",
        "phone": "080-6048-7310",
        "fee": "一般: 1台/1泊 2,500円",
        "available_period": "通年 日祝 日祝の前日 春休み GW 夏休み お盆 冬休み 年末年始 平日 冬の駐車場は、消雪パイプ（雪を消す施設）が整備されていますので、安心して利用できます。 真冬は、早朝６時から各道路や駐車場で除雪作業が行われます。 当駐車場もタイヤショベルによる除雪作業が行われます。 耳障りだと思いますが、風物詩だと思い楽しんでみてはいかがでしょうか？ ご利用お待ちしております。 施設により不定期のお休み・休業を設定している場合があります。ご利用可能日は事前に各施設にお問い合わせください。",
        "checkin_checkout": "チェックイン: 15:00 ～ 18:00 / チェックアウト: 特になし ～ 10:00",
        "vehicle_size": "キャブコン バンコン トレーラー 軽キャン 一般車",
        "features": [
          "24時間利用OK",
          "温水洗浄便座あり",
          "入浴施設あり（車移動あり）",
          "温泉あり",
          "ごみ処理対応可（無料）",
          "電源あり（無料）",
          "発電機・不可",
          "水道あり（無料）",
          "炊事場なし",
          "コインランドリーあり",
          "ペットOK"
        ],
        "url": "https://www.kurumatabi.com/park/rvpark/979.html",
        "geocode_source": "auto"
      }
    },
    {
      "type": "Feature",
      "geometry": {
        "type": "Point",
        "coordinates": [
          139.00948,
          37.72817
        ]
      },
      "properties": {
        "name": "RVパーク　CARS LAND",
        "pref": "新潟県",
        "address": "新潟県新潟市南区東萱場 1857-1",
        "phone": "025-378-2205",
        "fee": "一般: 1泊/1台 3,300円",
        "available_period": "通年 日祝 日祝の前日 春休み GW 夏休み お盆 冬休み 平日 毎週火曜日は定休日 火曜日ご利用の際は要連絡 施設により不定期のお休み・休業を設定している場合があります。ご利用可能日は事前に各施設にお問い合わせください。",
        "checkin_checkout": "チェックイン: 10:00 ～ 18:00 / チェックアウト: 特になし ～ 10:00",
        "vehicle_size": "セミフルコン バスコン キャブコン バンコン トレーラー 軽キャン 一般車 下記駐車場サイズもご確認ください。 利用可能かどうか判断がつかない場合は、施設までお問い合わせください。",
        "features": [
          "24時間利用OK",
          "温水洗浄便座あり",
          "入浴施設あり（施設内）",
          "シャワーあり",
          "ごみ処理対応可（有料）",
          "電源あり（有料）",
          "発電機・不可",
          "水道あり（無料）",
          "炊事場なし",
          "コインランドリー・なし",
          "ペットOK",
          "ドッグランあり",
          "WI-FIの利用・なし",
          "旅館・ホテルの食事：朝食・不可",
          "旅館・ホテルの食事：夕食・不可",
          "旅館・ホテルの宿泊予約・不可"
        ],
        "url": "https://www.kurumatabi.com/park/rvpark/1024.html",
        "geocode_source": "auto"
      }
    },
    {
      "type": "Feature",
      "geometry": {
        "type": "Point",
        "coordinates": [
          138.774398,
          37.166148
        ]
      },
      "properties": {
        "name": "RVパーク　バンダイ",
        "pref": "新潟県",
        "address": "新潟県十日町市中条甲1369",
        "phone": "025-752-6627",
        "fee": "一般: 1泊・1台につき 2,200円",
        "available_period": "通年 日祝 日祝の前日 春休み GW 夏休み お盆 冬休み 年末年始 平日 施設により不定期のお休み・休業を設定している場合があります。ご利用可能日は事前に各施設にお問い合わせください。",
        "checkin_checkout": "チェックイン: 15:00 ～ 19:00 / チェックアウト: 特になし ～ 10:00",
        "vehicle_size": "フルコン セミフルコン バスコン キャブコン バンコン トレーラー 軽キャン 一般車",
        "features": [
          "24時間利用OK",
          "入浴施設あり（施設内）",
          "湯沸かし浴槽あり",
          "ダンプステーション・なし",
          "ごみ処理対応可（無料）",
          "電源あり（無料）",
          "発電機利用可(時間指定あり)",
          "水道あり（無料）",
          "炊事場あり",
          "コインランドリー・なし",
          "ペットOK",
          "ドッグランなし",
          "朝食予約OK",
          "夕食予約OK",
          "宿泊予約OK"
        ],
        "url": "https://www.kurumatabi.com/park/rvpark/802.html",
        "geocode_source": "auto"
      }
    },
    {
      "type": "Feature",
      "geometry": {
        "type": "Point",
        "coordinates": [
          138.003211,
          37.113498
        ]
      },
      "properties": {
        "name": "RVパークマリンドリーム能生",
        "pref": "新潟県",
        "address": "新潟県糸魚川市能生小泊3596-2",
        "phone": "025-566-3456",
        "fee": "1泊 2,000円／1台(トレーラー含む) 【利用可能台数】9台 【利用可能台数】 ○電源あり:3台 ○電源なし:6台 電源利用料については、 電源の有無 の項目をご確認ください。 最新の料金は直接施設へ事前確認をお願いします。",
        "available_period": "日祝 日祝の前日 春休み GW 夏休み お盆 平日 施設により不定期のお休み・休業を設定している場合があります。ご利用可能日は事前に各施設にお問い合わせください。",
        "checkin_checkout": "チェックイン: 10:00 ～ 18:00 / チェックアウト: ～ 10:00",
        "vehicle_size": "フルコン セミフルコン バスコン キャブコン バンコン トレーラー 軽キャン 一般車",
        "features": [
          "ごみ処理可能",
          "電源あり",
          "水道あり",
          "発電機OK",
          "入浴施設あり",
          "ペットOK",
          "プレミアム会員特典あり",
          "24時間トイレあり",
          "ダンプステーションあり"
        ],
        "url": "https://www.kurumatabi.com/park/rvpark/667.html",
        "geocode_source": "auto"
      }
    },
    {
      "type": "Feature",
      "geometry": {
        "type": "Point",
        "coordinates": [
          138.825317,
          37.664207
        ]
      },
      "properties": {
        "name": "SORAIRO国上　RVパーク",
        "pref": "新潟県",
        "address": "新潟県燕市国上5866－1",
        "phone": "0256-97-1755",
        "fee": "一般: １泊・１台につき 2,500円",
        "available_period": "通年 施設により不定期のお休み・休業を設定している場合があります。ご利用可能日は事前に各施設にお問い合わせください。",
        "checkin_checkout": "チェックイン: 1:00 ～ 21:00 / チェックアウト: 9:00 ～ 11:00",
        "vehicle_size": "キャブコン バンコン 軽キャン 一般車 下記駐車場サイズもご確認ください。 利用可能かどうか判断がつかない場合は、施設までお問い合わせください。",
        "features": [
          "24時間利用OK",
          "入浴施設あり（施設内）",
          "温泉あり",
          "ごみ処理対応可（無料）",
          "電源あり（無料）",
          "発電機・不可",
          "水道あり（無料）",
          "炊事場あり",
          "コインランドリー・なし",
          "ペットOK",
          "ドッグランなし",
          "WI-FIの利用・なし",
          "旅館・ホテルの食事：朝食・不可",
          "旅館・ホテルの食事：夕食・不可",
          "旅館・ホテルの宿泊予約・不可"
        ],
        "url": "https://www.kurumatabi.com/park/rvpark/1233.html",
        "geocode_source": "auto"
      }
    },
    {
      "type": "Feature",
      "geometry": {
        "type": "Point",
        "coordinates": [
          138.826947,
          37.678934
        ]
      },
      "properties": {
        "name": "やひこRVパーク",
        "pref": "新潟県",
        "address": "新潟県西蒲原郡弥彦村麓1970",
        "phone": "0256-94-1126",
        "fee": "■普通車（長さ6m未満） 1泊2,300円/1台 ■大型車（長さ6m以上～16mまで。トレーラー含む） 1泊3,300円/1台 【利用可能台数】9台 ■普通車4m×6m 6区画 ■大型車3.5m×16m 3区画 電源利用料については、 電源の有無 の項目をご確認ください。 最新の料金は直接施設へ事前確認をお願いします。",
        "available_period": "通年 日祝 日祝の前日 春休み GW 夏休み お盆 冬休み 年末年始 平日 施設により不定期のお休み・休業を設定している場合があります。ご利用可能日は事前に各施設にお問い合わせください。",
        "checkin_checkout": "チェックイン: 13:00 ～ 20:00 / チェックアウト: 特になし ～ 11:00",
        "vehicle_size": "フルコン セミフルコン バスコン キャブコン バンコン トレーラー 軽キャン 一般車 下記駐車場サイズもご確認ください。 利用可能かどうか判断がつかない場合は、施設までお問い合わせください。",
        "features": [
          "24時間利用OK",
          "温水洗浄便座あり",
          "入浴施設あり（施設内）",
          "温泉あり",
          "ダンプステーション・なし",
          "ごみ処理対応可（無料）",
          "電源あり（無料）",
          "発電機・不可",
          "水道あり（無料）",
          "炊事場なし",
          "コインランドリー・なし",
          "ペットOK",
          "WI-FIあり（無料）",
          "旅館・ホテルの食事：朝食・不可",
          "夕食予約OK",
          "旅館・ホテルの宿泊予約・不可"
        ],
        "url": "https://www.kurumatabi.com/park/rvpark/922.html",
        "geocode_source": "auto"
      }
    },
    {
      "type": "Feature",
      "geometry": {
        "type": "Point",
        "coordinates": [
          138.20998,
          36.95285
        ]
      },
      "properties": {
        "name": "妙高サンシャインRVパーク",
        "pref": "新潟県",
        "address": "新潟県上越市中郷区江口846-1",
        "phone": "0255-74-2421",
        "fee": "一般: 1泊・1台 5,000円",
        "available_period": "日祝の前日 春休み GW 夏休み お盆 4月中旬～11月上旬までご利用可。 （休前日のみ営業） 詳細はカレンダーにてご確認下さい。 11月中旬～3月下旬の冬期間は、クローズいたします。 施設により不定期のお休み・休業を設定している場合があります。ご利用可能日は事前に各施設にお問い合わせください。",
        "checkin_checkout": "チェックイン: 14:00 ～ 18:00 / チェックアウト: 特になし ～ 10:00",
        "vehicle_size": "セミフルコン バスコン キャブコン バンコン 軽キャン 一般車 下記駐車場サイズもご確認ください。 利用可能かどうか判断がつかない場合は、施設までお問い合わせください。",
        "features": [
          "24時間利用OK",
          "温水洗浄便座あり",
          "入浴施設あり（車移動あり）",
          "温泉あり",
          "ごみ処理対応可（有料）",
          "電源あり（無料）",
          "発電機利用可(時間指定あり)",
          "水道あり（無料）",
          "炊事場なし",
          "コインランドリー・なし",
          "ペットOK",
          "WI-FIの利用・なし",
          "旅館・ホテルの食事：朝食・不可",
          "旅館・ホテルの食事：夕食・不可",
          "宿泊予約OK"
        ],
        "url": "https://www.kurumatabi.com/park/rvpark/971.html",
        "geocode_source": "auto"
      }
    },
    {
      "type": "Feature",
      "geometry": {
        "type": "Point",
        "coordinates": [
          139.829849,
          35.717249
        ]
      },
      "properties": {
        "name": "RVパーク東京・東墨田",
        "pref": "東京都",
        "address": "東京都墨田区東墨田1-2-14",
        "phone": "090-3813-5262",
        "fee": "1泊 5,000 円／1台 【利用可能台数】4台 (混雑時は1台あたりのスペースを削り、受入れ台数増やす場合があります） シャワー、ゴミ処理、電源込です。 シャワー利用時間PM6時～AM6時。 電源利用料については、 電源の有無 の項目をご確認ください。 最新の料金は直接施設へ事前確認をお願いします。",
        "available_period": "通年 日祝 日祝の前日 春休み GW 夏休み お盆 冬休み 年末年始 平日 混雑時は、トレーラーは連結を切り離していただき、通常料金＋1000円をお支払いいただきます。 施設により不定期のお休み・休業を設定している場合があります。ご利用可能日は事前に各施設にお問い合わせください。",
        "checkin_checkout": "チェックイン: 14:00 ～ 22:00 / チェックアウト: 5:00 ～ 10:00",
        "vehicle_size": "セミフルコン バスコン キャブコン バンコン トレーラー 軽キャン 一般車 下記駐車場サイズもご確認ください。 利用可能かどうか判断がつかない場合は、施設までお問い合わせください。",
        "features": [
          "24時間利用OK",
          "温水洗浄便座あり",
          "入浴施設あり（施設内）",
          "シャワーあり",
          "ごみ処理対応可（無料）",
          "電源あり（無料）",
          "発電機・不可",
          "水道あり（無料）",
          "炊事場なし",
          "コインランドリーあり",
          "ペットOK",
          "ドッグランなし",
          "WI-FIあり（無料）"
        ],
        "url": "https://www.kurumatabi.com/park/rvpark/851.html",
        "geocode_source": "auto"
      }
    },
    {
      "type": "Feature",
      "geometry": {
        "type": "Point",
        "coordinates": [
          139.58439,
          36.332237
        ]
      },
      "properties": {
        "name": "DANRANアウトドアフィールド RVパーク",
        "pref": "栃木県",
        "address": "栃木県佐野市奈良渕町316",
        "phone": "0283-21-6868",
        "fee": "1泊 3,800円／1台 電源利用料については、 電源の有無 の項目をご確認ください。 最新の料金は直接施設へ事前確認をお願いします。",
        "available_period": "通年 日祝 日祝の前日 春休み GW 夏休み お盆 冬休み 年末年始 平日 駐車場でイベントが開催される場合は利用できない場合があります。 施設により不定期のお休み・休業を設定している場合があります。ご利用可能日は事前に各施設にお問い合わせください。",
        "checkin_checkout": "チェックイン: 12:00 ～ 19:00 / チェックアウト: 8:00 ～ 11:00",
        "vehicle_size": "セミフルコン バスコン キャブコン バンコン トレーラー 軽キャン 一般車 下記駐車場サイズもご確認ください。 利用可能かどうか判断がつかない場合は、施設までお問い合わせください。",
        "features": [
          "24時間利用OK",
          "入浴施設あり（徒歩圏内あり）",
          "シャワーあり",
          "ごみ処理対応可（有料）",
          "電源あり（無料）",
          "発電機・不可",
          "水道あり（無料）",
          "炊事場なし",
          "コインランドリーあり",
          "ペットOK",
          "ドッグランなし",
          "WI-FIの利用・なし",
          "朝食予約OK",
          "旅館・ホテルの食事：夕食・不可",
          "宿泊予約OK"
        ],
        "url": "https://www.kurumatabi.com/park/rvpark/1116.html",
        "geocode_source": "auto"
      }
    },
    {
      "type": "Feature",
      "geometry": {
        "type": "Point",
        "coordinates": [
          139.978375,
          36.773869
        ]
      },
      "properties": {
        "name": "RVパーク 58ロハスクラブ",
        "pref": "栃木県",
        "address": "栃木県矢板市安沢2180",
        "phone": "0287-41-0058",
        "fee": "一般: 1泊・1台につき 5,500円〜 / 一般: 58ロハスマルシェ他、イベント時 8,800円",
        "available_period": "通年 定休日について 毎週火曜日 施設により不定期のお休み・休業を設定している場合があります。ご利用可能日は事前に各施設にお問い合わせください。",
        "checkin_checkout": "チェックイン: 12:00 ～ 17:00 / チェックアウト: 8:00 ～ 11:00",
        "vehicle_size": "セミフルコン バスコン キャブコン バンコン 軽キャン 一般車 下記駐車場サイズもご確認ください。 利用可能かどうか判断がつかない場合は、施設までお問い合わせください。",
        "features": [
          "24時間利用OK",
          "温水洗浄便座あり",
          "入浴施設あり（施設内）",
          "湯沸かし浴槽あり",
          "ダンプステーション・なし",
          "ごみ処理対応可（無料）",
          "電源あり（無料）",
          "発電機・不可",
          "水道あり（無料）",
          "炊事場あり",
          "コインランドリー・なし",
          "ペットOK",
          "ドッグランあり",
          "WI-FIあり（無料）",
          "朝食予約OK",
          "夕食予約OK",
          "宿泊予約OK"
        ],
        "url": "https://www.kurumatabi.com/park/rvpark/1261.html",
        "geocode_source": "auto"
      }
    },
    {
      "type": "Feature",
      "geometry": {
        "type": "Point",
        "coordinates": [
          139.59653,
          36.288851
        ]
      },
      "properties": {
        "name": "RVパーク CD BASE SANO",
        "pref": "栃木県",
        "address": "栃木県佐野市馬門町１７１５（隣地地番１７２１－1）",
        "phone": "0283-25-8816",
        "fee": "一般: 1台につき 4,500円",
        "available_period": "通年 施設により不定期のお休み・休業を設定している場合があります。ご利用可能日は事前に各施設にお問い合わせください。",
        "checkin_checkout": "チェックイン: 9:30 ～ 19:00 / チェックアウト: 特になし ～ 12:00",
        "vehicle_size": "フルコン セミフルコン バスコン キャブコン バンコン トレーラー 軽キャン 一般車 その他 下記駐車場サイズもご確認ください。 利用可能かどうか判断がつかない場合は、施設までお問い合わせください。",
        "features": [
          "24時間利用OK",
          "特に機能なし",
          "入浴施設あり（車移動あり）",
          "温泉あり",
          "ダンプステーション・なし",
          "ごみ処理対応可（有料）",
          "電源あり（有料）",
          "発電機利用可(時間指定あり)",
          "水道あり（無料）",
          "コインランドリー・なし",
          "ペットOK",
          "ドッグランあり",
          "WI-FIの利用・なし",
          "旅館・ホテルの宿泊予約・不可"
        ],
        "url": "https://www.kurumatabi.com/park/rvpark/1242.html",
        "geocode_source": "auto"
      }
    },
    {
      "type": "Feature",
      "geometry": {
        "type": "Point",
        "coordinates": [
          140.151948,
          37.07241
        ]
      },
      "properties": {
        "name": "RVパーク HABILE CAMP FOREST NASU",
        "pref": "栃木県",
        "address": "栃木県那須郡那須町豊原乙沼尻3223-1",
        "phone": "080-5337-5772",
        "fee": "一般: 1泊 4,400円",
        "available_period": "通年 施設により不定期のお休み・休業を設定している場合があります。ご利用可能日は事前に各施設にお問い合わせください。",
        "checkin_checkout": "チェックイン: 12:00 ～ 17:00 / チェックアウト: 8:00 ～ 11:00",
        "vehicle_size": "バスコン キャブコン バンコン 軽キャン 一般車 下記駐車場サイズもご確認ください。 利用可能かどうか判断がつかない場合は、施設までお問い合わせください。",
        "features": [
          "24時間利用OK",
          "入浴施設あり（施設内）",
          "シャワーあり",
          "ごみ処理対応可（有料）",
          "電源あり（無料）",
          "発電機・不可",
          "水道あり（無料）",
          "ペットOK"
        ],
        "url": "https://www.kurumatabi.com/park/rvpark/1832.html",
        "geocode_source": "auto"
      }
    },
    {
      "type": "Feature",
      "geometry": {
        "type": "Point",
        "coordinates": [
          140.014453,
          37.049001
        ]
      },
      "properties": {
        "name": "RVパーク ビバーク＋那須高原",
        "pref": "栃木県",
        "address": "栃木県那須郡那須町高久乙2827-1",
        "phone": "070-8335-3923",
        "fee": "一般: 1泊・1台につき 4,000円〜5,500円",
        "available_period": "通年 日祝 日祝の前日 春休み GW 夏休み お盆 冬休み 年末年始 平日 定休日無し 施設により不定期のお休み・休業を設定している場合があります。ご利用可能日は事前に各施設にお問い合わせください。",
        "checkin_checkout": "チェックイン: 12:00 ～ 23:30 / チェックアウト: 特になし ～ 12:00",
        "vehicle_size": "フルコン セミフルコン バスコン キャブコン バンコン トレーラー 軽キャン 一般車 その他 下記駐車場サイズもご確認ください。 利用可能かどうか判断がつかない場合は、施設までお問い合わせください。",
        "features": [
          "24時間利用OK",
          "温水洗浄便座あり",
          "入浴施設あり（車移動あり）",
          "温泉あり",
          "ダンプステーション・なし",
          "ゴミ処理対応・不可",
          "電源あり（無料）",
          "発電機・不可",
          "水道あり（無料）",
          "炊事場なし",
          "コインランドリーあり",
          "ペットOK",
          "WI-FIの利用・なし",
          "旅館・ホテルの食事：朝食・不可",
          "旅館・ホテルの食事：夕食・不可",
          "旅館・ホテルの宿泊予約・不可"
        ],
        "url": "https://www.kurumatabi.com/park/rvpark/1163.html",
        "geocode_source": "auto"
      }
    },
    {
      "type": "Feature",
      "geometry": {
        "type": "Point",
        "coordinates": [
          140.037745,
          37.080067
        ]
      },
      "properties": {
        "name": "RVパーク ホテル・フロラシオン那須",
        "pref": "栃木県",
        "address": "栃木県那須郡那須町高久丙1796",
        "phone": "0287-76-6333",
        "fee": "一般: 1泊・1台につき 2,750円〜5,750円",
        "available_period": "通年 日祝 日祝の前日 春休み GW 夏休み お盆 冬休み 年末年始 施設により不定期のお休み・休業を設定している場合があります。ご利用可能日は事前に各施設にお問い合わせください。",
        "checkin_checkout": "チェックイン: 14:00 ～ 20:00 / チェックアウト: 特になし ～ 11:00",
        "vehicle_size": "フルコン セミフルコン バスコン キャブコン バンコン トレーラー 軽キャン 一般車",
        "features": [
          "24時間利用OK",
          "入浴施設あり（施設内）",
          "温泉あり",
          "ごみ処理対応可（無料）",
          "電源あり（無料）",
          "発電機・不可",
          "水道あり（無料）",
          "炊事場なし",
          "コインランドリー・なし",
          "ペットOK",
          "ドッグランなし",
          "WI-FIの利用・なし",
          "朝食予約OK",
          "夕食予約OK",
          "宿泊予約OK"
        ],
        "url": "https://www.kurumatabi.com/park/rvpark/671.html",
        "geocode_source": "auto"
      }
    },
    {
      "type": "Feature",
      "geometry": {
        "type": "Point",
        "coordinates": [
          139.61,
          36.84
        ]
      },
      "properties": {
        "name": "RVパーク 大笹牧場",
        "pref": "栃木県",
        "address": "栃木県日光市瀬尾字大笹原3405",
        "phone": "0288-97-1116",
        "fee": "1泊 3,900円／1台 電源利用料については、 電源の有無 の項目をご確認ください。 最新の料金は直接施設へ事前確認をお願いします。",
        "available_period": "日祝 日祝の前日 GW 夏休み お盆 平日 4月中旬～10月末までの営業となります。 施設により不定期のお休み・休業を設定している場合があります。ご利用可能日は事前に各施設にお問い合わせください。",
        "checkin_checkout": "チェックイン: 13:00 ～ 16:00 / チェックアウト: 特になし ～ 11:00",
        "vehicle_size": "セミフルコン バスコン キャブコン バンコン 軽キャン 一般車",
        "features": [
          "24時間利用OK",
          "入浴施設あり（車移動あり）",
          "温泉あり",
          "ゴミ処理対応・不可",
          "電源あり（無料）",
          "発電機・不可",
          "水道あり（無料）",
          "ペットOK"
        ],
        "url": "https://www.kurumatabi.com/park/rvpark/1560.html",
        "geocode_source": "manual"
      }
    },
    {
      "type": "Feature",
      "geometry": {
        "type": "Point",
        "coordinates": [
          139.828437,
          36.634398
        ]
      },
      "properties": {
        "name": "RVパーク 宇都宮ICくまくま",
        "pref": "栃木県",
        "address": "栃木県宇都宮市新里町丙357-14",
        "phone": "080-7321-9090",
        "fee": "一般: 1泊（平日）/1台 3,500円 / 一般: /1泊（金・土・日・祝日）/1台 5,500円",
        "available_period": "通年 日祝 日祝の前日 春休み GW 夏休み お盆 冬休み 年末年始 平日 施設により不定期のお休み・休業を設定している場合があります。ご利用可能日は事前に各施設にお問い合わせください。",
        "checkin_checkout": "チェックイン: 15:00 ～ 20:00 / チェックアウト: 6:00 ～ 11:00",
        "vehicle_size": "セミフルコン バスコン キャブコン バンコン トレーラー 軽キャン 一般車 下記駐車場サイズもご確認ください。 利用可能かどうか判断がつかない場合は、施設までお問い合わせください。",
        "features": [
          "24時間利用OK",
          "温水洗浄便座あり",
          "入浴施設あり（徒歩圏内あり）",
          "温泉あり",
          "ダンプステーション・なし",
          "ごみ処理対応可（有料）",
          "電源あり（有料）",
          "発電機・不可",
          "水道あり（無料）",
          "コインランドリーあり",
          "ペットOK",
          "ドッグランあり",
          "WI-FIあり（無料）",
          "朝食予約OK",
          "夕食予約OK"
        ],
        "url": "https://www.kurumatabi.com/park/rvpark/1051.html",
        "geocode_source": "auto"
      }
    },
    {
      "type": "Feature",
      "geometry": {
        "type": "Point",
        "coordinates": [
          140.144144,
          36.768275
        ]
      },
      "properties": {
        "name": "RVパーク 那珂川グリーンヒル",
        "pref": "栃木県",
        "address": "栃木県那須郡那珂川町小口1702",
        "phone": "0287-92-3351",
        "fee": "一般: Ａサイト：1泊・1台につき 3,000円 / スタンダード会員: Bサイト：1泊・1台につき 3,500円",
        "available_period": "通年 日祝 日祝の前日 春休み GW 夏休み お盆 冬休み 平日 令和8年9月6日休館致します。年末年始休業日12/30～1/3 ※チェクイン時間16：00を過ぎますと常駐するスタッフが居りませんので案内所を受けずそのままRVパークの方へ入場して下さい。（入口抜けてそのまま突き当りまで）およそ５００メートルほど進みRVパークの入口になります。駐車ナンバーがありますのでそちらをお使い下さい。 施設により不定期のお休み・休業を設定している場合があります。ご利用可能日は事前に各施設にお問い合わせください。",
        "checkin_checkout": "チェックイン: 14:00 ～ 16:00 / チェックアウト: 8:00 ～ 10:00",
        "vehicle_size": "セミフルコン バスコン キャブコン バンコン トレーラー 軽キャン 一般車 下記駐車場サイズもご確認ください。 利用可能かどうか判断がつかない場合は、施設までお問い合わせください。",
        "features": [
          "24時間利用OK",
          "温水洗浄便座あり",
          "入浴施設あり（車移動あり）",
          "温泉あり",
          "ダンプステーション・なし",
          "ゴミ処理対応・不可",
          "電源あり（無料）",
          "発電機・不可",
          "水道あり（無料）",
          "炊事場あり",
          "コインランドリーあり",
          "ペットOK",
          "ドッグランあり",
          "WI-FIの利用・なし",
          "旅館・ホテルの食事：朝食・不可",
          "旅館・ホテルの食事：夕食・不可",
          "宿泊予約OK"
        ],
        "url": "https://www.kurumatabi.com/park/rvpark/1624.html",
        "geocode_source": "auto"
      }
    },
    {
      "type": "Feature",
      "geometry": {
        "type": "Point",
        "coordinates": [
          140.01396,
          37.08322
        ]
      },
      "properties": {
        "name": "RVパーク 那須癒オート",
        "pref": "栃木県",
        "address": "栃木県那須郡那須町湯本新林３５０－５",
        "phone": "090-8747-6312",
        "fee": "一泊３５００ 電源利用料については、 電源の有無 の項目をご確認ください。 最新の料金は直接施設へ事前確認をお願いします。",
        "available_period": "通年 冬季節、雪の影響で使えない時有ります、 施設により不定期のお休み・休業を設定している場合があります。ご利用可能日は事前に各施設にお問い合わせください。",
        "checkin_checkout": "チェックイン: 13:00 ～ 特になし / チェックアウト: 特になし",
        "vehicle_size": "キャブコン バンコン 軽キャン 一般車 その他 下記駐車場サイズもご確認ください。 利用可能かどうか判断がつかない場合は、施設までお問い合わせください。",
        "features": [
          "24時間利用OK",
          "温水洗浄便座あり",
          "入浴施設あり（施設内）",
          "シャワーあり",
          "ごみ処理対応可（有料）",
          "電源あり（無料）",
          "発電機・不可",
          "水道あり（無料）",
          "炊事場あり",
          "コインランドリー・なし",
          "ペットOK",
          "ドッグランあり",
          "WI-FIの利用・なし",
          "旅館・ホテルの食事：朝食・不可",
          "旅館・ホテルの食事：夕食・不可",
          "旅館・ホテルの宿泊予約・不可"
        ],
        "url": "https://www.kurumatabi.com/park/rvpark/1424.html",
        "geocode_source": "auto"
      }
    },
    {
      "type": "Feature",
      "geometry": {
        "type": "Point",
        "coordinates": [
          139.80574,
          36.335859
        ]
      },
      "properties": {
        "name": "RVパークsmart 小山思川温泉",
        "pref": "栃木県",
        "address": "栃木県小山市喜沢1475",
        "phone": "092-433-7370",
        "fee": "一般: 1泊・1台につき 3,800円",
        "available_period": "通年 日祝 日祝の前日 春休み GW 夏休み お盆 冬休み 年末年始 平日 施設により不定期のお休み・休業を設定している場合があります。ご利用可能日は事前に各施設にお問い合わせください。",
        "checkin_checkout": "チェックイン: 13:00 ～ / チェックアウト: 特になし ～ 12:00",
        "vehicle_size": "バスコン キャブコン バンコン トレーラー 軽キャン 一般車 下記駐車場サイズもご確認ください。 利用可能かどうか判断がつかない場合は、施設までお問い合わせください。",
        "features": [
          "24時間利用OK",
          "入浴施設あり（施設内）",
          "温泉あり",
          "ゴミ処理対応・不可",
          "電源あり（無料）",
          "発電機・不可",
          "水道あり（無料）",
          "ペットOK"
        ],
        "url": "https://www.kurumatabi.com/park/rvpark/916.html",
        "geocode_source": "auto"
      }
    },
    {
      "type": "Feature",
      "geometry": {
        "type": "Point",
        "coordinates": [
          139.929402,
          37.054906
        ]
      },
      "properties": {
        "name": "RVパーク　555幸乃湯",
        "pref": "栃木県",
        "address": "栃木県那須塩原市百村3536-1",
        "phone": "0287-69-1110",
        "fee": "一般: 1泊・1台（軽キャンから大型キャンピングカー・トレーラーまで車両により２種類も区画に分かれる） 4,000円〜6,000円",
        "available_period": "通年 通年（不定休あり） 施設により不定期のお休み・休業を設定している場合があります。ご利用可能日は事前に各施設にお問い合わせください。",
        "checkin_checkout": "チェックイン: 12:00 ～ 19:00 / チェックアウト: 0:00 ～ 11:00",
        "vehicle_size": "フルコン セミフルコン バスコン キャブコン バンコン トレーラー 軽キャン 一般車 その他 下記駐車場サイズもご確認ください。 利用可能かどうか判断がつかない場合は、施設までお問い合わせください。",
        "features": [
          "24時間利用OK",
          "温水洗浄便座あり",
          "入浴施設あり（施設内）",
          "温泉あり",
          "ダンプステーション・なし",
          "ごみ処理対応可（無料）",
          "電源あり（無料）",
          "発電機・不可",
          "水道あり（無料）",
          "炊事場なし",
          "コインランドリー・なし",
          "ペットOK",
          "ドッグランなし",
          "WI-FIあり（無料）",
          "朝食予約OK",
          "夕食予約OK",
          "宿泊予約OK"
        ],
        "url": "https://www.kurumatabi.com/park/rvpark/1227.html",
        "geocode_source": "auto"
      }
    },
    {
      "type": "Feature",
      "geometry": {
        "type": "Point",
        "coordinates": [
          139.617752,
          36.48851
        ]
      },
      "properties": {
        "name": "RVパーク　トモさん",
        "pref": "栃木県",
        "address": "栃木県鹿沼市下永野1142",
        "phone": "090-9316-5341",
        "fee": "一般: 一泊.１台につき 3,000円",
        "available_period": "通年 施設により不定期のお休み・休業を設定している場合があります。ご利用可能日は事前に各施設にお問い合わせください。",
        "checkin_checkout": "チェックイン: 13:00 ～ 特になし / チェックアウト: ～ 11:00",
        "vehicle_size": "セミフルコン バスコン キャブコン バンコン トレーラー 軽キャン 一般車 下記駐車場サイズもご確認ください。 利用可能かどうか判断がつかない場合は、施設までお問い合わせください。",
        "features": [
          "24時間利用OK",
          "温水洗浄便座あり",
          "入浴施設あり（施設内）",
          "湯沸かし浴槽あり",
          "ごみ処理対応可（有料）",
          "電源あり（無料）",
          "発電機・不可",
          "水道あり（無料）",
          "炊事場なし",
          "コインランドリー・なし",
          "ペットOK",
          "ドッグランあり",
          "WI-FIあり（無料）",
          "旅館・ホテルの食事：朝食・不可",
          "旅館・ホテルの食事：夕食・不可",
          "旅館・ホテルの宿泊予約・不可"
        ],
        "url": "https://www.kurumatabi.com/park/rvpark/1241.html",
        "geocode_source": "auto"
      }
    },
    {
      "type": "Feature",
      "geometry": {
        "type": "Point",
        "coordinates": [
          139.82173,
          36.59156
        ]
      },
      "properties": {
        "name": "RVパーク　大谷",
        "pref": "栃木県",
        "address": "栃木県宇都宮市大谷町1312-6",
        "phone": "080-5172-0252",
        "fee": "・県道沿い区画 １泊 3,850円/１台 ・一般区画 １泊 4,400/１台 ・川沿い大型区画 １泊 5,500円/１台 電源利用料については、 電源の有無 の項目をご確認ください。 最新の料金は直接施設へ事前確認をお願いします。",
        "available_period": "通年 日祝の前日 春休み 平日 ◆◆◆【【日曜日／祝日は定休日、連休等も不定休業となります】】◆◆◆ ・管理会社の主業に合わせた開業スタイルのため、日曜/祝日以外にも長期連休等も不定休となります ・ご予約受付開始時期に関しても出来る限り早めに更新いたしますが、上記同様に不定期更新となります事を予めご容赦願います ・お問い合わせ等による、特別開放などは一切行いません ◆◆必ず予約サイトでご確認下さい◆◆ ・電話での受付は一切行いません ◇◇◇予約開始日について◇◇◇ ・１ヶ月前の１日からとなります 例：４月１日～４月３０日分の開始日 ３月１日から ※事前（上記日前）に更新となる場合もございます 施設により不定期のお休み・休業を設定している場合があります。ご利用可能日は事前に各施設にお問い合わせください。",
        "checkin_checkout": "チェックイン: 13:00 ～ 22:00 / チェックアウト: 特になし ～ 11:00",
        "vehicle_size": "セミフルコン バスコン キャブコン バンコン トレーラー 軽キャン 一般車 下記駐車場サイズもご確認ください。 利用可能かどうか判断がつかない場合は、施設までお問い合わせください。",
        "features": [
          "24時間利用OK",
          "温水洗浄便座あり",
          "入浴施設あり（車移動あり）",
          "湯沸かし浴槽あり",
          "ブラック・グレーOK",
          "ごみ処理対応可（無料）",
          "電源あり（無料）",
          "発電機・不可",
          "水道あり（無料）",
          "炊事場あり",
          "コインランドリーあり",
          "ペットOK",
          "ドッグランなし",
          "WI-FIの利用・なし"
        ],
        "url": "https://www.kurumatabi.com/park/rvpark/1230.html",
        "geocode_source": "auto"
      }
    },
    {
      "type": "Feature",
      "geometry": {
        "type": "Point",
        "coordinates": [
          139.858658,
          36.351378
        ]
      },
      "properties": {
        "name": "RVパーク　遊水園CampField",
        "pref": "栃木県",
        "address": "栃木県小山市鉢形８８５－１",
        "phone": "0285376376",
        "fee": "一般: 1泊・1台につき 3,500円",
        "available_period": "通年 施設により不定期のお休み・休業を設定している場合があります。ご利用可能日は事前に各施設にお問い合わせください。",
        "checkin_checkout": "チェックイン: 13:00 ～ 16:00 / チェックアウト: 特になし ～ 11:00",
        "vehicle_size": "セミフルコン バスコン キャブコン バンコン トレーラー 軽キャン 一般車 下記駐車場サイズもご確認ください。 利用可能かどうか判断がつかない場合は、施設までお問い合わせください。",
        "features": [
          "24時間利用OK",
          "温水洗浄便座あり",
          "入浴施設あり（車移動あり）",
          "温泉あり",
          "ごみ処理対応可（無料）",
          "電源あり（無料）",
          "発電機・不可",
          "水道あり（無料）",
          "炊事場なし",
          "コインランドリー・なし",
          "ペットOK",
          "ドッグランあり",
          "WI-FIの利用・なし"
        ],
        "url": "https://www.kurumatabi.com/park/rvpark/1294.html",
        "geocode_source": "auto"
      }
    },
    {
      "type": "Feature",
      "geometry": {
        "type": "Point",
        "coordinates": [
          140.17415,
          36.766284
        ]
      },
      "properties": {
        "name": "RVパークみはらしの湯",
        "pref": "栃木県",
        "address": "栃木県那須郡那珂川町和見855",
        "phone": "0287-92-0125",
        "fee": "一般: 1泊１台 キャンプ行為なし（1000円）、キャンプ行為あり（2500円） 1,000円〜2,500円",
        "available_period": "通年 日祝 日祝の前日 春休み GW 夏休み お盆 冬休み 年末年始 平日 家族のイベント日・正月は食事の提供は出来ません。その他都合の悪いときはメールまたは電話にてお返事します。 施設により不定期のお休み・休業を設定している場合があります。ご利用可能日は事前に各施設にお問い合わせください。",
        "checkin_checkout": "チェックイン: 15:00 ～ / チェックアウト: 10:00 ～",
        "vehicle_size": "フルコン セミフルコン バスコン キャブコン バンコン トレーラー 軽キャン 一般車 下記駐車場サイズもご確認ください。 利用可能かどうか判断がつかない場合は、施設までお問い合わせください。",
        "features": [
          "24時間利用OK",
          "温水洗浄便座あり",
          "入浴施設あり（施設内）",
          "湯沸かし浴槽あり",
          "ブラック・グレーOK",
          "ごみ処理対応可（無料）",
          "電源あり（有料）",
          "発電機・不可",
          "水道あり（無料）",
          "炊事場あり",
          "コインランドリーあり",
          "ペットOK",
          "ドッグランあり",
          "WI-FIあり（無料）",
          "朝食予約OK",
          "夕食予約OK"
        ],
        "url": "https://www.kurumatabi.com/park/rvpark/594.html",
        "geocode_source": "auto"
      }
    },
    {
      "type": "Feature",
      "geometry": {
        "type": "Point",
        "coordinates": [
          139.967371,
          36.850527
        ]
      },
      "properties": {
        "name": "RVパーク那須塩原エヅリン",
        "pref": "栃木県",
        "address": "栃木県那須塩原市一区町281-191",
        "phone": "0287-47-5671",
        "fee": "一般: 1泊・1台につき 3,000円",
        "available_period": "通年 日祝 日祝の前日 春休み GW 夏休み お盆 冬休み 年末年始 平日 施設により不定期のお休み・休業を設定している場合があります。ご利用可能日は事前に各施設にお問い合わせください。",
        "checkin_checkout": "チェックイン: 15:00 ～ 18:00 / チェックアウト: 特になし ～ 11:00",
        "vehicle_size": "フルコン セミフルコン バスコン キャブコン バンコン トレーラー 軽キャン 一般車 その他",
        "features": [
          "24時間利用OK",
          "入浴施設あり（施設内）",
          "シャワーあり",
          "ごみ処理対応可（無料）",
          "電源あり（有料）",
          "発電機利用可(時間指定あり)",
          "水道あり（無料）",
          "コインランドリー・なし",
          "ペットOK",
          "ドッグランあり",
          "WI-FIあり（無料）"
        ],
        "url": "https://www.kurumatabi.com/park/rvpark/679.html",
        "geocode_source": "auto"
      }
    },
    {
      "type": "Feature",
      "geometry": {
        "type": "Point",
        "coordinates": [
          139.740512,
          36.494153
        ]
      },
      "properties": {
        "name": "RVパーク鹿沼 Vamo Field -鹿陽の森-",
        "pref": "栃木県",
        "address": "栃木県鹿沼市磯町９２７",
        "phone": "070-3643-7095",
        "fee": "一般: 区画サイト電源つき：１泊・１台につき（トレーラーの場合はヘッド車も含む） 3,500円〜5,500円",
        "available_period": "通年 日祝 日祝の前日 春休み GW 夏休み お盆 冬休み 年末年始 平日 当施設は、時間帯や日程により無人での運営となる場合がございます。 あらかじめご了承ください。 施設により不定期のお休み・休業を設定している場合があります。ご利用可能日は事前に各施設にお問い合わせください。",
        "checkin_checkout": "チェックイン: 14:00 ～ 特になし / チェックアウト: 特になし ～ 12:00",
        "vehicle_size": "フルコン セミフルコン バスコン キャブコン バンコン トレーラー 軽キャン 一般車 その他 下記駐車場サイズもご確認ください。 利用可能かどうか判断がつかない場合は、施設までお問い合わせください。",
        "features": [
          "24時間利用OK",
          "温水洗浄便座あり",
          "入浴施設あり（車移動あり）",
          "温泉あり",
          "ブラック・グレーOK",
          "ごみ処理対応可（有料）",
          "電源あり（無料）",
          "発電機・不可",
          "水道あり（無料）",
          "炊事場あり",
          "コインランドリー・なし",
          "ペットOK",
          "ドッグランあり",
          "WI-FIあり（無料）",
          "朝食予約OK",
          "夕食予約OK",
          "旅館・ホテルの宿泊予約・不可"
        ],
        "url": "https://www.kurumatabi.com/park/rvpark/1724.html",
        "geocode_source": "auto"
      }
    },
    {
      "type": "Feature",
      "geometry": {
        "type": "Point",
        "coordinates": [
          139.9214,
          36.79098
        ]
      },
      "properties": {
        "name": "城の湯ＲＶパーク",
        "pref": "栃木県",
        "address": "栃木県矢板市川崎反町393番地",
        "phone": "0287-44-1010",
        "fee": "1泊 3,000円／1台(トレーラー含む) 【利用可能台数】 8台 電源利用料については、 電源の有無 の項目をご確認ください。 最新の料金は直接施設へ事前確認をお願いします。",
        "available_period": "通年 日祝 日祝の前日 春休み GW 夏休み お盆 冬休み 年末年始 温泉センター休館日はご利用いただけません。 毎月の休館日は第１・３火曜日（祝祭日の場合は翌日休み） 施設により不定期のお休み・休業を設定している場合があります。ご利用可能日は事前に各施設にお問い合わせください。",
        "checkin_checkout": "チェックイン: 12:30 ～ 19:00 / チェックアウト: 0:00 ～ 11:00",
        "vehicle_size": "フルコン セミフルコン バスコン キャブコン バンコン トレーラー 軽キャン 一般車 その他 下記駐車場サイズもご確認ください。 利用可能かどうか判断がつかない場合は、施設までお問い合わせください。",
        "features": [
          "24時間利用OK",
          "和式トイレ",
          "入浴施設あり（徒歩圏内あり）",
          "温泉あり",
          "ごみ処理対応可（無料）",
          "電源あり（無料）",
          "発電機・不可",
          "水道あり（無料）",
          "炊事場あり",
          "コインランドリーあり",
          "ペットOK",
          "ドッグランなし",
          "WI-FIの利用・なし"
        ],
        "url": "https://www.kurumatabi.com/park/rvpark/747.html",
        "geocode_source": "auto"
      }
    },
    {
      "type": "Feature",
      "geometry": {
        "type": "Point",
        "coordinates": [
          139.95137,
          36.946
        ]
      },
      "properties": {
        "name": "那須塩原ニワトコ RVパーク",
        "pref": "栃木県",
        "address": "栃木県那須塩原市横林144-180",
        "phone": "080-9824-5315",
        "fee": "一般: 1泊・1台につき 2,000円〜 / 一般: ドッグフリーサイト フェンス高さ90cm（小型犬・中型犬向き） 3区画 ・150cm（ゲート部分120cm）2区画 1泊・1台につき 3,500円〜8,000円",
        "available_period": "通年 日祝 日祝の前日 春休み GW 夏休み お盆 冬休み 年末年始 平日 施設により不定期のお休み・休業を設定している場合があります。ご利用可能日は事前に各施設にお問い合わせください。",
        "checkin_checkout": "チェックイン: 13:00 ～ 23:30 / チェックアウト: 特になし ～ 11:00",
        "vehicle_size": "フルコン セミフルコン バスコン キャブコン バンコン トレーラー 軽キャン 一般車 その他 下記駐車場サイズもご確認ください。 利用可能かどうか判断がつかない場合は、施設までお問い合わせください。",
        "features": [
          "24時間利用OK",
          "温水洗浄便座あり",
          "入浴施設あり（施設内）",
          "湯沸かし浴槽あり",
          "ブラック・グレーOK",
          "ごみ処理対応可（有料）",
          "電源あり（有料）",
          "発電機・不可",
          "水道あり（無料）",
          "炊事場あり",
          "コインランドリー・なし",
          "ペットOK",
          "ドッグランあり",
          "WI-FIあり（無料）",
          "旅館・ホテルの食事：朝食・不可",
          "旅館・ホテルの食事：夕食・不可",
          "旅館・ホテルの宿泊予約・不可"
        ],
        "url": "https://www.kurumatabi.com/park/rvpark/1354.html",
        "geocode_source": "auto"
      }
    },
    {
      "type": "Feature",
      "geometry": {
        "type": "Point",
        "coordinates": [
          127.807558,
          26.707295
        ]
      },
      "properties": {
        "name": "【休業中】RVパーク　伊江島",
        "pref": "沖縄県",
        "address": "沖縄県国頭郡伊江村東江前",
        "phone": "090-3792-6927",
        "fee": "1泊 1,000円／1台(トレーラー含む) 【利用可能台数】4台 1泊目1000円 2泊目以降700円 電源利用料については、 電源の有無 の項目をご確認ください。 最新の料金は直接施設へ事前確認をお願いします。",
        "available_period": "通年 日祝 日祝の前日 春休み GW 夏休み お盆 冬休み 年末年始 平日 施設により不定期のお休み・休業を設定している場合があります。ご利用可能日は事前に各施設にお問い合わせください。",
        "checkin_checkout": "チェックイン: 10:00 ～ 特になし / チェックアウト: 特になし ～ 15:00",
        "vehicle_size": "セミフルコン バスコン キャブコン トレーラー 軽キャン",
        "features": [
          "24時間利用OK",
          "温水洗浄便座あり",
          "入浴施設あり（施設内）",
          "湯沸かし浴槽あり",
          "ごみ処理対応可（有料）",
          "電源あり（有料）",
          "発電機利用可(時間指定なし)",
          "水道あり（無料）",
          "ペットOK"
        ],
        "url": "https://www.kurumatabi.com/park/rvpark/812.html",
        "geocode_source": "auto"
      }
    },
    {
      "type": "Feature",
      "geometry": {
        "type": "Point",
        "coordinates": [
          135.980975,
          35.133185
        ]
      },
      "properties": {
        "name": "RV Park YOSHIKAWA BASE",
        "pref": "滋賀県",
        "address": "滋賀県野洲市吉川2281-12",
        "phone": "077-507-2371",
        "fee": "一般: 1泊 / 1台 1区画 アスファルト 3,300円 / 一般: 1泊 / 1台 1区画 砂利（クラッシャー） 2,200円",
        "available_period": "通年 日祝 日祝の前日 春休み GW 夏休み お盆 冬休み 年末年始 平日 ◉ 連泊 / 2泊以上 長期滞在可能です。 ◉ 砂利スペースのみ２区画同時に予約可能です。 【年間保管賜ります】 年間 ￥105,600 ※コンセント利用可能 施設により不定期のお休み・休業を設定している場合があります。ご利用可能日は事前に各施設にお問い合わせください。",
        "checkin_checkout": "チェックイン: 13:00 ～ 18:00 / チェックアウト: 9:00 ～ 12:00",
        "vehicle_size": "フルコン セミフルコン バスコン キャブコン バンコン トレーラー 軽キャン 一般車 その他 下記駐車場サイズもご確認ください。 利用可能かどうか判断がつかない場合は、施設までお問い合わせください。",
        "features": [
          "24時間利用OK",
          "特に機能なし",
          "入浴施設あり（車移動あり）",
          "湯沸かし浴槽あり",
          "グレーOK",
          "ごみ処理対応現地相談（有料）",
          "電源あり（無料）",
          "発電機利用可(時間指定あり)",
          "水道あり（無料）",
          "炊事場あり",
          "コインランドリー・なし",
          "ペットOK",
          "ドッグランあり",
          "WI-FIの利用・なし",
          "朝食予約OK",
          "夕食予約OK",
          "宿泊予約OK"
        ],
        "url": "https://www.kurumatabi.com/park/rvpark/1288.html",
        "geocode_source": "auto"
      }
    },
    {
      "type": "Feature",
      "geometry": {
        "type": "Point",
        "coordinates": [
          135.959556,
          35.227519
        ]
      },
      "properties": {
        "name": "RVパーク  HESTA近江舞子",
        "pref": "滋賀県",
        "address": "滋賀県大津市南小松1454",
        "phone": "077-596-0377",
        "fee": "一般: 1泊・1台につき 3,000円〜",
        "available_period": "通年 日祝 日祝の前日 春休み GW 夏休み お盆 冬休み 年末年始 平日 注記：ホテル休館日はご利用できません。 施設により不定期のお休み・休業を設定している場合があります。ご利用可能日は事前に各施設にお問い合わせください。",
        "checkin_checkout": "チェックイン: 15:00 ～ 20:00 / チェックアウト: 8:00 ～ 11:00",
        "vehicle_size": "フルコン セミフルコン バスコン キャブコン バンコン トレーラー 軽キャン 一般車 その他 下記駐車場サイズもご確認ください。 利用可能かどうか判断がつかない場合は、施設までお問い合わせください。",
        "features": [
          "24時間利用OK",
          "温水洗浄便座あり",
          "入浴施設あり（車移動あり）",
          "温泉あり",
          "ダンプステーション・なし",
          "ごみ処理対応可（無料）",
          "電源あり（無料）",
          "発電機・不可",
          "水道あり（無料）",
          "炊事場あり",
          "コインランドリー・なし",
          "ペットOK",
          "ドッグランなし",
          "WI-FIの利用・なし",
          "朝食予約OK",
          "夕食予約OK",
          "宿泊予約OK"
        ],
        "url": "https://www.kurumatabi.com/park/rvpark/1575.html",
        "geocode_source": "auto"
      }
    },
    {
      "type": "Feature",
      "geometry": {
        "type": "Point",
        "coordinates": [
          136.212705,
          35.463714
        ]
      },
      "properties": {
        "name": "RVパーク Hangout03",
        "pref": "滋賀県",
        "address": "滋賀県長浜市高月町柳野中398-2",
        "phone": "090-7101-4399",
        "fee": "一般: 一泊一台 3,850円〜",
        "available_period": "通年 不定期のお休み・休業を設定している場合があります。 積雪が多い地域のため、天候によってはご利用をご遠慮していただく場合があります。 施設により不定期のお休み・休業を設定している場合があります。ご利用可能日は事前に各施設にお問い合わせください。",
        "checkin_checkout": "チェックイン: 13:00 ～ 18:00 / チェックアウト: 特になし ～ 11:00",
        "vehicle_size": "キャブコン バンコン 軽キャン 一般車 下記駐車場サイズもご確認ください。 利用可能かどうか判断がつかない場合は、施設までお問い合わせください。",
        "features": [
          "24時間利用OK",
          "入浴施設あり（車移動あり）",
          "温泉あり",
          "ごみ処理対応可（無料）",
          "電源あり（無料）",
          "発電機・不可",
          "水道あり（無料）",
          "ペットOK",
          "ドッグランあり"
        ],
        "url": "https://www.kurumatabi.com/park/rvpark/1608.html",
        "geocode_source": "auto"
      }
    },
    {
      "type": "Feature",
      "geometry": {
        "type": "Point",
        "coordinates": [
          136.17383,
          35.18977
        ]
      },
      "properties": {
        "name": "RVパーク USEのとがわ",
        "pref": "滋賀県",
        "address": "滋賀県東近江市今町959-1",
        "phone": "0748-26-3855",
        "fee": "一般: 1泊 6,600円 / スタンダード会員: 1泊･1台に付き 6,270円 / プレミアム会員: 1泊･1台に付き 5,940円",
        "available_period": "通年 日祝 日祝の前日 春休み GW 夏休み お盆 冬休み 年末年始 平日 施設により不定期のお休み・休業を設定している場合があります。ご利用可能日は事前に各施設にお問い合わせください。",
        "checkin_checkout": "チェックイン: 15:00 ～ 19:00 / チェックアウト: 6:00 ～ 10:00",
        "vehicle_size": "フルコン セミフルコン バスコン キャブコン バンコン トレーラー 軽キャン 一般車 下記駐車場サイズもご確認ください。 利用可能かどうか判断がつかない場合は、施設までお問い合わせください。",
        "features": [
          "24時間利用OK",
          "温水洗浄便座あり",
          "入浴施設あり（施設内）",
          "シャワーあり",
          "ブラック・グレーOK",
          "ごみ処理対応可（無料）",
          "電源あり（無料）",
          "発電機・不可",
          "水道あり（無料）",
          "炊事場あり",
          "コインランドリーあり",
          "ペットOK",
          "ドッグランあり",
          "WI-FIあり（無料）"
        ],
        "url": "https://www.kurumatabi.com/park/rvpark/1691.html",
        "geocode_source": "auto"
      }
    },
    {
      "type": "Feature",
      "geometry": {
        "type": "Point",
        "coordinates": [
          136.314885,
          35.359561
        ]
      },
      "properties": {
        "name": "RVパーク フューチャーリゾート",
        "pref": "滋賀県",
        "address": "滋賀県長浜市名越町1016−４",
        "phone": "0749-68-1000",
        "fee": "平日料金（日曜日含む）：１泊４名様まで ¥9,800-（税込） 土曜日：１泊４名様まで ¥12,800-（税込） ※４名様以上は1名様追加ごとに¥2,000-（税込） 最大２台までご利用可能 電源利用料については、 電源の有無 の項目をご確認ください。 最新の料金は直接施設へ事前確認をお願いします。",
        "available_period": "通年 施設により不定期のお休み・休業を設定している場合があります。ご利用可能日は事前に各施設にお問い合わせください。",
        "checkin_checkout": "チェックイン: 15:00 ～ 20:00 / チェックアウト: 特になし ～ 10:00",
        "vehicle_size": "フルコン セミフルコン バスコン キャブコン バンコン トレーラー 軽キャン 一般車 その他 下記駐車場サイズもご確認ください。 利用可能かどうか判断がつかない場合は、施設までお問い合わせください。",
        "features": [
          "24時間利用OK",
          "入浴施設あり（施設内）",
          "湯沸かし浴槽あり",
          "ごみ処理対応可（無料）",
          "電源あり（無料）",
          "発電機利用可(時間指定あり)",
          "水道あり（無料）",
          "炊事場あり",
          "コインランドリーあり",
          "ペットOK",
          "ドッグランあり",
          "WI-FIあり（無料）",
          "朝食予約OK",
          "夕食予約OK",
          "宿泊予約OK"
        ],
        "url": "https://www.kurumatabi.com/park/rvpark/1158.html",
        "geocode_source": "auto"
      }
    },
    {
      "type": "Feature",
      "geometry": {
        "type": "Point",
        "coordinates": [
          136.043722,
          35.476275
        ]
      },
      "properties": {
        "name": "RVパーク リラクピング メタセコイア店",
        "pref": "滋賀県",
        "address": "滋賀県高島市マキノ町寺久保683－1",
        "phone": "0740-27-8511",
        "fee": "一般: 約42㎥の広さの区画(一泊一台につき） 6,600円〜8,800円 / 一般: 約85㎡の広さの区画(プライベートドックラン付き）(一泊一台） 8,800円〜11,000円 / 一般: 約160㎡の広さの区画（車2台利用可の プライベートドックラン付き） 13,200円〜15,400円",
        "available_period": "通年 日祝 日祝の前日 春休み GW 夏休み お盆 冬休み 年末年始 平日 ※12月から３月中旬までのシーズンのみ休日火曜日 （祝日の場合営業） その他メンテナンスの為不定休で休業. ※冬季は豪雪などに伴い休業する場合があります） 予約サイト、またはお電話でご確認お願いします。 施設により不定期のお休み・休業を設定している場合があります。ご利用可能日は事前に各施設にお問い合わせください。",
        "checkin_checkout": "チェックイン: 12:00 ～ 18:00 / チェックアウト: 特になし ～ 11:30",
        "vehicle_size": "セミフルコン バスコン キャブコン バンコン 軽キャン 一般車 下記駐車場サイズもご確認ください。 利用可能かどうか判断がつかない場合は、施設までお問い合わせください。",
        "features": [
          "24時間利用OK",
          "温水洗浄便座あり",
          "入浴施設あり（施設内）",
          "湯沸かし浴槽あり",
          "ダンプステーション・なし",
          "ごみ処理対応可（有料）",
          "電源あり（無料）",
          "発電機・不可",
          "水道・なし",
          "コインランドリー・なし",
          "ペットOK",
          "ドッグランあり",
          "WI-FIあり（無料）",
          "旅館・ホテルの食事：朝食・不可",
          "旅館・ホテルの食事：夕食・不可"
        ],
        "url": "https://www.kurumatabi.com/park/rvpark/1109.html",
        "geocode_source": "auto"
      }
    },
    {
      "type": "Feature",
      "geometry": {
        "type": "Point",
        "coordinates": [
          135.958047,
          35.233569
        ]
      },
      "properties": {
        "name": "RVパーク 近江舞子トーンズ（OMI-MAIKO TONES）",
        "pref": "滋賀県",
        "address": "滋賀県大津市南小松字五反田1212-1",
        "phone": "06-6944-2508",
        "fee": "一般: 【スタンダード区画】RV1~11（約40㎡）/1泊・1台 5,500円 / 一般: 【大区画】RV12~13（約64㎡）/1泊・1台 7,700円",
        "available_period": "通年 日祝 日祝の前日 春休み GW 夏休み お盆 冬休み 年末年始 平日 施設により不定期のお休み・休業を設定している場合があります。ご利用可能日は事前に各施設にお問い合わせください。",
        "checkin_checkout": "チェックイン: 13:00 ～ 特になし / チェックアウト: 特になし ～ 10:00",
        "vehicle_size": "セミフルコン バスコン キャブコン バンコン トレーラー 軽キャン 一般車",
        "features": [
          "24時間利用OK",
          "入浴施設あり（施設内）",
          "シャワーあり",
          "ダンプステーション・なし",
          "ごみ処理対応可（無料）",
          "電源あり（無料）",
          "発電機・不可",
          "水道あり（無料）",
          "炊事場あり",
          "コインランドリー・なし",
          "ペットOK",
          "ドッグランあり",
          "WI-FIあり（無料）"
        ],
        "url": "https://www.kurumatabi.com/park/rvpark/1537.html",
        "geocode_source": "auto"
      }
    },
    {
      "type": "Feature",
      "geometry": {
        "type": "Point",
        "coordinates": [
          136.256603,
          35.278436
        ]
      },
      "properties": {
        "name": "RVパーク 金亀公園",
        "pref": "滋賀県",
        "address": "滋賀県彦根市尾末町40",
        "phone": "0749-23-5950",
        "fee": "1泊 3500円～4000円 電源利用料については、 電源の有無 の項目をご確認ください。 最新の料金は直接施設へ事前確認をお願いします。",
        "available_period": "通年 利用不可日 ①休園日の12/29～1/3 ②国スポ・障スポ開催日の9/27・28、10/1～8、10/18、10/24～10/27 施設により不定期のお休み・休業を設定している場合があります。ご利用可能日は事前に各施設にお問い合わせください。",
        "checkin_checkout": "チェックイン: 15:00 ～ 19:00 / チェックアウト: 7:00 ～ 11:00",
        "vehicle_size": "バンコン 軽キャン 一般車 下記駐車場サイズもご確認ください。 利用可能かどうか判断がつかない場合は、施設までお問い合わせください。",
        "features": [
          "24時間利用OK",
          "温水洗浄便座あり",
          "入浴施設あり（施設内）",
          "シャワーあり",
          "ごみ処理対応可（有料）",
          "電源あり（無料）",
          "発電機・不可",
          "水道あり（無料）",
          "炊事場なし",
          "コインランドリー・なし",
          "ペットOK",
          "ドッグランなし",
          "WI-FIの利用・なし",
          "旅館・ホテルの食事：朝食・不可",
          "旅館・ホテルの食事：夕食・不可",
          "旅館・ホテルの宿泊予約・不可"
        ],
        "url": "https://www.kurumatabi.com/park/rvpark/1494.html",
        "geocode_source": "auto"
      }
    },
    {
      "type": "Feature",
      "geometry": {
        "type": "Point",
        "coordinates": [
          135.987992,
          35.263444
        ]
      },
      "properties": {
        "name": "RVパークSUNTOWER MARINA",
        "pref": "滋賀県",
        "address": "滋賀県大津市北小松83-1",
        "phone": "077-596-0142",
        "fee": "一般: 1泊/1台 4,400円 / 一般: 1泊/1台トレーラー 5,500円",
        "available_period": "通年 日祝 日祝の前日 春休み GW 夏休み お盆 冬休み 年末年始 平日 ※シーズン中は、マリーナのお客様を優先するため、上記チェックイン時間内に、チェックインできない場合ございます。必ず事前にご確認のご連絡をお願いいたします。 施設により不定期のお休み・休業を設定している場合があります。ご利用可能日は事前に各施設にお問い合わせください。",
        "checkin_checkout": "チェックイン: 13:00 ～ 17:00 / チェックアウト: 特になし ～ 9:00",
        "vehicle_size": "フルコン セミフルコン バスコン キャブコン バンコン トレーラー 軽キャン",
        "features": [
          "24時間利用OK",
          "温水洗浄便座あり",
          "入浴施設あり（車移動あり）",
          "温泉あり",
          "ごみ処理対応可（有料）",
          "電源あり（無料）",
          "発電機利用可(時間指定あり)",
          "水道あり（無料）",
          "ペットOK",
          "ドッグランあり",
          "WI-FIの利用・なし"
        ],
        "url": "https://www.kurumatabi.com/park/rvpark/803.html",
        "geocode_source": "auto"
      }
    },
    {
      "type": "Feature",
      "geometry": {
        "type": "Point",
        "coordinates": [
          136.044872,
          35.415441
        ]
      },
      "properties": {
        "name": "RVパーク　いまづ",
        "pref": "滋賀県",
        "address": "滋賀県高島市今津町浜分88-19",
        "phone": "09082134282",
        "fee": "一般: 1泊1台 5,280円",
        "available_period": "日祝 日祝の前日 春休み GW 夏休み お盆 冬休み 平日 定休日：火曜・水曜 施設により不定期のお休み・休業を設定している場合があります。ご利用可能日は事前に各施設にお問い合わせください。",
        "checkin_checkout": "チェックイン: 13:00 ～ 19:00 / チェックアウト: 7:00 ～ 11:00",
        "vehicle_size": "キャブコン バンコン 軽キャン 一般車 下記駐車場サイズもご確認ください。 利用可能かどうか判断がつかない場合は、施設までお問い合わせください。",
        "features": [
          "24時間利用OK",
          "入浴施設あり（車移動あり）",
          "温泉あり",
          "ごみ処理対応可（無料）",
          "電源あり（無料）",
          "発電機・不可",
          "水道あり（無料）",
          "ペットOK"
        ],
        "url": "https://www.kurumatabi.com/park/rvpark/1301.html",
        "geocode_source": "auto"
      }
    },
    {
      "type": "Feature",
      "geometry": {
        "type": "Point",
        "coordinates": [
          136.339043,
          34.929086
        ]
      },
      "properties": {
        "name": "RVパークダイヤモンド滋賀",
        "pref": "滋賀県",
        "address": "滋賀県甲賀市土山町黒川1711",
        "phone": "050-8882-2678",
        "fee": "一般: 1台/1泊 3,300円",
        "available_period": "通年 日祝 日祝の前日 春休み GW 夏休み お盆 冬休み 平日 施設により不定期のお休み・休業を設定している場合があります。ご利用可能日は事前に各施設にお問い合わせください。",
        "checkin_checkout": "チェックイン: 15:00 ～ 0:00 / チェックアウト: 7:00 ～ 11:00",
        "vehicle_size": "フルコン セミフルコン バスコン キャブコン バンコン トレーラー 軽キャン 一般車 その他",
        "features": [
          "24時間利用OK",
          "入浴施設あり（施設内）",
          "温泉あり",
          "ごみ処理対応可（有料）",
          "電源あり（有料）",
          "発電機・不可",
          "水道・なし",
          "ペットOK",
          "ドッグランなし",
          "朝食予約OK",
          "夕食予約OK",
          "宿泊予約OK"
        ],
        "url": "https://www.kurumatabi.com/park/rvpark/892.html",
        "geocode_source": "auto"
      }
    },
    {
      "type": "Feature",
      "geometry": {
        "type": "Point",
        "coordinates": [
          136.383234,
          35.382048
        ]
      },
      "properties": {
        "name": "RVパーク伊吹薬草の里文化センター",
        "pref": "滋賀県",
        "address": "滋賀県米原市春照３７番地",
        "phone": "0749-58-0105",
        "fee": "一般: 1泊・1台 2,500円",
        "available_period": "日祝 日祝の前日 春休み GW 夏休み お盆 冬休み 平日 施設により不定期のお休み・休業を設定している場合があります。ご利用可能日は事前に各施設にお問い合わせください。",
        "checkin_checkout": "チェックイン: 13:00 ～ 17:00 / チェックアウト: 8:30 ～ 11:00",
        "vehicle_size": "バスコン バンコン 軽キャン 一般車 その他 下記駐車場サイズもご確認ください。 利用可能かどうか判断がつかない場合は、施設までお問い合わせください。",
        "features": [
          "24時間利用OK",
          "温水洗浄便座あり",
          "入浴施設あり（施設内）",
          "温泉あり",
          "ダンプステーション・なし",
          "ごみ処理対応可（有料）",
          "電源あり（有料）",
          "発電機・不可",
          "水道・なし",
          "炊事場なし",
          "コインランドリー・なし",
          "ペットOK",
          "WI-FIの利用・なし",
          "旅館・ホテルの食事：朝食・不可",
          "旅館・ホテルの食事：夕食・不可",
          "旅館・ホテルの宿泊予約・不可"
        ],
        "url": "https://www.kurumatabi.com/park/rvpark/1090.html",
        "geocode_source": "auto"
      }
    },
    {
      "type": "Feature",
      "geometry": {
        "type": "Point",
        "coordinates": [
          136.326327,
          34.921832
        ]
      },
      "properties": {
        "name": "RVパーク旧山内小学校",
        "pref": "滋賀県",
        "address": "滋賀県甲賀市土山町黒川1536",
        "phone": "077-561-7239",
        "fee": "当日の直前予約も対応できます。 アーリーチェックインも可能です。事前に公式LINEにて事前にご一報ください。 現地にはスタッフがおりませんので、公式ページにて予約手続きを完了してから、そのまま入場してご利用ください。 予約手続完了後のレイトチェックインは、ご連絡なしでも大丈夫です。 翌日も、次の利用者さんが来られるまでは、レイトチェックアウトも可能です。 電源利用料については、 電源の有無 の項目をご確認ください。 最新の料金は直接施設へ事前確認をお願いします。",
        "available_period": "通年 当日の直前予約も対応できます。 アーリーチェックインも可能です。公式LINEにて事前にご一報ください。 現地にはスタッフがおりませんので、公式ページにて予約手続きを完了してから、そのまま入場してご利用ください。 予約手続完了後のレイトチェックインは、ご連絡なしでも大丈夫です。 翌日も、次の利用者さんが来られるまでは、レイトチェックアウトも可能です。 施設により不定期のお休み・休業を設定している場合があります。ご利用可能日は事前に各施設にお問い合わせください。",
        "checkin_checkout": "チェックイン: 13:00 ～ 17:00 / チェックアウト: 特になし ～ 12:00",
        "vehicle_size": "フルコン セミフルコン バスコン キャブコン バンコン トレーラー 軽キャン 一般車 その他 下記駐車場サイズもご確認ください。 利用可能かどうか判断がつかない場合は、施設までお問い合わせください。",
        "features": [
          "24時間利用OK",
          "温水洗浄便座あり",
          "入浴施設あり（施設内）",
          "シャワーあり",
          "ダンプステーション・なし",
          "ゴミ処理対応・不可",
          "電源あり（無料）",
          "発電機利用可(時間指定あり)",
          "水道あり（無料）",
          "炊事場なし",
          "コインランドリー・なし",
          "ペットOK",
          "ドッグランなし",
          "WI-FIあり（無料）",
          "旅館・ホテルの食事：朝食・不可",
          "旅館・ホテルの宿泊予約・不可"
        ],
        "url": "https://www.kurumatabi.com/park/rvpark/1323.html",
        "geocode_source": "auto"
      }
    },
    {
      "type": "Feature",
      "geometry": {
        "type": "Point",
        "coordinates": [
          136.402948,
          35.330472
        ]
      },
      "properties": {
        "name": "無為居　Ibuki View Private RV Park",
        "pref": "滋賀県",
        "address": "滋賀県米原市柏原4853",
        "phone": "09083020015",
        "fee": "一般: 区画A 22,000円 / スタンダード会員: 区画B 16,500円 / プレミアム会員: 区画C 11,000円",
        "available_period": "通年 施設により不定期のお休み・休業を設定している場合があります。ご利用可能日は事前に各施設にお問い合わせください。",
        "checkin_checkout": "チェックイン: 特になし / チェックアウト: 特になし",
        "vehicle_size": "フルコン セミフルコン バスコン キャブコン バンコン トレーラー 軽キャン 一般車 その他",
        "features": [
          "24時間利用OK",
          "入浴施設あり（車移動あり）",
          "温泉あり",
          "ごみ処理対応可（無料）",
          "電源あり（無料）",
          "発電機・不可",
          "水道あり（無料）",
          "ペットOK",
          "ドッグランあり"
        ],
        "url": "https://www.kurumatabi.com/park/rvpark/1498.html",
        "geocode_source": "auto"
      }
    },
    {
      "type": "Feature",
      "geometry": {
        "type": "Point",
        "coordinates": [
          135.997639,
          35.137644
        ]
      },
      "properties": {
        "name": "琵琶湖RVパークアヤメ",
        "pref": "滋賀県",
        "address": "滋賀県野洲市菖蒲260-17",
        "phone": "070-4700-1919",
        "fee": "一般: 1泊 5,500円 / 一般: 1泊（トレーラー） 7,150円",
        "available_period": "通年 日祝 日祝の前日 春休み GW 夏休み お盆 冬休み 平日 施設により不定期のお休み・休業を設定している場合があります。ご利用可能日は事前に各施設にお問い合わせください。",
        "checkin_checkout": "チェックイン: 12:00 ～ 18:00 / チェックアウト: 6:00 ～ 12:00",
        "vehicle_size": "セミフルコン バスコン キャブコン バンコン トレーラー 軽キャン 一般車 その他 下記駐車場サイズもご確認ください。 利用可能かどうか判断がつかない場合は、施設までお問い合わせください。",
        "features": [
          "24時間利用OK",
          "温水洗浄便座あり",
          "入浴施設あり（車移動あり）",
          "温泉あり",
          "ダンプステーション・なし",
          "ごみ処理対応可（有料）",
          "電源あり（無料）",
          "発電機・不可",
          "水道あり（無料）",
          "炊事場なし",
          "コインランドリーあり",
          "ペットOK",
          "ドッグランなし",
          "WI-FIあり（無料）",
          "朝食予約OK",
          "夕食予約OK",
          "宿泊予約OK"
        ],
        "url": "https://www.kurumatabi.com/park/rvpark/1215.html",
        "geocode_source": "auto"
      }
    },
    {
      "type": "Feature",
      "geometry": {
        "type": "Point",
        "coordinates": [
          130.914393,
          32.782423
        ]
      },
      "properties": {
        "name": "RVパーク グランピングリゾート熊本 吉無田",
        "pref": "熊本県",
        "address": "熊本県上益城郡御船町田代6702-99",
        "phone": "096-300-0081",
        "fee": "一般: 1泊・1台2名より 3,000円 / 一般: 1名追加ごとに、中学生以上 600円 / 一般: 1名追加ごとに、小学生 300円",
        "available_period": "通年 施設により不定期のお休み・休業を設定している場合があります。ご利用可能日は事前に各施設にお問い合わせください。",
        "checkin_checkout": "チェックイン: 14:00 ～ 19:00 / チェックアウト: 特になし ～ 11:00",
        "vehicle_size": "セミフルコン バスコン キャブコン バンコン トレーラー 軽キャン 一般車 下記駐車場サイズもご確認ください。 利用可能かどうか判断がつかない場合は、施設までお問い合わせください。",
        "features": [
          "24時間利用OK",
          "温水洗浄便座あり",
          "入浴施設あり（車移動あり）",
          "温泉あり",
          "ダンプステーション・なし",
          "ごみ処理対応可（有料）",
          "電源あり（無料）",
          "発電機・不可",
          "水道あり（無料）",
          "炊事場あり",
          "コインランドリー・なし",
          "ペットOK",
          "ドッグランなし",
          "WI-FIあり（無料）"
        ],
        "url": "https://www.kurumatabi.com/park/rvpark/1414.html",
        "geocode_source": "auto"
      }
    },
    {
      "type": "Feature",
      "geometry": {
        "type": "Point",
        "coordinates": [
          130.559629,
          32.938207
        ]
      },
      "properties": {
        "name": "RVパーク ハコサウナ玉名店",
        "pref": "熊本県",
        "address": "熊本県玉名市岩崎370",
        "phone": "080-4416-0397",
        "fee": "1泊 3,000円／1台(トレーラー含む) 電源利用料については、 電源の有無 の項目をご確認ください。 最新の料金は直接施設へ事前確認をお願いします。",
        "available_period": "通年 施設により不定期のお休み・休業を設定している場合があります。ご利用可能日は事前に各施設にお問い合わせください。",
        "checkin_checkout": "チェックイン: 15:00 ～ 20:00 / チェックアウト: 6:00 ～ 10:00",
        "vehicle_size": "フルコン セミフルコン バスコン キャブコン バンコン トレーラー 軽キャン 一般車 その他 下記駐車場サイズもご確認ください。 利用可能かどうか判断がつかない場合は、施設までお問い合わせください。",
        "features": [
          "24時間利用OK",
          "入浴施設あり（徒歩圏内あり）",
          "温泉あり",
          "ごみ処理対応可（有料）",
          "電源あり（無料）",
          "発電機・不可",
          "水道あり（無料）",
          "ペットOK"
        ],
        "url": "https://www.kurumatabi.com/park/rvpark/1544.html",
        "geocode_source": "auto"
      }
    },
    {
      "type": "Feature",
      "geometry": {
        "type": "Point",
        "coordinates": [
          130.266418,
          32.415098
        ]
      },
      "properties": {
        "name": "RVパーク 天草市栖本温泉センター河童ロマン館",
        "pref": "熊本県",
        "address": "熊本県天草市栖本町馬場3725-1",
        "phone": "0969545526",
        "fee": "一般: 1泊・1台 2,200円",
        "available_period": "通年 第二、第四火曜日（祝日の場合は翌日）が定休日 施設により不定期のお休み・休業を設定している場合があります。ご利用可能日は事前に各施設にお問い合わせください。",
        "checkin_checkout": "チェックイン: 14:00 ～ 19:30 / チェックアウト: 6:00 ～ 11:00",
        "vehicle_size": "フルコン セミフルコン バスコン キャブコン バンコン 軽キャン 一般車 下記駐車場サイズもご確認ください。 利用可能かどうか判断がつかない場合は、施設までお問い合わせください。",
        "features": [
          "24時間利用OK",
          "入浴施設あり（施設内）",
          "温泉あり",
          "ごみ処理対応可（有料）",
          "電源あり（無料）",
          "発電機・不可",
          "水道あり（無料）",
          "ペット・不可"
        ],
        "url": "https://www.kurumatabi.com/park/rvpark/1455.html",
        "geocode_source": "auto"
      }
    },
    {
      "type": "Feature",
      "geometry": {
        "type": "Point",
        "coordinates": [
          130.004365,
          32.410024
        ]
      },
      "properties": {
        "name": "RVパーク 天草西海岸HolidayPark風来望",
        "pref": "熊本県",
        "address": "熊本県天草市天草町下田南3809-1",
        "phone": "0969-42-3911",
        "fee": "一般: 1泊/1台 1,500円",
        "available_period": "日祝 日祝の前日 春休み GW 夏休み お盆 平日 ※12月～2月は休業 施設により不定期のお休み・休業を設定している場合があります。ご利用可能日は事前に各施設にお問い合わせください。",
        "checkin_checkout": "チェックイン: 15:00 ～ 19:00 / チェックアウト: 特になし ～ 11:00",
        "vehicle_size": "セミフルコン バスコン キャブコン バンコン 軽キャン 一般車",
        "features": [
          "24時間利用OK",
          "入浴施設あり（車移動あり）",
          "温泉あり",
          "ごみ処理対応可（無料）",
          "電源あり（有料）",
          "発電機・不可",
          "水道あり（有料）",
          "ペットOK"
        ],
        "url": "https://www.kurumatabi.com/park/rvpark/698.html",
        "geocode_source": "auto"
      }
    },
    {
      "type": "Feature",
      "geometry": {
        "type": "Point",
        "coordinates": [
          130.923697,
          32.831371
        ]
      },
      "properties": {
        "name": "RVパーク 阿蘇マロンの樹",
        "pref": "熊本県",
        "address": "熊本県阿蘇郡西原村宮山1734-1",
        "phone": "096-279-1588",
        "fee": "一般: 1泊/1台（電源無し） 2,000円 / 一般: 1泊/1台（電源使用） 2,500円",
        "available_period": "通年 日祝 日祝の前日 春休み GW 夏休み お盆 冬休み 年末年始 平日 施設により不定期のお休み・休業を設定している場合があります。ご利用可能日は事前に各施設にお問い合わせください。",
        "checkin_checkout": "チェックイン: 11:00 ～ 18:00 / チェックアウト: 特になし ～ 11:00",
        "vehicle_size": "セミフルコン バスコン キャブコン バンコン トレーラー 軽キャン",
        "features": [
          "24時間利用OK",
          "入浴施設あり（車移動あり）",
          "温泉あり",
          "ごみ処理対応可（有料）",
          "電源あり（有料）",
          "発電機・不可",
          "水道あり（無料）",
          "ペットOK",
          "ドッグランあり"
        ],
        "url": "https://www.kurumatabi.com/park/rvpark/602.html",
        "geocode_source": "auto"
      }
    },
    {
      "type": "Feature",
      "geometry": {
        "type": "Point",
        "coordinates": [
          131.046558,
          32.955655
        ]
      },
      "properties": {
        "name": "RVパークB&B阿蘇",
        "pref": "熊本県",
        "address": "熊本県阿蘇市黒川807-662",
        "phone": "080-1763-2275",
        "fee": "1泊 3000円／1台(トレーラー含む) 【利用可能台数】6台 囲炉裏 2,000円（2名分の炭代込み） ※3名以上追加料金500円／人 囲炉裏は限定１台です。ご利用をお考えの方はご予約をお勧めします。 七輪（テラス利用可）2,000円（2名分の炭代込み） 3名以上追加料金500円/人 トレーラーハウス10,000円～2名まで 3名以上追加料金2,500円/人 幼児の添い寝利用も料金に含めます ホットプレートレンタル1,000円／台 管理棟テラスでの利用可 囲炉裏の空きがない場合や小さなお子様連れなど、火を使うのが心配な場合の選択肢としておススメです。 レンタル特典として、管理棟テラスでの使用が可能です。 臭いが気になる焼肉など臭いを気にせずお楽しみください。 電源利用料については、 電源の有無 の項目をご確認ください。 最新の料金は直接施設へ事前確認をお願いします。",
        "available_period": "通年 日祝 日祝の前日 春休み GW 夏休み お盆 冬休み 年末年始 平日 施設により不定期のお休み・休業を設定している場合があります。ご利用可能日は事前に各施設にお問い合わせください。",
        "checkin_checkout": "チェックイン: 12:00 ～ 20:00 / チェックアウト: 特になし ～ 11:00",
        "vehicle_size": "フルコン セミフルコン バスコン キャブコン バンコン トレーラー 軽キャン 一般車 その他",
        "features": [
          "24時間利用OK",
          "温水洗浄便座あり",
          "入浴施設あり（車移動あり）",
          "温泉あり",
          "ごみ処理対応可（有料）",
          "発電機・不可",
          "水道あり（無料）",
          "ペットOK"
        ],
        "url": "https://www.kurumatabi.com/park/rvpark/684.html",
        "geocode_source": "auto"
      }
    },
    {
      "type": "Feature",
      "geometry": {
        "type": "Point",
        "coordinates": [
          131.05098,
          32.975994
        ]
      },
      "properties": {
        "name": "RVパークsmart ASO MILK FACTORY",
        "pref": "熊本県",
        "address": "熊本県阿蘇市小里781",
        "phone": "092-433-7370",
        "fee": "一般: 1泊/1台 3,000円",
        "available_period": "通年 日祝 日祝の前日 春休み GW 夏休み お盆 冬休み 年末年始 平日 施設により不定期のお休み・休業を設定している場合があります。ご利用可能日は事前に各施設にお問い合わせください。",
        "checkin_checkout": "チェックイン: 16:00 ～ 特になし / チェックアウト: 特になし ～ 13:00",
        "vehicle_size": "キャブコン バンコン トレーラー 軽キャン 一般車 下記駐車場サイズもご確認ください。 利用可能かどうか判断がつかない場合は、施設までお問い合わせください。",
        "features": [
          "24時間利用OK",
          "特に機能なし",
          "入浴施設あり（車移動あり）",
          "温泉あり",
          "ダンプステーション・なし",
          "ゴミ処理対応・不可",
          "電源あり（無料）",
          "発電機・不可",
          "水道・なし",
          "ペットOK"
        ],
        "url": "https://www.kurumatabi.com/park/rvpark/1057.html",
        "geocode_source": "auto"
      }
    },
    {
      "type": "Feature",
      "geometry": {
        "type": "Point",
        "coordinates": [
          130.025389,
          32.193865
        ]
      },
      "properties": {
        "name": "RVパークsmart うしぶか",
        "pref": "熊本県",
        "address": "熊本県天草市牛深町2286",
        "phone": "092-433-7370",
        "fee": "一般: 1泊・1台につき 3,000円",
        "available_period": "通年 施設により不定期のお休み・休業を設定している場合があります。ご利用可能日は事前に各施設にお問い合わせください。",
        "checkin_checkout": "チェックイン: 16:00 ～ / チェックアウト: 特になし ～ 10:00",
        "vehicle_size": "バスコン キャブコン バンコン トレーラー 軽キャン 一般車 下記駐車場サイズもご確認ください。 利用可能かどうか判断がつかない場合は、施設までお問い合わせください。",
        "features": [
          "24時間利用OK",
          "和式トイレ",
          "入浴施設あり（車移動あり）",
          "温泉あり",
          "ごみ処理対応可（無料）",
          "電源あり（無料）",
          "発電機・不可",
          "水道・なし",
          "ペットOK"
        ],
        "url": "https://www.kurumatabi.com/park/rvpark/1713.html",
        "geocode_source": "auto"
      }
    },
    {
      "type": "Feature",
      "geometry": {
        "type": "Point",
        "coordinates": [
          131.067499,
          33.064562
        ]
      },
      "properties": {
        "name": "RVパークsmart くじゅう・わいた展望公園",
        "pref": "熊本県",
        "address": "熊本県阿蘇郡南小国町赤馬場4275",
        "phone": "092-433-7370",
        "fee": "一般: 1泊・1台につき 3,500円",
        "available_period": "通年 施設により不定期のお休み・休業を設定している場合があります。ご利用可能日は事前に各施設にお問い合わせください。",
        "checkin_checkout": "チェックイン: 14:00 ～ / チェックアウト: 特になし ～ 11:00",
        "vehicle_size": "バスコン キャブコン バンコン トレーラー 軽キャン 一般車 下記駐車場サイズもご確認ください。 利用可能かどうか判断がつかない場合は、施設までお問い合わせください。",
        "features": [
          "24時間利用OK",
          "入浴施設あり（車移動あり）",
          "温泉あり",
          "ごみ処理対応可（無料）",
          "電源あり（無料）",
          "発電機・不可",
          "水道あり（無料）",
          "ペットOK",
          "ドッグランあり"
        ],
        "url": "https://www.kurumatabi.com/park/rvpark/1655.html",
        "geocode_source": "auto"
      }
    },
    {
      "type": "Feature",
      "geometry": {
        "type": "Point",
        "coordinates": [
          130.457208,
          32.231579
        ]
      },
      "properties": {
        "name": "RVパークsmart つなぎ",
        "pref": "熊本県",
        "address": "熊本県葦北郡津奈木町岩城1601",
        "phone": "092-433-7370",
        "fee": "一般: RV1･3 /1泊・1台につき 2,500円 / 一般: RV2 /1泊・1台につき 1,500円",
        "available_period": "通年 施設により不定期のお休み・休業を設定している場合があります。ご利用可能日は事前に各施設にお問い合わせください。",
        "checkin_checkout": "チェックイン: 16:00 ～ / チェックアウト: 特になし ～ 10:00",
        "vehicle_size": "キャブコン バンコン トレーラー 軽キャン 一般車 下記駐車場サイズもご確認ください。 利用可能かどうか判断がつかない場合は、施設までお問い合わせください。",
        "features": [
          "24時間利用OK",
          "入浴施設あり（徒歩圏内あり）",
          "温泉あり",
          "ゴミ処理対応・不可",
          "電源あり（無料）",
          "発電機・不可",
          "水道・なし",
          "ペットOK"
        ],
        "url": "https://www.kurumatabi.com/park/rvpark/915.html",
        "geocode_source": "auto"
      }
    },
    {
      "type": "Feature",
      "geometry": {
        "type": "Point",
        "coordinates": [
          130.999938,
          32.271342
        ]
      },
      "properties": {
        "name": "RVパークsmart ゆのまえグリーンパレス",
        "pref": "熊本県",
        "address": "熊本県球磨郡湯前町中猪1588-7",
        "phone": "092-433-7370",
        "fee": "一般: 1泊/1台 3,000円",
        "available_period": "通年 日祝 日祝の前日 春休み GW 夏休み お盆 冬休み 年末年始 平日 施設により不定期のお休み・休業を設定している場合があります。ご利用可能日は事前に各施設にお問い合わせください。",
        "checkin_checkout": "チェックイン: 12:00 ～ 特になし / チェックアウト: 特になし ～ 12:00",
        "vehicle_size": "キャブコン バンコン トレーラー 軽キャン 一般車 下記駐車場サイズもご確認ください。 利用可能かどうか判断がつかない場合は、施設までお問い合わせください。",
        "features": [
          "24時間利用OK",
          "入浴施設あり（施設内）",
          "温泉あり",
          "ゴミ処理対応・不可",
          "電源あり（無料）",
          "発電機・不可",
          "水道・なし",
          "ペット・不可"
        ],
        "url": "https://www.kurumatabi.com/park/rvpark/985.html",
        "geocode_source": "auto"
      }
    },
    {
      "type": "Feature",
      "geometry": {
        "type": "Point",
        "coordinates": [
          130.026334,
          32.521383
        ]
      },
      "properties": {
        "name": "RVパークsmart れいほく富岡海域公園",
        "pref": "熊本県",
        "address": "熊本県天草郡苓北町富岡烏帽子﨑地内",
        "phone": "092-433-7370",
        "fee": "一般: 1泊1台 3,300円",
        "available_period": "通年 施設により不定期のお休み・休業を設定している場合があります。ご利用可能日は事前に各施設にお問い合わせください。",
        "checkin_checkout": "チェックイン: 13:00 ～ / チェックアウト: 特になし ～ 11:00",
        "vehicle_size": "バスコン キャブコン バンコン トレーラー 軽キャン 一般車 下記駐車場サイズもご確認ください。 利用可能かどうか判断がつかない場合は、施設までお問い合わせください。",
        "features": [
          "24時間利用OK",
          "入浴施設あり（車移動あり）",
          "温泉あり",
          "ダンプステーション・なし",
          "ゴミ処理対応・不可",
          "電源あり（無料）",
          "発電機・不可",
          "水道あり（無料）",
          "ペットOK"
        ],
        "url": "https://www.kurumatabi.com/park/rvpark/1364.html",
        "geocode_source": "auto"
      }
    },
    {
      "type": "Feature",
      "geometry": {
        "type": "Point",
        "coordinates": [
          130.77102,
          32.199431
        ]
      },
      "properties": {
        "name": "RVパークsmart 人吉温泉 ホテル華の荘",
        "pref": "熊本県",
        "address": "熊本県人吉市東間下町字米山３３１６",
        "phone": "092-433-7370",
        "fee": "一般: 1泊・1台につき 3,000円",
        "available_period": "通年 施設により不定期のお休み・休業を設定している場合があります。ご利用可能日は事前に各施設にお問い合わせください。",
        "checkin_checkout": "チェックイン: 15:00 ～ / チェックアウト: 特になし ～ 11:00",
        "vehicle_size": "バスコン キャブコン バンコン トレーラー 軽キャン 一般車 その他 下記駐車場サイズもご確認ください。 利用可能かどうか判断がつかない場合は、施設までお問い合わせください。",
        "features": [
          "24時間利用OK",
          "入浴施設あり（施設内）",
          "温泉あり",
          "ゴミ処理対応・不可",
          "電源あり（無料）",
          "発電機・不可",
          "水道・なし",
          "ペットOK"
        ],
        "url": "https://www.kurumatabi.com/park/rvpark/1463.html",
        "geocode_source": "auto"
      }
    },
    {
      "type": "Feature",
      "geometry": {
        "type": "Point",
        "coordinates": [
          130.747305,
          32.249145
        ]
      },
      "properties": {
        "name": "RVパークsmart 山江温泉ほたる",
        "pref": "熊本県",
        "address": "熊本県球磨郡山江村万江甲423",
        "phone": "092-433-7370",
        "fee": "一般: 1泊・1台につき 2,500円",
        "available_period": "通年 ※毎月第3月曜日（月曜日が祝祭日の場合は、その翌日）（6・10・2月は第3月・火曜日））は施設定休日のため、前日より貸し出しを停止させていただいております。予めご了承ください。 施設により不定期のお休み・休業を設定している場合があります。ご利用可能日は事前に各施設にお問い合わせください。",
        "checkin_checkout": "チェックイン: 16:00 ～ 特になし / チェックアウト: 特になし ～ 11:00",
        "vehicle_size": "キャブコン バンコン 軽キャン 一般車 下記駐車場サイズもご確認ください。 利用可能かどうか判断がつかない場合は、施設までお問い合わせください。",
        "features": [
          "24時間利用OK",
          "入浴施設あり（施設内）",
          "温泉あり",
          "ダンプステーション・なし",
          "ゴミ処理対応・不可",
          "電源あり（無料）",
          "発電機・不可",
          "水道・なし",
          "ペットOK",
          "WI-FIあり（無料）"
        ],
        "url": "https://www.kurumatabi.com/park/rvpark/1179.html",
        "geocode_source": "auto"
      }
    },
    {
      "type": "Feature",
      "geometry": {
        "type": "Point",
        "coordinates": [
          130.712709,
          33.020774
        ]
      },
      "properties": {
        "name": "RVパークsmart 温泉の郷山鹿どんぐり村",
        "pref": "熊本県",
        "address": "熊本県山鹿市久原3905",
        "phone": "092-433-7370",
        "fee": "一般: 1泊・1台につき 3,520円",
        "available_period": "通年 ★毎週木曜日は施設休館日のため、前日より貸し出しを停止させていただいております。予めご了承ください。 施設により不定期のお休み・休業を設定している場合があります。ご利用可能日は事前に各施設にお問い合わせください。",
        "checkin_checkout": "チェックイン: 15:00 ～ 特になし / チェックアウト: 特になし ～ 11:00",
        "vehicle_size": "キャブコン バンコン トレーラー 軽キャン 一般車 下記駐車場サイズもご確認ください。 利用可能かどうか判断がつかない場合は、施設までお問い合わせください。",
        "features": [
          "24時間利用OK",
          "入浴施設あり（徒歩圏内あり）",
          "温泉あり",
          "ダンプステーション・なし",
          "ゴミ処理対応・不可",
          "電源あり（無料）",
          "発電機・不可",
          "水道・なし",
          "ペットOK",
          "ドッグランあり"
        ],
        "url": "https://www.kurumatabi.com/park/rvpark/1145.html",
        "geocode_source": "auto"
      }
    },
    {
      "type": "Feature",
      "geometry": {
        "type": "Point",
        "coordinates": [
          130.979135,
          32.281834
        ]
      },
      "properties": {
        "name": "RVパークsmart 湯前駅前",
        "pref": "熊本県",
        "address": "熊本県球磨郡湯前町1760番地13",
        "phone": "092-433-7370",
        "fee": "一般: 1泊/1台 2,000円",
        "available_period": "通年 日祝 日祝の前日 春休み GW 夏休み お盆 冬休み 年末年始 平日 施設により不定期のお休み・休業を設定している場合があります。ご利用可能日は事前に各施設にお問い合わせください。",
        "checkin_checkout": "チェックイン: 12:00 ～ 特になし / チェックアウト: 特になし ～ 12:00",
        "vehicle_size": "キャブコン バンコン トレーラー 軽キャン 一般車 下記駐車場サイズもご確認ください。 利用可能かどうか判断がつかない場合は、施設までお問い合わせください。",
        "features": [
          "24時間利用OK",
          "入浴施設あり（車移動あり）",
          "温泉あり",
          "ゴミ処理対応・不可",
          "電源あり（無料）",
          "発電機・不可",
          "水道・なし",
          "ペットOK"
        ],
        "url": "https://www.kurumatabi.com/park/rvpark/983.html",
        "geocode_source": "auto"
      }
    },
    {
      "type": "Feature",
      "geometry": {
        "type": "Point",
        "coordinates": [
          130.70138,
          33.116282
        ]
      },
      "properties": {
        "name": "RVパークsmart 癒しの森ゆ～かむ",
        "pref": "熊本県",
        "address": "熊本県山鹿市鹿北町椎持5-2",
        "phone": "092-433-7370",
        "fee": "一般: 1泊・1台につき 3,300円",
        "available_period": "通年 ※木曜定休日 ※休館日の前日よりご利用不可となりますので、ご利用前に施設ホームページなどで営業状況をご確認ください。 施設により不定期のお休み・休業を設定している場合があります。ご利用可能日は事前に各施設にお問い合わせください。",
        "checkin_checkout": "チェックイン: 14:00 ～ / チェックアウト: 特になし ～ 11:00",
        "vehicle_size": "キャブコン バンコン 軽キャン 一般車 下記駐車場サイズもご確認ください。 利用可能かどうか判断がつかない場合は、施設までお問い合わせください。",
        "features": [
          "24時間利用OK",
          "入浴施設あり（施設内）",
          "湯沸かし浴槽あり",
          "ごみ処理対応可（有料）",
          "電源あり（無料）",
          "発電機・不可",
          "水道あり（無料）",
          "炊事場あり",
          "ペットOK"
        ],
        "url": "https://www.kurumatabi.com/park/rvpark/911.html",
        "geocode_source": "auto"
      }
    },
    {
      "type": "Feature",
      "geometry": {
        "type": "Point",
        "coordinates": [
          130.126638,
          32.385244
        ]
      },
      "properties": {
        "name": "RVパークsmart 道の駅 宮地岳かかしの里",
        "pref": "熊本県",
        "address": "熊本県天草市宮地岳町5516−1",
        "phone": "092-433-7370",
        "fee": "一般: 1泊1台 2,500円",
        "available_period": "通年 施設により不定期のお休み・休業を設定している場合があります。ご利用可能日は事前に各施設にお問い合わせください。",
        "checkin_checkout": "チェックイン: 16:00 ～ / チェックアウト: 特になし ～ 11:00",
        "vehicle_size": "キャブコン バンコン トレーラー 軽キャン 一般車 下記駐車場サイズもご確認ください。 利用可能かどうか判断がつかない場合は、施設までお問い合わせください。",
        "features": [
          "24時間利用OK",
          "入浴施設あり（車移動あり）",
          "温泉あり",
          "ダンプステーション・なし",
          "ゴミ処理対応・不可",
          "電源あり（無料）",
          "発電機・不可",
          "水道あり（無料）",
          "コインランドリーあり",
          "ペットOK",
          "ドッグランあり"
        ],
        "url": "https://www.kurumatabi.com/park/rvpark/1265.html",
        "geocode_source": "auto"
      }
    },
    {
      "type": "Feature",
      "geometry": {
        "type": "Point",
        "coordinates": [
          130.42762,
          32.990634
        ]
      },
      "properties": {
        "name": "RVパークsmart 道の駅ウェルネスあらお",
        "pref": "熊本県",
        "address": "熊本県荒尾市海陽町2-3-1",
        "phone": "092-433-7370",
        "fee": "一般: 1泊・1台につき 3,500円",
        "available_period": "通年 施設により不定期のお休み・休業を設定している場合があります。ご利用可能日は事前に各施設にお問い合わせください。",
        "checkin_checkout": "チェックイン: 14:00 ～ 特になし / チェックアウト: 特になし ～ 11:00",
        "vehicle_size": "キャブコン バンコン トレーラー 軽キャン 一般車 その他 下記駐車場サイズもご確認ください。 利用可能かどうか判断がつかない場合は、施設までお問い合わせください。",
        "features": [
          "24時間利用OK",
          "入浴施設あり（車移動あり）",
          "温泉あり",
          "ゴミ処理対応・不可",
          "電源あり（無料）",
          "発電機・不可",
          "水道・なし",
          "ペットOK"
        ],
        "url": "https://www.kurumatabi.com/park/rvpark/1764.html",
        "geocode_source": "auto"
      }
    },
    {
      "type": "Feature",
      "geometry": {
        "type": "Point",
        "coordinates": [
          130.715776,
          32.547843
        ]
      },
      "properties": {
        "name": "RVパークsmart 道の駅東陽 せせらぎ",
        "pref": "熊本県",
        "address": "熊本県八代市東陽町南1051-1",
        "phone": "092-433-7370",
        "fee": "一般: 全日 2,500円",
        "available_period": "通年 施設により不定期のお休み・休業を設定している場合があります。ご利用可能日は事前に各施設にお問い合わせください。",
        "checkin_checkout": "チェックイン: 16:00 ～ / チェックアウト: 特になし ～ 10:00",
        "vehicle_size": "キャブコン バンコン トレーラー 軽キャン 一般車 下記駐車場サイズもご確認ください。 利用可能かどうか判断がつかない場合は、施設までお問い合わせください。",
        "features": [
          "24時間利用OK",
          "入浴施設あり（施設内）",
          "温泉あり",
          "ダンプステーション・なし",
          "ゴミ処理対応・不可",
          "電源あり（無料）",
          "発電機・不可",
          "水道・なし",
          "ペットOK"
        ],
        "url": "https://www.kurumatabi.com/park/rvpark/1348.html",
        "geocode_source": "auto"
      }
    },
    {
      "type": "Feature",
      "geometry": {
        "type": "Point",
        "coordinates": [
          130.757215,
          32.987907
        ]
      },
      "properties": {
        "name": "RVパークsmart 道の駅水辺プラザかもと",
        "pref": "熊本県",
        "address": "熊本県山鹿市鹿本町梶屋1257",
        "phone": "092-433-7370",
        "fee": "電源利用料については、 電源の有無 の項目をご確認ください。 最新の料金は直接施設へ事前確認をお願いします。",
        "available_period": "通年 施設により不定期のお休み・休業を設定している場合があります。ご利用可能日は事前に各施設にお問い合わせください。",
        "checkin_checkout": "チェックイン: 16:00 ～ 特になし / チェックアウト: 特になし ～ 10:00",
        "vehicle_size": "キャブコン バンコン トレーラー 軽キャン 一般車 下記駐車場サイズもご確認ください。 利用可能かどうか判断がつかない場合は、施設までお問い合わせください。",
        "features": [
          "24時間利用OK",
          "入浴施設あり（施設内）",
          "温泉あり",
          "ダンプステーション・なし",
          "ゴミ処理対応・不可",
          "電源あり（無料）",
          "発電機・不可",
          "水道・なし",
          "ペットOK"
        ],
        "url": "https://www.kurumatabi.com/park/rvpark/1118.html",
        "geocode_source": "auto"
      }
    },
    {
      "type": "Feature",
      "geometry": {
        "type": "Point",
        "coordinates": [
          131.041304,
          32.933501
        ]
      },
      "properties": {
        "name": "RVパークsmart 阿蘇乙姫温泉～コスギリゾート～",
        "pref": "熊本県",
        "address": "熊本県阿蘇市乙姫2052-3",
        "phone": "092-433-7370",
        "fee": "一般: 1泊・1台につき 3,300円",
        "available_period": "通年 施設により不定期のお休み・休業を設定している場合があります。ご利用可能日は事前に各施設にお問い合わせください。",
        "checkin_checkout": "チェックイン: 15:00 ～ / チェックアウト: 特になし ～ 11:00",
        "vehicle_size": "キャブコン バンコン トレーラー 軽キャン 一般車 下記駐車場サイズもご確認ください。 利用可能かどうか判断がつかない場合は、施設までお問い合わせください。",
        "features": [
          "24時間利用OK",
          "入浴施設あり（施設内）",
          "温泉あり",
          "ゴミ処理対応・不可",
          "電源あり（無料）",
          "発電機・不可",
          "水道・なし",
          "ペットOK",
          "ドッグランあり"
        ],
        "url": "https://www.kurumatabi.com/park/rvpark/931.html",
        "geocode_source": "auto"
      }
    },
    {
      "type": "Feature",
      "geometry": {
        "type": "Point",
        "coordinates": [
          130.073999,
          32.329509
        ]
      },
      "properties": {
        "name": "RVパークsmart　天然温泉 愛夢里",
        "pref": "熊本県",
        "address": "熊本県天草市河浦町河浦4747-1",
        "phone": "092-433-7370",
        "fee": "一般: 一泊一台 3,000円",
        "available_period": "通年 ★施設休館日：毎週月曜日（祝日の場合は翌日）※8月は無休 ※RVパークsmartご利用不可 施設により不定期のお休み・休業を設定している場合があります。ご利用可能日は事前に各施設にお問い合わせください。",
        "checkin_checkout": "チェックイン: 16:00 ～ 特になし / チェックアウト: 特になし ～ 11:00",
        "vehicle_size": "キャブコン バンコン 軽キャン 一般車 下記駐車場サイズもご確認ください。 利用可能かどうか判断がつかない場合は、施設までお問い合わせください。",
        "features": [
          "24時間利用OK",
          "和式トイレ",
          "入浴施設あり（施設内）",
          "温泉あり",
          "ゴミ処理対応・不可",
          "電源あり（無料）",
          "発電機・不可",
          "水道・なし",
          "ペットOK"
        ],
        "url": "https://www.kurumatabi.com/park/rvpark/1224.html",
        "geocode_source": "auto"
      }
    },
    {
      "type": "Feature",
      "geometry": {
        "type": "Point",
        "coordinates": [
          130.305874,
          32.505232
        ]
      },
      "properties": {
        "name": "RVパークsmart　道の駅有明リップルランド",
        "pref": "熊本県",
        "address": "熊本県天草市有明町上津浦1955",
        "phone": "092-433-7370",
        "fee": "一般: 一泊一台 3,000円",
        "available_period": "通年 施設により不定期のお休み・休業を設定している場合があります。ご利用可能日は事前に各施設にお問い合わせください。",
        "checkin_checkout": "チェックイン: 16:00 ～ / チェックアウト: 特になし ～ 11:00",
        "vehicle_size": "キャブコン バンコン トレーラー 軽キャン 一般車 下記駐車場サイズもご確認ください。 利用可能かどうか判断がつかない場合は、施設までお問い合わせください。",
        "features": [
          "24時間利用OK",
          "入浴施設あり（施設内）",
          "温泉あり",
          "ダンプステーション・なし",
          "ごみ処理対応可（有料）",
          "電源あり（無料）",
          "発電機・不可",
          "水道あり（無料）",
          "コインランドリーあり",
          "ペットOK"
        ],
        "url": "https://www.kurumatabi.com/park/rvpark/1223.html",
        "geocode_source": "auto"
      }
    },
    {
      "type": "Feature",
      "geometry": {
        "type": "Point",
        "coordinates": [
          130.744248,
          32.208538
        ]
      },
      "properties": {
        "name": "RVパークsmartくまりば",
        "pref": "熊本県",
        "address": "熊本県人吉市相良町4-2",
        "phone": "092-433-7370",
        "fee": "一般: 1泊・1台につき 2,000円",
        "available_period": "通年 ★毎週火曜日、土日以外の祝日、年末年始（12月29日から翌年1月3日まで）は温浴施設閉館日のため貸し出しを停止させていただいております。予めご了承ください。 施設により不定期のお休み・休業を設定している場合があります。ご利用可能日は事前に各施設にお問い合わせください。",
        "checkin_checkout": "チェックイン: 13:00 ～ / チェックアウト: 特になし ～ 13:00",
        "vehicle_size": "バスコン キャブコン バンコン トレーラー 軽キャン 一般車 下記駐車場サイズもご確認ください。 利用可能かどうか判断がつかない場合は、施設までお問い合わせください。",
        "features": [
          "24時間利用OK",
          "入浴施設あり（施設内）",
          "温泉あり",
          "ゴミ処理対応・不可",
          "電源あり（無料）",
          "発電機・不可",
          "水道あり（無料）",
          "ペットOK"
        ],
        "url": "https://www.kurumatabi.com/park/rvpark/928.html",
        "geocode_source": "auto"
      }
    },
    {
      "type": "Feature",
      "geometry": {
        "type": "Point",
        "coordinates": [
          130.59384,
          32.851886
        ]
      },
      "properties": {
        "name": "RVパークsmart草枕温泉てんすい",
        "pref": "熊本県",
        "address": "熊本県玉名市天水町小天511-1",
        "phone": "092-433-7370",
        "fee": "一般: 1泊・1台につき 3,500円",
        "available_period": "通年 ※温泉施設『草枕温泉てんすい』は不定休となっております。ご予約前に必ず『草枕温泉てんすい』の公式HPより休館日をご確認ください。休館日であっても車泊スペース、電気設備、トイレのみのご利用は可能となっております。 施設により不定期のお休み・休業を設定している場合があります。ご利用可能日は事前に各施設にお問い合わせください。",
        "checkin_checkout": "チェックイン: 13:00 ～ / チェックアウト: 特になし ～ 11:00",
        "vehicle_size": "バスコン キャブコン バンコン トレーラー 軽キャン 下記駐車場サイズもご確認ください。 利用可能かどうか判断がつかない場合は、施設までお問い合わせください。",
        "features": [
          "24時間利用OK",
          "和式トイレ",
          "入浴施設あり（施設内）",
          "温泉あり",
          "ごみ処理対応可（無料）",
          "電源あり（無料）",
          "発電機・不可",
          "水道あり（無料）",
          "ペットOK"
        ],
        "url": "https://www.kurumatabi.com/park/rvpark/770.html",
        "geocode_source": "auto"
      }
    },
    {
      "type": "Feature",
      "geometry": {
        "type": "Point",
        "coordinates": [
          131.040844,
          32.818219
        ]
      },
      "properties": {
        "name": "RVパークsmart道の駅あそ望の郷くぎの",
        "pref": "熊本県",
        "address": "熊本県阿蘇郡南阿蘇村久石2807",
        "phone": "092-433-7370",
        "fee": "一般: 1泊・1台につき 3,300円",
        "available_period": "通年 施設により不定期のお休み・休業を設定している場合があります。ご利用可能日は事前に各施設にお問い合わせください。",
        "checkin_checkout": "チェックイン: 16:00 ～ / チェックアウト: 特になし ～ 9:00",
        "vehicle_size": "キャブコン バンコン 軽キャン 一般車 下記駐車場サイズもご確認ください。 利用可能かどうか判断がつかない場合は、施設までお問い合わせください。",
        "features": [
          "24時間利用OK",
          "入浴施設あり（車移動あり）",
          "温泉あり",
          "ごみ処理対応可（無料）",
          "電源あり（無料）",
          "発電機・不可",
          "水道・なし",
          "ペットOK",
          "ドッグランあり"
        ],
        "url": "https://www.kurumatabi.com/park/rvpark/758.html",
        "geocode_source": "auto"
      }
    },
    {
      "type": "Feature",
      "geometry": {
        "type": "Point",
        "coordinates": [
          130.602227,
          32.972995
        ]
      },
      "properties": {
        "name": "RVパークsmart道の駅きくすい",
        "pref": "熊本県",
        "address": "熊本県玉名郡和水町江田455",
        "phone": "092-433-7370",
        "fee": "一般: 1泊・1台につき 2,500円",
        "available_period": "通年 施設により不定期のお休み・休業を設定している場合があります。ご利用可能日は事前に各施設にお問い合わせください。",
        "checkin_checkout": "チェックイン: 15:00 ～ / チェックアウト: 特になし ～ 10:00",
        "vehicle_size": "キャブコン バンコン 軽キャン 一般車 下記駐車場サイズもご確認ください。 利用可能かどうか判断がつかない場合は、施設までお問い合わせください。",
        "features": [
          "24時間利用OK",
          "入浴施設あり（車移動あり）",
          "温泉あり",
          "ゴミ処理対応・不可",
          "電源あり（無料）",
          "発電機・不可",
          "水道あり（無料）",
          "ペットOK"
        ],
        "url": "https://www.kurumatabi.com/park/rvpark/759.html",
        "geocode_source": "auto"
      }
    },
    {
      "type": "Feature",
      "geometry": {
        "type": "Point",
        "coordinates": [
          130.827153,
          32.398795
        ]
      },
      "properties": {
        "name": "RVパークsmart道の駅子守唄の里五木",
        "pref": "熊本県",
        "address": "熊本県球磨郡五木村甲字下手2672番地の54",
        "phone": "092-433-7370",
        "fee": "一般: 1泊・1台につき 2,500円",
        "available_period": "通年 施設により不定期のお休み・休業を設定している場合があります。ご利用可能日は事前に各施設にお問い合わせください。",
        "checkin_checkout": "チェックイン: 15:00 ～ / チェックアウト: 特になし ～ 11:00",
        "vehicle_size": "キャブコン バンコン トレーラー 軽キャン 一般車 下記駐車場サイズもご確認ください。 利用可能かどうか判断がつかない場合は、施設までお問い合わせください。",
        "features": [
          "24時間利用OK",
          "入浴施設あり（車移動あり）",
          "温泉あり",
          "ごみ処理対応可（有料）",
          "電源あり（無料）",
          "発電機・不可",
          "水道・なし",
          "ペットOK"
        ],
        "url": "https://www.kurumatabi.com/park/rvpark/757.html",
        "geocode_source": "auto"
      }
    },
    {
      "type": "Feature",
      "geometry": {
        "type": "Point",
        "coordinates": [
          130.845431,
          32.205862
        ]
      },
      "properties": {
        "name": "RVパークsmart道の駅錦",
        "pref": "熊本県",
        "address": "熊本県球磨郡錦町大字一武1544番地1",
        "phone": "092-433-7370",
        "fee": "一般: 1泊・1台につき 2,000円",
        "available_period": "通年 施設により不定期のお休み・休業を設定している場合があります。ご利用可能日は事前に各施設にお問い合わせください。",
        "checkin_checkout": "チェックイン: 16:00 ～ 特になし / チェックアウト: 特になし ～ 9:00",
        "vehicle_size": "キャブコン バンコン トレーラー 軽キャン 一般車 下記駐車場サイズもご確認ください。 利用可能かどうか判断がつかない場合は、施設までお問い合わせください。",
        "features": [
          "24時間利用OK",
          "入浴施設あり（徒歩圏内あり）",
          "温泉あり",
          "ゴミ処理対応・不可",
          "電源あり（無料）",
          "発電機・不可",
          "水道・なし",
          "ペットOK"
        ],
        "url": "https://www.kurumatabi.com/park/rvpark/760.html",
        "geocode_source": "auto"
      }
    },
    {
      "type": "Feature",
      "geometry": {
        "type": "Point",
        "coordinates": [
          130.921679,
          32.783116
        ]
      },
      "properties": {
        "name": "RVパーク　吉無田高原パティオ",
        "pref": "熊本県",
        "address": "熊本県上益城郡御船町田代6702-181",
        "phone": "090-6290-4747",
        "fee": "一般: 一台・1泊につき 3,500円",
        "available_period": "通年 日祝 日祝の前日 春休み GW 夏休み お盆 冬休み 年末年始 平日 施設により不定期のお休み・休業を設定している場合があります。ご利用可能日は事前に各施設にお問い合わせください。",
        "checkin_checkout": "チェックイン: 15:00 ～ 20:00 / チェックアウト: 0:00 ～ 10:30",
        "vehicle_size": "バスコン キャブコン バンコン トレーラー 軽キャン 下記駐車場サイズもご確認ください。 利用可能かどうか判断がつかない場合は、施設までお問い合わせください。",
        "features": [
          "24時間利用OK",
          "入浴施設あり（車移動あり）",
          "温泉あり",
          "ごみ処理対応可（無料）",
          "発電機・不可",
          "水道あり（無料）",
          "炊事場あり",
          "コインランドリー・なし",
          "ペットOK",
          "ドッグランなし",
          "WI-FIあり（無料）",
          "旅館・ホテルの食事：朝食・不可",
          "旅館・ホテルの食事：夕食・不可",
          "旅館・ホテルの宿泊予約・不可"
        ],
        "url": "https://www.kurumatabi.com/park/rvpark/858.html",
        "geocode_source": "auto"
      }
    },
    {
      "type": "Feature",
      "geometry": {
        "type": "Point",
        "coordinates": [
          130.795733,
          32.208932
        ]
      },
      "properties": {
        "name": "RVパークかわむら",
        "pref": "熊本県",
        "address": "熊本県球磨郡相良村柳瀬1344",
        "phone": "080-6286-7604",
        "fee": "一般: 1泊/1台（ゴミ持ち帰り） 2,500円 2,500円",
        "available_period": "通年 施設により不定期のお休み・休業を設定している場合があります。ご利用可能日は事前に各施設にお問い合わせください。",
        "checkin_checkout": "チェックイン: 14:00 ～ 19:00 / チェックアウト: 6:00 ～ 11:00",
        "vehicle_size": "キャブコン バンコン 軽キャン 一般車 下記駐車場サイズもご確認ください。 利用可能かどうか判断がつかない場合は、施設までお問い合わせください。",
        "features": [
          "24時間利用OK",
          "入浴施設あり（車移動あり）",
          "温泉あり",
          "ブラック・グレーOK",
          "ごみ処理対応可（有料）",
          "電源あり（無料）",
          "発電機・不可",
          "水道あり（無料）",
          "炊事場なし",
          "コインランドリー・なし",
          "ペットOK",
          "ドッグランなし",
          "WI-FIの利用・なし",
          "旅館・ホテルの食事：朝食・不可",
          "旅館・ホテルの食事：夕食・不可",
          "旅館・ホテルの宿泊予約・不可"
        ],
        "url": "https://www.kurumatabi.com/park/rvpark/1733.html",
        "geocode_source": "auto"
      }
    },
    {
      "type": "Feature",
      "geometry": {
        "type": "Point",
        "coordinates": [
          130.690387,
          33.014661
        ]
      },
      "properties": {
        "name": "RVパークやまが",
        "pref": "熊本県",
        "address": "熊本県山鹿市山鹿1番地(温泉プラザ山鹿 北側駐車場)",
        "phone": "0968-44-4759",
        "fee": "【高さ220cmまでの小中型車】 ○1泊:1,000円 ※2泊目以降:700円 ○駐車料金(最大1,300円 9:00～翌9:00まで) ※通常北側駐車場入口より入出庫(入庫後電話連絡が必要) ※途中出入り可 【上記以上の大型車】 ○1泊:2,300円(駐車料金込) ※2泊目以降:2,000円 ※東側緊急車両入口より入出庫(事前電話連絡が必要) ※途中出入り不可 【利用可能台数】2台 電源利用料については、 電源の有無 の項目をご確認ください。 最新の料金は直接施設へ事前確認をお願いします。",
        "available_period": "通年 日祝 日祝の前日 春休み GW 夏休み お盆 冬休み 年末年始 平日 施設により不定期のお休み・休業を設定している場合があります。ご利用可能日は事前に各施設にお問い合わせください。",
        "checkin_checkout": "チェックイン: 16:00 ～ 18:00 / チェックアウト: 8:00 ～ 9:00",
        "vehicle_size": "フルコン セミフルコン バスコン キャブコン バンコン トレーラー 軽キャン 一般車",
        "features": [
          "24時間利用OK",
          "入浴施設あり（徒歩圏内あり）",
          "温泉あり",
          "ごみ処理対応可（無料）",
          "電源あり（無料）",
          "発電機利用可(時間指定あり)",
          "水道あり（無料）",
          "ペットOK"
        ],
        "url": "https://www.kurumatabi.com/park/rvpark/212.html",
        "geocode_source": "auto"
      }
    },
    {
      "type": "Feature",
      "geometry": {
        "type": "Point",
        "coordinates": [
          130.494378,
          32.366882
        ]
      },
      "properties": {
        "name": "RVパーク御立岬公園",
        "pref": "熊本県",
        "address": "熊本県葦北郡芦北町田浦町124",
        "phone": "0966-87-0737",
        "fee": "一般: 1泊/1台 2,000円",
        "available_period": "通年 日祝 日祝の前日 春休み GW 夏休み お盆 冬休み 年末年始 平日 施設により不定期のお休み・休業を設定している場合があります。ご利用可能日は事前に各施設にお問い合わせください。",
        "checkin_checkout": "チェックイン: 13:00 ～ 20:00 / チェックアウト: 特になし ～ 11:00",
        "vehicle_size": "フルコン セミフルコン バスコン キャブコン バンコン トレーラー 軽キャン 一般車",
        "features": [
          "24時間利用OK",
          "入浴施設あり（徒歩圏内あり）",
          "温泉あり",
          "ごみ処理対応可（無料）",
          "電源あり（有料）",
          "発電機利用可(時間指定あり)",
          "水道あり（無料）",
          "ペットOK"
        ],
        "url": "https://www.kurumatabi.com/park/rvpark/591.html",
        "geocode_source": "auto"
      }
    },
    {
      "type": "Feature",
      "geometry": {
        "type": "Point",
        "coordinates": [
          131.052925,
          32.97637
        ]
      },
      "properties": {
        "name": "火の国ドッグランオートキャンプ場RVパーク",
        "pref": "熊本県",
        "address": "熊本県阿蘇市小里字小無田660-1",
        "phone": "080-7298-9418",
        "fee": "一般: 1泊 3,000円",
        "available_period": "通年 施設により不定期のお休み・休業を設定している場合があります。ご利用可能日は事前に各施設にお問い合わせください。",
        "checkin_checkout": "チェックイン: 13:00 ～ 17:00 / チェックアウト: 6:00 ～ 11:00",
        "vehicle_size": "フルコン セミフルコン バスコン キャブコン バンコン トレーラー 軽キャン 一般車 下記駐車場サイズもご確認ください。 利用可能かどうか判断がつかない場合は、施設までお問い合わせください。",
        "features": [
          "24時間利用OK",
          "温水洗浄便座あり",
          "入浴施設あり（施設内）",
          "シャワーあり",
          "ダンプステーション・なし",
          "ごみ処理対応可（無料）",
          "電源あり（無料）",
          "発電機利用可(時間指定あり)",
          "水道あり（無料）",
          "炊事場あり",
          "コインランドリー・なし",
          "ペットOK",
          "ドッグランあり",
          "WI-FIの利用・なし"
        ],
        "url": "https://www.kurumatabi.com/park/rvpark/1681.html",
        "geocode_source": "auto"
      }
    },
    {
      "type": "Feature",
      "geometry": {
        "type": "Point",
        "coordinates": [
          136.922233,
          37.222817
        ]
      },
      "properties": {
        "name": "RVパーク NOTOあなみず",
        "pref": "石川県",
        "address": "石川県鳳珠郡穴水町内浦5-28-3 のとふれあい文化センター内",
        "phone": "0768-52-3401",
        "fee": "1泊 500円／1台(トレーラー含む) 【利用可能台数】20台 電源利用料については、 電源の有無 の項目をご確認ください。 最新の料金は直接施設へ事前確認をお願いします。",
        "available_period": "日祝 日祝の前日 春休み GW 夏休み お盆 平日 施設により不定期のお休み・休業を設定している場合があります。ご利用可能日は事前に各施設にお問い合わせください。",
        "checkin_checkout": "チェックイン: 13:00 ～ 18:30 / チェックアウト: 特になし ～ 12:00",
        "vehicle_size": "フルコン セミフルコン バスコン キャブコン バンコン 軽キャン 一般車",
        "features": [
          "ごみ処理可能",
          "電源あり",
          "水道あり",
          "発電機OK",
          "入浴施設あり",
          "ペットOK",
          "プレミアム会員特典あり",
          "24時間トイレあり",
          "ダンプステーションあり"
        ],
        "url": "https://www.kurumatabi.com/park/rvpark/673.html",
        "geocode_source": "auto"
      }
    },
    {
      "type": "Feature",
      "geometry": {
        "type": "Point",
        "coordinates": [
          136.372308,
          36.253539
        ]
      },
      "properties": {
        "name": "RVパーク 大江戸温泉物語Premium 山中グランドホテル",
        "pref": "石川県",
        "address": "石川県加賀市山中温泉上野町ル15-4",
        "phone": "050-3615-3456",
        "fee": "一般: 1泊 3,500円",
        "available_period": "通年 日祝 日祝の前日 春休み 夏休み 冬休み 平日 ホテルの休館日は、RVパークもご利用いただけません。 最新の休館情報につきましては、ホテル公式ホームページをご確認ください。 【ホテルHP：https://www.ooedoonsen.jp/yamanaka-gh/】 なお、災害や積雪などの影響により、予告なく急遽休業する場合がございます。あらかじめご了承ください。 施設により不定期のお休み・休業を設定している場合があります。ご利用可能日は事前に各施設にお問い合わせください。",
        "checkin_checkout": "チェックイン: 15:00 ～ 21:00 / チェックアウト: 特になし ～ 11:00",
        "vehicle_size": "キャブコン バンコン 軽キャン 一般車 下記駐車場サイズもご確認ください。 利用可能かどうか判断がつかない場合は、施設までお問い合わせください。",
        "features": [
          "24時間利用OK",
          "入浴施設あり（施設内）",
          "温泉あり",
          "ダンプステーション・なし",
          "ごみ処理対応可（無料）",
          "電源あり（有料）",
          "発電機・不可",
          "水道・なし",
          "ペットOK",
          "ドッグランなし"
        ],
        "url": "https://www.kurumatabi.com/park/rvpark/1833.html",
        "geocode_source": "auto"
      }
    },
    {
      "type": "Feature",
      "geometry": {
        "type": "Point",
        "coordinates": [
          136.36734,
          36.235265
        ]
      },
      "properties": {
        "name": "RVパーク 大江戸温泉物語　山中彩朝楽",
        "pref": "石川県",
        "address": "石川県加賀市山中温泉こおろぎ町イ193",
        "phone": "050-3615-3456",
        "fee": "一般: 1泊 3,500円",
        "available_period": "通年 日祝 日祝の前日 春休み 夏休み 冬休み 平日 宿の休館日は、RVパークもご利用いただけません。 最新の休館情報につきましては、宿公式ホームページをご確認ください。 【宿HP：https://www.ooedoonsen.jp/yamanaka-saichoraku/】 なお、災害や積雪などの影響により、予告なく急遽休業する場合がございます。あらかじめご了承ください。 施設により不定期のお休み・休業を設定している場合があります。ご利用可能日は事前に各施設にお問い合わせください。",
        "checkin_checkout": "チェックイン: 15:00 ～ 21:00 / チェックアウト: 特になし ～ 11:00",
        "vehicle_size": "キャブコン バンコン 軽キャン 一般車 下記駐車場サイズもご確認ください。 利用可能かどうか判断がつかない場合は、施設までお問い合わせください。",
        "features": [
          "24時間利用OK",
          "入浴施設あり（施設内）",
          "温泉あり",
          "ダンプステーション・なし",
          "ごみ処理対応可（無料）",
          "電源あり（有料）",
          "発電機・不可",
          "水道・なし",
          "ペットOK",
          "ドッグランなし"
        ],
        "url": "https://www.kurumatabi.com/park/rvpark/1834.html",
        "geocode_source": "auto"
      }
    },
    {
      "type": "Feature",
      "geometry": {
        "type": "Point",
        "coordinates": [
          136.436809,
          36.407143
        ]
      },
      "properties": {
        "name": "RVパーク 小松城南店",
        "pref": "石川県",
        "address": "石川県小松市城南町14-1",
        "phone": "09032994342",
        "fee": "一般: 平日 1泊・1台につき 3,300円 / 一般: 土日祝 1泊・1台につき 4,400円",
        "available_period": "通年 施設により不定期のお休み・休業を設定している場合があります。ご利用可能日は事前に各施設にお問い合わせください。",
        "checkin_checkout": "チェックイン: 13:00 ～ 20:00 / チェックアウト: 特になし ～ 11:00",
        "vehicle_size": "セミフルコン バスコン キャブコン バンコン 軽キャン 一般車 下記駐車場サイズもご確認ください。 利用可能かどうか判断がつかない場合は、施設までお問い合わせください。",
        "features": [
          "24時間利用OK",
          "温水洗浄便座あり",
          "入浴施設あり（車移動あり）",
          "温泉あり",
          "ブラック・グレーOK",
          "ごみ処理対応可（無料）",
          "電源あり（無料）",
          "発電機・不可",
          "水道あり（無料）",
          "炊事場なし",
          "コインランドリーあり",
          "ペットOK",
          "ドッグランなし",
          "WI-FIの利用・なし"
        ],
        "url": "https://www.kurumatabi.com/park/rvpark/1818.html",
        "geocode_source": "auto"
      }
    },
    {
      "type": "Feature",
      "geometry": {
        "type": "Point",
        "coordinates": [
          137.356726,
          37.465659
        ]
      },
      "properties": {
        "name": "RVパーク 浦野農園Playground",
        "pref": "石川県",
        "address": "石川県珠洲市三崎町高波カ部",
        "phone": "090-2038-1333",
        "fee": "一般: １泊・１台につき 3,000円〜",
        "available_period": "日祝 日祝の前日 春休み GW 夏休み お盆 平日 営業期間として12月〜2月は冬季休業いたします。 施設により不定期のお休み・休業を設定している場合があります。ご利用可能日は事前に各施設にお問い合わせください。",
        "checkin_checkout": "チェックイン: 15:00 ～ 20:00 / チェックアウト: 10:00 ～ 11:00",
        "vehicle_size": "キャブコン バンコン トレーラー 軽キャン 一般車 その他 下記駐車場サイズもご確認ください。 利用可能かどうか判断がつかない場合は、施設までお問い合わせください。",
        "features": [
          "24時間利用OK",
          "温水洗浄便座あり",
          "入浴施設あり（車移動あり）",
          "湯沸かし浴槽あり",
          "ダンプステーション・なし",
          "ごみ処理対応現地相談（有料）",
          "電源あり（有料）",
          "発電機利用可(時間指定なし)",
          "水道あり（無料）",
          "炊事場あり",
          "コインランドリー・なし",
          "ペットOK",
          "ドッグランなし",
          "WI-FIあり（有料）"
        ],
        "url": "https://www.kurumatabi.com/park/rvpark/1204.html",
        "geocode_source": "auto"
      }
    },
    {
      "type": "Feature",
      "geometry": {
        "type": "Point",
        "coordinates": [
          136.780058,
          37.006882
        ]
      },
      "properties": {
        "name": "RVパーク　道の駅ころ柿の里しか",
        "pref": "石川県",
        "address": "石川県羽咋郡志賀町末吉千古新保向22-1",
        "phone": "0767-32-8555",
        "fee": "1泊 2,500円／1台(トレーラー含む) 【利用可能台数】13台(4mx6m) 電源利用料については、 電源の有無 の項目をご確認ください。 最新の料金は直接施設へ事前確認をお願いします。",
        "available_period": "通年 日祝 日祝の前日 春休み GW 夏休み お盆 冬休み 年末年始 平日 ※臨時休館日以外は全て可能です。 施設により不定期のお休み・休業を設定している場合があります。ご利用可能日は事前に各施設にお問い合わせください。",
        "checkin_checkout": "チェックイン: 12:00 ～ 19:00 / チェックアウト: 0:00 ～ 11:00",
        "vehicle_size": "フルコン セミフルコン バスコン キャブコン バンコン トレーラー 軽キャン 一般車 下記駐車場サイズもご確認ください。 利用可能かどうか判断がつかない場合は、施設までお問い合わせください。",
        "features": [
          "24時間利用OK",
          "入浴施設あり（施設内）",
          "温泉あり",
          "ごみ処理対応可（無料）",
          "電源あり（無料）",
          "発電機・不可",
          "水道あり（無料）",
          "炊事場なし",
          "コインランドリー・なし",
          "ペットOK",
          "WI-FIの利用・なし",
          "旅館・ホテルの食事：朝食・不可",
          "夕食予約OK",
          "旅館・ホテルの宿泊予約・不可"
        ],
        "url": "https://www.kurumatabi.com/park/rvpark/628.html",
        "geocode_source": "auto"
      }
    },
    {
      "type": "Feature",
      "geometry": {
        "type": "Point",
        "coordinates": [
          136.929247,
          37.13232
        ]
      },
      "properties": {
        "name": "RVパークねやフィッシングパーク太公望",
        "pref": "石川県",
        "address": "石川県七尾市能登島閨町ろ42-3",
        "phone": "0767-85-2919",
        "fee": "一般: 電源サイト☆1泊・1台（水道利用・ゴミ処理の料金込み） 3,000円 / 一般: 電源サイト☆デイ利用※予約不可・1台 （水道利用・ゴミ処理の料金込み） 1,500円 / 一般: 電源利用なし☆デイ利用/1泊※予約不可・1台（水道利用・ゴミ処理有料） 0円",
        "available_period": "通年 日祝 日祝の前日 春休み GW 夏休み お盆 冬休み 年末年始 平日 不定休の為、ご利用の場合は事前に営業日のご確認をお願い致します。 ■お食事処&カフェ・土産物コーナー ■要予約・焼肉コーナー・浜焼きコーナー※冬～6月中旬まで焼き牡蠣 ■要予約・宴会承ります 施設により不定期のお休み・休業を設定している場合があります。ご利用可能日は事前に各施設にお問い合わせください。",
        "checkin_checkout": "チェックイン: 14:00 ～ 特になし / チェックアウト: 特になし ～ 11:00",
        "vehicle_size": "フルコン セミフルコン バスコン キャブコン バンコン トレーラー 軽キャン 一般車 その他 下記駐車場サイズもご確認ください。 利用可能かどうか判断がつかない場合は、施設までお問い合わせください。",
        "features": [
          "24時間利用OK",
          "温水洗浄便座あり",
          "入浴施設あり（車移動あり）",
          "温泉あり",
          "ごみ処理対応可（有料）",
          "電源あり（有料）",
          "発電機・不可",
          "水道あり（有料）",
          "炊事場あり",
          "コインランドリー・なし",
          "ペットOK",
          "ドッグランあり",
          "WI-FIあり（無料）",
          "旅館・ホテルの食事：朝食・不可",
          "旅館・ホテルの食事：夕食・不可",
          "旅館・ホテルの宿泊予約・不可"
        ],
        "url": "https://www.kurumatabi.com/park/rvpark/616.html",
        "geocode_source": "auto"
      }
    },
    {
      "type": "Feature",
      "geometry": {
        "type": "Point",
        "coordinates": [
          136.361748,
          36.28647
        ]
      },
      "properties": {
        "name": "RVパーク萬松園あいうえおの杜",
        "pref": "石川県",
        "address": "石川県加賀市山代温泉八74-1",
        "phone": "0761-76-5575",
        "fee": "一般: 1泊・1台につき 3,850円",
        "available_period": "通年 定休日 火曜、年末年始（12/29～1/3） 施設により不定期のお休み・休業を設定している場合があります。ご利用可能日は事前に各施設にお問い合わせください。",
        "checkin_checkout": "チェックイン: 12:00 ～ 16:00 / チェックアウト: 9:00 ～ 10:00",
        "vehicle_size": "キャブコン バンコン 軽キャン 一般車 下記駐車場サイズもご確認ください。 利用可能かどうか判断がつかない場合は、施設までお問い合わせください。",
        "features": [
          "24時間利用OK",
          "温水洗浄便座あり",
          "入浴施設あり（徒歩圏内あり）",
          "温泉あり",
          "ごみ処理対応可（有料）",
          "電源あり（無料）",
          "発電機・不可",
          "水道あり（無料）",
          "炊事場なし",
          "コインランドリー・なし",
          "ペットOK",
          "ドッグランあり",
          "WI-FIあり（無料）",
          "朝食予約OK",
          "夕食予約OK",
          "宿泊予約OK"
        ],
        "url": "https://www.kurumatabi.com/park/rvpark/1676.html",
        "geocode_source": "auto"
      }
    },
    {
      "type": "Feature",
      "geometry": {
        "type": "Point",
        "coordinates": [
          136.767997,
          36.889577
        ]
      },
      "properties": {
        "name": "RVパーク道の駅のと千里浜",
        "pref": "石川県",
        "address": "石川県羽咋市千里浜町タ1番地62",
        "phone": "0767-22-3891",
        "fee": "1泊 2,000円／1台(トレーラー含む) ※車両サイズが4m×6m以内のお車のみ利用可能です。 【利用可能台数】4台 電源利用料については、 電源の有無 の項目をご確認ください。 最新の料金は直接施設へ事前確認をお願いします。",
        "available_period": "通年 日祝 日祝の前日 春休み GW 夏休み お盆 冬休み 年末年始 平日 ※車両サイズが4m×6m以内のお車のみ利用可能です。 ※毎週水曜日定休 ※年末12/30・31休み 施設により不定期のお休み・休業を設定している場合があります。ご利用可能日は事前に各施設にお問い合わせください。",
        "checkin_checkout": "チェックイン: 12:00 ～ / チェックアウト: ～ 11:00",
        "vehicle_size": "キャブコン バンコン 軽キャン 一般車 その他",
        "features": [
          "ごみ処理可能",
          "電源あり",
          "水道あり",
          "発電機OK",
          "入浴施設あり",
          "ペットOK",
          "プレミアム会員特典あり",
          "24時間トイレあり",
          "ダンプステーションあり"
        ],
        "url": "https://www.kurumatabi.com/park/rvpark/693.html",
        "geocode_source": "auto"
      }
    },
    {
      "type": "Feature",
      "geometry": {
        "type": "Point",
        "coordinates": [
          136.768628,
          37.288873
        ]
      },
      "properties": {
        "name": "総持寺通り RVパーク",
        "pref": "石川県",
        "address": "石川県輪島市門前町走出６－５８",
        "phone": "09032822030",
        "fee": "一般: 土日祝の前夜からの１泊・１台につき 2,200円 / スタンダード会員: 平日１泊・１台につき 1,100円",
        "available_period": "通年 施設により不定期のお休み・休業を設定している場合があります。ご利用可能日は事前に各施設にお問い合わせください。",
        "checkin_checkout": "チェックイン: 16:00 ～ 23:00 / チェックアウト: 5:00 ～ 10:00",
        "vehicle_size": "セミフルコン バスコン キャブコン バンコン 軽キャン 一般車 下記駐車場サイズもご確認ください。 利用可能かどうか判断がつかない場合は、施設までお問い合わせください。",
        "features": [
          "24時間利用OK",
          "温水洗浄便座あり",
          "入浴施設あり（車移動あり）",
          "湯沸かし浴槽あり",
          "ダンプステーション・なし",
          "ごみ処理対応可（無料）",
          "電源あり（無料）",
          "発電機・不可",
          "水道・なし",
          "コインランドリーあり",
          "ペットOK",
          "WI-FIの利用・なし",
          "旅館・ホテルの宿泊予約・不可"
        ],
        "url": "https://www.kurumatabi.com/park/rvpark/1524.html",
        "geocode_source": "auto"
      }
    },
    {
      "type": "Feature",
      "geometry": {
        "type": "Point",
        "coordinates": [
          139.000787,
          35.238577
        ]
      },
      "properties": {
        "name": "RVパーク HESTA箱根",
        "pref": "神奈川県",
        "address": "神奈川県足柄下郡箱根町元箱根159-205",
        "phone": "0460-84-7133",
        "fee": "一般: 1泊・1台につき 3,000円〜",
        "available_period": "通年 日祝 日祝の前日 春休み GW 夏休み お盆 冬休み 年末年始 平日 施設により不定期のお休み・休業を設定している場合があります。ご利用可能日は事前に各施設にお問い合わせください。",
        "checkin_checkout": "チェックイン: 16:00 ～ 20:00 / チェックアウト: 8:00 ～ 10:00",
        "vehicle_size": "フルコン セミフルコン バスコン キャブコン バンコン トレーラー 一般車 その他 下記駐車場サイズもご確認ください。 利用可能かどうか判断がつかない場合は、施設までお問い合わせください。",
        "features": [
          "24時間利用OK",
          "入浴施設あり（車移動あり）",
          "温泉あり",
          "ダンプステーション・なし",
          "ごみ処理対応可（無料）",
          "電源あり（無料）",
          "発電機・不可",
          "水道・なし",
          "炊事場なし",
          "コインランドリーあり",
          "ペットOK",
          "ドッグランなし",
          "WI-FIの利用・なし",
          "旅館・ホテルの食事：朝食・不可",
          "旅館・ホテルの食事：夕食・不可",
          "宿泊予約OK"
        ],
        "url": "https://www.kurumatabi.com/park/rvpark/1564.html",
        "geocode_source": "auto"
      }
    },
    {
      "type": "Feature",
      "geometry": {
        "type": "Point",
        "coordinates": [
          139.377679,
          35.436028
        ]
      },
      "properties": {
        "name": "RVパーク WEINS PARK U-BASE CAMP",
        "pref": "神奈川県",
        "address": "神奈川県海老名市中新田3290-1",
        "phone": "046-235-6208",
        "fee": "1泊 6,500円／1台 電源利用料については、 電源の有無 の項目をご確認ください。 最新の料金は直接施設へ事前確認をお願いします。",
        "available_period": "通年 第1、3水曜日は定休日のため前日の火曜日は宿泊不可 また、施設休業日前日も宿泊不可になります。 施設により不定期のお休み・休業を設定している場合があります。ご利用可能日は事前に各施設にお問い合わせください。",
        "checkin_checkout": "チェックイン: 13:00 ～ 17:00 / チェックアウト: 7:00 ～ 10:00",
        "vehicle_size": "キャブコン バンコン 軽キャン 一般車 下記駐車場サイズもご確認ください。 利用可能かどうか判断がつかない場合は、施設までお問い合わせください。",
        "features": [
          "24時間利用OK",
          "入浴施設あり（施設内）",
          "湯沸かし浴槽あり",
          "ごみ処理対応可（無料）",
          "電源あり（無料）",
          "発電機・不可",
          "水道あり（無料）",
          "炊事場あり",
          "ペットOK",
          "ドッグランあり"
        ],
        "url": "https://www.kurumatabi.com/park/rvpark/1386.html",
        "geocode_source": "auto"
      }
    },
    {
      "type": "Feature",
      "geometry": {
        "type": "Point",
        "coordinates": [
          139.076107,
          35.309977
        ]
      },
      "properties": {
        "name": "RVパーク 丸太の森",
        "pref": "神奈川県",
        "address": "神奈川県南足柄市広町1544",
        "phone": "0465-74-4510",
        "fee": "一般: 1泊1台につき 4,400円",
        "available_period": "通年 日祝の前日 春休み GW 夏休み お盆 冬休み 平日 「丸太の森」RVパークのご利用ができない日程 ～休園日の前日および休園日の宿泊利用はできません～ 【丸太の森 休園日】 ○ 毎週月曜日（7/15～8/31の間は除く） ○ 祝祭日の翌日（月曜祝日の場合は火曜水曜が休園） ○ 年末年始（12/29～1/3の間） 施設により不定期のお休み・休業を設定している場合があります。ご利用可能日は事前に各施設にお問い合わせください。",
        "checkin_checkout": "チェックイン: 13:00 ～ 16:00 / チェックアウト: 8:30 ～ 10:00",
        "vehicle_size": "バスコン キャブコン バンコン 軽キャン 一般車 下記駐車場サイズもご確認ください。 利用可能かどうか判断がつかない場合は、施設までお問い合わせください。",
        "features": [
          "24時間利用OK",
          "温水洗浄便座あり",
          "入浴施設あり（徒歩圏内あり）",
          "温泉あり",
          "ダンプステーション・なし",
          "ごみ処理対応可（無料）",
          "電源あり（有料）",
          "発電機・不可",
          "水道あり（無料）",
          "炊事場なし",
          "コインランドリー・なし",
          "ペットOK",
          "ドッグランなし",
          "WI-FIの利用・なし",
          "旅館・ホテルの食事：朝食・不可",
          "旅館・ホテルの食事：夕食・不可",
          "旅館・ホテルの宿泊予約・不可"
        ],
        "url": "https://www.kurumatabi.com/park/rvpark/1570.html",
        "geocode_source": "auto"
      }
    },
    {
      "type": "Feature",
      "geometry": {
        "type": "Point",
        "coordinates": [
          139.628902,
          35.196295
        ]
      },
      "properties": {
        "name": "RVパークみうら",
        "pref": "神奈川県",
        "address": "神奈川県三浦市初声町和田1703-1",
        "phone": "090-3813-5262",
        "fee": "一般: 電源込 2,500円",
        "available_period": "通年 日祝 日祝の前日 春休み GW 夏休み お盆 冬休み 年末年始 平日 施設により不定期のお休み・休業を設定している場合があります。ご利用可能日は事前に各施設にお問い合わせください。",
        "checkin_checkout": "チェックイン: 13:00 ～ 21:00 / チェックアウト: 特になし ～ 11:00",
        "vehicle_size": "バスコン キャブコン バンコン 軽キャン 一般車 下記駐車場サイズもご確認ください。 利用可能かどうか判断がつかない場合は、施設までお問い合わせください。",
        "features": [
          "24時間利用OK",
          "温水洗浄便座あり",
          "入浴施設あり（車移動あり）",
          "湯沸かし浴槽あり",
          "ブラック・グレーOK",
          "ごみ処理対応可（有料）",
          "電源あり（無料）",
          "発電機・不可",
          "水道あり（無料）",
          "コインランドリーあり",
          "ペットOK",
          "WI-FIあり（無料）"
        ],
        "url": "https://www.kurumatabi.com/park/rvpark/708.html",
        "geocode_source": "auto"
      }
    },
    {
      "type": "Feature",
      "geometry": {
        "type": "Point",
        "coordinates": [
          139.602779,
          35.266448
        ]
      },
      "properties": {
        "name": "RVパークライト スターフォレストキャンプ葉山",
        "pref": "神奈川県",
        "address": "神奈川県三浦郡葉山町上山口1431-1 スターホーム（株）",
        "phone": "090-6273-0138",
        "fee": "一般: 【平日】1泊・1台につき（5名様まで） 6,000円〜7,000円 / 一般: 【土日祝】1泊・1台につき（5名様まで） 6,500円〜8,000円",
        "available_period": "日祝 日祝の前日 春休み GW 夏休み 冬休み 平日 施設により不定期のお休み・休業を設定している場合があります。ご利用可能日は事前に各施設にお問い合わせください。",
        "checkin_checkout": "チェックイン: 14:00 ～ 特になし / チェックアウト: 特になし ～ 11:00",
        "vehicle_size": "セミフルコン バスコン キャブコン バンコン トレーラー 軽キャン 一般車 下記駐車場サイズもご確認ください。 利用可能かどうか判断がつかない場合は、施設までお問い合わせください。",
        "features": [
          "24時間利用OK",
          "温水洗浄便座あり",
          "入浴施設あり（施設内）",
          "シャワーあり",
          "ダンプステーション・なし",
          "ゴミ処理対応・不可",
          "電源あり（無料）",
          "発電機・不可",
          "水道あり（無料）",
          "炊事場なし",
          "コインランドリー・なし",
          "ペットOK",
          "ドッグランあり",
          "WI-FIあり（無料）",
          "旅館・ホテルの食事：朝食・不可",
          "旅館・ホテルの食事：夕食・不可",
          "旅館・ホテルの宿泊予約・不可"
        ],
        "url": "https://www.kurumatabi.com/park/rvpark/1244.html",
        "geocode_source": "auto"
      }
    },
    {
      "type": "Feature",
      "geometry": {
        "type": "Point",
        "coordinates": [
          139.283935,
          35.533951
        ]
      },
      "properties": {
        "name": "RVパーク中津川",
        "pref": "神奈川県",
        "address": "神奈川県愛甲郡愛川町半原125-1",
        "phone": "090-3109-3146",
        "fee": "一般: 1泊1台につき 3,500円",
        "available_period": "通年 日祝 日祝の前日 春休み GW 夏休み お盆 冬休み 年末年始 平日 施設により不定期のお休み・休業を設定している場合があります。ご利用可能日は事前に各施設にお問い合わせください。",
        "checkin_checkout": "チェックイン: 13:00 ～ 19:00 / チェックアウト: 6:00 ～ 10:00",
        "vehicle_size": "セミフルコン バスコン キャブコン バンコン 軽キャン 一般車",
        "features": [
          "24時間利用OK",
          "温水洗浄便座あり",
          "入浴施設あり（施設内）",
          "湯沸かし浴槽あり",
          "ごみ処理対応可（無料）",
          "電源あり（無料）",
          "発電機・不可",
          "水道あり（無料）",
          "炊事場なし",
          "コインランドリー・なし",
          "ペットOK",
          "ドッグランなし",
          "WI-FIあり（無料）"
        ],
        "url": "https://www.kurumatabi.com/park/rvpark/783.html",
        "geocode_source": "auto"
      }
    },
    {
      "type": "Feature",
      "geometry": {
        "type": "Point",
        "coordinates": [
          139.300281,
          35.381307
        ]
      },
      "properties": {
        "name": "杉山つつじ園RVパーク",
        "pref": "神奈川県",
        "address": "神奈川県伊勢原市三ノ宮1-4",
        "phone": "090-3479-3346",
        "fee": "一般: 1泊1台につき 3,500円",
        "available_period": "通年 利用可能時間:24時間 施設により不定期のお休み・休業を設定している場合があります。ご利用可能日は事前に各施設にお問い合わせください。",
        "checkin_checkout": "チェックイン: 11:00 ～ 17:00 / チェックアウト: 10:00 ～ 10:30",
        "vehicle_size": "フルコン セミフルコン バスコン キャブコン バンコン トレーラー 軽キャン 一般車 下記駐車場サイズもご確認ください。 利用可能かどうか判断がつかない場合は、施設までお問い合わせください。",
        "features": [
          "24時間利用OK",
          "特に機能なし",
          "入浴施設あり（施設内）",
          "シャワーあり",
          "ブラックOK",
          "ごみ処理対応可（有料）",
          "電源あり（有料）",
          "発電機・不可",
          "水道あり（無料）",
          "炊事場あり",
          "コインランドリー・なし",
          "ペットOK",
          "ドッグランあり",
          "WI-FIの利用・なし",
          "旅館・ホテルの宿泊予約・不可"
        ],
        "url": "https://www.kurumatabi.com/park/rvpark/1258.html",
        "geocode_source": "auto"
      }
    },
    {
      "type": "Feature",
      "geometry": {
        "type": "Point",
        "coordinates": [
          135.977327,
          35.957345
        ]
      },
      "properties": {
        "name": "RVパーク ECHIZEN LOG",
        "pref": "福井県",
        "address": "福井県丹生郡越前町梅浦114-91",
        "phone": "0778-37-0901",
        "fee": "一般: 1泊/1台（電源込み） 3,850円 / スタンダード会員: 1泊/1台（電源込み）くるま旅クラブ会員会員証提示（要有効期限確認） 3,300円 / プレミアム会員: 1泊/1台（電源込み）くるま旅クラブ会員会員証提示（要有効期限確認） 3,300円",
        "available_period": "日祝 日祝の前日 春休み GW 夏休み お盆 冬休み 平日 定休日：毎週月曜日・火曜日（都合により臨時休業にする場合がございます。） ※詳しくはお電話もしくはメールにてお問い合わせください。 施設により不定期のお休み・休業を設定している場合があります。ご利用可能日は事前に各施設にお問い合わせください。",
        "checkin_checkout": "チェックイン: 15:00 ～ 18:00 / チェックアウト: 7:00 ～ 10:00",
        "vehicle_size": "キャブコン 軽キャン 一般車 その他 下記駐車場サイズもご確認ください。 利用可能かどうか判断がつかない場合は、施設までお問い合わせください。",
        "features": [
          "24時間利用OK",
          "和式トイレ",
          "入浴施設あり（徒歩圏内あり）",
          "温泉あり",
          "ダンプステーション・なし",
          "ごみ処理対応可（無料）",
          "電源あり（無料）",
          "発電機利用可(時間指定あり)",
          "水道あり（無料）",
          "コインランドリー・なし",
          "ペットOK",
          "WI-FIあり（無料）",
          "旅館・ホテルの食事：朝食・不可",
          "夕食予約OK",
          "宿泊予約OK"
        ],
        "url": "https://www.kurumatabi.com/park/rvpark/973.html",
        "geocode_source": "auto"
      }
    },
    {
      "type": "Feature",
      "geometry": {
        "type": "Point",
        "coordinates": [
          135.908191,
          35.610943
        ]
      },
      "properties": {
        "name": "RVパーク HESTA三方五湖",
        "pref": "福井県",
        "address": "福井県三方郡美浜町早瀬3",
        "phone": "0770-32-1516",
        "fee": "一般: 1泊・1台につき 3,000円〜",
        "available_period": "通年 春休み GW 夏休み 冬休み 平日 施設により不定期のお休み・休業を設定している場合があります。ご利用可能日は事前に各施設にお問い合わせください。 施設により不定期のお休み・休業を設定している場合があります。ご利用可能日は事前に各施設にお問い合わせください。",
        "checkin_checkout": "チェックイン: 15:00 ～ 20:00 / チェックアウト: 8:00 ～ 11:00",
        "vehicle_size": "キャブコン バンコン 軽キャン 一般車 その他 下記駐車場サイズもご確認ください。 利用可能かどうか判断がつかない場合は、施設までお問い合わせください。",
        "features": [
          "24時間利用OK",
          "和式トイレ",
          "入浴施設あり（車移動あり）",
          "温泉あり",
          "ダンプステーション・なし",
          "ごみ処理対応現地相談（無料）",
          "電源あり（無料）",
          "発電機利用可(時間指定あり)",
          "水道・なし",
          "炊事場なし",
          "コインランドリー・なし",
          "ペットOK",
          "ドッグランなし",
          "WI-FIの利用・なし",
          "朝食予約OK",
          "夕食予約OK",
          "宿泊予約OK"
        ],
        "url": "https://www.kurumatabi.com/park/rvpark/1565.html",
        "geocode_source": "auto"
      }
    },
    {
      "type": "Feature",
      "geometry": {
        "type": "Point",
        "coordinates": [
          136.044092,
          35.657745
        ]
      },
      "properties": {
        "name": "RVパーク MC Resort　花城温泉",
        "pref": "福井県",
        "address": "福井県敦賀市櫛川41-3-1",
        "phone": "0770-47-5274",
        "fee": "一般: 1泊1台１スペース 水道代込み（第1パーク蛇口のみ、第2パークミニキッチンあり）電源無し 3,500円〜 / 一般: 1泊1台１スペース 水道代込み（第1パーク蛇口のみ、第2パークミニキッチンあり）電気使用込み１５００Wまで。２０A 4,500円〜 / 一般: 1泊1台１スペース 水道代込み（蛇口のみ）電気使用込み３０００Wまで。３０A 外車仕様 4,500円",
        "available_period": "通年 日祝 日祝の前日 春休み GW 夏休み お盆 冬休み 平日 7月1日から 駐車スペース1番から10番 駐車可能時間19時から朝7時まで。 料金 1～10 電源使用6,000円 電源なし5,000円 11～23 電源使用5,500円 電源なし4,500円 8月16日 料金 1万円（第2パークのみ利用可） トレーラーヘッド車 11～23 ＋2,000円 となります。 施設により不定期のお休み・休業を設定している場合があります。ご利用可能日は事前に各施設にお問い合わせください。",
        "checkin_checkout": "チェックイン: 11:00 ～ 20:00 / チェックアウト: 10:00 ～ 10:00",
        "vehicle_size": "セミフルコン バスコン キャブコン バンコン トレーラー 軽キャン 一般車 その他 下記駐車場サイズもご確認ください。 利用可能かどうか判断がつかない場合は、施設までお問い合わせください。",
        "features": [
          "24時間利用OK",
          "温水洗浄便座あり",
          "入浴施設あり（施設内）",
          "温泉あり",
          "ブラック・グレーOK",
          "ごみ処理対応可（有料）",
          "電源あり（有料）",
          "発電機利用可(時間指定あり)",
          "水道あり（無料）",
          "炊事場あり",
          "コインランドリー・なし",
          "ペットOK",
          "ドッグランあり",
          "WI-FIあり（無料）",
          "旅館・ホテルの食事：朝食・不可",
          "夕食予約OK",
          "宿泊予約OK"
        ],
        "url": "https://www.kurumatabi.com/park/rvpark/1332.html",
        "geocode_source": "auto"
      }
    },
    {
      "type": "Feature",
      "geometry": {
        "type": "Point",
        "coordinates": [
          135.981886,
          35.954067
        ]
      },
      "properties": {
        "name": "RVパーク こばせ",
        "pref": "福井県",
        "address": "福井県丹生郡越前町梅浦58−８",
        "phone": "0120-37-0018",
        "fee": "一般: 1泊/1台 3,000円 / スタンダード会員: 1泊/1台 2,500円 / プレミアム会員: 1泊/1台 2,500円",
        "available_period": "日祝 日祝の前日 春休み 夏休み 平日 11月～1月、ゴールデンウィーク、7月1０日〜9月末休業 施設により不定期のお休み・休業を設定している場合があります。ご利用可能日は事前に各施設にお問い合わせください。",
        "checkin_checkout": "チェックイン: 15:00 ～ 20:00 / チェックアウト: 6:00 ～ 10:00",
        "vehicle_size": "バスコン キャブコン バンコン 軽キャン 一般車 下記駐車場サイズもご確認ください。 利用可能かどうか判断がつかない場合は、施設までお問い合わせください。",
        "features": [
          "24時間利用OK",
          "温水洗浄便座あり",
          "入浴施設あり（施設内）",
          "温泉あり",
          "ダンプステーション・なし",
          "ごみ処理対応可（無料）",
          "電源あり（有料）",
          "発電機・不可",
          "水道あり（無料）",
          "コインランドリー・なし",
          "ペットOK",
          "WI-FIあり（無料）",
          "朝食予約OK",
          "夕食予約OK"
        ],
        "url": "https://www.kurumatabi.com/park/rvpark/1027.html",
        "geocode_source": "auto"
      }
    },
    {
      "type": "Feature",
      "geometry": {
        "type": "Point",
        "coordinates": [
          136.025233,
          36.076664
        ]
      },
      "properties": {
        "name": "RVパークMARE",
        "pref": "福井県",
        "address": "福井県福井市小丹生町34-2-1",
        "phone": "090-2032-8487",
        "fee": "一般: ①大型車（トレーラー・フルコン・セミフルコンクラス） /1泊1台につき 7,000円 / 一般: ②キャブコン /1泊1台につき 6,000円 / 一般: ③ハイエースクラス /1泊1台につき 5,000円 / スタンダード会員: ④普通乗用車 /1泊1台につき 4,000円 / プレミアム会員: ⑤軽自動車 /1泊1台につき 3,000円",
        "available_period": "通年 日祝 日祝の前日 春休み GW 夏休み お盆 冬休み 年末年始 平日 施設により不定期のお休み・休業を設定している場合があります。ご利用可能日は事前に各施設にお問い合わせください。",
        "checkin_checkout": "チェックイン: 13:00 ～ 18:00 / チェックアウト: 6:00 ～ 10:00",
        "vehicle_size": "フルコン セミフルコン バスコン キャブコン バンコン トレーラー 軽キャン 一般車 下記駐車場サイズもご確認ください。 利用可能かどうか判断がつかない場合は、施設までお問い合わせください。",
        "features": [
          "24時間利用OK",
          "温水洗浄便座あり",
          "入浴施設あり（車移動あり）",
          "温泉あり",
          "ゴミ処理対応・不可",
          "電源あり（有料）",
          "発電機・不可",
          "水道あり（無料）",
          "炊事場なし",
          "コインランドリー・なし",
          "ペットOK",
          "ドッグランなし",
          "WI-FIの利用・なし",
          "旅館・ホテルの食事：朝食・不可",
          "旅館・ホテルの食事：夕食・不可",
          "旅館・ホテルの宿泊予約・不可"
        ],
        "url": "https://www.kurumatabi.com/park/rvpark/1130.html",
        "geocode_source": "auto"
      }
    },
    {
      "type": "Feature",
      "geometry": {
        "type": "Point",
        "coordinates": [
          135.626214,
          35.481292
        ]
      },
      "properties": {
        "name": "RVパークsmart おおい～NOMAD'S NOOK～",
        "pref": "福井県",
        "address": "福井県大飯郡おおい町本郷115",
        "phone": "092-433-7370",
        "fee": "一般: 1泊・1台につき 4,000円〜",
        "available_period": "通年 施設により不定期のお休み・休業を設定している場合があります。ご利用可能日は事前に各施設にお問い合わせください。",
        "checkin_checkout": "チェックイン: 13:00 ～ / チェックアウト: 特になし ～ 11:00",
        "vehicle_size": "バスコン キャブコン バンコン トレーラー 軽キャン 一般車 その他 下記駐車場サイズもご確認ください。 利用可能かどうか判断がつかない場合は、施設までお問い合わせください。",
        "features": [
          "24時間利用OK",
          "温水洗浄便座あり",
          "入浴施設あり（車移動あり）",
          "温泉あり",
          "ゴミ処理対応・不可",
          "電源あり（無料）",
          "発電機・不可",
          "水道あり（無料）",
          "コインランドリーあり",
          "ペットOK"
        ],
        "url": "https://www.kurumatabi.com/park/rvpark/1470.html",
        "geocode_source": "auto"
      }
    },
    {
      "type": "Feature",
      "geometry": {
        "type": "Point",
        "coordinates": [
          136.019511,
          36.058108
        ]
      },
      "properties": {
        "name": "RVパーク　オーシャンズ",
        "pref": "福井県",
        "address": "福井県福井市大味町１９",
        "phone": "080-5203-4129",
        "fee": "一般: 車両全長(キャンピングカー・トレーラー）：６ｍ未満（1台・1泊） 6,000円 / 一般: 車両全長(キャンピングカー・トレーラー）：６ｍ以上（1台・1泊） 7,000円",
        "available_period": "通年 悪天候の場合休業となることがあります。 施設により不定期のお休み・休業を設定している場合があります。ご利用可能日は事前に各施設にお問い合わせください。",
        "checkin_checkout": "チェックイン: 13:00 ～ 18:00 / チェックアウト: 6:00 ～ 11:00",
        "vehicle_size": "フルコン セミフルコン バスコン キャブコン バンコン トレーラー 軽キャン 一般車 下記駐車場サイズもご確認ください。 利用可能かどうか判断がつかない場合は、施設までお問い合わせください。",
        "features": [
          "24時間利用OK",
          "温水洗浄便座あり",
          "入浴施設あり（車移動あり）",
          "温泉あり",
          "ダンプステーション・なし",
          "ごみ処理対応可（有料）",
          "電源あり（無料）",
          "発電機・不可",
          "水道あり（無料）",
          "炊事場あり",
          "コインランドリー・なし",
          "ペットOK",
          "ドッグランあり",
          "WI-FIあり（無料）",
          "旅館・ホテルの食事：朝食・不可",
          "旅館・ホテルの食事：夕食・不可",
          "旅館・ホテルの宿泊予約・不可"
        ],
        "url": "https://www.kurumatabi.com/park/rvpark/1292.html",
        "geocode_source": "auto"
      }
    },
    {
      "type": "Feature",
      "geometry": {
        "type": "Point",
        "coordinates": [
          136.33256,
          36.15697
        ]
      },
      "properties": {
        "name": "RVパーク谷口屋",
        "pref": "福井県",
        "address": "福井県坂井市丸岡町上竹田37-26-1",
        "phone": "0776-67-2202",
        "fee": "一般: 1泊につき 2,200円〜",
        "available_period": "通年 日祝 日祝の前日 春休み 夏休み お盆 冬休み 平日 大雪で除雪不可能な時は、ご利用できません。 施設により不定期のお休み・休業を設定している場合があります。ご利用可能日は事前に各施設にお問い合わせください。",
        "checkin_checkout": "チェックイン: 15:00 ～ 17:00 / チェックアウト: 9:00 ～ 10:00",
        "vehicle_size": "セミフルコン バスコン キャブコン バンコン トレーラー 軽キャン 一般車",
        "features": [
          "24時間利用OK",
          "温水洗浄便座あり",
          "入浴施設あり（車移動あり）",
          "温泉あり",
          "ダンプステーション・なし",
          "ごみ処理対応可（無料）",
          "電源あり（有料）",
          "発電機・不可",
          "水道あり（無料）",
          "炊事場なし",
          "コインランドリー・なし",
          "ペットOK",
          "ドッグランなし",
          "WI-FIあり（無料）",
          "旅館・ホテルの食事：朝食・不可",
          "旅館・ホテルの食事：夕食・不可",
          "旅館・ホテルの宿泊予約・不可"
        ],
        "url": "https://www.kurumatabi.com/park/rvpark/966.html",
        "geocode_source": "auto"
      }
    },
    {
      "type": "Feature",
      "geometry": {
        "type": "Point",
        "coordinates": [
          136.552079,
          35.972613
        ]
      },
      "properties": {
        "name": "RVパーク道の駅「越前おおの 荒島の郷」",
        "pref": "福井県",
        "address": "福井県大野市蕨生第137号21番地1",
        "phone": "0779-64-4500",
        "fee": "一般: 1泊・1台につき(トレーラー含む) 3,000円 / スタンダード会員: 1泊・1台につき（ACなし） 2,500円 / プレミアム会員: 1泊・1台につき（ACなし） 2,500円",
        "available_period": "通年 日祝 日祝の前日 春休み GW 夏休み お盆 冬休み 年末年始 平日 施設により不定期のお休み・休業を設定している場合があります。ご利用可能日は事前に各施設にお問い合わせください。",
        "checkin_checkout": "チェックイン: 12:00 ～ 17:00 / チェックアウト: 8:00 ～ 10:00",
        "vehicle_size": "フルコン バスコン キャブコン バンコン トレーラー 軽キャン 下記駐車場サイズもご確認ください。 利用可能かどうか判断がつかない場合は、施設までお問い合わせください。",
        "features": [
          "24時間利用OK",
          "温水洗浄便座あり",
          "入浴施設あり（車移動あり）",
          "湯沸かし浴槽あり",
          "ごみ処理対応可（無料）",
          "電源あり（無料）",
          "発電機利用可(時間指定なし)",
          "水道あり（無料）",
          "炊事場なし",
          "コインランドリー・なし",
          "ペットOK",
          "ドッグランなし",
          "WI-FIの利用・なし"
        ],
        "url": "https://www.kurumatabi.com/park/rvpark/938.html",
        "geocode_source": "auto"
      }
    },
    {
      "type": "Feature",
      "geometry": {
        "type": "Point",
        "coordinates": [
          136.05988,
          35.9366
        ]
      },
      "properties": {
        "name": "越前陶芸村ＲＶパーク陶苑",
        "pref": "福井県",
        "address": "福井県丹生郡越前町小曽原107-1-107",
        "phone": "080-6400-5973",
        "fee": "一般: ４スタイルの区画があり・１泊１区画 3,630円〜4,840円",
        "available_period": "通年 但し、積雪15㎝以上になるおそれがある場合に休止とさせて頂くことがあります。 施設により不定期のお休み・休業を設定している場合があります。ご利用可能日は事前に各施設にお問い合わせください。",
        "checkin_checkout": "チェックイン: 12:00 ～ 20:00 / チェックアウト: 0:00 ～ 11:00",
        "vehicle_size": "セミフルコン バスコン キャブコン バンコン トレーラー 軽キャン 一般車 その他 下記駐車場サイズもご確認ください。 利用可能かどうか判断がつかない場合は、施設までお問い合わせください。",
        "features": [
          "24時間利用OK",
          "温水洗浄便座あり",
          "入浴施設あり（車移動あり）",
          "温泉あり",
          "ダンプステーション・なし",
          "ごみ処理対応可（無料）",
          "電源あり（無料）",
          "発電機・不可",
          "水道あり（無料）",
          "炊事場あり",
          "コインランドリーあり",
          "ペットOK",
          "ドッグランあり",
          "WI-FIあり（無料）",
          "朝食予約OK",
          "夕食予約OK",
          "宿泊予約OK"
        ],
        "url": "https://www.kurumatabi.com/park/rvpark/1715.html",
        "geocode_source": "auto"
      }
    },
    {
      "type": "Feature",
      "geometry": {
        "type": "Point",
        "coordinates": [
          130.377443,
          33.508973
        ]
      },
      "properties": {
        "name": "RVパーク ABURAYAMA FUKUOKA",
        "pref": "福岡県",
        "address": "福岡県福岡市南区柏原710-2",
        "phone": "092-235-3184",
        "fee": "一般: 1泊・1台につき 4,950円",
        "available_period": "通年 施設により不定期のお休み・休業を設定している場合があります。ご利用可能日は事前に各施設にお問い合わせください。",
        "checkin_checkout": "チェックイン: 13:00 ～ 18:00 / チェックアウト: 7:00 ～ 11:00",
        "vehicle_size": "キャブコン バンコン トレーラー 軽キャン 一般車 その他 下記駐車場サイズもご確認ください。 利用可能かどうか判断がつかない場合は、施設までお問い合わせください。",
        "features": [
          "24時間利用OK",
          "温水洗浄便座あり",
          "入浴施設あり（施設内）",
          "シャワーあり",
          "ごみ処理対応可（無料）",
          "電源あり（無料）",
          "発電機・不可",
          "水道あり（無料）",
          "ペット・不可"
        ],
        "url": "https://www.kurumatabi.com/park/rvpark/1268.html",
        "geocode_source": "auto"
      }
    },
    {
      "type": "Feature",
      "geometry": {
        "type": "Point",
        "coordinates": [
          130.8073,
          33.6407
        ]
      },
      "properties": {
        "name": "RVパーク Baby Baby",
        "pref": "福岡県",
        "address": "福岡県田川市伊田4923-1",
        "phone": "0947-723-2520",
        "fee": "一般: 1泊・1台につき(ドックラン付き、電源付き) 5,000円 / 一般: 1泊・1台につき(ドックラン付き、電源なし) 4,000円",
        "available_period": "通年 施設により不定期のお休み・休業を設定している場合があります。ご利用可能日は事前に各施設にお問い合わせください。",
        "checkin_checkout": "チェックイン: 14:00 ～ 17:00 / チェックアウト: 特になし ～ 10:00",
        "vehicle_size": "キャブコン バンコン 軽キャン 一般車 下記駐車場サイズもご確認ください。 利用可能かどうか判断がつかない場合は、施設までお問い合わせください。",
        "features": [
          "24時間利用OK",
          "入浴施設あり（徒歩圏内あり）",
          "温泉あり",
          "ごみ処理対応可（有料）",
          "電源あり（有料）",
          "発電機利用可(時間指定あり)",
          "水道あり（無料）",
          "炊事場なし",
          "コインランドリー・なし",
          "ペットOK",
          "ドッグランあり",
          "WI-FIあり（無料）",
          "旅館・ホテルの食事：朝食・不可",
          "旅館・ホテルの食事：夕食・不可",
          "旅館・ホテルの宿泊予約・不可"
        ],
        "url": "https://www.kurumatabi.com/park/rvpark/1755.html",
        "geocode_source": "auto"
      }
    },
    {
      "type": "Feature",
      "geometry": {
        "type": "Point",
        "coordinates": [
          130.498965,
          33.543157
        ]
      },
      "properties": {
        "name": "RVパーク GLAGANA（グラガナ）",
        "pref": "福岡県",
        "address": "福岡県大野城市乙金577-1",
        "phone": "092-586-6768",
        "fee": "一般: 1泊/1台 3,000円",
        "available_period": "通年 日祝 日祝の前日 春休み GW 夏休み お盆 冬休み 年末年始 平日 施設により不定期のお休み・休業を設定している場合があります。ご利用可能日は事前に各施設にお問い合わせください。",
        "checkin_checkout": "チェックイン: 13:00 ～ 17:00 / チェックアウト: 特になし ～ 10:00",
        "vehicle_size": "フルコン セミフルコン バスコン キャブコン バンコン トレーラー 軽キャン 一般車 その他",
        "features": [
          "24時間利用OK",
          "入浴施設あり（施設内）",
          "シャワーあり",
          "ブラック・グレーOK",
          "ごみ処理対応可（有料）",
          "電源あり（有料）",
          "発電機利用可(時間指定あり)",
          "水道あり（無料）",
          "炊事場あり",
          "コインランドリー・なし",
          "ペットOK",
          "ドッグランなし",
          "WI-FIあり（無料）",
          "旅館・ホテルの食事：朝食・不可",
          "旅館・ホテルの食事：夕食・不可",
          "旅館・ホテルの宿泊予約・不可"
        ],
        "url": "https://www.kurumatabi.com/park/rvpark/596.html",
        "geocode_source": "auto"
      }
    },
    {
      "type": "Feature",
      "geometry": {
        "type": "Point",
        "coordinates": [
          130.404267,
          33.181069
        ]
      },
      "properties": {
        "name": "RVパーク KRC (kyushu rv resort in yanagawa)",
        "pref": "福岡県",
        "address": "福岡県柳川市東蒲池1558",
        "phone": "0944-74-3777",
        "fee": "一般: 1泊/1台 3,900円 / スタンダード会員: 1泊/1台 3,600円 / プレミアム会員: 1泊/1台 3,600円",
        "available_period": "日祝 日祝の前日 春休み GW 夏休み 冬休み 平日 施設により不定期のお休み・休業を設定している場合があります。ご利用可能日は事前に各施設にお問い合わせください。",
        "checkin_checkout": "チェックイン: 15:00 ～ 19:00 / チェックアウト: 特になし ～ 11:00",
        "vehicle_size": "フルコン セミフルコン バスコン キャブコン バンコン トレーラー 軽キャン 一般車 下記駐車場サイズもご確認ください。 利用可能かどうか判断がつかない場合は、施設までお問い合わせください。",
        "features": [
          "24時間利用OK",
          "温水洗浄便座あり",
          "入浴施設あり（車移動あり）",
          "温泉あり",
          "ブラック・グレーOK",
          "ごみ処理対応可（無料）",
          "電源あり（無料）",
          "発電機・不可",
          "水道あり（無料）",
          "コインランドリー・なし",
          "ペットOK",
          "WI-FIあり（無料）",
          "旅館・ホテルの食事：朝食・不可",
          "旅館・ホテルの食事：夕食・不可",
          "宿泊予約OK"
        ],
        "url": "https://www.kurumatabi.com/park/rvpark/1012.html",
        "geocode_source": "auto"
      }
    },
    {
      "type": "Feature",
      "geometry": {
        "type": "Point",
        "coordinates": [
          130.50432,
          33.546046
        ]
      },
      "properties": {
        "name": "RVパーク キャンプ「なぎの木」大野城ベース",
        "pref": "福岡県",
        "address": "福岡県大野城市乙金624－1",
        "phone": "090-1937-5517",
        "fee": "サイト利用料 平日 １,０００円 土・日・祝・祝前日・キャンプ場が指定する日 ２,０００円 入場料 １,０００円／人（未就学児は無料です） ※宿泊されなくても、概ね1時間以上ご滞在されるお客様は入場料がかかります。 延長料 ５００円／１サイト１回につき ※アーリーチェックイン（９：００～）やレイトチェックアウト（～１２：００）ご希望のお客様は、事前の空き状況の確認や前日または当日の判断になりますが、可能な場合はこの時間帯に限り、ご滞在の延長ができます。 電源利用料 １,０００円／日 温水シャワー利用料 ５００円／人 電源利用料については、 電源の有無 の項目をご確認ください。 最新の料金は直接施設へ事前確認をお願いします。",
        "available_period": "通年 施設により不定期のお休み・休業を設定している場合があります。ご利用可能日は事前に各施設にお問い合わせください。",
        "checkin_checkout": "チェックイン: 11:00 ～ 18:00 / チェックアウト: 特になし ～ 10:30",
        "vehicle_size": "セミフルコン バスコン キャブコン バンコン トレーラー 軽キャン 一般車",
        "features": [
          "24時間利用OK",
          "入浴施設あり（施設内）",
          "シャワーあり",
          "ごみ処理対応可（有料）",
          "電源あり（有料）",
          "発電機・不可",
          "水道あり（無料）",
          "ペットOK"
        ],
        "url": "https://www.kurumatabi.com/park/rvpark/1309.html",
        "geocode_source": "auto"
      }
    },
    {
      "type": "Feature",
      "geometry": {
        "type": "Point",
        "coordinates": [
          130.344441,
          33.484811
        ]
      },
      "properties": {
        "name": "RVパーク ステーキ、BBQ NIJI",
        "pref": "福岡県",
        "address": "福岡県福岡市早良区西350-2",
        "phone": "08079861721",
        "fee": "一般: 1泊 4,400円",
        "available_period": "通年 基本通年営業ですが年末年始、GW、お盆、ステーキBBQNIJIのお休み(スタッフ不在の場合)シャワーはご利用出来ません。 トイレ、水道、外部電源はご利用出来ます。 ・平日は事前予約必須 ・土日は当日予約可能 施設により不定期のお休み・休業を設定している場合があります。ご利用可能日は事前に各施設にお問い合わせください。",
        "checkin_checkout": "チェックイン: 12:00 ～ 19:00 / チェックアウト: 5:00 ～ 11:00",
        "vehicle_size": "キャブコン バンコン 軽キャン 一般車 下記駐車場サイズもご確認ください。 利用可能かどうか判断がつかない場合は、施設までお問い合わせください。",
        "features": [
          "24時間利用OK",
          "入浴施設あり（施設内）",
          "シャワーあり",
          "ごみ処理対応可（無料）",
          "電源あり（無料）",
          "発電機・不可",
          "水道あり（無料）",
          "コインランドリーあり",
          "ペットOK",
          "WI-FIあり（無料）"
        ],
        "url": "https://www.kurumatabi.com/park/rvpark/1310.html",
        "geocode_source": "auto"
      }
    },
    {
      "type": "Feature",
      "geometry": {
        "type": "Point",
        "coordinates": [
          130.49539,
          33.70785
        ]
      },
      "properties": {
        "name": "RVパーク ドッグキャンパーレスト青柳",
        "pref": "福岡県",
        "address": "福岡県古賀市青柳町２８２",
        "phone": "092-940-8755",
        "fee": "C-3.4 1泊 3,300円／1台(トレーラー含む) C-5 1泊 5,500円／1台(トレーラー含む) B-1 1泊 6,600円／1台(トレーラー含む) 電源利用料については、 電源の有無 の項目をご確認ください。 最新の料金は直接施設へ事前確認をお願いします。",
        "available_period": "通年 火曜日定休となっております。 トレーラーの場合、ムーバー装着車のみが駐車可能となっております。 また、設置場所については、水はけを良くするために、傾斜を付けておりますので、 レベラーが必要となります。 以上のことに気を付けてご利用をお願いします。 施設により不定期のお休み・休業を設定している場合があります。ご利用可能日は事前に各施設にお問い合わせください。",
        "checkin_checkout": "チェックイン: 11:00 ～ 18:00 / チェックアウト: 6:00 ～ 10:00",
        "vehicle_size": "バスコン キャブコン バンコン トレーラー 軽キャン 一般車",
        "features": [
          "24時間利用OK",
          "入浴施設あり（施設内）",
          "シャワーあり",
          "ごみ処理対応現地相談（無料）",
          "電源あり（有料）",
          "発電機・不可",
          "水道あり（無料）",
          "ペットOK"
        ],
        "url": "https://www.kurumatabi.com/park/rvpark/1427.html",
        "geocode_source": "auto"
      }
    },
    {
      "type": "Feature",
      "geometry": {
        "type": "Point",
        "coordinates": [
          130.503421,
          33.84846
        ]
      },
      "properties": {
        "name": "RVパーク 道の駅むなかた",
        "pref": "福岡県",
        "address": "福岡県宗像市江口1172",
        "phone": "0940-62-3024",
        "fee": "一般: 1泊・1台につき 3,850円",
        "available_period": "通年 道の駅の休館日前日、及び休館日の御利用はできません。 施設により不定期のお休み・休業を設定している場合があります。ご利用可能日は事前に各施設にお問い合わせください。",
        "checkin_checkout": "チェックイン: 13:00 ～ 特になし / チェックアウト: 特になし ～ 11:00",
        "vehicle_size": "キャブコン バンコン 軽キャン 一般車 下記駐車場サイズもご確認ください。 利用可能かどうか判断がつかない場合は、施設までお問い合わせください。",
        "features": [
          "24時間利用OK",
          "入浴施設あり（車移動あり）",
          "温泉あり",
          "ごみ処理対応可（無料）",
          "電源あり（無料）",
          "発電機・不可",
          "水道あり（無料）",
          "ペットOK"
        ],
        "url": "https://www.kurumatabi.com/park/rvpark/1291.html",
        "geocode_source": "auto"
      }
    },
    {
      "type": "Feature",
      "geometry": {
        "type": "Point",
        "coordinates": [
          130.074743,
          33.488943
        ]
      },
      "properties": {
        "name": "RVパークsmart まむしの湯",
        "pref": "福岡県",
        "address": "福岡県糸島市二丈吉井2380-1",
        "phone": "092-433-7370",
        "fee": "一般: 1泊・1台につき 3,000円",
        "available_period": "通年 日祝 日祝の前日 春休み GW 夏休み お盆 冬休み 年末年始 平日 施設により不定期のお休み・休業を設定している場合があります。ご利用可能日は事前に各施設にお問い合わせください。",
        "checkin_checkout": "チェックイン: 17:00 ～ / チェックアウト: 特になし ～ 12:00",
        "vehicle_size": "キャブコン バンコン トレーラー 軽キャン 一般車 下記駐車場サイズもご確認ください。 利用可能かどうか判断がつかない場合は、施設までお問い合わせください。",
        "features": [
          "24時間利用OK",
          "入浴施設あり（施設内）",
          "温泉あり",
          "ゴミ処理対応・不可",
          "電源あり（無料）",
          "発電機・不可",
          "水道あり（無料）",
          "ペットOK"
        ],
        "url": "https://www.kurumatabi.com/park/rvpark/832.html",
        "geocode_source": "auto"
      }
    },
    {
      "type": "Feature",
      "geometry": {
        "type": "Point",
        "coordinates": [
          130.519425,
          33.311007
        ]
      },
      "properties": {
        "name": "RVパークsmart セイワパーク久留米東町",
        "pref": "福岡県",
        "address": "福岡県久留米市東町341-4",
        "phone": "092-433-7370",
        "fee": "一般: 1泊・1台につき 2,800円",
        "available_period": "通年 日祝 日祝の前日 春休み GW 夏休み お盆 冬休み 年末年始 平日 施設により不定期のお休み・休業を設定している場合があります。ご利用可能日は事前に各施設にお問い合わせください。",
        "checkin_checkout": "チェックイン: 13:00 ～ / チェックアウト: 特になし ～ 13:00",
        "vehicle_size": "キャブコン バンコン 軽キャン 一般車 下記駐車場サイズもご確認ください。 利用可能かどうか判断がつかない場合は、施設までお問い合わせください。",
        "features": [
          "24時間利用OK",
          "入浴施設あり（車移動あり）",
          "温泉あり",
          "ゴミ処理対応・不可",
          "電源あり（無料）",
          "発電機・不可",
          "水道・なし",
          "ペットOK"
        ],
        "url": "https://www.kurumatabi.com/park/rvpark/583.html",
        "geocode_source": "auto"
      }
    },
    {
      "type": "Feature",
      "geometry": {
        "type": "Point",
        "coordinates": [
          130.490543,
          33.653
        ]
      },
      "properties": {
        "name": "RVパークsmart トリアス久山",
        "pref": "福岡県",
        "address": "福岡県糟屋郡久山町山田1111",
        "phone": "092-433-7370",
        "fee": "一般: 1泊・1台につき 2,500円",
        "available_period": "通年 施設により不定期のお休み・休業を設定している場合があります。ご利用可能日は事前に各施設にお問い合わせください。",
        "checkin_checkout": "チェックイン: 16:00 ～ 特になし / チェックアウト: 特になし ～ 10:00",
        "vehicle_size": "キャブコン バンコン 軽キャン 一般車 下記駐車場サイズもご確認ください。 利用可能かどうか判断がつかない場合は、施設までお問い合わせください。",
        "features": [
          "24時間利用OK",
          "入浴施設あり（車移動あり）",
          "温泉あり",
          "ゴミ処理対応・不可",
          "電源あり（無料）",
          "発電機・不可",
          "水道・なし",
          "ペットOK"
        ],
        "url": "https://www.kurumatabi.com/park/rvpark/857.html",
        "geocode_source": "auto"
      }
    },
    {
      "type": "Feature",
      "geometry": {
        "type": "Point",
        "coordinates": [
          130.510865,
          33.217338
        ]
      },
      "properties": {
        "name": "RVパークsmart ネッツトヨタ福岡 新八女インター店",
        "pref": "福岡県",
        "address": "福岡県筑後市前津411-1",
        "phone": "092-433-7370",
        "fee": "一般: 1泊・1台につき 3,000円",
        "available_period": "通年 店舗休業日はRVパークsmartもお休みとなります。 施設により不定期のお休み・休業を設定している場合があります。ご利用可能日は事前に各施設にお問い合わせください。",
        "checkin_checkout": "チェックイン: 15:00 ～ / チェックアウト: 特になし ～ 11:00",
        "vehicle_size": "バスコン キャブコン バンコン トレーラー 軽キャン 一般車 その他 下記駐車場サイズもご確認ください。 利用可能かどうか判断がつかない場合は、施設までお問い合わせください。",
        "features": [
          "利用時間制限あり",
          "入浴施設あり（施設内）",
          "シャワーあり",
          "ごみ処理対応可（無料）",
          "電源あり（無料）",
          "発電機・不可",
          "水道あり（無料）",
          "ペットOK"
        ],
        "url": "https://www.kurumatabi.com/park/rvpark/1513.html",
        "geocode_source": "auto"
      }
    },
    {
      "type": "Feature",
      "geometry": {
        "type": "Point",
        "coordinates": [
          130.424541,
          33.578219
        ]
      },
      "properties": {
        "name": "RVパークsmart 博多",
        "pref": "福岡県",
        "address": "福岡県福岡市博多区博多駅南5丁目15-18",
        "phone": "092-433-7370",
        "fee": "一般: 【RV1】1泊・1台につき 3,800円〜 / 一般: 【RV2】1泊・1台につき 3,300円〜",
        "available_period": "通年 日祝 日祝の前日 春休み GW 夏休み お盆 冬休み 年末年始 平日 施設により不定期のお休み・休業を設定している場合があります。ご利用可能日は事前に各施設にお問い合わせください。",
        "checkin_checkout": "チェックイン: 13:00 ～ / チェックアウト: 特になし ～ 11:00",
        "vehicle_size": "バスコン キャブコン バンコン トレーラー 軽キャン 下記駐車場サイズもご確認ください。 利用可能かどうか判断がつかない場合は、施設までお問い合わせください。",
        "features": [
          "24時間利用OK",
          "入浴施設あり（徒歩圏内あり）",
          "湯沸かし浴槽あり",
          "ごみ処理対応可（無料）",
          "電源あり（無料）",
          "発電機・不可",
          "水道あり（無料）",
          "ペットOK"
        ],
        "url": "https://www.kurumatabi.com/park/rvpark/771.html",
        "geocode_source": "auto"
      }
    },
    {
      "type": "Feature",
      "geometry": {
        "type": "Point",
        "coordinates": [
          130.468262,
          33.013045
        ]
      },
      "properties": {
        "name": "RVパークsmart 最高の湯",
        "pref": "福岡県",
        "address": "福岡県大牟田市新勝立町6-37",
        "phone": "092-433-7370",
        "fee": "一般: 1泊1台『入浴料1名様分込』 6,600円",
        "available_period": "通年 ※毎月第2水曜日（2回目の水曜日）は施設定休日のため、貸し出しを停止させていただいております。予めご了承ください。 施設により不定期のお休み・休業を設定している場合があります。ご利用可能日は事前に各施設にお問い合わせください。",
        "checkin_checkout": "チェックイン: 14:00 ～ 特になし / チェックアウト: 特になし ～ 11:00",
        "vehicle_size": "バスコン キャブコン バンコン トレーラー 軽キャン 一般車 下記駐車場サイズもご確認ください。 利用可能かどうか判断がつかない場合は、施設までお問い合わせください。",
        "features": [
          "24時間利用OK",
          "入浴施設あり（施設内）",
          "温泉あり",
          "ダンプステーション・なし",
          "ゴミ処理対応・不可",
          "電源あり（無料）",
          "発電機・不可",
          "水道あり（無料）",
          "炊事場あり",
          "ペットOK"
        ],
        "url": "https://www.kurumatabi.com/park/rvpark/1014.html",
        "geocode_source": "auto"
      }
    },
    {
      "type": "Feature",
      "geometry": {
        "type": "Point",
        "coordinates": [
          131.175395,
          33.563152
        ]
      },
      "properties": {
        "name": "RVパークsmart 湯の迫温泉 大平楽",
        "pref": "福岡県",
        "address": "福岡県築上郡上毛町下唐原1625",
        "phone": "092-433-7370",
        "fee": "一般: 1泊/1台 3,500円",
        "available_period": "通年 日祝 日祝の前日 春休み GW 夏休み お盆 冬休み 年末年始 平日 施設により不定期のお休み・休業を設定している場合があります。ご利用可能日は事前に各施設にお問い合わせください。",
        "checkin_checkout": "チェックイン: 15:00 ～ 特になし / チェックアウト: 特になし ～ 14:00",
        "vehicle_size": "キャブコン バンコン トレーラー 軽キャン 一般車 下記駐車場サイズもご確認ください。 利用可能かどうか判断がつかない場合は、施設までお問い合わせください。",
        "features": [
          "24時間利用OK",
          "温水洗浄便座あり",
          "入浴施設あり（施設内）",
          "温泉あり",
          "ゴミ処理対応・不可",
          "電源あり（無料）",
          "発電機・不可",
          "水道・なし",
          "ペットOK",
          "ドッグランあり"
        ],
        "url": "https://www.kurumatabi.com/park/rvpark/1039.html",
        "geocode_source": "auto"
      }
    },
    {
      "type": "Feature",
      "geometry": {
        "type": "Point",
        "coordinates": [
          130.89683,
          33.617004
        ]
      },
      "properties": {
        "name": "RVパークsmart 源じいの森キャンプ場",
        "pref": "福岡県",
        "address": "福岡県田川郡赤村赤6933-1",
        "phone": "092-433-7370",
        "fee": "一般: 1泊・1台につき 3,000円",
        "available_period": "通年 施設により不定期のお休み・休業を設定している場合があります。ご利用可能日は事前に各施設にお問い合わせください。",
        "checkin_checkout": "チェックイン: 16:00 ～ 特になし / チェックアウト: 特になし ～ 10:00",
        "vehicle_size": "キャブコン バンコン トレーラー 軽キャン 一般車 下記駐車場サイズもご確認ください。 利用可能かどうか判断がつかない場合は、施設までお問い合わせください。",
        "features": [
          "24時間利用OK",
          "和式トイレ",
          "入浴施設あり（施設内）",
          "温泉あり",
          "ダンプステーション・なし",
          "ごみ処理対応可（有料）",
          "電源あり（無料）",
          "発電機・不可",
          "水道あり（無料）",
          "炊事場あり",
          "ペットOK"
        ],
        "url": "https://www.kurumatabi.com/park/rvpark/1136.html",
        "geocode_source": "auto"
      }
    },
    {
      "type": "Feature",
      "geometry": {
        "type": "Point",
        "coordinates": [
          130.414575,
          33.473303
        ]
      },
      "properties": {
        "name": "RVパークsmart 源泉野天風呂 那珂川清滝（なかがわせいりゅう）",
        "pref": "福岡県",
        "address": "福岡県那珂川市南面里326",
        "phone": "092-433-7370",
        "fee": "一般: 1泊・1台につき 3,300円",
        "available_period": "通年 日祝 日祝の前日 春休み GW 夏休み お盆 冬休み 年末年始 平日 ★毎週木曜日：施設休館日（RVパークsmartご利用不可） 施設により不定期のお休み・休業を設定している場合があります。ご利用可能日は事前に各施設にお問い合わせください。",
        "checkin_checkout": "チェックイン: 14:00 ～ / チェックアウト: 特になし ～ 11:00",
        "vehicle_size": "キャブコン バンコン 軽キャン 一般車 下記駐車場サイズもご確認ください。 利用可能かどうか判断がつかない場合は、施設までお問い合わせください。",
        "features": [
          "24時間利用OK",
          "入浴施設あり（施設内）",
          "温泉あり",
          "ゴミ処理対応・不可",
          "電源あり（無料）",
          "発電機・不可",
          "水道・なし",
          "ペットOK"
        ],
        "url": "https://www.kurumatabi.com/park/rvpark/799.html",
        "geocode_source": "auto"
      }
    },
    {
      "type": "Feature",
      "geometry": {
        "type": "Point",
        "coordinates": [
          130.54437,
          33.857905
        ]
      },
      "properties": {
        "name": "RVパークsmart 粋工房（すいこうぼう）",
        "pref": "福岡県",
        "address": "福岡県宗像市田野2331番地",
        "phone": "092-433-7370",
        "fee": "一般: 1泊・1台につき 2,500円",
        "available_period": "通年 日祝 日祝の前日 春休み GW 夏休み お盆 冬休み 年末年始 平日 施設により不定期のお休み・休業を設定している場合があります。ご利用可能日は事前に各施設にお問い合わせください。",
        "checkin_checkout": "チェックイン: 15:00 ～ 特になし / チェックアウト: 特になし ～ 11:00",
        "vehicle_size": "キャブコン バンコン トレーラー 軽キャン 一般車 下記駐車場サイズもご確認ください。 利用可能かどうか判断がつかない場合は、施設までお問い合わせください。",
        "features": [
          "24時間利用OK",
          "入浴施設あり（車移動あり）",
          "湯沸かし浴槽あり",
          "ゴミ処理対応・不可",
          "電源あり（無料）",
          "発電機・不可",
          "水道・なし",
          "ペットOK"
        ],
        "url": "https://www.kurumatabi.com/park/rvpark/950.html",
        "geocode_source": "auto"
      }
    },
    {
      "type": "Feature",
      "geometry": {
        "type": "Point",
        "coordinates": [
          130.119705,
          33.588908
        ]
      },
      "properties": {
        "name": "RVパークsmart 糸島キッチンパレット",
        "pref": "福岡県",
        "address": "福岡県糸島市志摩芥屋123-1",
        "phone": "092-433-7370",
        "fee": "一般: 1泊・1台につき 4,000円",
        "available_period": "通年 施設により不定期のお休み・休業を設定している場合があります。ご利用可能日は事前に各施設にお問い合わせください。",
        "checkin_checkout": "チェックイン: 11:00 ～ / チェックアウト: 特になし ～ 11:00",
        "vehicle_size": "バスコン キャブコン バンコン トレーラー 軽キャン 一般車 その他 下記駐車場サイズもご確認ください。 利用可能かどうか判断がつかない場合は、施設までお問い合わせください。",
        "features": [
          "24時間利用OK",
          "入浴施設あり（施設内）",
          "シャワーあり",
          "ごみ処理対応可（無料）",
          "電源あり（無料）",
          "発電機・不可",
          "水道あり（無料）",
          "炊事場なし",
          "ペットOK",
          "ドッグランあり"
        ],
        "url": "https://www.kurumatabi.com/park/rvpark/1744.html",
        "geocode_source": "auto"
      }
    },
    {
      "type": "Feature",
      "geometry": {
        "type": "Point",
        "coordinates": [
          130.502901,
          33.183978
        ]
      },
      "properties": {
        "name": "RVパークsmart川の駅船小屋恋ぼたる",
        "pref": "福岡県",
        "address": "福岡県筑後市尾島310",
        "phone": "092-433-7370",
        "fee": "一般: 1泊・1台につき 3,000円",
        "available_period": "通年 施設により不定期のお休み・休業を設定している場合があります。ご利用可能日は事前に各施設にお問い合わせください。",
        "checkin_checkout": "チェックイン: 16:00 ～ / チェックアウト: 特になし ～ 11:00",
        "vehicle_size": "キャブコン バンコン トレーラー 軽キャン 一般車 下記駐車場サイズもご確認ください。 利用可能かどうか判断がつかない場合は、施設までお問い合わせください。",
        "features": [
          "24時間利用OK",
          "入浴施設あり（施設内）",
          "温泉あり",
          "ゴミ処理対応・不可",
          "電源あり（無料）",
          "発電機・不可",
          "水道・なし",
          "ペットOK",
          "ドッグランあり"
        ],
        "url": "https://www.kurumatabi.com/park/rvpark/868.html",
        "geocode_source": "auto"
      }
    },
    {
      "type": "Feature",
      "geometry": {
        "type": "Point",
        "coordinates": [
          130.184482,
          33.627493
        ]
      },
      "properties": {
        "name": "RVパークsmart糸島ファームハウスUOVO",
        "pref": "福岡県",
        "address": "福岡県糸島市志摩桜井5134-1",
        "phone": "092-433-7370",
        "fee": "一般: 1泊・1台につき 3,000円",
        "available_period": "通年 日祝 日祝の前日 春休み GW 夏休み お盆 冬休み 年末年始 平日 施設により不定期のお休み・休業を設定している場合があります。ご利用可能日は事前に各施設にお問い合わせください。",
        "checkin_checkout": "チェックイン: 17:00 ～ / チェックアウト: 特になし ～ 11:00",
        "vehicle_size": "バスコン キャブコン バンコン トレーラー 軽キャン 一般車 下記駐車場サイズもご確認ください。 利用可能かどうか判断がつかない場合は、施設までお問い合わせください。",
        "features": [
          "24時間利用OK",
          "入浴施設あり（車移動あり）",
          "湯沸かし浴槽あり",
          "ゴミ処理対応・不可",
          "電源あり（無料）",
          "発電機・不可",
          "水道・なし",
          "ペットOK"
        ],
        "url": "https://www.kurumatabi.com/park/rvpark/888.html",
        "geocode_source": "auto"
      }
    },
    {
      "type": "Feature",
      "geometry": {
        "type": "Point",
        "coordinates": [
          130.437051,
          33.218295
        ]
      },
      "properties": {
        "name": "RVパークsmart道の駅おおき",
        "pref": "福岡県",
        "address": "福岡県三潴郡大木町大字横溝1331番地1",
        "phone": "092-433-7370",
        "fee": "一般: 1泊・1台につき 3,000円",
        "available_period": "通年 施設により不定期のお休み・休業を設定している場合があります。ご利用可能日は事前に各施設にお問い合わせください。",
        "checkin_checkout": "チェックイン: 15:00 ～ / チェックアウト: 特になし ～ 12:00",
        "vehicle_size": "キャブコン バンコン トレーラー 軽キャン 一般車 下記駐車場サイズもご確認ください。 利用可能かどうか判断がつかない場合は、施設までお問い合わせください。",
        "features": [
          "24時間利用OK",
          "入浴施設あり（車移動あり）",
          "温泉あり",
          "ゴミ処理対応・不可",
          "電源あり（無料）",
          "発電機・不可",
          "水道・なし",
          "ペットOK"
        ],
        "url": "https://www.kurumatabi.com/park/rvpark/763.html",
        "geocode_source": "auto"
      }
    },
    {
      "type": "Feature",
      "geometry": {
        "type": "Point",
        "coordinates": [
          131.022649,
          33.722247
        ]
      },
      "properties": {
        "name": "RVパーク　サンライズビーチながい",
        "pref": "福岡県",
        "address": "福岡県行橋市大字長井146",
        "phone": "0930-26-7100",
        "fee": "一般: 1泊/1台 2,000円",
        "available_period": "通年 日祝 日祝の前日 春休み GW 夏休み お盆 冬休み 年末年始 平日 ※火曜日にご利用の際は事前連絡が必須となります。 施設により不定期のお休み・休業を設定している場合があります。ご利用可能日は事前に各施設にお問い合わせください。",
        "checkin_checkout": "チェックイン: 13:00 ～ / チェックアウト: 特になし ～ 10:00",
        "vehicle_size": "フルコン セミフルコン バスコン キャブコン バンコン トレーラー 軽キャン 一般車",
        "features": [
          "24時間利用OK",
          "入浴施設あり（車移動あり）",
          "温泉あり",
          "ごみ処理対応可（無料）",
          "電源あり（有料）",
          "発電機・不可",
          "水道あり（無料）",
          "ペットOK"
        ],
        "url": "https://www.kurumatabi.com/park/rvpark/635.html",
        "geocode_source": "auto"
      }
    },
    {
      "type": "Feature",
      "geometry": {
        "type": "Point",
        "coordinates": [
          130.525544,
          33.861424
        ]
      },
      "properties": {
        "name": "RVパークメルキュール福岡宗像リゾート＆スパ",
        "pref": "福岡県",
        "address": "福岡県宗像市田野1303",
        "phone": "0940-62-4111",
        "fee": "一般: 1泊・1台（トレーラー含む） 4,400円〜",
        "available_period": "通年 日祝 日祝の前日 春休み 夏休み 冬休み 平日 施設により不定期のお休み・休業を設定している場合があります。ご利用可能日は事前に各施設にお問い合わせください。",
        "checkin_checkout": "チェックイン: 15:00 ～ 18:00 / チェックアウト: 6:00 ～ 11:00",
        "vehicle_size": "キャブコン バンコン 軽キャン 一般車 下記駐車場サイズもご確認ください。 利用可能かどうか判断がつかない場合は、施設までお問い合わせください。",
        "features": [
          "24時間利用OK",
          "入浴施設あり（施設内）",
          "温泉あり",
          "ごみ処理対応現地相談（無料）",
          "電源あり（無料）",
          "発電機・不可",
          "水道あり（無料）",
          "炊事場なし",
          "コインランドリーあり",
          "ペットOK",
          "ドッグランなし",
          "WI-FIあり（無料）",
          "朝食予約OK",
          "夕食予約OK",
          "宿泊予約OK"
        ],
        "url": "https://www.kurumatabi.com/park/rvpark/884.html",
        "geocode_source": "auto"
      }
    },
    {
      "type": "Feature",
      "geometry": {
        "type": "Point",
        "coordinates": [
          130.890241,
          33.758771
        ]
      },
      "properties": {
        "name": "RVパーク平尾台テラス",
        "pref": "福岡県",
        "address": "福岡県北九州市小倉南区平尾台1-1-1 ソラランド平尾台内",
        "phone": "070-2341-1522",
        "fee": "一般: 1泊／1台 3,000円〜6,000円",
        "available_period": "通年 日祝 日祝の前日 春休み GW 夏休み お盆 冬休み 年末年始 平日 施設により不定期のお休み・休業を設定している場合があります。ご利用可能日は事前に各施設にお問い合わせください。",
        "checkin_checkout": "チェックイン: 13:00 ～ 17:00 / チェックアウト: 9:00 ～ 11:00",
        "vehicle_size": "フルコン セミフルコン バスコン キャブコン バンコン トレーラー 軽キャン 一般車 その他 下記駐車場サイズもご確認ください。 利用可能かどうか判断がつかない場合は、施設までお問い合わせください。",
        "features": [
          "24時間利用OK",
          "温水洗浄便座あり",
          "入浴施設あり（施設内）",
          "シャワーあり",
          "ブラック・グレーOK",
          "ごみ処理対応可（有料）",
          "電源あり（無料）",
          "発電機・不可",
          "水道あり（無料）",
          "炊事場あり",
          "コインランドリー・なし",
          "ペットOK",
          "ドッグランあり",
          "WI-FIの利用・なし",
          "旅館・ホテルの食事：朝食・不可",
          "旅館・ホテルの食事：夕食・不可",
          "宿泊予約OK"
        ],
        "url": "https://www.kurumatabi.com/park/rvpark/1107.html",
        "geocode_source": "auto"
      }
    },
    {
      "type": "Feature",
      "geometry": {
        "type": "Point",
        "coordinates": [
          130.587351,
          33.690779
        ]
      },
      "properties": {
        "name": "RVパーク湯乃禅の里",
        "pref": "福岡県",
        "address": "福岡県宮若市脇田507",
        "phone": "0949-54-0123",
        "fee": "一般: 平日・1泊/1台(トレーラー、フルコン不可） 3,500円 / 一般: 土日祭日・1泊/1台(トレーラー、フルコン不可） 3,500円",
        "available_period": "通年 日祝 日祝の前日 春休み GW 夏休み お盆 冬休み 年末年始 平日 施設により不定期のお休み・休業を設定している場合があります。ご利用可能日は事前に各施設にお問い合わせください。",
        "checkin_checkout": "チェックイン: 13:00 ～ 18:00 / チェックアウト: 特になし ～ 11:00",
        "vehicle_size": "セミフルコン バスコン キャブコン バンコン 軽キャン 一般車",
        "features": [
          "24時間利用OK",
          "温水洗浄便座あり",
          "入浴施設あり（施設内）",
          "温泉あり",
          "ごみ処理対応可（有料）",
          "発電機・不可",
          "水道あり（無料）",
          "炊事場あり",
          "コインランドリー・なし",
          "ペットOK",
          "WI-FIの利用・なし"
        ],
        "url": "https://www.kurumatabi.com/park/rvpark/702.html",
        "geocode_source": "auto"
      }
    },
    {
      "type": "Feature",
      "geometry": {
        "type": "Point",
        "coordinates": [
          130.566386,
          33.202733
        ]
      },
      "properties": {
        "name": "◎RVパークべんがら村",
        "pref": "福岡県",
        "address": "福岡県八女市宮野100番地",
        "phone": "0943-24-3339",
        "fee": "一般: 1泊/1台 2,500円 / スタンダード会員: 1泊/1台 2,500円 / プレミアム会員: 1泊/1台 2,500円",
        "available_period": "通年 日祝 日祝の前日 春休み GW 夏休み お盆 冬休み 年末年始 平日 ◎毎週（火）定休日の為、平日（月）・（火）予約不可 施設により不定期のお休み・休業を設定している場合があります。ご利用可能日は事前に各施設にお問い合わせください。",
        "checkin_checkout": "チェックイン: 12:00 ～ 21:00 / チェックアウト: 特になし ～ 11:00",
        "vehicle_size": "キャブコン バンコン トレーラー 軽キャン 一般車 下記駐車場サイズもご確認ください。 利用可能かどうか判断がつかない場合は、施設までお問い合わせください。",
        "features": [
          "24時間利用OK",
          "温水洗浄便座あり",
          "入浴施設あり（施設内）",
          "温泉あり",
          "ごみ処理対応可（無料）",
          "電源あり（無料）",
          "発電機・不可",
          "水道あり（無料）",
          "炊事場なし",
          "コインランドリー・なし",
          "ペットOK",
          "WI-FIの利用・なし",
          "旅館・ホテルの食事：朝食・不可",
          "夕食予約OK",
          "旅館・ホテルの宿泊予約・不可"
        ],
        "url": "https://www.kurumatabi.com/park/rvpark/1040.html",
        "geocode_source": "auto"
      }
    },
    {
      "type": "Feature",
      "geometry": {
        "type": "Point",
        "coordinates": [
          130.1002,
          33.5088
        ]
      },
      "properties": {
        "name": "【2025年2月1日オープン！】RVパーク  糸島ドームハウス",
        "pref": "福岡県",
        "address": "福岡県糸島市二丈福井２８５２－１",
        "phone": "070-8817-3214",
        "fee": "一般: 1泊・2台まで。金曜、祝日の前日を除く平日（月曜～木曜）：税込みパック料金（＊） 13,200円 / 一般: 1泊・2台まで。金曜、土曜、日曜及び祝日の前日：税込みパック料金（＊） 16,500円",
        "available_period": "通年 施設により不定期のお休み・休業を設定している場合があります。ご利用可能日は事前に各施設にお問い合わせください。",
        "checkin_checkout": "チェックイン: 14:00 ～ 特になし / チェックアウト: 特になし ～ 10:00",
        "vehicle_size": "セミフルコン バスコン キャブコン バンコン 軽キャン 一般車 下記駐車場サイズもご確認ください。 利用可能かどうか判断がつかない場合は、施設までお問い合わせください。",
        "features": [
          "24時間利用OK",
          "温水洗浄便座あり",
          "入浴施設あり（施設内）",
          "シャワーあり",
          "ダンプステーション・なし",
          "ごみ処理対応可（無料）",
          "電源あり（無料）",
          "発電機利用可(時間指定あり)",
          "水道あり（無料）",
          "炊事場あり",
          "コインランドリー・なし",
          "ペットOK",
          "ドッグランなし",
          "WI-FIあり（無料）",
          "朝食予約OK",
          "夕食予約OK",
          "旅館・ホテルの宿泊予約・不可"
        ],
        "url": "https://www.kurumatabi.com/park/rvpark/1456.html",
        "geocode_source": "auto"
      }
    },
    {
      "type": "Feature",
      "geometry": {
        "type": "Point",
        "coordinates": [
          140.936315,
          37.540685
        ]
      },
      "properties": {
        "name": "RVパーク Horse Value",
        "pref": "福島県",
        "address": "福島県南相馬市小高区川房字南石名坂28-1",
        "phone": "050-1794-7419",
        "fee": "一般: 1泊・1台につき 3,000円〜",
        "available_period": "日祝 日祝の前日 春休み GW 夏休み お盆 冬休み 平日 RVパーク Horse Value では、完全無人でのチェックイン・チェックアウト を実施しております。 〈チェックイン・チェックアウトについて〉 チェックイン時間 ：17:00～00:00 駐車場に到着されましたら、事務所入口のポスト に設置されている施設情報を示したルールブックを1台につき1冊お取りいただき、これをもってチェックイン完了となります。 チェックアウト時間 ：00:00～8:00 チェックアウトの際は、ルールブックを必ず元のポストへお戻しください。 〈電源設備のご利用について〉 電源設備をご利用の方は、オプションでの選択をお願いいたします。 事務所入口に 延長コード をご用意しておりますので、ご自身で接続のうえご利用ください。 ※ チェックアウト時には、お手数ですが延長コードを元の場所へお戻しください。 ※ 電源設備の無断使用はご遠慮くださいますようお願いいたします。 施設により不定期のお休み・休業を設定している場合があります。ご利用可能日は事前に各施設にお問い合わせください。",
        "checkin_checkout": "チェックイン: 15:00 ～ 0:00 / チェックアウト: 0:00 ～ 10:00",
        "vehicle_size": "セミフルコン バスコン キャブコン バンコン 軽キャン 一般車 下記駐車場サイズもご確認ください。 利用可能かどうか判断がつかない場合は、施設までお問い合わせください。",
        "features": [
          "24時間利用OK",
          "温水洗浄便座あり",
          "入浴施設あり（車移動あり）",
          "湯沸かし浴槽あり",
          "ダンプステーション・なし",
          "ごみ処理対応可（有料）",
          "電源あり（有料）",
          "発電機・不可",
          "水道あり（無料）",
          "炊事場なし",
          "コインランドリー・なし",
          "ペットOK",
          "ドッグランなし",
          "WI-FIの利用・なし",
          "旅館・ホテルの食事：朝食・不可",
          "旅館・ホテルの食事：夕食・不可",
          "旅館・ホテルの宿泊予約・不可"
        ],
        "url": "https://www.kurumatabi.com/park/rvpark/1468.html",
        "geocode_source": "auto"
      }
    },
    {
      "type": "Feature",
      "geometry": {
        "type": "Point",
        "coordinates": [
          140.156548,
          37.490738
        ]
      },
      "properties": {
        "name": "RVパーク Roots 猪苗代 School Area",
        "pref": "福島県",
        "address": "福島県耶麻郡猪苗代町山潟港志田191 Roots猪苗代 School Area",
        "phone": "0242-93-9022",
        "fee": "一般: 1泊・1台 3,300円〜",
        "available_period": "通年 施設により不定期のお休み・休業を設定している場合があります。ご利用可能日は事前に各施設にお問い合わせください。",
        "checkin_checkout": "チェックイン: 11:00 ～ 16:00 / チェックアウト: 8:00 ～ 10:00",
        "vehicle_size": "フルコン セミフルコン バスコン キャブコン バンコン トレーラー 軽キャン 一般車 下記駐車場サイズもご確認ください。 利用可能かどうか判断がつかない場合は、施設までお問い合わせください。",
        "features": [
          "24時間利用OK",
          "入浴施設あり（施設内）",
          "シャワーあり",
          "ダンプステーション・なし",
          "ごみ処理対応可（有料）",
          "電源あり（無料）",
          "発電機利用可(時間指定あり)",
          "水道あり（無料）",
          "炊事場なし",
          "コインランドリー・なし",
          "ペットOK",
          "ドッグランなし",
          "WI-FIの利用・なし",
          "朝食予約OK",
          "夕食予約OK",
          "旅館・ホテルの宿泊予約・不可"
        ],
        "url": "https://www.kurumatabi.com/park/rvpark/1335.html",
        "geocode_source": "auto"
      }
    },
    {
      "type": "Feature",
      "geometry": {
        "type": "Point",
        "coordinates": [
          140.710441,
          37.661159
        ]
      },
      "properties": {
        "name": "RVパーク ゲストハウスCOCODA",
        "pref": "福島県",
        "address": "福島県相馬郡飯舘村飯樋358",
        "phone": "070-1159-9690",
        "fee": "一般: 一泊一台につき 2,000円〜",
        "available_period": "通年 日祝 日祝の前日 春休み GW 夏休み お盆 冬休み ※ 定休日：月曜日 施設により不定期のお休み・休業を設定している場合があります。ご利用可能日は事前に各施設にお問い合わせください。",
        "checkin_checkout": "チェックイン: 13:00 ～ 19:00 / チェックアウト: 0:00 ～ 10:00",
        "vehicle_size": "キャブコン バンコン 軽キャン 一般車 下記駐車場サイズもご確認ください。 利用可能かどうか判断がつかない場合は、施設までお問い合わせください。",
        "features": [
          "24時間利用OK",
          "特に機能なし",
          "入浴施設あり（施設内）",
          "湯沸かし浴槽あり",
          "ダンプステーション・なし",
          "ごみ処理対応可（有料）",
          "電源あり（有料）",
          "発電機・不可",
          "水道あり（無料）",
          "炊事場あり",
          "コインランドリー・なし",
          "ペットOK",
          "ドッグランあり",
          "WI-FIの利用・なし",
          "朝食予約OK",
          "宿泊予約OK"
        ],
        "url": "https://www.kurumatabi.com/park/rvpark/1558.html",
        "geocode_source": "auto"
      }
    },
    {
      "type": "Feature",
      "geometry": {
        "type": "Point",
        "coordinates": [
          140.31519,
          37.390989
        ]
      },
      "properties": {
        "name": "RVパーク ドッグランド Bros(ブロス  )",
        "pref": "福島県",
        "address": "福島県郡山市大槻町字城ノ内3",
        "phone": "024-952-0809",
        "fee": "一般: 犬 1頭1泊ごと1000円 ドッグランチェックアウトまで24時間利用可 3,850円",
        "available_period": "通年 カフェビーダッシュは平日火曜日は定休日 荒天時はドッグランは休み 施設により不定期のお休み・休業を設定している場合があります。ご利用可能日は事前に各施設にお問い合わせください。",
        "checkin_checkout": "チェックイン: 15:00 ～ 23:30 / チェックアウト: 特になし ～ 10:30",
        "vehicle_size": "セミフルコン バスコン キャブコン バンコン トレーラー 軽キャン 一般車 下記駐車場サイズもご確認ください。 利用可能かどうか判断がつかない場合は、施設までお問い合わせください。",
        "features": [
          "24時間利用OK",
          "温水洗浄便座あり",
          "入浴施設あり（施設内）",
          "シャワーあり",
          "グレーOK",
          "ごみ処理対応可（有料）",
          "電源あり（無料）",
          "発電機・不可",
          "水道あり（無料）",
          "炊事場あり",
          "コインランドリー・なし",
          "ペットOK",
          "ドッグランあり",
          "WI-FIの利用・なし",
          "朝食予約OK",
          "夕食予約OK",
          "旅館・ホテルの宿泊予約・不可"
        ],
        "url": "https://www.kurumatabi.com/park/rvpark/1238.html",
        "geocode_source": "auto"
      }
    },
    {
      "type": "Feature",
      "geometry": {
        "type": "Point",
        "coordinates": [
          140.082775,
          37.681425
        ]
      },
      "properties": {
        "name": "RVパーク ペンション歩野慕野",
        "pref": "福島県",
        "address": "福島県耶麻郡北塩原村桧原甚九郎沢山1097-109",
        "phone": "0241-23-6154",
        "fee": "一般: 1泊・1台につき 3,850円 / スタンダード会員: ワンちゃん1頭につき 1,100円",
        "available_period": "通年 平日火曜日は定休日 施設により不定期のお休み・休業を設定している場合があります。ご利用可能日は事前に各施設にお問い合わせください。",
        "checkin_checkout": "チェックイン: 15:00 ～ 20:00 / チェックアウト: 6:00 ～ 10:00",
        "vehicle_size": "フルコン セミフルコン バスコン キャブコン バンコン トレーラー 軽キャン 一般車 その他 下記駐車場サイズもご確認ください。 利用可能かどうか判断がつかない場合は、施設までお問い合わせください。",
        "features": [
          "24時間利用OK",
          "温水洗浄便座あり",
          "入浴施設あり（施設内）",
          "湯沸かし浴槽あり",
          "ダンプステーション・なし",
          "ごみ処理対応可（無料）",
          "電源あり（無料）",
          "発電機・不可",
          "水道あり（無料）",
          "炊事場なし",
          "コインランドリー・なし",
          "ペットOK",
          "ドッグランあり",
          "WI-FIの利用・なし",
          "朝食予約OK",
          "夕食予約OK",
          "宿泊予約OK"
        ],
        "url": "https://www.kurumatabi.com/park/rvpark/1776.html",
        "geocode_source": "auto"
      }
    },
    {
      "type": "Feature",
      "geometry": {
        "type": "Point",
        "coordinates": [
          140.946545,
          37.124339
        ]
      },
      "properties": {
        "name": "RVパーク ワンダーファーム",
        "pref": "福島県",
        "address": "福島県いわき市四倉町中島字広町1",
        "phone": "0246-38-8851",
        "fee": "一般: 1泊・1台につき 3,500円〜",
        "available_period": "通年 日祝 日祝の前日 春休み GW 夏休み お盆 冬休み 年末年始 平日 施設により不定期のお休み・休業を設定している場合があります。ご利用可能日は事前に各施設にお問い合わせください。",
        "checkin_checkout": "チェックイン: 13:00 ～ 16:30 / チェックアウト: 0:00 ～ 12:00",
        "vehicle_size": "キャブコン バンコン 軽キャン 一般車 下記駐車場サイズもご確認ください。 利用可能かどうか判断がつかない場合は、施設までお問い合わせください。",
        "features": [
          "24時間利用OK",
          "温水洗浄便座あり",
          "入浴施設あり（車移動あり）",
          "温泉あり",
          "ダンプステーション・なし",
          "ごみ処理対応可（有料）",
          "電源あり（有料）",
          "発電機・不可",
          "水道あり（無料）",
          "炊事場なし",
          "コインランドリー・なし",
          "ペットOK",
          "ドッグランあり",
          "WI-FIの利用・なし",
          "旅館・ホテルの食事：朝食・不可",
          "夕食予約OK",
          "旅館・ホテルの宿泊予約・不可"
        ],
        "url": "https://www.kurumatabi.com/park/rvpark/1481.html",
        "geocode_source": "auto"
      }
    },
    {
      "type": "Feature",
      "geometry": {
        "type": "Point",
        "coordinates": [
          139.813342,
          37.507466
        ]
      },
      "properties": {
        "name": "RVパーク 新鶴温泉んだ",
        "pref": "福島県",
        "address": "福島県大沼郡会津美里町鶴野辺上長尾2347ｰ40",
        "phone": "0242782820",
        "fee": "一般: 1泊・1台につき 3,500円",
        "available_period": "通年 施設により不定期のお休み・休業を設定している場合があります。ご利用可能日は事前に各施設にお問い合わせください。",
        "checkin_checkout": "チェックイン: 14:00 ～ 21:00 / チェックアウト: 7:00 ～ 10:00",
        "vehicle_size": "フルコン セミフルコン バスコン キャブコン バンコン トレーラー 軽キャン 一般車 その他 下記駐車場サイズもご確認ください。 利用可能かどうか判断がつかない場合は、施設までお問い合わせください。",
        "features": [
          "24時間利用OK",
          "温水洗浄便座あり",
          "入浴施設あり（施設内）",
          "温泉あり",
          "ごみ処理対応可（無料）",
          "電源あり（無料）",
          "発電機利用可(時間指定あり)",
          "水道あり（無料）",
          "炊事場なし",
          "コインランドリーあり",
          "ペットOK",
          "ドッグランなし",
          "朝食予約OK",
          "夕食予約OK",
          "宿泊予約OK"
        ],
        "url": "https://www.kurumatabi.com/park/rvpark/1293.html",
        "geocode_source": "auto"
      }
    },
    {
      "type": "Feature",
      "geometry": {
        "type": "Point",
        "coordinates": [
          140.610599,
          37.740404
        ]
      },
      "properties": {
        "name": "RVパーク 月舘オートキャンプベースSAKURA",
        "pref": "福島県",
        "address": "福島県伊達市月舘町御代田上関3-2",
        "phone": "03-4361-7918",
        "fee": "一般: 1泊1台につき 3,850円",
        "available_period": "通年 月曜・火曜は定休日とさせて頂きます。 施設により不定期のお休み・休業を設定している場合があります。ご利用可能日は事前に各施設にお問い合わせください。",
        "checkin_checkout": "チェックイン: 13:00 ～ 17:00 / チェックアウト: 特になし ～ 11:00",
        "vehicle_size": "セミフルコン バスコン キャブコン バンコン トレーラー 軽キャン 一般車 下記駐車場サイズもご確認ください。 利用可能かどうか判断がつかない場合は、施設までお問い合わせください。",
        "features": [
          "24時間利用OK",
          "温水洗浄便座あり",
          "入浴施設あり（施設内）",
          "シャワーあり",
          "ダンプステーション・なし",
          "ごみ処理対応可（有料）",
          "電源あり（有料）",
          "発電機・不可",
          "水道あり（無料）",
          "炊事場あり",
          "コインランドリー・なし",
          "ペットOK",
          "ドッグランなし",
          "WI-FIの利用・なし",
          "旅館・ホテルの食事：朝食・不可",
          "旅館・ホテルの食事：夕食・不可",
          "旅館・ホテルの宿泊予約・不可"
        ],
        "url": "https://www.kurumatabi.com/park/rvpark/1357.html",
        "geocode_source": "auto"
      }
    },
    {
      "type": "Feature",
      "geometry": {
        "type": "Point",
        "coordinates": [
          140.994041,
          37.671108
        ]
      },
      "properties": {
        "name": "RVパーク 農家民宿いちばん星",
        "pref": "福島県",
        "address": "福島県南相馬市原町区金沢字追合116番地",
        "phone": "0244-26-9461",
        "fee": "一般: 1泊・1台につき 3,000円〜",
        "available_period": "日祝 日祝の前日 春休み GW 夏休み お盆 冬休み 平日 施設により不定期のお休み・休業を設定している場合があります。ご利用可能日は事前に各施設にお問い合わせください。",
        "checkin_checkout": "チェックイン: 14:00 ～ 17:00 / チェックアウト: 0:00 ～ 10:00",
        "vehicle_size": "バスコン キャブコン バンコン 軽キャン 一般車 その他 下記駐車場サイズもご確認ください。 利用可能かどうか判断がつかない場合は、施設までお問い合わせください。",
        "features": [
          "24時間利用OK",
          "温水洗浄便座あり",
          "入浴施設あり（施設内）",
          "湯沸かし浴槽あり",
          "ダンプステーション・なし",
          "ごみ処理対応可（有料）",
          "電源あり（有料）",
          "発電機・不可",
          "水道あり（無料）",
          "炊事場なし",
          "コインランドリー・なし",
          "ペットOK",
          "ドッグランなし",
          "WI-FIの利用・なし",
          "旅館・ホテルの食事：朝食・不可",
          "旅館・ホテルの食事：夕食・不可",
          "旅館・ホテルの宿泊予約・不可"
        ],
        "url": "https://www.kurumatabi.com/park/rvpark/1473.html",
        "geocode_source": "auto"
      }
    },
    {
      "type": "Feature",
      "geometry": {
        "type": "Point",
        "coordinates": [
          140.964774,
          37.822583
        ]
      },
      "properties": {
        "name": "RVパーク 遊学の宿いさみや",
        "pref": "福島県",
        "address": "福島県相馬市尾浜字平前109",
        "phone": "0244-38-8216",
        "fee": "一般: 1泊・1台につき 4,000円〜",
        "available_period": "通年 日祝 日祝の前日 春休み GW 夏休み お盆 冬休み 年末年始 平日 施設により不定期のお休み・休業を設定している場合があります。ご利用可能日は事前に各施設にお問い合わせください。",
        "checkin_checkout": "チェックイン: 16:00 ～ 21:00 / チェックアウト: 0:00 ～ 10:00",
        "vehicle_size": "バスコン キャブコン バンコン 軽キャン 一般車 下記駐車場サイズもご確認ください。 利用可能かどうか判断がつかない場合は、施設までお問い合わせください。",
        "features": [
          "24時間利用OK",
          "温水洗浄便座あり",
          "入浴施設あり（施設内）",
          "湯沸かし浴槽あり",
          "ダンプステーション・なし",
          "ごみ処理対応可（無料）",
          "電源あり（有料）",
          "発電機・不可",
          "水道あり（無料）",
          "炊事場なし",
          "コインランドリーあり",
          "ペットOK",
          "ドッグランなし",
          "WI-FIの利用・なし",
          "旅館・ホテルの食事：朝食・不可",
          "夕食予約OK",
          "宿泊予約OK"
        ],
        "url": "https://www.kurumatabi.com/park/rvpark/1477.html",
        "geocode_source": "auto"
      }
    },
    {
      "type": "Feature",
      "geometry": {
        "type": "Point",
        "coordinates": [
          140.997661,
          37.249899
        ]
      },
      "properties": {
        "name": "RVパーク 道の駅ならは",
        "pref": "福島県",
        "address": "福島県双葉郡楢葉町山田岡字大堤入22番地の1",
        "phone": "0240-25-3113",
        "fee": "一般: 1泊2日 3,300円 / 一般: 連泊は1泊につき 2,200円",
        "available_period": "通年 年2回ほど施設点検により休業あり 施設により不定期のお休み・休業を設定している場合があります。ご利用可能日は事前に各施設にお問い合わせください。",
        "checkin_checkout": "チェックイン: 13:00 ～ 18:00 / チェックアウト: 9:00 ～ 11:00",
        "vehicle_size": "キャブコン バンコン トレーラー 軽キャン 一般車 下記駐車場サイズもご確認ください。 利用可能かどうか判断がつかない場合は、施設までお問い合わせください。",
        "features": [
          "24時間利用OK",
          "温水洗浄便座あり",
          "入浴施設あり（施設内）",
          "温泉あり",
          "ダンプステーション・なし",
          "ごみ処理対応可（無料）",
          "電源あり（無料）",
          "発電機利用可(時間指定なし)",
          "水道あり（無料）",
          "炊事場なし",
          "コインランドリー・なし",
          "ペットOK",
          "ドッグランなし",
          "WI-FIあり（無料）",
          "朝食予約OK",
          "夕食予約OK",
          "旅館・ホテルの宿泊予約・不可"
        ],
        "url": "https://www.kurumatabi.com/park/rvpark/1151.html",
        "geocode_source": "auto"
      }
    },
    {
      "type": "Feature",
      "geometry": {
        "type": "Point",
        "coordinates": [
          139.415837,
          37.067578
        ]
      },
      "properties": {
        "name": "RVパークせせらぎオートキャンプ場RedBean",
        "pref": "福島県",
        "address": "福島県南会津郡南会津町大桃字平沢山",
        "phone": "0241-76-2231",
        "fee": "一般: 1泊/1台電源水道付き 5,000円 / 一般: 1泊/1台電源付き 4,000円",
        "available_period": "日祝 日祝の前日 GW 夏休み お盆 平日 10月中旬から翌年4月までは休業（予定） 施設により不定期のお休み・休業を設定している場合があります。ご利用可能日は事前に各施設にお問い合わせください。",
        "checkin_checkout": "チェックイン: 12:00 ～ 18:00 / チェックアウト: 特になし ～ 11:00",
        "vehicle_size": "バスコン キャブコン バンコン トレーラー 軽キャン 一般車 下記駐車場サイズもご確認ください。 利用可能かどうか判断がつかない場合は、施設までお問い合わせください。",
        "features": [
          "24時間利用OK",
          "特に機能なし",
          "入浴施設あり（車移動あり）",
          "温泉あり",
          "グレーOK",
          "ごみ処理対応可（有料）",
          "電源あり（無料）",
          "発電機・不可",
          "水道あり（無料）",
          "コインランドリーあり",
          "ペットOK",
          "WI-FIの利用・なし"
        ],
        "url": "https://www.kurumatabi.com/park/rvpark/1069.html",
        "geocode_source": "auto"
      }
    },
    {
      "type": "Feature",
      "geometry": {
        "type": "Point",
        "coordinates": [
          140.148926,
          37.542856
        ]
      },
      "properties": {
        "name": "RVパークリステル猪苗代",
        "pref": "福島県",
        "address": "福島県耶麻郡猪苗代町川桁字天王坂2414",
        "phone": "0242-66-2233",
        "fee": "車両1台2,500円＋施設利用料(1名につき2,000円) ※大人のみ＋入湯税150円 電源利用料については、 電源の有無 の項目をご確認ください。 最新の料金は直接施設へ事前確認をお願いします。",
        "available_period": "日祝 日祝の前日 春休み GW 夏休み お盆 平日 2026年度は4月4日よりオープンです。 事前予約優先の為、当日はお受けできない場合がございます。 ※グランドオープンは4月25日から ※チェックイン/チェックアウトについて…4月24日まではホテルフロントで受付となります。 ※冬期間休業(12月～3月) 施設により不定期のお休み・休業を設定している場合があります。ご利用可能日は事前に各施設にお問い合わせください。",
        "checkin_checkout": "チェックイン: 13:00 ～ 16:30 / チェックアウト: 8:00 ～ 11:00",
        "vehicle_size": "セミフルコン バスコン キャブコン バンコン トレーラー 軽キャン 一般車 下記駐車場サイズもご確認ください。 利用可能かどうか判断がつかない場合は、施設までお問い合わせください。",
        "features": [
          "24時間利用OK",
          "温水洗浄便座あり",
          "入浴施設あり（施設内）",
          "温泉あり",
          "ダンプステーション・なし",
          "ごみ処理対応可（有料）",
          "電源あり（無料）",
          "発電機・不可",
          "水道あり（無料）",
          "炊事場なし",
          "コインランドリーあり",
          "ペットOK",
          "ドッグランあり",
          "WI-FIの利用・なし",
          "朝食予約OK",
          "夕食予約OK",
          "宿泊予約OK"
        ],
        "url": "https://www.kurumatabi.com/park/rvpark/1079.html",
        "geocode_source": "auto"
      }
    },
    {
      "type": "Feature",
      "geometry": {
        "type": "Point",
        "coordinates": [
          139.83478,
          37.45339
        ]
      },
      "properties": {
        "name": "RVパーク会津美里",
        "pref": "福島県",
        "address": "福島県大沼郡会津美里町高田乙6番地",
        "phone": "0120-68-5622",
        "fee": "一般: 1泊/1台 7ｍ×５ｍ区画 3,000円 / 一般: 1泊/1台 10ｍ×５ｍ区画 4,000円 / スタンダード会員: 1泊/1台 7ｍ×５ｍ区画 2,850円 / スタンダード会員: 1泊/1台 10ｍ×５ｍ区画 3,800円 / プレミアム会員: 1泊/1台 7ｍ×５ｍ区画 2,700円 / プレミアム会員: 1泊/1台 10ｍ×５ｍ区画 3,600円",
        "available_period": "日祝 日祝の前日 春休み GW 夏休み お盆 冬休み 平日 施設により不定期のお休み・休業を設定している場合があります。ご利用可能日は事前に各施設にお問い合わせください。",
        "checkin_checkout": "チェックイン: 15:00 ～ 18:00 / チェックアウト: 特になし ～ 10:00",
        "vehicle_size": "フルコン セミフルコン バスコン キャブコン バンコン トレーラー 軽キャン 一般車 下記駐車場サイズもご確認ください。 利用可能かどうか判断がつかない場合は、施設までお問い合わせください。",
        "features": [
          "24時間利用OK",
          "温水洗浄便座あり",
          "入浴施設あり（車移動あり）",
          "温泉あり",
          "ブラック・グレーOK",
          "ごみ処理対応可（有料）",
          "電源あり（有料）",
          "発電機・不可",
          "水道あり（無料）",
          "炊事場なし",
          "コインランドリーあり",
          "ペットOK",
          "ドッグランなし",
          "WI-FIあり（無料）",
          "旅館・ホテルの食事：朝食・不可",
          "旅館・ホテルの食事：夕食・不可",
          "宿泊予約OK"
        ],
        "url": "https://www.kurumatabi.com/park/rvpark/1165.html",
        "geocode_source": "auto"
      }
    },
    {
      "type": "Feature",
      "geometry": {
        "type": "Point",
        "coordinates": [
          140.93375,
          37.872527
        ]
      },
      "properties": {
        "name": "RVパーク新地大戸浜",
        "pref": "福島県",
        "address": "福島県相馬郡新地町大戸浜字浜北20",
        "phone": "090-4314-1885",
        "fee": "一般: 一泊 2,310円 / スタンダード会員: 1泊 2,310円",
        "available_period": "通年 施設により不定期のお休み・休業を設定している場合があります。ご利用可能日は事前に各施設にお問い合わせください。",
        "checkin_checkout": "チェックイン: 12:00 ～ 18:00 / チェックアウト: 6:00 ～ 12:00",
        "vehicle_size": "フルコン セミフルコン バスコン キャブコン バンコン トレーラー 軽キャン 一般車 その他 下記駐車場サイズもご確認ください。 利用可能かどうか判断がつかない場合は、施設までお問い合わせください。",
        "features": [
          "24時間利用OK",
          "暖房便座のみあり",
          "入浴施設あり（車移動あり）",
          "温泉あり",
          "ダンプステーション・なし",
          "ごみ処理対応可（無料）",
          "電源あり（無料）",
          "発電機利用可(時間指定あり)",
          "水道あり（無料）",
          "炊事場あり",
          "コインランドリー・なし",
          "ペットOK",
          "ドッグランあり",
          "WI-FIの利用・なし"
        ],
        "url": "https://www.kurumatabi.com/park/rvpark/1666.html",
        "geocode_source": "auto"
      }
    },
    {
      "type": "Feature",
      "geometry": {
        "type": "Point",
        "coordinates": [
          140.107342,
          37.537679
        ]
      },
      "properties": {
        "name": "RVパーク道の駅猪苗代",
        "pref": "福島県",
        "address": "福島県耶麻郡猪苗代町大字堅田字五百苅1番地",
        "phone": "0242-36-7676",
        "fee": "一般: 1泊・1台につき(トレーラー含む) 2,700円",
        "available_period": "日祝 日祝の前日 春休み GW 夏休み お盆 平日 ※冬期間（12月～3月）は積雪の為閉鎖 積雪や除雪作業の関係でRVパーク使用そのものが出来ませんのでご了承ください。 ※臨時に休業する場合があります。 施設により不定期のお休み・休業を設定している場合があります。ご利用可能日は事前に各施設にお問い合わせください。",
        "checkin_checkout": "チェックイン: 10:00 ～ 17:00 / チェックアウト: 0:00 ～ 10:00",
        "vehicle_size": "キャブコン バンコン トレーラー 軽キャン 一般車 下記駐車場サイズもご確認ください。 利用可能かどうか判断がつかない場合は、施設までお問い合わせください。",
        "features": [
          "24時間利用OK",
          "温水洗浄便座あり",
          "入浴施設なし",
          "ダンプステーション・なし",
          "ゴミ処理対応・不可",
          "電源あり（無料）",
          "発電機・不可",
          "水道あり（無料）",
          "炊事場なし",
          "コインランドリー・なし",
          "ペットOK",
          "ドッグランあり",
          "WI-FIの利用・なし",
          "旅館・ホテルの食事：朝食・不可",
          "旅館・ホテルの食事：夕食・不可",
          "旅館・ホテルの宿泊予約・不可"
        ],
        "url": "https://www.kurumatabi.com/park/rvpark/688.html",
        "geocode_source": "auto"
      }
    },
    {
      "type": "Feature",
      "geometry": {
        "type": "Point",
        "coordinates": [
          140.033617,
          37.585781
        ]
      },
      "properties": {
        "name": "ネコマ マウンテン RV＆キャンプサイト",
        "pref": "福島県",
        "address": "福島県耶麻郡磐梯町更科字清水平6838-68",
        "phone": "0242-74-5025",
        "fee": "一般: 1泊・1台につき 5,500円〜15,900円",
        "available_period": "日祝 日祝の前日 冬休み 年末年始 平日 2025/12/14-2026/03/31 施設により不定期のお休み・休業を設定している場合があります。ご利用可能日は事前に各施設にお問い合わせください。",
        "checkin_checkout": "チェックイン: 8:00 ～ 17:00 / チェックアウト: 特になし ～ 16:00",
        "vehicle_size": "キャブコン バンコン 軽キャン 一般車 下記駐車場サイズもご確認ください。 利用可能かどうか判断がつかない場合は、施設までお問い合わせください。",
        "features": [
          "24時間利用OK",
          "温水洗浄便座あり",
          "入浴施設あり（施設内）",
          "温泉あり",
          "ダンプステーション・なし",
          "ごみ処理対応可（無料）",
          "電源あり（有料）",
          "発電機・不可",
          "水道・なし",
          "炊事場なし",
          "コインランドリー・なし",
          "ペットOK",
          "ドッグランなし",
          "WI-FIあり（無料）",
          "旅館・ホテルの食事：朝食・不可",
          "旅館・ホテルの食事：夕食・不可",
          "旅館・ホテルの宿泊予約・不可"
        ],
        "url": "https://www.kurumatabi.com/park/rvpark/1259.html",
        "geocode_source": "auto"
      }
    },
    {
      "type": "Feature",
      "geometry": {
        "type": "Point",
        "coordinates": [
          139.418797,
          37.077331
        ]
      },
      "properties": {
        "name": "北日光奥会津・小豆温泉 窓明の湯 RVパーク",
        "pref": "福島県",
        "address": "福島県南会津郡南会津町大桃字駒ヶ嶽山10-1",
        "phone": "0241-76-3131",
        "fee": "一般: 1泊・1台につき 3,500円",
        "available_period": "通年 日祝 日祝の前日 春休み GW 夏休み お盆 冬休み 年末年始 平日 施設により不定期のお休み・休業を設定している場合があります。ご利用可能日は事前に各施設にお問い合わせください。",
        "checkin_checkout": "チェックイン: 12:00 ～ 特になし / チェックアウト: 特になし ～ 10:00",
        "vehicle_size": "キャブコン バンコン トレーラー 軽キャン 一般車 その他 下記駐車場サイズもご確認ください。 利用可能かどうか判断がつかない場合は、施設までお問い合わせください。",
        "features": [
          "24時間利用OK",
          "温水洗浄便座あり",
          "入浴施設あり（施設内）",
          "温泉あり",
          "ダンプステーション・なし",
          "ごみ処理対応可（無料）",
          "電源あり（無料）",
          "発電機利用可(時間指定あり)",
          "水道あり（無料）",
          "炊事場なし",
          "コインランドリー・なし",
          "ペットOK",
          "ドッグランなし",
          "WI-FIあり（無料）",
          "旅館・ホテルの食事：朝食・不可",
          "旅館・ホテルの食事：夕食・不可",
          "旅館・ホテルの宿泊予約・不可"
        ],
        "url": "https://www.kurumatabi.com/park/rvpark/1112.html",
        "geocode_source": "auto"
      }
    },
    {
      "type": "Feature",
      "geometry": {
        "type": "Point",
        "coordinates": [
          139.542774,
          37.221939
        ]
      },
      "properties": {
        "name": "北日光奥会津・道の駅きらら289 RVパーク",
        "pref": "福島県",
        "address": "福島県南会津郡南会津町山口字橋尻１",
        "phone": "0241-71-1289",
        "fee": "一般: 1泊/1日 3,500円",
        "available_period": "日祝 日祝の前日 春休み GW 夏休み お盆 平日 冬季は積雪状況により、12月～3月まで休業する場合がございます。 施設により不定期のお休み・休業を設定している場合があります。ご利用可能日は事前に各施設にお問い合わせください。",
        "checkin_checkout": "チェックイン: 15:00 ～ / チェックアウト: 特になし ～ 10:00",
        "vehicle_size": "キャブコン バンコン トレーラー 軽キャン 一般車 下記駐車場サイズもご確認ください。 利用可能かどうか判断がつかない場合は、施設までお問い合わせください。",
        "features": [
          "24時間利用OK",
          "温水洗浄便座あり",
          "入浴施設あり（施設内）",
          "温泉あり",
          "ダンプステーション・なし",
          "ごみ処理対応可（無料）",
          "電源あり（無料）",
          "発電機利用可(時間指定あり)",
          "水道あり（無料）",
          "コインランドリー・なし",
          "ペットOK",
          "WI-FIあり（無料）",
          "旅館・ホテルの食事：朝食・不可",
          "旅館・ホテルの食事：夕食・不可",
          "旅館・ホテルの宿泊予約・不可"
        ],
        "url": "https://www.kurumatabi.com/park/rvpark/1001.html",
        "geocode_source": "auto"
      }
    },
    {
      "type": "Feature",
      "geometry": {
        "type": "Point",
        "coordinates": [
          140.094663,
          37.574413
        ]
      },
      "properties": {
        "name": "磐梯山・絶景の猪苗代スキー場RVパーク",
        "pref": "福島県",
        "address": "福島県耶麻郡猪苗代町字葉山7105",
        "phone": "0242-62-5100",
        "fee": "一般: 1泊/1日 3,500円",
        "available_period": "通年 日祝 日祝の前日 春休み GW 夏休み お盆 冬休み 年末年始 平日 施設により不定期のお休み・休業を設定している場合があります。ご利用可能日は事前に各施設にお問い合わせください。",
        "checkin_checkout": "チェックイン: 12:00 ～ / チェックアウト: 特になし ～ 10:00",
        "vehicle_size": "キャブコン バンコン トレーラー 軽キャン 一般車 下記駐車場サイズもご確認ください。 利用可能かどうか判断がつかない場合は、施設までお問い合わせください。",
        "features": [
          "24時間利用OK",
          "温水洗浄便座あり",
          "入浴施設あり（徒歩圏内あり）",
          "温泉あり",
          "グレーOK",
          "ごみ処理対応可（無料）",
          "電源あり（無料）",
          "発電機利用可(時間指定あり)",
          "水道あり（無料）",
          "炊事場あり",
          "コインランドリーあり",
          "ペットOK",
          "WI-FIあり（無料）",
          "朝食予約OK",
          "夕食予約OK",
          "宿泊予約OK"
        ],
        "url": "https://www.kurumatabi.com/park/rvpark/951.html",
        "geocode_source": "auto"
      }
    },
    {
      "type": "Feature",
      "geometry": {
        "type": "Point",
        "coordinates": [
          140.870499,
          37.858034
        ]
      },
      "properties": {
        "name": "鹿狼の湯 天空 RVパーク",
        "pref": "福島県",
        "address": "福島県相馬郡新地町杉目飯樋５０",
        "phone": "0244-63-2617",
        "fee": "一般: 1泊・1台につき 3,300円",
        "available_period": "通年 日祝 日祝の前日 春休み GW 夏休み お盆 冬休み 年末年始 平日 火曜日定休 施設により不定期のお休み・休業を設定している場合があります。ご利用可能日は事前に各施設にお問い合わせください。",
        "checkin_checkout": "チェックイン: 15:00 ～ 18:00 / チェックアウト: 0:00 ～ 11:00",
        "vehicle_size": "フルコン セミフルコン バスコン キャブコン バンコン トレーラー 軽キャン 一般車 その他 下記駐車場サイズもご確認ください。 利用可能かどうか判断がつかない場合は、施設までお問い合わせください。",
        "features": [
          "24時間利用OK",
          "入浴施設あり（施設内）",
          "温泉あり",
          "ダンプステーション・なし",
          "ゴミ処理対応・不可",
          "電源あり（無料）",
          "発電機・不可",
          "水道あり（無料）",
          "炊事場なし",
          "コインランドリー・なし",
          "ペットOK",
          "ドッグランなし",
          "WI-FIの利用・なし",
          "旅館・ホテルの食事：朝食・不可",
          "旅館・ホテルの食事：夕食・不可",
          "宿泊予約OK"
        ],
        "url": "https://www.kurumatabi.com/park/rvpark/1809.html",
        "geocode_source": "auto"
      }
    },
    {
      "type": "Feature",
      "geometry": {
        "type": "Point",
        "coordinates": [
          140.088233,
          39.730155
        ]
      },
      "properties": {
        "name": "RVパーク RVライフ秋田",
        "pref": "秋田県",
        "address": "秋田県秋田市寺内油田２丁目1-52",
        "phone": "090-5356-6054",
        "fee": "一般: 1泊・1台につき（トレーラー含む） 4,000円〜5,000円 / 一般: 2泊目以降 4,000円〜4,000円 / スタンダード会員: 区画内で車両追加（自動車・バイク含む） 1,000円",
        "available_period": "通年 冬期間は利用台数を制限いたします。 施設により不定期のお休み・休業を設定している場合があります。ご利用可能日は事前に各施設にお問い合わせください。",
        "checkin_checkout": "チェックイン: 13:00 ～ 21:00 / チェックアウト: 特になし ～ 10:00",
        "vehicle_size": "フルコン セミフルコン バスコン キャブコン バンコン トレーラー 軽キャン 一般車 その他 下記駐車場サイズもご確認ください。 利用可能かどうか判断がつかない場合は、施設までお問い合わせください。",
        "features": [
          "24時間利用OK",
          "温水洗浄便座あり",
          "入浴施設あり（施設内）",
          "シャワーあり",
          "ブラック・グレーOK",
          "ごみ処理対応可（無料）",
          "電源あり（有料）",
          "発電機・不可",
          "水道あり（無料）",
          "炊事場あり",
          "コインランドリーあり",
          "ペットOK",
          "ドッグランなし",
          "WI-FIあり（無料）",
          "旅館・ホテルの食事：朝食・不可",
          "旅館・ホテルの食事：夕食・不可",
          "旅館・ホテルの宿泊予約・不可"
        ],
        "url": "https://www.kurumatabi.com/park/rvpark/1195.html",
        "geocode_source": "auto"
      }
    },
    {
      "type": "Feature",
      "geometry": {
        "type": "Point",
        "coordinates": [
          140.092092,
          39.735814
        ]
      },
      "properties": {
        "name": "RVパークユーランド",
        "pref": "秋田県",
        "address": "秋田県秋田市八橋イサノ2-16-29",
        "phone": "018-863-7811",
        "fee": "一般: 1泊・1台につき 4,000円",
        "available_period": "通年 日祝 日祝の前日 春休み GW 夏休み お盆 冬休み 年末年始 平日 冬期間は積雪の為、ご利用できない場合がございますので、お問い合わせ下さい。 施設により不定期のお休み・休業を設定している場合があります。ご利用可能日は事前に各施設にお問い合わせください。",
        "checkin_checkout": "チェックイン: 15:00 ～ 特になし / チェックアウト: 特になし ～ 14:00",
        "vehicle_size": "フルコン セミフルコン バスコン キャブコン バンコン トレーラー 軽キャン 一般車",
        "features": [
          "24時間利用OK",
          "入浴施設あり（施設内）",
          "温泉あり",
          "ごみ処理対応可（有料）",
          "電源あり（無料）",
          "発電機・不可",
          "水道あり（無料）",
          "ペットOK",
          "朝食予約OK",
          "旅館・ホテルの食事：夕食・不可"
        ],
        "url": "https://www.kurumatabi.com/park/rvpark/620.html",
        "geocode_source": "auto"
      }
    },
    {
      "type": "Feature",
      "geometry": {
        "type": "Point",
        "coordinates": [
          140.16,
          39.731
        ]
      },
      "properties": {
        "name": "サクラドックガーデンRV秋田",
        "pref": "秋田県",
        "address": "秋田県秋田市下北手松崎字上崎47ー1",
        "phone": "09037502818",
        "fee": "一般: 一泊 4,400円 / スタンダード会員: シャワー利用料金.1名につき 220円",
        "available_period": "通年 但し、冬季間1月～2月末までは積雪の為休業。 施設により不定期のお休み・休業を設定している場合があります。ご利用可能日は事前に各施設にお問い合わせください。",
        "checkin_checkout": "チェックイン: 13:00 ～ 19:00 / チェックアウト: 9:00 ～ 11:00",
        "vehicle_size": "セミフルコン バスコン キャブコン バンコン トレーラー 軽キャン 一般車 その他",
        "features": [
          "24時間利用OK",
          "入浴施設あり（車移動あり）",
          "温泉あり",
          "ごみ処理対応可（有料）",
          "電源あり（有料）",
          "発電機利用可(時間指定あり)",
          "水道あり（無料）",
          "コインランドリー・なし",
          "ペットOK",
          "ドッグランあり",
          "WI-FIの利用・なし",
          "旅館・ホテルの食事：朝食・不可",
          "旅館・ホテルの食事：夕食・不可",
          "旅館・ホテルの宿泊予約・不可"
        ],
        "url": "https://www.kurumatabi.com/park/rvpark/1731.html",
        "geocode_source": "auto"
      }
    },
    {
      "type": "Feature",
      "geometry": {
        "type": "Point",
        "coordinates": [
          139.034597,
          36.649916
        ]
      },
      "properties": {
        "name": "RV park plus 沼田健康ランド",
        "pref": "群馬県",
        "address": "群馬県沼田市薄根町2825-2",
        "phone": "0278-22-1234",
        "fee": "一般: 1泊 2,000円〜3,500円",
        "available_period": "通年 日祝 日祝の前日 春休み GW 夏休み お盆 冬休み 年末年始 平日 施設により不定期のお休み・休業を設定している場合があります。ご利用可能日は事前に各施設にお問い合わせください。",
        "checkin_checkout": "チェックイン: 24時間可 / チェックアウト: 24時間可",
        "vehicle_size": "フルコン セミフルコン バスコン キャブコン バンコン トレーラー 軽キャン 一般車 下記駐車場サイズもご確認ください。 利用可能かどうか判断がつかない場合は、施設までお問い合わせください。",
        "features": [
          "24時間利用OK",
          "特に機能なし",
          "入浴施設あり（施設内）",
          "湯沸かし浴槽あり",
          "ブラック・グレーOK",
          "ごみ処理対応可（有料）",
          "電源あり（有料）",
          "発電機・不可",
          "水道あり（無料）",
          "コインランドリー・なし",
          "ペットOK",
          "ドッグランなし",
          "WI-FIあり（無料）",
          "朝食予約OK",
          "夕食予約OK",
          "宿泊予約OK"
        ],
        "url": "https://www.kurumatabi.com/park/rvpark/1100.html",
        "geocode_source": "auto"
      }
    },
    {
      "type": "Feature",
      "geometry": {
        "type": "Point",
        "coordinates": [
          139.038395,
          36.39621
        ]
      },
      "properties": {
        "name": "RVパーク GUNPAKU maebashi",
        "pref": "群馬県",
        "address": "群馬県前橋市問屋町2-8-16",
        "phone": "0272520111",
        "fee": "1泊33,000円 ※一棟貸しの建物と設備込み 電源利用料については、 電源の有無 の項目をご確認ください。 最新の料金は直接施設へ事前確認をお願いします。",
        "available_period": "通年 施設により不定期のお休み・休業を設定している場合があります。ご利用可能日は事前に各施設にお問い合わせください。",
        "checkin_checkout": "チェックイン: 16:00 ～ 23:00 / チェックアウト: 特になし ～ 11:00",
        "vehicle_size": "キャブコン バンコン 軽キャン 一般車 下記駐車場サイズもご確認ください。 利用可能かどうか判断がつかない場合は、施設までお問い合わせください。",
        "features": [
          "24時間利用OK",
          "入浴施設あり（施設内）",
          "湯沸かし浴槽あり",
          "ごみ処理対応可（無料）",
          "電源あり（無料）",
          "発電機・不可",
          "水道あり（無料）",
          "コインランドリーあり",
          "ペット・不可",
          "宿泊予約OK"
        ],
        "url": "https://www.kurumatabi.com/park/rvpark/1510.html",
        "geocode_source": "auto"
      }
    },
    {
      "type": "Feature",
      "geometry": {
        "type": "Point",
        "coordinates": [
          138.959676,
          36.469821
        ]
      },
      "properties": {
        "name": "RVパーク ドッグランWANport",
        "pref": "群馬県",
        "address": "群馬県北群馬郡吉岡町上野田2339-1",
        "phone": "0279-54-3714",
        "fee": "一般: 1泊・1台につき 2,500円",
        "available_period": "通年 日祝 日祝の前日 春休み GW 夏休み お盆 冬休み 年末年始 平日 定休日は火曜日および第2・第4水曜日です。 祝日の場合は営業します。 定休日のご利用についてはお問い合わせください。 施設により不定期のお休み・休業を設定している場合があります。ご利用可能日は事前に各施設にお問い合わせください。",
        "checkin_checkout": "チェックイン: 12:00 ～ 20:00 / チェックアウト: 特になし ～ 12:00",
        "vehicle_size": "セミフルコン バスコン キャブコン バンコン トレーラー 軽キャン 一般車 下記駐車場サイズもご確認ください。 利用可能かどうか判断がつかない場合は、施設までお問い合わせください。",
        "features": [
          "24時間利用OK",
          "温水洗浄便座あり",
          "入浴施設あり（車移動あり）",
          "温泉あり",
          "ダンプステーション・なし",
          "ごみ処理対応可（無料）",
          "電源あり（無料）",
          "発電機利用可(時間指定あり)",
          "水道あり（無料）",
          "炊事場なし",
          "コインランドリー・なし",
          "ペットOK",
          "ドッグランあり",
          "WI-FIの利用・なし",
          "朝食予約OK",
          "夕食予約OK"
        ],
        "url": "https://www.kurumatabi.com/park/rvpark/609.html",
        "geocode_source": "auto"
      }
    },
    {
      "type": "Feature",
      "geometry": {
        "type": "Point",
        "coordinates": [
          139.379033,
          36.308776
        ]
      },
      "properties": {
        "name": "RVパーク 熊野キャンプ太田",
        "pref": "群馬県",
        "address": "群馬県太田市熊野町39-34",
        "phone": "0276-49-5731",
        "fee": "一般: 1泊につき 3,300円",
        "available_period": "通年 日祝 日祝の前日 春休み GW 夏休み お盆 冬休み 年末年始 平日 不定期のお休み・休業の場合もあります 施設により不定期のお休み・休業を設定している場合があります。ご利用可能日は事前に各施設にお問い合わせください。",
        "checkin_checkout": "チェックイン: 13:00 ～ 17:00 / チェックアウト: 特になし ～ 10:00",
        "vehicle_size": "フルコン セミフルコン バスコン キャブコン バンコン トレーラー 軽キャン 一般車 その他 下記駐車場サイズもご確認ください。 利用可能かどうか判断がつかない場合は、施設までお問い合わせください。",
        "features": [
          "24時間利用OK",
          "入浴施設あり（車移動あり）",
          "温泉あり",
          "ごみ処理対応現地相談（有料）",
          "電源あり（有料）",
          "発電機利用可(時間指定あり)",
          "水道あり（無料）",
          "炊事場なし",
          "ペットOK",
          "ドッグランなし",
          "WI-FIの利用・なし"
        ],
        "url": "https://www.kurumatabi.com/park/rvpark/1475.html",
        "geocode_source": "auto"
      }
    },
    {
      "type": "Feature",
      "geometry": {
        "type": "Point",
        "coordinates": [
          138.908321,
          36.696325
        ]
      },
      "properties": {
        "name": "RVパーク 道の駅たくみの里",
        "pref": "群馬県",
        "address": "群馬県利根郡みなかみ町須川８４７",
        "phone": "0278-64-2210",
        "fee": "一般: 1泊・1台につき 3,000円 / スタンダード会員: くるま旅クラブ会員証提示 3,000円 / プレミアム会員: くるま旅クラブ会員証提示 3,000円",
        "available_period": "通年 日祝 日祝の前日 春休み GW 夏休み お盆 冬休み 平日 ※年末年始（12/31-1/2）は、休業となります。 施設により不定期のお休み・休業を設定している場合があります。ご利用可能日は事前に各施設にお問い合わせください。",
        "checkin_checkout": "チェックイン: 13:00 ～ 17:00 / チェックアウト: 9:00 ～ 12:00",
        "vehicle_size": "バスコン キャブコン バンコン 軽キャン 一般車 その他 下記駐車場サイズもご確認ください。 利用可能かどうか判断がつかない場合は、施設までお問い合わせください。",
        "features": [
          "24時間利用OK",
          "暖房便座のみあり",
          "入浴施設あり（車移動あり）",
          "温泉あり",
          "ダンプステーション・なし",
          "ごみ処理対応可（無料）",
          "電源あり（無料）",
          "発電機利用可(時間指定あり)",
          "水道あり（無料）",
          "炊事場なし",
          "コインランドリー・なし",
          "ペットOK",
          "ドッグランなし",
          "WI-FIの利用・なし",
          "旅館・ホテルの食事：朝食・不可",
          "夕食予約OK",
          "旅館・ホテルの宿泊予約・不可"
        ],
        "url": "https://www.kurumatabi.com/park/rvpark/1123.html",
        "geocode_source": "auto"
      }
    },
    {
      "type": "Feature",
      "geometry": {
        "type": "Point",
        "coordinates": [
          139.225,
          36.7718
        ]
      },
      "properties": {
        "name": "RVパーク 道の駅尾瀬かたしな",
        "pref": "群馬県",
        "address": "群馬県利根郡片品村鎌田3967-1",
        "phone": "0278-25-4644",
        "fee": "一般: 1泊・1台につき 3,000円〜3,500円",
        "available_period": "通年 施設により不定期のお休み・休業を設定している場合があります。ご利用可能日は事前に各施設にお問い合わせください。",
        "checkin_checkout": "チェックイン: 13:00 ～ 17:00 / チェックアウト: 9:00 ～ 11:00",
        "vehicle_size": "セミフルコン バスコン キャブコン バンコン 軽キャン 一般車 下記駐車場サイズもご確認ください。 利用可能かどうか判断がつかない場合は、施設までお問い合わせください。",
        "features": [
          "24時間利用OK",
          "温水洗浄便座あり",
          "入浴施設あり（徒歩圏内あり）",
          "温泉あり",
          "ダンプステーション・なし",
          "ごみ処理対応可（無料）",
          "電源あり（無料）",
          "発電機・不可",
          "水道あり（無料）",
          "炊事場なし",
          "コインランドリー・なし",
          "ペットOK",
          "ドッグランあり",
          "WI-FIの利用・なし",
          "旅館・ホテルの食事：朝食・不可",
          "旅館・ホテルの宿泊予約・不可"
        ],
        "url": "https://www.kurumatabi.com/park/rvpark/1172.html",
        "geocode_source": "auto"
      }
    },
    {
      "type": "Feature",
      "geometry": {
        "type": "Point",
        "coordinates": [
          139.035199,
          36.441648
        ]
      },
      "properties": {
        "name": "RVパークsmart 道の駅よしおか温泉",
        "pref": "群馬県",
        "address": "群馬県北群馬郡吉岡町漆原2004",
        "phone": "092-433-7370",
        "fee": "一般: 1泊/1台 3,500円",
        "available_period": "通年 日祝 日祝の前日 春休み GW 夏休み お盆 冬休み 年末年始 平日 施設により不定期のお休み・休業を設定している場合があります。ご利用可能日は事前に各施設にお問い合わせください。",
        "checkin_checkout": "チェックイン: 11:00 ～ 特になし / チェックアウト: 特になし ～ 9:00",
        "vehicle_size": "キャブコン バンコン トレーラー 軽キャン 一般車 下記駐車場サイズもご確認ください。 利用可能かどうか判断がつかない場合は、施設までお問い合わせください。",
        "features": [
          "24時間利用OK",
          "入浴施設あり（施設内）",
          "温泉あり",
          "ダンプステーション・なし",
          "ゴミ処理対応・不可",
          "電源あり（無料）",
          "発電機・不可",
          "水道あり（無料）",
          "ペットOK"
        ],
        "url": "https://www.kurumatabi.com/park/rvpark/1075.html",
        "geocode_source": "auto"
      }
    },
    {
      "type": "Feature",
      "geometry": {
        "type": "Point",
        "coordinates": [
          139.359741,
          36.370739
        ]
      },
      "properties": {
        "name": "RVパーク　ゆらぶ桐生店",
        "pref": "群馬県",
        "address": "群馬県桐生市広沢町６丁目３２０－１",
        "phone": "0277-46-9967",
        "fee": "一般: 1泊・1台につき(電源有、ごみ処理付き) 3,000円〜4,000円 / 一般: おススメ！入浴(当日＆翌日朝風呂)、タオルセット＆食事付♪1泊・1台につき(電源有、ごみ処理付き) 4,000円〜5,000円 / 一般: 1泊・1台につき(電源無、ごみ処理付き) 2,300円〜2,800円",
        "available_period": "通年 施設により不定期のお休み・休業を設定している場合があります。ご利用可能日は事前に各施設にお問い合わせください。",
        "checkin_checkout": "チェックイン: 12:00 ～ 22:30 / チェックアウト: 特になし ～ 11:00",
        "vehicle_size": "セミフルコン バスコン キャブコン バンコン 軽キャン 一般車 下記駐車場サイズもご確認ください。 利用可能かどうか判断がつかない場合は、施設までお問い合わせください。",
        "features": [
          "24時間利用OK",
          "温水洗浄便座あり",
          "入浴施設あり（施設内）",
          "温泉あり",
          "ダンプステーション・なし",
          "ごみ処理対応可（無料）",
          "電源あり（無料）",
          "発電機・不可",
          "水道・なし",
          "炊事場なし",
          "コインランドリー・なし",
          "ペットOK",
          "ドッグランなし",
          "WI-FIの利用・なし",
          "朝食予約OK",
          "夕食予約OK",
          "旅館・ホテルの宿泊予約・不可"
        ],
        "url": "https://www.kurumatabi.com/park/rvpark/1299.html",
        "geocode_source": "auto"
      }
    },
    {
      "type": "Feature",
      "geometry": {
        "type": "Point",
        "coordinates": [
          139.067561,
          36.508364
        ]
      },
      "properties": {
        "name": "RVパーク　赤城 ときわぎの森キャンプ場",
        "pref": "群馬県",
        "address": "群馬県渋川市赤城町持柏木1000",
        "phone": "080-2237-3083",
        "fee": "一般: １泊・1台につき 3,000円〜 / スタンダード会員: 1泊・1台につき 3,000円〜 / プレミアム会員: 1泊・1台につき 3,000円〜",
        "available_period": "通年 施設により不定期のお休み・休業を設定している場合があります。ご利用可能日は事前に各施設にお問い合わせください。",
        "checkin_checkout": "チェックイン: 14:00 ～ 17:00 / チェックアウト: 8:00 ～ 11:00",
        "vehicle_size": "バスコン キャブコン バンコン トレーラー 軽キャン 一般車 下記駐車場サイズもご確認ください。 利用可能かどうか判断がつかない場合は、施設までお問い合わせください。",
        "features": [
          "24時間利用OK",
          "温水洗浄便座あり",
          "入浴施設あり（施設内）",
          "シャワーあり",
          "ダンプステーション・なし",
          "ごみ処理対応可（有料）",
          "電源あり（無料）",
          "発電機利用可(時間指定あり)",
          "水道あり（無料）",
          "炊事場あり",
          "コインランドリー・なし",
          "ペットOK",
          "ドッグランなし",
          "WI-FIの利用・なし"
        ],
        "url": "https://www.kurumatabi.com/park/rvpark/1280.html",
        "geocode_source": "auto"
      }
    },
    {
      "type": "Feature",
      "geometry": {
        "type": "Point",
        "coordinates": [
          138.833961,
          36.624433
        ]
      },
      "properties": {
        "name": "RVパーク伊参（いさま）スタジオ公園",
        "pref": "群馬県",
        "address": "群馬県吾妻郡中之条町大字五反田3527-5",
        "phone": "090-8031-3476",
        "fee": "一般: １泊・１台 2,500円",
        "available_period": "日祝 日祝の前日 春休み GW 夏休み お盆 平日 ※冬期期間(12/31～3/31)は閉館の為、利用出来ません。 施設により不定期のお休み・休業を設定している場合があります。ご利用可能日は事前に各施設にお問い合わせください。",
        "checkin_checkout": "チェックイン: 14:00 ～ 17:00 / チェックアウト: 特になし ～ 10:00",
        "vehicle_size": "セミフルコン バスコン キャブコン バンコン トレーラー 軽キャン 一般車",
        "features": [
          "24時間利用OK",
          "温水洗浄便座あり",
          "入浴施設あり（車移動あり）",
          "温泉あり",
          "ごみ処理対応可（無料）",
          "電源あり（無料）",
          "発電機・不可",
          "水道あり（無料）",
          "ペットOK",
          "ドッグランなし",
          "旅館・ホテルの食事：朝食・不可",
          "旅館・ホテルの食事：夕食・不可",
          "旅館・ホテルの宿泊予約・不可"
        ],
        "url": "https://www.kurumatabi.com/park/rvpark/685.html",
        "geocode_source": "auto"
      }
    },
    {
      "type": "Feature",
      "geometry": {
        "type": "Point",
        "coordinates": [
          139.019366,
          36.477856
        ]
      },
      "properties": {
        "name": "RVパーク伊香保",
        "pref": "群馬県",
        "address": "群馬県渋川市中村755-1",
        "phone": "0279-22-4841",
        "fee": "一般: 1泊・1台につき 2,500円 / プレミアム会員: 1泊・1台につき 2,000円",
        "available_period": "日祝 日祝の前日 春休み GW 冬休み 平日 ※毎週月曜日・火曜日/第2･第4水曜日も定休日となります。 ※年末年始・お盆休みはご利用できません。 ※その他休業日は下記アドレス先の営業日カレンダーにてご確認ください。 https://www.c-park.jp 施設により不定期のお休み・休業を設定している場合があります。ご利用可能日は事前に各施設にお問い合わせください。",
        "checkin_checkout": "チェックイン: 15:00 ～ 17:30 / チェックアウト: 特になし ～ 10:00",
        "vehicle_size": "フルコン セミフルコン バスコン キャブコン バンコン トレーラー 軽キャン 一般車 下記駐車場サイズもご確認ください。 利用可能かどうか判断がつかない場合は、施設までお問い合わせください。",
        "features": [
          "24時間利用OK",
          "温水洗浄便座あり",
          "入浴施設あり（車移動あり）",
          "温泉あり",
          "ブラック・グレーOK",
          "ごみ処理対応可（無料）",
          "電源あり（無料）",
          "発電機・不可",
          "水道あり（無料）",
          "炊事場なし",
          "コインランドリー・なし",
          "ペットOK",
          "WI-FIの利用・なし",
          "旅館・ホテルの食事：朝食・不可",
          "旅館・ホテルの食事：夕食・不可",
          "旅館・ホテルの宿泊予約・不可"
        ],
        "url": "https://www.kurumatabi.com/park/rvpark/655.html",
        "geocode_source": "auto"
      }
    },
    {
      "type": "Feature",
      "geometry": {
        "type": "Point",
        "coordinates": [
          138.928565,
          36.501398
        ]
      },
      "properties": {
        "name": "RVパーク伊香保温泉＋伊草酒店",
        "pref": "群馬県",
        "address": "群馬県渋川市伊香保町伊香保544-74",
        "phone": "0279-72-2178",
        "fee": "一般: 1泊/1台 3,850円〜",
        "available_period": "通年 施設により不定期のお休み・休業を設定している場合があります。ご利用可能日は事前に各施設にお問い合わせください。",
        "checkin_checkout": "チェックイン: 13:00 ～ 19:00 / チェックアウト: 特になし ～ 10:00",
        "vehicle_size": "セミフルコン バスコン キャブコン バンコン トレーラー 軽キャン 一般車 その他 下記駐車場サイズもご確認ください。 利用可能かどうか判断がつかない場合は、施設までお問い合わせください。",
        "features": [
          "24時間利用OK",
          "温水洗浄便座あり",
          "入浴施設あり（徒歩圏内あり）",
          "温泉あり",
          "ダンプステーション・なし",
          "ごみ処理対応可（無料）",
          "電源あり（無料）",
          "発電機・不可",
          "水道あり（無料）",
          "炊事場なし",
          "コインランドリーあり",
          "ペットOK",
          "ドッグランあり",
          "WI-FIあり（無料）",
          "朝食予約OK",
          "夕食予約OK",
          "宿泊予約OK"
        ],
        "url": "https://www.kurumatabi.com/park/rvpark/694.html",
        "geocode_source": "auto"
      }
    },
    {
      "type": "Feature",
      "geometry": {
        "type": "Point",
        "coordinates": [
          138.626765,
          36.578377
        ]
      },
      "properties": {
        "name": "RVパーク赤岩の里",
        "pref": "群馬県",
        "address": "群馬県吾妻郡中之条町大字赤岩195番地",
        "phone": "0279-95-3008",
        "fee": "1泊 2,500円／1台(トレーラー含む) ※途中出入り可 【利用可能台数】3台 電源利用料については、 電源の有無 の項目をご確認ください。 最新の料金は直接施設へ事前確認をお願いします。",
        "available_period": "日祝 日祝の前日 春休み GW 夏休み お盆 冬休み 平日 冬季休業（12月～３月）があります。 施設により不定期のお休み・休業を設定している場合があります。ご利用可能日は事前に各施設にお問い合わせください。",
        "checkin_checkout": "チェックイン: 13:00 ～ 16:00 / チェックアウト: 特になし ～ 10:00",
        "vehicle_size": "フルコン セミフルコン バスコン キャブコン バンコン トレーラー 軽キャン",
        "features": [
          "24時間利用OK",
          "特に機能なし",
          "入浴施設あり（車移動あり）",
          "温泉あり",
          "ごみ処理対応可（有料）",
          "電源あり（無料）",
          "発電機利用可(時間指定あり)",
          "水道あり（無料）",
          "ペットOK"
        ],
        "url": "https://www.kurumatabi.com/park/rvpark/796.html",
        "geocode_source": "auto"
      }
    },
    {
      "type": "Feature",
      "geometry": {
        "type": "Point",
        "coordinates": [
          139.211807,
          36.715325
        ]
      },
      "properties": {
        "name": "RVパーク農産物直売所 尾瀬市場 利根町本店",
        "pref": "群馬県",
        "address": "群馬県沼田市利根町平川1113",
        "phone": "0278-56-3700",
        "fee": "一般: 1泊/1台 2,000円 / スタンダード会員: 1泊/1台 1,600円 / プレミアム会員: 1泊/1台 1,600円",
        "available_period": "通年 日祝 日祝の前日 春休み GW 夏休み お盆 冬休み 年末年始 平日 施設により不定期のお休み・休業を設定している場合があります。ご利用可能日は事前に各施設にお問い合わせください。",
        "checkin_checkout": "チェックイン: 13:00 ～ 17:00 / チェックアウト: 8:00 ～ 11:00",
        "vehicle_size": "セミフルコン バスコン キャブコン バンコン トレーラー 軽キャン 一般車 下記駐車場サイズもご確認ください。 利用可能かどうか判断がつかない場合は、施設までお問い合わせください。",
        "features": [
          "24時間利用OK",
          "温水洗浄便座あり",
          "入浴施設あり（車移動あり）",
          "温泉あり",
          "ダンプステーション・なし",
          "ごみ処理対応可（無料）",
          "電源あり（有料）",
          "発電機・不可",
          "水道あり（無料）",
          "ペットOK",
          "WI-FIの利用・なし"
        ],
        "url": "https://www.kurumatabi.com/park/rvpark/1043.html",
        "geocode_source": "auto"
      }
    },
    {
      "type": "Feature",
      "geometry": {
        "type": "Point",
        "coordinates": [
          138.96794,
          36.831732
        ]
      },
      "properties": {
        "name": "谷川岳RVパーク",
        "pref": "群馬県",
        "address": "群馬県利根郡みなかみ町湯桧曽土合220",
        "phone": "0278-72-5222",
        "fee": "一般: 1泊/1台 3,500円〜",
        "available_period": "通年 冬期間は積雪量によりパーク場所をご案内いたします。 施設により不定期のお休み・休業を設定している場合があります。ご利用可能日は事前に各施設にお問い合わせください。",
        "checkin_checkout": "チェックイン: 12:00 ～ 16:30 / チェックアウト: 特になし ～ 11:00",
        "vehicle_size": "フルコン セミフルコン キャブコン バンコン トレーラー 軽キャン 一般車 下記駐車場サイズもご確認ください。 利用可能かどうか判断がつかない場合は、施設までお問い合わせください。",
        "features": [
          "24時間利用OK",
          "温水洗浄便座あり",
          "入浴施設あり（徒歩圏内あり）",
          "温泉あり",
          "ダンプステーション・なし",
          "ごみ処理対応可（有料）",
          "電源あり（無料）",
          "発電機利用可(時間指定あり)",
          "水道あり（無料）",
          "炊事場なし",
          "コインランドリー・なし",
          "ペットOK",
          "ドッグランなし",
          "WI-FIの利用・なし",
          "旅館・ホテルの食事：朝食・不可",
          "旅館・ホテルの食事：夕食・不可",
          "宿泊予約OK"
        ],
        "url": "https://www.kurumatabi.com/park/rvpark/997.html",
        "geocode_source": "auto"
      }
    },
    {
      "type": "Feature",
      "geometry": {
        "type": "Point",
        "coordinates": [
          138.638953,
          36.607623
        ]
      },
      "properties": {
        "name": "ＲＶパーク応徳温泉　道の駅六合",
        "pref": "群馬県",
        "address": "群馬県吾妻郡中之条町小雨21-1",
        "phone": "0279-95-3122",
        "fee": "一般: 1泊・1台につき（入浴料金が含まれません） 3,000円",
        "available_period": "通年 日祝 日祝の前日 春休み GW 夏休み お盆 冬休み 年末年始 平日 ※繁忙期は混雑しますがご了承ください。毎週水曜日は、定休日となります。 ※2025年3月19日の倒木による温泉管破損のため、日帰り温泉施設は臨時休業しております。 施設により不定期のお休み・休業を設定している場合があります。ご利用可能日は事前に各施設にお問い合わせください。",
        "checkin_checkout": "チェックイン: 15:00 ～ 20:00 / チェックアウト: 15:00 ～ 12:00",
        "vehicle_size": "フルコン セミフルコン バスコン キャブコン バンコン トレーラー 軽キャン 一般車 下記駐車場サイズもご確認ください。 利用可能かどうか判断がつかない場合は、施設までお問い合わせください。",
        "features": [
          "24時間利用OK",
          "入浴施設あり（施設内）",
          "温泉あり",
          "ごみ処理対応可（有料）",
          "電源あり（有料）",
          "発電機利用可(時間指定なし)",
          "水道あり（無料）",
          "ペットOK",
          "旅館・ホテルの食事：朝食・不可",
          "旅館・ホテルの食事：夕食・不可",
          "宿泊予約OK"
        ],
        "url": "https://www.kurumatabi.com/park/rvpark/686.html",
        "geocode_source": "auto"
      }
    },
    {
      "type": "Feature",
      "geometry": {
        "type": "Point",
        "coordinates": [
          140.425721,
          36.7702
        ]
      },
      "properties": {
        "name": "Fukuroda Forest RVパーク＆オートキャンプ場",
        "pref": "茨城県",
        "address": "茨城県久慈郡大子町小生瀬3964",
        "phone": "090-5422-5881",
        "fee": "一般: 1泊/1台 4,000円 / スタンダード会員: 1泊/1台 3,900円 / プレミアム会員: 1泊/1台 3,800円",
        "available_period": "通年 日祝 日祝の前日 春休み GW 夏休み お盆 冬休み 年末年始 施設により不定期のお休み・休業を設定している場合があります。ご利用可能日は事前に各施設にお問い合わせください。",
        "checkin_checkout": "チェックイン: 13:00 ～ 17:00 / チェックアウト: 9:00 ～ 12:00",
        "vehicle_size": "セミフルコン バスコン キャブコン バンコン トレーラー 軽キャン 一般車 下記駐車場サイズもご確認ください。 利用可能かどうか判断がつかない場合は、施設までお問い合わせください。",
        "features": [
          "24時間利用OK",
          "温水洗浄便座あり",
          "入浴施設あり（車移動あり）",
          "温泉あり",
          "ブラック・グレーOK",
          "ごみ処理対応可（有料）",
          "電源あり（無料）",
          "発電機利用可(時間指定あり)",
          "水道あり（無料）",
          "炊事場あり",
          "コインランドリー・なし",
          "ペットOK",
          "ドッグランあり",
          "WI-FIの利用・なし",
          "朝食予約OK",
          "夕食予約OK",
          "宿泊予約OK"
        ],
        "url": "https://www.kurumatabi.com/park/rvpark/1047.html",
        "geocode_source": "auto"
      }
    },
    {
      "type": "Feature",
      "geometry": {
        "type": "Point",
        "coordinates": [
          139.954422,
          35.994587
        ]
      },
      "properties": {
        "name": "HYGGE CAMP RVPARK",
        "pref": "茨城県",
        "address": "茨城県常総市内守谷町3312-1",
        "phone": "0297-38-7716",
        "fee": "一般: 1泊•1台電源込み 3,300円 / 一般: 1泊1台電源なし 2,200円",
        "available_period": "通年 施設により不定期のお休み・休業を設定している場合があります。ご利用可能日は事前に各施設にお問い合わせください。",
        "checkin_checkout": "チェックイン: 12:00 ～ 16:30 / チェックアウト: 特になし ～ 11:00",
        "vehicle_size": "セミフルコン バスコン キャブコン バンコン トレーラー 軽キャン 一般車 下記駐車場サイズもご確認ください。 利用可能かどうか判断がつかない場合は、施設までお問い合わせください。",
        "features": [
          "24時間利用OK",
          "温水洗浄便座あり",
          "入浴施設あり（車移動あり）",
          "温泉あり",
          "ダンプステーション・なし",
          "ごみ処理対応可（有料）",
          "電源あり（無料）",
          "発電機・不可",
          "水道あり（無料）",
          "炊事場あり",
          "コインランドリー・なし",
          "ペットOK",
          "ドッグランあり",
          "WI-FIあり（無料）",
          "旅館・ホテルの食事：朝食・不可",
          "旅館・ホテルの食事：夕食・不可",
          "旅館・ホテルの宿泊予約・不可"
        ],
        "url": "https://www.kurumatabi.com/park/rvpark/1507.html",
        "geocode_source": "auto"
      }
    },
    {
      "type": "Feature",
      "geometry": {
        "type": "Point",
        "coordinates": [
          140.534466,
          36.112121
        ]
      },
      "properties": {
        "name": "KITAURA LAKESIDE RVパーク",
        "pref": "茨城県",
        "address": "茨城県鉾田市梶山２９４７",
        "phone": "07084148109",
        "fee": "[サイト１（電源15A）] 1泊 平日6,500円 土日祝前9,500円 ハイシーズン11,000／1台 ※1サイト2名までの料金 （定員5名） 大人・小人・幼児１名増えるごとに＋2,000円 ※２匹まで無料（シングルコートの犬種に制限あり） 3頭目から1頭につき＋500円 [サイト２（電源15A）] 1泊 平日6,500円 土日祝前9,500円 ハイシーズン11,000／1台 ※1サイト2名までの料金 （定員5名） 大人・小人・幼児１名増えるごとに＋2,000円 ※２匹まで無料（シングルコートの犬種に制限あり） 3頭目から1頭につき＋500円 [サイト３（電源20A）] 1泊 平日7,000円 土日祝前10,000円 ハイシーズン11,500／1台 ※1サイト2名までの料金 （定員3名） 大人・小人・幼児１名増えるごとに＋2,000円 ※２匹まで無料（シングルコートの犬種に制限あり） 3頭目から1頭につき＋500円 電源利用料については、 電源の有無 の項目をご確認ください。 最新の料金は直接施設へ事前確認をお願いします。",
        "available_period": "通年 日祝 日祝の前日 春休み GW 夏休み お盆 冬休み 年末年始 平日 施設により不定期のお休み・休業を設定している場合があります。ご利用可能日は事前に各施設にお問い合わせください。",
        "checkin_checkout": "チェックイン: 13:00 ～ 17:00 / チェックアウト: 特になし ～ 10:00",
        "vehicle_size": "キャブコン バンコン トレーラー 軽キャン 一般車 下記駐車場サイズもご確認ください。 利用可能かどうか判断がつかない場合は、施設までお問い合わせください。",
        "features": [
          "24時間利用OK",
          "温水洗浄便座あり",
          "入浴施設あり（車移動あり）",
          "温泉あり",
          "ダンプステーション・なし",
          "ごみ処理対応可（無料）",
          "電源あり（無料）",
          "発電機・不可",
          "水道あり（無料）",
          "炊事場あり",
          "コインランドリー・なし",
          "ペットOK",
          "ドッグランあり",
          "WI-FIの利用・なし"
        ],
        "url": "https://www.kurumatabi.com/park/rvpark/1426.html",
        "geocode_source": "auto"
      }
    },
    {
      "type": "Feature",
      "geometry": {
        "type": "Point",
        "coordinates": [
          140.335594,
          36.07017
        ]
      },
      "properties": {
        "name": "RVパーク DEJIMAベース",
        "pref": "茨城県",
        "address": "茨城県かすみがうら市牛渡４０１９番地５",
        "phone": "05018082166",
        "fee": "一般: 1泊・1台につき 2,750円〜4,400円",
        "available_period": "通年 毎週火曜日定休+不定休（イベント出展時や、スタッフ調整困難時など） 月曜日は退場のみ可。月・火曜日のご予約（入場）は出来ません。 施設により不定期のお休み・休業を設定している場合があります。ご利用可能日は事前に各施設にお問い合わせください。",
        "checkin_checkout": "チェックイン: 13:00 ～ 17:00 / チェックアウト: 特になし ～ 12:00",
        "vehicle_size": "キャブコン バンコン 軽キャン 一般車 下記駐車場サイズもご確認ください。 利用可能かどうか判断がつかない場合は、施設までお問い合わせください。",
        "features": [
          "24時間利用OK",
          "温水洗浄便座あり",
          "入浴施設あり（施設内）",
          "シャワーあり",
          "ごみ処理対応可（無料）",
          "電源あり（無料）",
          "発電機・不可",
          "水道あり（無料）",
          "炊事場なし",
          "コインランドリーあり",
          "ペットOK",
          "ドッグランなし",
          "WI-FIあり（無料）",
          "旅館・ホテルの食事：朝食・不可",
          "旅館・ホテルの食事：夕食・不可",
          "旅館・ホテルの宿泊予約・不可"
        ],
        "url": "https://www.kurumatabi.com/park/rvpark/1396.html",
        "geocode_source": "auto"
      }
    },
    {
      "type": "Feature",
      "geometry": {
        "type": "Point",
        "coordinates": [
          140.632863,
          36.038671
        ]
      },
      "properties": {
        "name": "RVパーク Surf&Turf MALIBU／サーフアンドターフマリブ",
        "pref": "茨城県",
        "address": "茨城県鹿嶋市角折2364‐25",
        "phone": "090-8746-4259",
        "fee": "ご予約は公式LINEでお願い致します。 ＩＤ『@924dsyeb』（写真にQR掲載） 【大絶景！海目の前の車中泊・キャンプ場】 【料金表】 ※価格は１泊税込です ※8人まで同一料金（以降1人追加1500円） ※決済はクレジットカードまたは銀行振込 ※銀行振込ご希望者様は公式LINEでメッセージください ◾️平日9,000円 ◾️土・日・祝前・祝12,000円 ◾️特別料金（GW・年末年始）15,000円 【キャンセル料】 ◾️7日前まで代金の30％ ◾️3日前まで代金の50％ ◾️当日は全額 【チェックイン・アウト】 ◾️イン12時 ◾️アウト翌11時 【駐車場】 ◾️敷地内アスファルト1台 長さ6メートルまで入ります、 途中道幅狭い場所あるため左右の木の枝気を付けてください。 ◾️敷地前砂利スペース4〜5台 海岸側から来れば長さ7.5メートルの大型キャンピングカーも大丈夫ですが、途中道幅狭い場所あるため左右の木の枝気を付けてください。 【その他設備】 ◾️無料wifi ◾️温水シャワー ◾️見晴台デッキ ◾️焚き火台 ◾️焚き火OK ◾️トイレ（水洗） ◾️ミニ風呂 ◾️ペットOK 【別途オプション料金】 ◾️トレーラーハウス5,000円×宿泊日数 （最大4名、常設ベッド1台2人就寝、ダイニングベッド展開2人就寝） ◾️バレルサウナ5,000円（滞在中利用無制限） ◾️大絶景展望露天温水ジャグジー2,500円（滞在中利用無制限） ◾️レンタカーザ・ビートル4人乗り2,500円（滞在中利用無制限） ◾️コストコソフトロングサーフボード1,000円（滞在中利用無制限） ※サウナは電気工事が完了していないため使用開始は12月末予定（別途オプション料金）です。 ※敷地内にあるトレーラーハウスは行政認可申請中のため使用開始は12月末予定 電源利用料については、 電源の有無 の項目をご確認ください。 最新の料金は直接施設へ事前確認をお願いします。",
        "available_period": "通年 施設により不定期のお休み・休業を設定している場合があります。ご利用可能日は事前に各施設にお問い合わせください。",
        "checkin_checkout": "チェックイン: 12:00 ～ 20:00 / チェックアウト: 6:00 ～ 11:00",
        "vehicle_size": "バスコン キャブコン バンコン 軽キャン 一般車 その他 下記駐車場サイズもご確認ください。 利用可能かどうか判断がつかない場合は、施設までお問い合わせください。",
        "features": [
          "24時間利用OK",
          "入浴施設あり（施設内）",
          "湯沸かし浴槽あり",
          "ごみ処理対応可（無料）",
          "電源あり（無料）",
          "発電機利用可(時間指定あり)",
          "水道あり（無料）",
          "コインランドリーあり",
          "ペットOK",
          "WI-FIあり（無料）",
          "旅館・ホテルの食事：朝食・不可",
          "旅館・ホテルの食事：夕食・不可",
          "旅館・ホテルの宿泊予約・不可"
        ],
        "url": "https://www.kurumatabi.com/park/rvpark/1584.html",
        "geocode_source": "auto"
      }
    },
    {
      "type": "Feature",
      "geometry": {
        "type": "Point",
        "coordinates": [
          140.401141,
          36.381273
        ]
      },
      "properties": {
        "name": "RVパーク オートキャンプTR大塚",
        "pref": "茨城県",
        "address": "茨城県水戸市大塚町１０１５－１",
        "phone": "09085863625",
        "fee": "一般: 1泊1サイト 4,500円 / 一般: 1泊1サイトお一人様ご利用 2,500円",
        "available_period": "通年 施設により不定期のお休み・休業を設定している場合があります。ご利用可能日は事前に各施設にお問い合わせください。",
        "checkin_checkout": "チェックイン: 14:00 ～ 特になし / チェックアウト: 特になし ～ 11:00",
        "vehicle_size": "セミフルコン バスコン キャブコン バンコン トレーラー 軽キャン 一般車 下記駐車場サイズもご確認ください。 利用可能かどうか判断がつかない場合は、施設までお問い合わせください。",
        "features": [
          "24時間利用OK",
          "温水洗浄便座あり",
          "入浴施設あり（徒歩圏内あり）",
          "温泉あり",
          "ごみ処理対応可（無料）",
          "電源あり（無料）",
          "発電機・不可",
          "水道あり（無料）",
          "炊事場あり",
          "コインランドリー・なし",
          "ペットOK",
          "ドッグランなし",
          "WI-FIあり（無料）",
          "旅館・ホテルの食事：朝食・不可",
          "旅館・ホテルの食事：夕食・不可",
          "旅館・ホテルの宿泊予約・不可"
        ],
        "url": "https://www.kurumatabi.com/park/rvpark/1445.html",
        "geocode_source": "auto"
      }
    },
    {
      "type": "Feature",
      "geometry": {
        "type": "Point",
        "coordinates": [
          140.578467,
          36.160084
        ]
      },
      "properties": {
        "name": "RVパーク オートキャンプTR大竹",
        "pref": "茨城県",
        "address": "茨城県鉾田市大竹1327-4大竹海岸",
        "phone": "090-8586-3625",
        "fee": "1泊 7,000円～／1サイト(トレーラー含む) 電源利用料については、 電源の有無 の項目をご確認ください。 最新の料金は直接施設へ事前確認をお願いします。",
        "available_period": "通年 ネットよりご予約頂ければ、基本年中ご利用可能です。 金額はシーズンで多少異なりますが、ご予約サイト進んで頂くと金額が出てまいります。 施設により不定期のお休み・休業を設定している場合があります。ご利用可能日は事前に各施設にお問い合わせください。",
        "checkin_checkout": "チェックイン: 12:00 ～ 特になし / チェックアウト: 特になし ～ 11:00",
        "vehicle_size": "キャブコン バンコン トレーラー 軽キャン 一般車 その他 下記駐車場サイズもご確認ください。 利用可能かどうか判断がつかない場合は、施設までお問い合わせください。",
        "features": [
          "24時間利用OK",
          "温水洗浄便座あり",
          "入浴施設あり（車移動あり）",
          "温泉あり",
          "ダンプステーション・なし",
          "ごみ処理対応可（無料）",
          "電源あり（無料）",
          "発電機利用可(時間指定あり)",
          "水道あり（無料）",
          "コインランドリー・なし",
          "ペットOK",
          "WI-FIあり（無料）"
        ],
        "url": "https://www.kurumatabi.com/park/rvpark/1334.html",
        "geocode_source": "auto"
      }
    },
    {
      "type": "Feature",
      "geometry": {
        "type": "Point",
        "coordinates": [
          140.64045,
          36.80031
        ]
      },
      "properties": {
        "name": "RVパーク オートリゾートinはぎビレッジ",
        "pref": "茨城県",
        "address": "茨城県高萩市横川1534-3",
        "phone": "070-3132-5858",
        "fee": "一般: 1泊：1台につき 3,300円〜 / スタンダード会員: 1泊：1台につき 5,500円〜 / プレミアム会員: 1泊：1台につき 7,700円〜",
        "available_period": "通年 施設により不定期のお休み・休業を設定している場合があります。ご利用可能日は事前に各施設にお問い合わせください。",
        "checkin_checkout": "チェックイン: 14:00 ～ 19:00 / チェックアウト: 特になし ～ 11:00",
        "vehicle_size": "セミフルコン バスコン キャブコン バンコン トレーラー 軽キャン 一般車 下記駐車場サイズもご確認ください。 利用可能かどうか判断がつかない場合は、施設までお問い合わせください。",
        "features": [
          "24時間利用OK",
          "温水洗浄便座あり",
          "入浴施設あり（施設内）",
          "シャワーあり",
          "ブラック・グレーOK",
          "ごみ処理対応可（有料）",
          "電源あり（有料）",
          "発電機・不可",
          "水道あり（無料）",
          "炊事場あり",
          "コインランドリー・なし",
          "ペットOK",
          "ドッグランあり",
          "WI-FIあり（無料）",
          "旅館・ホテルの食事：朝食・不可",
          "旅館・ホテルの食事：夕食・不可",
          "旅館・ホテルの宿泊予約・不可"
        ],
        "url": "https://www.kurumatabi.com/park/rvpark/1243.html",
        "geocode_source": "auto"
      }
    },
    {
      "type": "Feature",
      "geometry": {
        "type": "Point",
        "coordinates": [
          140.529586,
          36.679751
        ]
      },
      "properties": {
        "name": "RVパーク 常陸太田 FOREST AUTO CAMP",
        "pref": "茨城県",
        "address": "茨城県常陸太田市上深荻町1804",
        "phone": "090-2165-1004",
        "fee": "一般: RVサイト 3,000円 / 一般: オートキャンプサイト 2,500円〜3,000円 / 一般: バンガロー（最大6名）４名まで7000円 追加1名+1500円 7,000円〜10,000円 / スタンダード会員: クルマ旅倶楽部 2,500円 / プレミアム会員: クルマ旅倶楽部 2,500円",
        "available_period": "日祝 日祝の前日 春休み GW 夏休み お盆 冬休み 年末年始 不定休のお休み・休業を設定している場合がございます。 ご予約の際、ホームページから宿泊確認をお願い致します。 当日の宿泊のお問い合わせは090-2165-1004（安藤）までお問い合わせください。 施設により不定期のお休み・休業を設定している場合があります。ご利用可能日は事前に各施設にお問い合わせください。",
        "checkin_checkout": "チェックイン: 13:00 ～ 20:00 / チェックアウト: 8:00 ～ 11:00",
        "vehicle_size": "セミフルコン バスコン キャブコン バンコン トレーラー 軽キャン 一般車 下記駐車場サイズもご確認ください。 利用可能かどうか判断がつかない場合は、施設までお問い合わせください。",
        "features": [
          "24時間利用OK",
          "温水洗浄便座あり",
          "入浴施設あり（車移動あり）",
          "温泉あり",
          "ブラック・グレーOK",
          "ゴミ処理対応・不可",
          "電源あり（無料）",
          "発電機・不可",
          "水道あり（無料）",
          "炊事場あり",
          "コインランドリー・なし",
          "ペットOK",
          "ドッグランなし",
          "WI-FIあり（無料）",
          "旅館・ホテルの食事：朝食・不可",
          "夕食予約OK",
          "宿泊予約OK"
        ],
        "url": "https://www.kurumatabi.com/park/rvpark/1369.html",
        "geocode_source": "auto"
      }
    },
    {
      "type": "Feature",
      "geometry": {
        "type": "Point",
        "coordinates": [
          140.033553,
          36.288114
        ]
      },
      "properties": {
        "name": "RVパーク 筑西",
        "pref": "茨城県",
        "address": "茨城県筑西市桑山1919",
        "phone": "080-2150-6123",
        "fee": "一般: 1泊・1台につき 4,000円〜5,000円",
        "available_period": "通年 施設により不定期のお休み・休業を設定している場合があります。ご利用可能日は事前に各施設にお問い合わせください。",
        "checkin_checkout": "チェックイン: 13:00 ～ 21:00 / チェックアウト: 特になし ～ 11:00",
        "vehicle_size": "フルコン セミフルコン バスコン キャブコン バンコン トレーラー 軽キャン 一般車 下記駐車場サイズもご確認ください。 利用可能かどうか判断がつかない場合は、施設までお問い合わせください。",
        "features": [
          "24時間利用OK",
          "温水洗浄便座あり",
          "入浴施設あり（施設内）",
          "シャワーあり",
          "ブラック・グレーOK",
          "ごみ処理対応可（有料）",
          "電源あり（有料）",
          "発電機・不可",
          "水道あり（無料）",
          "コインランドリー・なし",
          "ペットOK",
          "WI-FIあり（無料）"
        ],
        "url": "https://www.kurumatabi.com/park/rvpark/1512.html",
        "geocode_source": "auto"
      }
    },
    {
      "type": "Feature",
      "geometry": {
        "type": "Point",
        "coordinates": [
          140.615215,
          36.384003
        ]
      },
      "properties": {
        "name": "RVパークA-VILLAGE",
        "pref": "茨城県",
        "address": "茨城県ひたちなか市阿字ケ浦町44-1",
        "phone": "029-219-6211",
        "fee": "一般: ベーシックサイト（7m×4m） 4,400円〜",
        "available_period": "通年 火・水曜定休 ※祝日等の場合は営業します。 ※その他臨時休業あり 施設により不定期のお休み・休業を設定している場合があります。ご利用可能日は事前に各施設にお問い合わせください。",
        "checkin_checkout": "チェックイン: 11:00 ～ 21:00 / チェックアウト: 6:00 ～ 10:00",
        "vehicle_size": "フルコン セミフルコン バスコン キャブコン バンコン トレーラー 軽キャン 一般車",
        "features": [
          "24時間利用OK",
          "入浴施設あり（徒歩圏内あり）",
          "温泉あり",
          "ごみ処理対応可（無料）",
          "電源あり（無料）",
          "発電機・不可",
          "水道あり（無料）",
          "炊事場あり",
          "ペットOK",
          "ドッグランあり"
        ],
        "url": "https://www.kurumatabi.com/park/rvpark/1667.html",
        "geocode_source": "auto"
      }
    },
    {
      "type": "Feature",
      "geometry": {
        "type": "Point",
        "coordinates": [
          139.89309,
          36.07443
        ]
      },
      "properties": {
        "name": "RVパークSUGAR BASE",
        "pref": "茨城県",
        "address": "茨城県坂東市弓田1826-2",
        "phone": "090-2465-1284",
        "fee": "一般: 1泊1台 5,500円",
        "available_period": "通年 施設により不定期のお休み・休業を設定している場合があります。ご利用可能日は事前に各施設にお問い合わせください。",
        "checkin_checkout": "チェックイン: 13:00 ～ 19:00 / チェックアウト: 特になし ～ 11:00",
        "vehicle_size": "フルコン セミフルコン バスコン キャブコン バンコン トレーラー 軽キャン 一般車 その他 下記駐車場サイズもご確認ください。 利用可能かどうか判断がつかない場合は、施設までお問い合わせください。",
        "features": [
          "24時間利用OK",
          "温水洗浄便座あり",
          "入浴施設あり（車移動あり）",
          "湯沸かし浴槽あり",
          "ごみ処理対応可（有料）",
          "電源あり（有料）",
          "発電機・不可",
          "水道あり（無料）",
          "ペットOK",
          "WI-FIあり（無料）"
        ],
        "url": "https://www.kurumatabi.com/park/rvpark/1137.html",
        "geocode_source": "auto"
      }
    },
    {
      "type": "Feature",
      "geometry": {
        "type": "Point",
        "coordinates": [
          140.614916,
          36.385344
        ]
      },
      "properties": {
        "name": "RVパークsmart 阿字ヶ浦温泉のぞみ",
        "pref": "茨城県",
        "address": "茨城県ひたちなか市阿字ケ浦町3290",
        "phone": "092-433-7370",
        "fee": "一般: 1泊・1台につき 3,500円",
        "available_period": "通年 日祝 日祝の前日 春休み GW 夏休み お盆 冬休み 年末年始 平日 施設休館日：毎週木曜日※年末年始やお盆休みの時期は変動がございます。 RVパークはsmartは休館日でもご利用可能です。 施設により不定期のお休み・休業を設定している場合があります。ご利用可能日は事前に各施設にお問い合わせください。",
        "checkin_checkout": "チェックイン: 15:00 ～ / チェックアウト: 特になし ～ 13:00",
        "vehicle_size": "キャブコン バンコン トレーラー 軽キャン 一般車 下記駐車場サイズもご確認ください。 利用可能かどうか判断がつかない場合は、施設までお問い合わせください。",
        "features": [
          "24時間利用OK",
          "入浴施設あり（施設内）",
          "温泉あり",
          "ゴミ処理対応・不可",
          "電源あり（無料）",
          "発電機・不可",
          "水道・なし",
          "ペットOK"
        ],
        "url": "https://www.kurumatabi.com/park/rvpark/932.html",
        "geocode_source": "auto"
      }
    },
    {
      "type": "Feature",
      "geometry": {
        "type": "Point",
        "coordinates": [
          140.696176,
          35.854555
        ]
      },
      "properties": {
        "name": "RVパーク　Water Garden Resort キャンプ＆マリーナ",
        "pref": "茨城県",
        "address": "茨城県神栖市日川3631-1",
        "phone": "08078977674",
        "fee": "一般: 大人2名まで＋車1台で利用の場合 7,150円〜11,550円",
        "available_period": "通年 シーズンオフは定休日あり 詳しくは施設HPの営業日カレンダー参照 施設により不定期のお休み・休業を設定している場合があります。ご利用可能日は事前に各施設にお問い合わせください。",
        "checkin_checkout": "チェックイン: 14:00 ～ 17:00 / チェックアウト: 8:00 ～ 12:00",
        "vehicle_size": "セミフルコン バスコン キャブコン バンコン トレーラー 軽キャン 一般車 下記駐車場サイズもご確認ください。 利用可能かどうか判断がつかない場合は、施設までお問い合わせください。",
        "features": [
          "24時間利用OK",
          "温水洗浄便座あり",
          "入浴施設あり（車移動あり）",
          "温泉あり",
          "ダンプステーション・なし",
          "ごみ処理対応可（無料）",
          "電源あり（無料）",
          "発電機・不可",
          "水道あり（無料）",
          "炊事場あり",
          "コインランドリーあり",
          "ペットOK",
          "ドッグランなし",
          "WI-FIあり（無料）"
        ],
        "url": "https://www.kurumatabi.com/park/rvpark/1720.html",
        "geocode_source": "auto"
      }
    },
    {
      "type": "Feature",
      "geometry": {
        "type": "Point",
        "coordinates": [
          140.762598,
          36.808558
        ]
      },
      "properties": {
        "name": "RVパーク　グランピングヴィレッジIBARAKI",
        "pref": "茨城県",
        "address": "茨城県北茨城市磯原町磯原2547-3",
        "phone": "0293-44-7555",
        "fee": "【利用可能台数】5台 ■１台分区画：3m x 5.5m 区画 を２区画分利用可能 前方には余裕があるので7m車も可能。 ※トレーラーの場合はヘッド車を含めてその２区画分に収めるか、本館の駐車場に止める。 電源無し：３，５００円 電源有 ：４，５００円 牽引の場合 ：＋１，１００円 利用可能台数 電源有り：４台 電源なし：５台 日帰りBBQ５，０００円～ご８,０００円で利用いただけます。（要予約） 持ち込みの方は場所代１５，４００円になります。（要予約） 利用時間11：00～14：00（その他の時間は応相談） 電源利用料については、 電源の有無 の項目をご確認ください。 最新の料金は直接施設へ事前確認をお願いします。",
        "available_period": "通年 日祝 日祝の前日 春休み GW 夏休み お盆 冬休み 年末年始 平日 施設により不定期のお休み・休業を設定している場合があります。ご利用可能日は事前に各施設にお問い合わせください。",
        "checkin_checkout": "チェックイン: 11:00 ～ 18:00 / チェックアウト: 特になし ～ 10:00",
        "vehicle_size": "フルコン セミフルコン バスコン キャブコン バンコン トレーラー 軽キャン その他",
        "features": [
          "24時間利用OK",
          "入浴施設あり（施設内）",
          "湯沸かし浴槽あり",
          "ごみ処理対応可（有料）",
          "電源あり（無料）",
          "発電機利用可(時間指定あり)",
          "水道あり（無料）",
          "ペットOK"
        ],
        "url": "https://www.kurumatabi.com/park/rvpark/750.html",
        "geocode_source": "auto"
      }
    },
    {
      "type": "Feature",
      "geometry": {
        "type": "Point",
        "coordinates": [
          139.9412,
          36.196002
        ]
      },
      "properties": {
        "name": "RVパーク　ビアスパークしもつま",
        "pref": "茨城県",
        "address": "茨城県下妻市長塚乙70-3",
        "phone": "0296-30-5121",
        "fee": "一般: 1泊・1台につき 2,500円",
        "available_period": "通年 日祝 日祝の前日 春休み GW 夏休み お盆 冬休み 年末年始 平日 毎月第2火曜(8月は27日㈬)が休館日となります。それ以外はお正月,GW,お盆,と休まず営業しております！ 施設により不定期のお休み・休業を設定している場合があります。ご利用可能日は事前に各施設にお問い合わせください。",
        "checkin_checkout": "チェックイン: 13:00 ～ 21:00 / チェックアウト: 特になし ～ 12:00",
        "vehicle_size": "フルコン セミフルコン バスコン キャブコン バンコン 軽キャン 一般車",
        "features": [
          "24時間利用OK",
          "温水洗浄便座あり",
          "入浴施設あり（施設内）",
          "温泉あり",
          "ごみ処理対応可（無料）",
          "電源あり（無料）",
          "発電機利用可(時間指定なし)",
          "水道あり（無料）",
          "コインランドリー・なし",
          "ペットOK",
          "ドッグランあり",
          "WI-FIの利用・なし",
          "朝食予約OK",
          "夕食予約OK",
          "宿泊予約OK"
        ],
        "url": "https://www.kurumatabi.com/park/rvpark/798.html",
        "geocode_source": "auto"
      }
    },
    {
      "type": "Feature",
      "geometry": {
        "type": "Point",
        "coordinates": [
          140.614762,
          36.382104
        ]
      },
      "properties": {
        "name": "RVパークあじがうら",
        "pref": "茨城県",
        "address": "茨城県ひたちなか市磯崎町4625-2",
        "phone": "029-265-8151",
        "fee": "一般: 1泊・1台につき 2,500円",
        "available_period": "通年 日祝 日祝の前日 春休み GW 夏休み お盆 冬休み 年末年始 平日 ※繁忙期や特定日は利用可能台数が少なくなることがございます。（RVパーク自体ご利用いただけない日程もございます。）ご了承ください。 施設により不定期のお休み・休業を設定している場合があります。ご利用可能日は事前に各施設にお問い合わせください。",
        "checkin_checkout": "チェックイン: 13:00 ～ 22:00 / チェックアウト: 特になし ～ 10:00",
        "vehicle_size": "キャブコン バンコン 軽キャン 一般車 下記駐車場サイズもご確認ください。 利用可能かどうか判断がつかない場合は、施設までお問い合わせください。",
        "features": [
          "24時間利用OK",
          "入浴施設あり（施設内）",
          "シャワーあり",
          "ごみ処理対応可（無料）",
          "電源あり（有料）",
          "発電機・不可",
          "水道あり（無料）",
          "ペットOK",
          "WI-FIあり（無料）"
        ],
        "url": "https://www.kurumatabi.com/park/rvpark/570.html",
        "geocode_source": "auto"
      }
    },
    {
      "type": "Feature",
      "geometry": {
        "type": "Point",
        "coordinates": [
          140.143128,
          36.054343
        ]
      },
      "properties": {
        "name": "RVパークつくば",
        "pref": "茨城県",
        "address": "茨城県つくば市大角豆（ささぎ）2012-678",
        "phone": "080-4386-1863",
        "fee": "一般: 1泊・1台につき 3,000円 / スタンダード会員: 1泊・1台につき 3,000円 / プレミアム会員: 1泊・1台につき 2,700円",
        "available_period": "通年 日祝 日祝の前日 春休み GW 夏休み お盆 冬休み 平日 施設により不定期のお休み・休業を設定している場合があります。ご利用可能日は事前に各施設にお問い合わせください。",
        "checkin_checkout": "チェックイン: 14:00 ～ 18:00 / チェックアウト: 0:00 ～ 10:00",
        "vehicle_size": "セミフルコン バスコン キャブコン バンコン トレーラー 軽キャン 一般車 下記駐車場サイズもご確認ください。 利用可能かどうか判断がつかない場合は、施設までお問い合わせください。",
        "features": [
          "24時間利用OK",
          "温水洗浄便座あり",
          "入浴施設あり（車移動あり）",
          "温泉あり",
          "ごみ処理対応可（無料）",
          "電源あり（無料）",
          "発電機・不可",
          "水道あり（無料）",
          "炊事場なし",
          "コインランドリー・なし",
          "ペットOK",
          "WI-FIあり（無料）",
          "旅館・ホテルの食事：朝食・不可",
          "旅館・ホテルの食事：夕食・不可",
          "旅館・ホテルの宿泊予約・不可"
        ],
        "url": "https://www.kurumatabi.com/park/rvpark/953.html",
        "geocode_source": "auto"
      }
    },
    {
      "type": "Feature",
      "geometry": {
        "type": "Point",
        "coordinates": [
          140.614349,
          36.387631
        ]
      },
      "properties": {
        "name": "RVパークランドポートAjigaura",
        "pref": "茨城県",
        "address": "茨城県ひたちなか市阿字ケ浦町434",
        "phone": "090-3227-2903",
        "fee": "一般: 通常期 普通サイズ 一台一泊 3,800円〜4,000円 / スタンダード会員: 通常期 トレーラー・大型車 6,600円",
        "available_period": "通年 日祝 日祝の前日 春休み GW 夏休み お盆 冬休み 年末年始 平日 施設により不定期のお休み・休業を設定している場合があります。ご利用可能日は事前に各施設にお問い合わせください。",
        "checkin_checkout": "チェックイン: 14:00 ～ 21:00 / チェックアウト: 特になし ～ 10:00",
        "vehicle_size": "フルコン セミフルコン バスコン キャブコン バンコン トレーラー 軽キャン 一般車 その他 下記駐車場サイズもご確認ください。 利用可能かどうか判断がつかない場合は、施設までお問い合わせください。",
        "features": [
          "24時間利用OK",
          "温水洗浄便座あり",
          "入浴施設あり（徒歩圏内あり）",
          "温泉あり",
          "ダンプステーション・なし",
          "ごみ処理対応可（有料）",
          "電源あり（有料）",
          "発電機・不可",
          "水道あり（無料）",
          "炊事場なし",
          "コインランドリーあり",
          "ペットOK",
          "ドッグランあり",
          "WI-FIあり（無料）",
          "旅館・ホテルの食事：朝食・不可",
          "旅館・ホテルの食事：夕食・不可",
          "宿泊予約OK"
        ],
        "url": "https://www.kurumatabi.com/park/rvpark/1006.html",
        "geocode_source": "auto"
      }
    },
    {
      "type": "Feature",
      "geometry": {
        "type": "Point",
        "coordinates": [
          140.738167,
          35.867417
        ]
      },
      "properties": {
        "name": "RVパーク日川浜",
        "pref": "茨城県",
        "address": "茨城県神栖市日川海岸砂間2036-79",
        "phone": "080-7897-7674",
        "fee": "【基本サイト料金】 利用人数、車の台数によって料金が増えることはなく、 1サイト料金でご利用いただけます。※定員はお守りください ◇テントも張れる広々キャンプサイト※定員5名 Aシーズン:6,600円 Bシーズン:5,500円 Cシーズン:4,400円 Dシーズン:3,300円 Eシーズン:2,750円 ◇車中泊を楽しむ駐車場サイト Aシーズン:3,300円 Bシーズン:2,750円 Cシーズン:2,200円 Dシーズン:2,200円 Eシーズン:2,200円 【追加料金】 施設管理費550円 /泊 【決済方法】 オンライン決済のみ 【連泊割引】 Aシーズン以外は連泊割引あります。 長期利用の方はご相談ください。 ※シーズンカレンダーは施設HP参照 電源利用料については、 電源の有無 の項目をご確認ください。 最新の料金は直接施設へ事前確認をお願いします。",
        "available_period": "通年 閑散期は 不定休になります。 施設により不定期のお休み・休業を設定している場合があります。ご利用可能日は事前に各施設にお問い合わせください。",
        "checkin_checkout": "チェックイン: 13:00 ～ 17:00 / チェックアウト: 8:00 ～ 12:00",
        "vehicle_size": "フルコン セミフルコン バスコン キャブコン バンコン トレーラー 軽キャン 一般車 その他",
        "features": [
          "24時間利用OK",
          "入浴施設あり（施設内）",
          "シャワーあり",
          "ごみ処理対応可（無料）",
          "電源あり（無料）",
          "発電機・不可",
          "水道あり（無料）",
          "ペットOK"
        ],
        "url": "https://www.kurumatabi.com/park/rvpark/1659.html",
        "geocode_source": "auto"
      }
    },
    {
      "type": "Feature",
      "geometry": {
        "type": "Point",
        "coordinates": [
          140.474806,
          36.24727
        ]
      },
      "properties": {
        "name": "TSUKIMIDORI RVパーク 茨城",
        "pref": "茨城県",
        "address": "茨城県東茨城郡茨城町宮ヶ崎１７０８－１",
        "phone": "07089390310",
        "fee": "一般: 屋外 地面アスファルト 2,500円 / 一般: 倉庫内 地面コンクリート 5,500円",
        "available_period": "通年 施設により不定期のお休み・休業を設定している場合があります。ご利用可能日は事前に各施設にお問い合わせください。",
        "checkin_checkout": "チェックイン: 12:00 ～ 23:30 / チェックアウト: 特になし ～ 12:00",
        "vehicle_size": "フルコン セミフルコン バスコン キャブコン バンコン トレーラー 軽キャン 一般車 その他 下記駐車場サイズもご確認ください。 利用可能かどうか判断がつかない場合は、施設までお問い合わせください。",
        "features": [
          "24時間利用OK",
          "温水洗浄便座あり",
          "入浴施設あり（車移動あり）",
          "温泉あり",
          "ごみ処理対応可（有料）",
          "電源あり（有料）",
          "発電機利用可(時間指定あり)",
          "水道あり（無料）",
          "コインランドリーあり",
          "ペットOK",
          "WI-FIの利用・なし"
        ],
        "url": "https://www.kurumatabi.com/park/rvpark/1441.html",
        "geocode_source": "auto"
      }
    },
    {
      "type": "Feature",
      "geometry": {
        "type": "Point",
        "coordinates": [
          140.470632,
          36.000656
        ]
      },
      "properties": {
        "name": "なめがたRVパーク マルベリー",
        "pref": "茨城県",
        "address": "茨城県行方市島並1351",
        "phone": "090-2448-8046",
        "fee": "■平日 2,200 ■土日祝 3,300 ※誕生月は500円引き！ 電源利用料については、 電源の有無 の項目をご確認ください。 最新の料金は直接施設へ事前確認をお願いします。",
        "available_period": "通年 連泊OK 連泊時 連絡要 2日めより1000円値引有り 施設により不定期のお休み・休業を設定している場合があります。ご利用可能日は事前に各施設にお問い合わせください。",
        "checkin_checkout": "チェックイン: 13:00 ～ 19:00 / チェックアウト: 6:00 ～ 11:00",
        "vehicle_size": "セミフルコン バスコン キャブコン トレーラー 軽キャン 一般車 下記駐車場サイズもご確認ください。 利用可能かどうか判断がつかない場合は、施設までお問い合わせください。",
        "features": [
          "24時間利用OK",
          "温水洗浄便座あり",
          "入浴施設あり（施設内）",
          "シャワーあり",
          "ブラック・グレーOK",
          "ごみ処理対応可（有料）",
          "電源あり（有料）",
          "発電機利用可(時間指定あり)",
          "水道あり（無料）",
          "炊事場なし",
          "コインランドリー・なし",
          "ペットOK",
          "ドッグランあり",
          "WI-FIの利用・なし",
          "旅館・ホテルの食事：朝食・不可",
          "旅館・ホテルの食事：夕食・不可",
          "旅館・ホテルの宿泊予約・不可"
        ],
        "url": "https://www.kurumatabi.com/park/rvpark/1460.html",
        "geocode_source": "auto"
      }
    },
    {
      "type": "Feature",
      "geometry": {
        "type": "Point",
        "coordinates": [
          140.47818,
          36.660471
        ]
      },
      "properties": {
        "name": "天下野2区RVパーク捨吉",
        "pref": "茨城県",
        "address": "茨城県常陸太田市天下野町9034番地",
        "phone": "070-8586-6027",
        "fee": "一般: 一泊一台 大人１名 ゴミ処理込み 2,200円〜4,812円",
        "available_period": "通年 施設により不定期のお休み・休業を設定している場合があります。ご利用可能日は事前に各施設にお問い合わせください。",
        "checkin_checkout": "チェックイン: 13:00 ～ 特になし / チェックアウト: 特になし ～ 10:30",
        "vehicle_size": "セミフルコン バスコン キャブコン バンコン 軽キャン 一般車 下記駐車場サイズもご確認ください。 利用可能かどうか判断がつかない場合は、施設までお問い合わせください。",
        "features": [
          "24時間利用OK",
          "温水洗浄便座あり",
          "入浴施設あり（車移動あり）",
          "温泉あり",
          "ブラック・グレーOK",
          "ごみ処理対応可（無料）",
          "電源あり（有料）",
          "発電機利用可(時間指定あり)",
          "水道あり（無料）",
          "炊事場あり",
          "コインランドリーあり",
          "ペットOK",
          "ドッグランあり",
          "WI-FIあり（無料）",
          "旅館・ホテルの食事：朝食・不可",
          "旅館・ホテルの宿泊予約・不可"
        ],
        "url": "https://www.kurumatabi.com/park/rvpark/1407.html",
        "geocode_source": "auto"
      }
    },
    {
      "type": "Feature",
      "geometry": {
        "type": "Point",
        "coordinates": [
          129.983718,
          32.992929
        ]
      },
      "properties": {
        "name": "RVパーク ヴィラそのぎ グランピング・オートキャンプ",
        "pref": "長崎県",
        "address": "長崎県東彼杵郡東彼杵町一ッ石郷986",
        "phone": "0957-47-7678",
        "fee": "一般: 1泊・1台につき 5,000円",
        "available_period": "通年 施設により不定期のお休み・休業を設定している場合があります。ご利用可能日は事前に各施設にお問い合わせください。",
        "checkin_checkout": "チェックイン: 13:00 ～ 18:00 / チェックアウト: 6:00 ～ 10:00",
        "vehicle_size": "フルコン セミフルコン バスコン キャブコン バンコン トレーラー 軽キャン 一般車 下記駐車場サイズもご確認ください。 利用可能かどうか判断がつかない場合は、施設までお問い合わせください。",
        "features": [
          "24時間利用OK",
          "温水洗浄便座あり",
          "入浴施設あり（施設内）",
          "シャワーあり",
          "ごみ処理対応可（無料）",
          "電源あり（無料）",
          "発電機利用可(時間指定なし)",
          "水道あり（無料）",
          "炊事場あり",
          "コインランドリー・なし",
          "ペットOK",
          "ドッグランあり",
          "WI-FIの利用・なし",
          "旅館・ホテルの食事：朝食・不可",
          "旅館・ホテルの食事：夕食・不可",
          "旅館・ホテルの宿泊予約・不可"
        ],
        "url": "https://www.kurumatabi.com/park/rvpark/1312.html",
        "geocode_source": "auto"
      }
    },
    {
      "type": "Feature",
      "geometry": {
        "type": "Point",
        "coordinates": [
          129.558191,
          33.376037
        ]
      },
      "properties": {
        "name": "RVパーク 平戸海上ホテル",
        "pref": "長崎県",
        "address": "長崎県平戸市大久保町２２３１－３",
        "phone": "0950223800",
        "fee": "一般: 1泊・1台 3,300円",
        "available_period": "通年 以下の日程は休業 ・2025年1月1日～1月4日 ・2025年1月21日～1月22日 ・2025年1月27日～1月28日 施設により不定期のお休み・休業を設定している場合があります。ご利用可能日は事前に各施設にお問い合わせください。",
        "checkin_checkout": "チェックイン: 13:00 ～ 22:00 / チェックアウト: 7:00 ～ 10:00",
        "vehicle_size": "フルコン セミフルコン バスコン キャブコン バンコン トレーラー 軽キャン 一般車 下記駐車場サイズもご確認ください。 利用可能かどうか判断がつかない場合は、施設までお問い合わせください。",
        "features": [
          "24時間利用OK",
          "入浴施設あり（施設内）",
          "温泉あり",
          "ダンプステーション・なし",
          "ごみ処理対応現地相談（無料）",
          "電源あり（無料）",
          "発電機・不可",
          "水道あり（無料）",
          "ペットOK"
        ],
        "url": "https://www.kurumatabi.com/park/rvpark/1462.html",
        "geocode_source": "auto"
      }
    },
    {
      "type": "Feature",
      "geometry": {
        "type": "Point",
        "coordinates": [
          129.852035,
          33.372013
        ]
      },
      "properties": {
        "name": "RVパークsmart ペットリゾートブレインズ長崎",
        "pref": "長崎県",
        "address": "長崎県松浦市福島町喜内瀬免625-1",
        "phone": "092-433-7370",
        "fee": "一般: 1泊1台『入浴料2名様分込』 7,800円",
        "available_period": "通年 施設により不定期のお休み・休業を設定している場合があります。ご利用可能日は事前に各施設にお問い合わせください。",
        "checkin_checkout": "チェックイン: 14:00 ～ 特になし / チェックアウト: 特になし ～ 11:00",
        "vehicle_size": "バスコン キャブコン バンコン トレーラー 軽キャン 一般車 下記駐車場サイズもご確認ください。 利用可能かどうか判断がつかない場合は、施設までお問い合わせください。",
        "features": [
          "24時間利用OK",
          "入浴施設あり（施設内）",
          "温泉あり",
          "ダンプステーション・なし",
          "ゴミ処理対応・不可",
          "電源あり（無料）",
          "発電機・不可",
          "水道あり（無料）",
          "炊事場なし",
          "コインランドリー・なし",
          "ペットOK",
          "ドッグランあり"
        ],
        "url": "https://www.kurumatabi.com/park/rvpark/1053.html",
        "geocode_source": "auto"
      }
    },
    {
      "type": "Feature",
      "geometry": {
        "type": "Point",
        "coordinates": [
          129.869564,
          33.114769
        ]
      },
      "properties": {
        "name": "RVパークsmart ミナミ田園パーク",
        "pref": "長崎県",
        "address": "長崎県東彼杵郡波佐見町岳辺田郷1300-2",
        "phone": "092-433-7370",
        "fee": "一般: 1泊・1台につき 2,500円",
        "available_period": "通年 施設により不定期のお休み・休業を設定している場合があります。ご利用可能日は事前に各施設にお問い合わせください。",
        "checkin_checkout": "チェックイン: 13:00 ～ / チェックアウト: 特になし ～ 12:00",
        "vehicle_size": "キャブコン バンコン トレーラー 軽キャン 下記駐車場サイズもご確認ください。 利用可能かどうか判断がつかない場合は、施設までお問い合わせください。",
        "features": [
          "24時間利用OK",
          "入浴施設あり（徒歩圏内あり）",
          "温泉あり",
          "ゴミ処理対応・不可",
          "電源あり（無料）",
          "発電機・不可",
          "水道あり（無料）",
          "ペットOK"
        ],
        "url": "https://www.kurumatabi.com/park/rvpark/943.html",
        "geocode_source": "auto"
      }
    },
    {
      "type": "Feature",
      "geometry": {
        "type": "Point",
        "coordinates": [
          129.823058,
          33.055295
        ]
      },
      "properties": {
        "name": "RVパークsmart 天然温泉 くじゃく荘",
        "pref": "長崎県",
        "address": "長崎県東彼杵郡川棚町小串郷272",
        "phone": "092-433-7370",
        "fee": "一般: 1泊・1台につき 4,000円",
        "available_period": "通年 施設により不定期のお休み・休業を設定している場合があります。ご利用可能日は事前に各施設にお問い合わせください。",
        "checkin_checkout": "チェックイン: 15:00 ～ / チェックアウト: 特になし ～ 9:00",
        "vehicle_size": "キャブコン バンコン トレーラー 軽キャン 一般車 下記駐車場サイズもご確認ください。 利用可能かどうか判断がつかない場合は、施設までお問い合わせください。",
        "features": [
          "24時間利用OK",
          "入浴施設あり（施設内）",
          "温泉あり",
          "ごみ処理対応可（無料）",
          "電源あり（無料）",
          "発電機・不可",
          "水道・なし",
          "ペットOK"
        ],
        "url": "https://www.kurumatabi.com/park/rvpark/756.html",
        "geocode_source": "auto"
      }
    },
    {
      "type": "Feature",
      "geometry": {
        "type": "Point",
        "coordinates": [
          129.07595,
          33.054242
        ]
      },
      "properties": {
        "name": "RVパークsmart 新魚目ふれ愛らんど",
        "pref": "長崎県",
        "address": "長崎県南松浦郡新上五島町曽根郷１１８９－１",
        "phone": "092-433-7370",
        "fee": "一般: 1泊1台 3,000円",
        "available_period": "通年 施設により不定期のお休み・休業を設定している場合があります。ご利用可能日は事前に各施設にお問い合わせください。",
        "checkin_checkout": "チェックイン: 13:00 ～ / チェックアウト: 特になし ～ 11:00",
        "vehicle_size": "バスコン キャブコン バンコン トレーラー 軽キャン 一般車 下記駐車場サイズもご確認ください。 利用可能かどうか判断がつかない場合は、施設までお問い合わせください。",
        "features": [
          "24時間利用OK",
          "入浴施設あり（車移動あり）",
          "温泉あり",
          "ダンプステーション・なし",
          "ゴミ処理対応・不可",
          "電源あり（無料）",
          "発電機・不可",
          "水道あり（無料）",
          "ペットOK"
        ],
        "url": "https://www.kurumatabi.com/park/rvpark/1368.html",
        "geocode_source": "auto"
      }
    },
    {
      "type": "Feature",
      "geometry": {
        "type": "Point",
        "coordinates": [
          129.815238,
          32.738423
        ]
      },
      "properties": {
        "name": "RVパークsmart 長崎サンセットマリーナ",
        "pref": "長崎県",
        "address": "長崎県長崎市福田本町1892",
        "phone": "092-433-7370",
        "fee": "一般: 1泊/1台 3,000円",
        "available_period": "通年 施設により不定期のお休み・休業を設定している場合があります。ご利用可能日は事前に各施設にお問い合わせください。",
        "checkin_checkout": "チェックイン: 15:00 ～ 特になし / チェックアウト: 特になし ～ 14:00",
        "vehicle_size": "キャブコン バンコン トレーラー 軽キャン 一般車 下記駐車場サイズもご確認ください。 利用可能かどうか判断がつかない場合は、施設までお問い合わせください。",
        "features": [
          "24時間利用OK",
          "入浴施設あり（施設内）",
          "シャワーあり",
          "ゴミ処理対応・不可",
          "電源あり（無料）",
          "発電機・不可",
          "水道・なし",
          "ペットOK"
        ],
        "url": "https://www.kurumatabi.com/park/rvpark/986.html",
        "geocode_source": "auto"
      }
    },
    {
      "type": "Feature",
      "geometry": {
        "type": "Point",
        "coordinates": [
          130.367396,
          32.790052
        ]
      },
      "properties": {
        "name": "RVパークsmart島原城",
        "pref": "長崎県",
        "address": "長崎県島原市城内一丁目1183番地1",
        "phone": "092-433-7370",
        "fee": "一般: 1泊・1台につき 4,000円",
        "available_period": "通年 施設により不定期のお休み・休業を設定している場合があります。ご利用可能日は事前に各施設にお問い合わせください。",
        "checkin_checkout": "チェックイン: 15:00 ～ / チェックアウト: 特になし ～ 12:00",
        "vehicle_size": "バスコン キャブコン バンコン トレーラー 軽キャン 一般車 下記駐車場サイズもご確認ください。 利用可能かどうか判断がつかない場合は、施設までお問い合わせください。",
        "features": [
          "24時間利用OK",
          "入浴施設あり（車移動あり）",
          "温泉あり",
          "ごみ処理対応可（無料）",
          "電源あり（無料）",
          "発電機・不可",
          "水道あり（無料）",
          "ペットOK"
        ],
        "url": "https://www.kurumatabi.com/park/rvpark/761.html",
        "geocode_source": "auto"
      }
    },
    {
      "type": "Feature",
      "geometry": {
        "type": "Point",
        "coordinates": [
          129.962698,
          32.970011
        ]
      },
      "properties": {
        "name": "RVパーク　Wings hill～つばさの丘",
        "pref": "長崎県",
        "address": "長崎県大村市野岳町966-1",
        "phone": "090-8394-5000",
        "fee": "一般: 1泊・1台（乗車来場者） 3,000円〜4,000円",
        "available_period": "通年 不定休のため当店カレンダーにより確認、メール、お電話にて問合せ 施設により不定期のお休み・休業を設定している場合があります。ご利用可能日は事前に各施設にお問い合わせください。",
        "checkin_checkout": "チェックイン: 14:00 ～ 20:00 / チェックアウト: 6:00 ～ 9:00",
        "vehicle_size": "セミフルコン バスコン キャブコン バンコン 軽キャン 一般車 下記駐車場サイズもご確認ください。 利用可能かどうか判断がつかない場合は、施設までお問い合わせください。",
        "features": [
          "24時間利用OK",
          "温水洗浄便座あり",
          "入浴施設あり（車移動あり）",
          "温泉あり",
          "ダンプステーション・なし",
          "ごみ処理対応可（有料）",
          "電源あり（無料）",
          "発電機・不可",
          "水道あり（無料）",
          "炊事場あり",
          "コインランドリー・なし",
          "ペットOK",
          "ドッグランなし",
          "WI-FIの利用・なし",
          "旅館・ホテルの食事：朝食・不可",
          "旅館・ホテルの食事：夕食・不可",
          "旅館・ホテルの宿泊予約・不可"
        ],
        "url": "https://www.kurumatabi.com/park/rvpark/1300.html",
        "geocode_source": "auto"
      }
    },
    {
      "type": "Feature",
      "geometry": {
        "type": "Point",
        "coordinates": [
          129.919935,
          33.035851
        ]
      },
      "properties": {
        "name": "RVパークそのぎの荘",
        "pref": "長崎県",
        "address": "長崎県東彼杵郡東彼杵町彼杵宿郷747-2",
        "phone": "0957-46-1909",
        "fee": "一般: 1泊1台あたり 2,000円",
        "available_period": "日祝 日祝の前日 春休み GW 夏休み お盆 冬休み 平日 休業期間：12月29日～1月3日 施設により不定期のお休み・休業を設定している場合があります。ご利用可能日は事前に各施設にお問い合わせください。",
        "checkin_checkout": "チェックイン: 12:00 ～ 17:00 / チェックアウト: 8:30 ～ 12:00",
        "vehicle_size": "フルコン セミフルコン バスコン キャブコン バンコン トレーラー 軽キャン 一般車 下記駐車場サイズもご確認ください。 利用可能かどうか判断がつかない場合は、施設までお問い合わせください。",
        "features": [
          "24時間利用OK",
          "入浴施設あり（車移動あり）",
          "温泉あり",
          "ごみ処理対応可（無料）",
          "電源あり（無料）",
          "発電機・不可",
          "水道・なし",
          "炊事場なし",
          "コインランドリー・なし",
          "ペットOK",
          "ドッグランなし",
          "WI-FIの利用・なし",
          "旅館・ホテルの食事：朝食・不可",
          "旅館・ホテルの食事：夕食・不可",
          "旅館・ホテルの宿泊予約・不可"
        ],
        "url": "https://www.kurumatabi.com/park/rvpark/574.html",
        "geocode_source": "auto"
      }
    },
    {
      "type": "Feature",
      "geometry": {
        "type": "Point",
        "coordinates": [
          137.847311,
          36.685012
        ]
      },
      "properties": {
        "name": "RVパーク  RomperdogRun&Site",
        "pref": "長野県",
        "address": "長野県北安曇郡白馬村北城828-259",
        "phone": "0261-72-5355",
        "fee": "一般: 1泊、1台につき 8,250円〜15,400円",
        "available_period": "通年 オフシーズンの閉鎖期間あります 施設により不定期のお休み・休業を設定している場合があります。ご利用可能日は事前に各施設にお問い合わせください。",
        "checkin_checkout": "チェックイン: 13:00 ～ 17:00 / チェックアウト: 6:30 ～ 11:00",
        "vehicle_size": "フルコン セミフルコン バスコン キャブコン バンコン トレーラー 軽キャン 一般車 その他 下記駐車場サイズもご確認ください。 利用可能かどうか判断がつかない場合は、施設までお問い合わせください。",
        "features": [
          "24時間利用OK",
          "温水洗浄便座あり",
          "入浴施設あり（施設内）",
          "シャワーあり",
          "ダンプステーション・なし",
          "ごみ処理対応可（無料）",
          "電源あり（無料）",
          "発電機・不可",
          "水道あり（無料）",
          "炊事場あり",
          "コインランドリー・なし",
          "ペットOK",
          "ドッグランあり",
          "WI-FIあり（無料）",
          "旅館・ホテルの食事：朝食・不可",
          "旅館・ホテルの食事：夕食・不可",
          "宿泊予約OK"
        ],
        "url": "https://www.kurumatabi.com/park/rvpark/1645.html",
        "geocode_source": "auto"
      }
    },
    {
      "type": "Feature",
      "geometry": {
        "type": "Point",
        "coordinates": [
          137.875237,
          36.428952
        ]
      },
      "properties": {
        "name": "RVパーク HOP FROG Casa Ikeda",
        "pref": "長野県",
        "address": "長野県北安曇郡池田町池田1912-1",
        "phone": "090-6022-5760",
        "fee": "一般: 1泊・1台につき 3,500円 / スタンダード会員: 1泊・1台につき 3,500円 / プレミアム会員: 1泊・1台につき 3,500円",
        "available_period": "通年 施設により不定期のお休み・休業を設定している場合があります。ご利用可能日は事前に各施設にお問い合わせください。",
        "checkin_checkout": "チェックイン: 16:00 ～ 19:00 / チェックアウト: 0:00 ～ 10:00",
        "vehicle_size": "キャブコン バンコン 軽キャン 一般車 その他 下記駐車場サイズもご確認ください。 利用可能かどうか判断がつかない場合は、施設までお問い合わせください。",
        "features": [
          "24時間利用OK",
          "入浴施設あり（車移動あり）",
          "湯沸かし浴槽あり",
          "ごみ処理対応現地相談（有料）",
          "電源あり（無料）",
          "発電機・不可",
          "水道あり（無料）",
          "炊事場なし",
          "コインランドリー・なし",
          "ペットOK",
          "ドッグランなし",
          "WI-FIの利用・なし"
        ],
        "url": "https://www.kurumatabi.com/park/rvpark/1588.html",
        "geocode_source": "auto"
      }
    },
    {
      "type": "Feature",
      "geometry": {
        "type": "Point",
        "coordinates": [
          138.57743,
          36.345714
        ]
      },
      "properties": {
        "name": "RVパーク KARUIZAWA",
        "pref": "長野県",
        "address": "長野県北佐久郡軽井沢町長倉4200",
        "phone": "080-6896-7910",
        "fee": "一般: 1泊・1台 3,500円〜4,400円",
        "available_period": "通年 施設により不定期のお休み・休業を設定している場合があります。ご利用可能日は事前に各施設にお問い合わせください。",
        "checkin_checkout": "チェックイン: 13:00 ～ 20:00 / チェックアウト: 特になし ～ 11:00",
        "vehicle_size": "セミフルコン バスコン キャブコン バンコン 軽キャン 一般車 下記駐車場サイズもご確認ください。 利用可能かどうか判断がつかない場合は、施設までお問い合わせください。",
        "features": [
          "24時間利用OK",
          "特に機能なし",
          "入浴施設あり（徒歩圏内あり）",
          "温泉あり",
          "ごみ処理対応可（無料）",
          "電源あり（有料）",
          "発電機・不可",
          "水道あり（無料）",
          "炊事場なし",
          "コインランドリー・なし",
          "ペットOK",
          "ドッグランなし",
          "WI-FIの利用・なし",
          "旅館・ホテルの食事：朝食・不可",
          "旅館・ホテルの食事：夕食・不可",
          "旅館・ホテルの宿泊予約・不可"
        ],
        "url": "https://www.kurumatabi.com/park/rvpark/1559.html",
        "geocode_source": "auto"
      }
    },
    {
      "type": "Feature",
      "geometry": {
        "type": "Point",
        "coordinates": [
          138.080287,
          36.028393
        ]
      },
      "properties": {
        "name": "RVパーク SUWAガラスの里",
        "pref": "長野県",
        "address": "長野県諏訪市豊田2400-7",
        "phone": "0266-57-2000",
        "fee": "一般: 1泊・1台につき 5,500円",
        "available_period": "通年 イベントなどの開催時は、ご利用できない場合があります。 施設により不定期のお休み・休業を設定している場合があります。ご利用可能日は事前に各施設にお問い合わせください。",
        "checkin_checkout": "チェックイン: 13:00 ～ 18:00 / チェックアウト: 特になし ～ 10:00",
        "vehicle_size": "フルコン セミフルコン バスコン キャブコン バンコン 軽キャン 一般車 下記駐車場サイズもご確認ください。 利用可能かどうか判断がつかない場合は、施設までお問い合わせください。",
        "features": [
          "24時間利用OK",
          "温水洗浄便座あり",
          "入浴施設あり（車移動あり）",
          "温泉あり",
          "ダンプステーション・なし",
          "ごみ処理対応可（無料）",
          "電源あり（無料）",
          "発電機利用可(時間指定あり)",
          "水道あり（無料）",
          "炊事場なし",
          "コインランドリー・なし",
          "ペットOK",
          "ドッグランなし",
          "WI-FIあり（無料）",
          "旅館・ホテルの食事：朝食・不可",
          "旅館・ホテルの食事：夕食・不可",
          "旅館・ホテルの宿泊予約・不可"
        ],
        "url": "https://www.kurumatabi.com/park/rvpark/1738.html",
        "geocode_source": "auto"
      }
    },
    {
      "type": "Feature",
      "geometry": {
        "type": "Point",
        "coordinates": [
          137.880677,
          36.308706
        ]
      },
      "properties": {
        "name": "RVパーク しの389安曇野ステーション（Motorhome Overnight Station in Azumino）",
        "pref": "長野県",
        "address": "長野県安曇野市堀金烏川5099-3",
        "phone": "0263-73-6733",
        "fee": "一般: 一般利用の方（1泊・1台につき）8/31チェックアウト分までは3,300円。 9/1ご予約分から3,500円（すでにご予約の方は変更なし） 3,500円 / スタンダード会員: くるま旅クラブ会員証提示（1泊・１台につき） 3,000円 / プレミアム会員: くるま旅クラブ会員証提示（1泊・1台につき） 2,850円",
        "available_period": "通年 日祝 日祝の前日 春休み GW 夏休み お盆 冬休み 年末年始 平日 不定休 予約不可日（お休み日）は、「新着情報」欄へ掲載中 施設により不定期のお休み・休業を設定している場合があります。ご利用可能日は事前に各施設にお問い合わせください。",
        "checkin_checkout": "チェックイン: 15:00 ～ 21:00 / チェックアウト: 特になし ～ 10:00",
        "vehicle_size": "セミフルコン バスコン キャブコン バンコン トレーラー 軽キャン 一般車 その他 下記駐車場サイズもご確認ください。 利用可能かどうか判断がつかない場合は、施設までお問い合わせください。",
        "features": [
          "24時間利用OK",
          "暖房便座のみあり",
          "入浴施設あり（施設内）",
          "シャワーあり",
          "ダンプステーション・なし",
          "ごみ処理対応可（有料）",
          "電源あり（有料）",
          "発電機・不可",
          "水道あり（有料）",
          "炊事場なし",
          "コインランドリー・なし",
          "ペットOK",
          "ドッグランなし",
          "WI-FIあり（有料）",
          "旅館・ホテルの食事：朝食・不可",
          "旅館・ホテルの食事：夕食・不可",
          "宿泊予約OK"
        ],
        "url": "https://www.kurumatabi.com/park/rvpark/947.html",
        "geocode_source": "auto"
      }
    },
    {
      "type": "Feature",
      "geometry": {
        "type": "Point",
        "coordinates": [
          137.841694,
          36.542509
        ]
      },
      "properties": {
        "name": "RVパーク ゆーぷる木崎湖畔の駅",
        "pref": "長野県",
        "address": "長野県大町市平10639-1",
        "phone": "0261-23-7100",
        "fee": "一般: 1泊・1台につき 5,000円 / スタンダード会員: 1泊・1台につき 5,000円 / プレミアム会員: 1泊・1台につき 5,000円",
        "available_period": "通年 施設により不定期のお休み・休業を設定している場合があります。ご利用可能日は事前に各施設にお問い合わせください。",
        "checkin_checkout": "チェックイン: 13:00 ～ 19:30 / チェックアウト: 特になし ～ 11:00",
        "vehicle_size": "セミフルコン バスコン キャブコン バンコン トレーラー 軽キャン 一般車 その他 下記駐車場サイズもご確認ください。 利用可能かどうか判断がつかない場合は、施設までお問い合わせください。",
        "features": [
          "24時間利用OK",
          "温水洗浄便座あり",
          "入浴施設あり（施設内）",
          "温泉あり",
          "ダンプステーション・なし",
          "ごみ処理対応可（有料）",
          "電源あり（有料）",
          "発電機・不可",
          "水道あり（無料）",
          "炊事場なし",
          "コインランドリー・なし",
          "ペットOK",
          "ドッグランあり",
          "WI-FIあり（無料）",
          "旅館・ホテルの食事：朝食・不可",
          "旅館・ホテルの食事：夕食・不可",
          "旅館・ホテルの宿泊予約・不可"
        ],
        "url": "https://www.kurumatabi.com/park/rvpark/1591.html",
        "geocode_source": "auto"
      }
    },
    {
      "type": "Feature",
      "geometry": {
        "type": "Point",
        "coordinates": [
          138.249823,
          36.744283
        ]
      },
      "properties": {
        "name": "RVパーク キャンパーク 飯綱",
        "pref": "長野県",
        "address": "長野県上水内郡飯綱町豊野1823",
        "phone": "000-0000-0000",
        "fee": "一般: 1・2番サイト（大）1台あたり 24時間/3,850円税込 3,850円 / 一般: ３番サイト（小）1台あたり 24時間/3,300円税込 3,300円 / スタンダード会員: 1・2番サイト（大）1台あたり 24時間/3,850円税込 3,850円 / スタンダード会員: ３番サイト（小）1台あたり(30分132円）24時間/3,300円税込 3,300円 / プレミアム会員: 1・2番サイト（大）1台あたり 24時間/3,850円税込 3,850円 / プレミアム会員: ３番サイト（小）1台あたり 24時間/3,300円税込 3,300円",
        "available_period": "日祝 日祝の前日 春休み GW 夏休み お盆 平日 ※冬季期間（12月～3月）大雪や凍結の影響で営業できないことがありますので新着ニュースをご確認ください。 施設により不定期のお休み・休業を設定している場合があります。ご利用可能日は事前に各施設にお問い合わせください。",
        "checkin_checkout": "チェックイン: 13:00 ～ 特になし / チェックアウト: 特になし ～ 12:00",
        "vehicle_size": "セミフルコン バスコン キャブコン バンコン トレーラー 軽キャン 一般車 下記駐車場サイズもご確認ください。 利用可能かどうか判断がつかない場合は、施設までお問い合わせください。",
        "features": [
          "24時間利用OK",
          "特に機能なし",
          "入浴施設あり（車移動あり）",
          "温泉あり",
          "ブラック・グレーOK",
          "ごみ処理対応可（無料）",
          "電源あり（無料）",
          "発電機・不可",
          "水道あり（無料）",
          "炊事場なし",
          "コインランドリー・なし",
          "ペットOK",
          "ドッグランなし",
          "WI-FIあり（無料）",
          "旅館・ホテルの食事：朝食・不可",
          "旅館・ホテルの食事：夕食・不可",
          "旅館・ホテルの宿泊予約・不可"
        ],
        "url": "https://www.kurumatabi.com/park/rvpark/1114.html",
        "geocode_source": "auto"
      }
    },
    {
      "type": "Feature",
      "geometry": {
        "type": "Point",
        "coordinates": [
          138.19418,
          36.65791
        ]
      },
      "properties": {
        "name": "RVパーク キャンパーク善光寺下",
        "pref": "長野県",
        "address": "長野県長野市三輪6丁目6－22",
        "phone": "000-0000-0000",
        "fee": "一般: 1泊・1台につき 3,300円〜4,400円",
        "available_period": "通年 ※冬季期間（12月～3月）大雪や凍結の影響で営業できないことがありますので新着ニュースをご確認ください。 施設により不定期のお休み・休業を設定している場合があります。ご利用可能日は事前に各施設にお問い合わせください。",
        "checkin_checkout": "チェックイン: 13:00 ～ 0:00 / チェックアウト: 0:00 ～ 10:00",
        "vehicle_size": "バスコン キャブコン バンコン 軽キャン 一般車 下記駐車場サイズもご確認ください。 利用可能かどうか判断がつかない場合は、施設までお問い合わせください。",
        "features": [
          "24時間利用OK",
          "温水洗浄便座あり",
          "入浴施設あり（車移動あり）",
          "温泉あり",
          "ブラック・グレーOK",
          "ごみ処理対応可（有料）",
          "電源あり（無料）",
          "発電機・不可",
          "水道あり（無料）",
          "炊事場なし",
          "コインランドリー・なし",
          "ペットOK",
          "ドッグランなし",
          "WI-FIの利用・なし",
          "旅館・ホテルの食事：朝食・不可",
          "旅館・ホテルの食事：夕食・不可",
          "旅館・ホテルの宿泊予約・不可"
        ],
        "url": "https://www.kurumatabi.com/park/rvpark/1665.html",
        "geocode_source": "auto"
      }
    },
    {
      "type": "Feature",
      "geometry": {
        "type": "Point",
        "coordinates": [
          138.522764,
          36.339612
        ]
      },
      "properties": {
        "name": "RVパーク ドッグランカフェ＆リゾーツ・ジェニー　West-Karuizawa",
        "pref": "長野県",
        "address": "長野県北佐久郡御代田町馬瀬口1581-33",
        "phone": "0267-41-0451",
        "fee": "1泊 1,650円～6,600円／1台(トレーラー含む) ※季節によって料金が変わります。予約サイトをご確認ください。 電源利用料については、 電源の有無 の項目をご確認ください。 最新の料金は直接施設へ事前確認をお願いします。",
        "available_period": "通年 施設により不定期のお休み・休業を設定している場合があります。ご利用可能日は事前に各施設にお問い合わせください。",
        "checkin_checkout": "チェックイン: 15:30 ～ 20:00 / チェックアウト: 7:30 ～ 11:00",
        "vehicle_size": "セミフルコン バスコン キャブコン バンコン トレーラー 軽キャン 一般車 下記駐車場サイズもご確認ください。 利用可能かどうか判断がつかない場合は、施設までお問い合わせください。",
        "features": [
          "24時間利用OK",
          "温水洗浄便座あり",
          "入浴施設あり（施設内）",
          "シャワーあり",
          "ごみ処理対応可（無料）",
          "電源あり（有料）",
          "発電機利用可(時間指定あり)",
          "水道あり（無料）",
          "ペットOK",
          "ドッグランあり",
          "WI-FIの利用・なし",
          "朝食予約OK",
          "夕食予約OK",
          "宿泊予約OK"
        ],
        "url": "https://www.kurumatabi.com/park/rvpark/1173.html",
        "geocode_source": "auto"
      }
    },
    {
      "type": "Feature",
      "geometry": {
        "type": "Point",
        "coordinates": [
          137.861039,
          36.356026
        ]
      },
      "properties": {
        "name": "RVパーク ロッソビアンコ安曇野",
        "pref": "長野県",
        "address": "長野県安曇野市穂高有明2767-3",
        "phone": "0263315298",
        "fee": "一般: 1泊・1台につき 6,000円〜6,500円 / スタンダード会員: 1泊・1台につき 6,000円〜6,500円 / プレミアム会員: 1泊・1台につき 6,000円〜6,500円",
        "available_period": "通年 施設により不定期のお休み・休業を設定している場合があります。ご利用可能日は事前に各施設にお問い合わせください。",
        "checkin_checkout": "チェックイン: 15:00 ～ 21:00 / チェックアウト: 特になし ～ 11:00",
        "vehicle_size": "フルコン セミフルコン バスコン キャブコン バンコン トレーラー 軽キャン 一般車 下記駐車場サイズもご確認ください。 利用可能かどうか判断がつかない場合は、施設までお問い合わせください。",
        "features": [
          "24時間利用OK",
          "入浴施設あり（車移動あり）",
          "温泉あり",
          "ダンプステーション・なし",
          "ごみ処理対応可（無料）",
          "電源あり（有料）",
          "発電機・不可",
          "水道あり（無料）",
          "炊事場なし",
          "コインランドリー・なし",
          "ペットOK",
          "ドッグランなし",
          "WI-FIの利用・なし",
          "旅館・ホテルの食事：朝食・不可",
          "旅館・ホテルの食事：夕食・不可",
          "旅館・ホテルの宿泊予約・不可"
        ],
        "url": "https://www.kurumatabi.com/park/rvpark/1573.html",
        "geocode_source": "auto"
      }
    },
    {
      "type": "Feature",
      "geometry": {
        "type": "Point",
        "coordinates": [
          138.29308,
          36.37813
        ]
      },
      "properties": {
        "name": "RVパーク 出丸邸",
        "pref": "長野県",
        "address": "長野県上田市芳田1890-1",
        "phone": "09014332539",
        "fee": "一般: 1泊・1台につき 3,850円",
        "available_period": "通年 施設により不定期のお休み・休業を設定している場合があります。ご利用可能日は事前に各施設にお問い合わせください。",
        "checkin_checkout": "チェックイン: 11:00 ～ 特になし / チェックアウト: 特になし ～ 10:00",
        "vehicle_size": "バスコン キャブコン バンコン トレーラー 軽キャン 一般車 その他 下記駐車場サイズもご確認ください。 利用可能かどうか判断がつかない場合は、施設までお問い合わせください。",
        "features": [
          "24時間利用OK",
          "入浴施設あり（施設内）",
          "シャワーあり",
          "ごみ処理対応可（無料）",
          "電源あり（無料）",
          "発電機・不可",
          "水道あり（無料）",
          "コインランドリー・なし",
          "ペットOK",
          "WI-FIあり（無料）",
          "宿泊予約OK"
        ],
        "url": "https://www.kurumatabi.com/park/rvpark/1492.html",
        "geocode_source": "auto"
      }
    },
    {
      "type": "Feature",
      "geometry": {
        "type": "Point",
        "coordinates": [
          137.959781,
          36.605578
        ]
      },
      "properties": {
        "name": "RVパーク 北アルプス絶景の宿 林りん館",
        "pref": "長野県",
        "address": "長野県上水内郡小川村小根山8000-1",
        "phone": "026-269-3455",
        "fee": "一般: 1泊・1台につき 4,180円〜4,730円",
        "available_period": "通年 ホテルが休業の場合はご利用できません。 ホテルからの返信メールをもって予約確定となります。 ※冬季（12月～2月末）閉鎖します。 施設により不定期のお休み・休業を設定している場合があります。ご利用可能日は事前に各施設にお問い合わせください。",
        "checkin_checkout": "チェックイン: 15:00 ～ 20:00 / チェックアウト: 6:00 ～ 10:00",
        "vehicle_size": "セミフルコン バスコン キャブコン バンコン トレーラー 軽キャン 一般車 下記駐車場サイズもご確認ください。 利用可能かどうか判断がつかない場合は、施設までお問い合わせください。",
        "features": [
          "24時間利用OK",
          "温水洗浄便座あり",
          "入浴施設あり（車移動あり）",
          "温泉あり",
          "ごみ処理対応可（無料）",
          "電源あり（無料）",
          "発電機・不可",
          "水道あり（無料）",
          "炊事場なし",
          "コインランドリー・なし",
          "ペットOK",
          "ドッグランなし",
          "WI-FIあり（無料）",
          "朝食予約OK",
          "夕食予約OK",
          "宿泊予約OK"
        ],
        "url": "https://www.kurumatabi.com/park/rvpark/1408.html",
        "geocode_source": "auto"
      }
    },
    {
      "type": "Feature",
      "geometry": {
        "type": "Point",
        "coordinates": [
          137.851369,
          36.699751
        ]
      },
      "properties": {
        "name": "RVパーク 白馬キャンプ場",
        "pref": "長野県",
        "address": "長野県北安曇郡白馬村北城5629",
        "phone": "080-8548-9353",
        "fee": "一般: 1泊・1台（1区画5名様まで）につき 4,400円〜8,800円",
        "available_period": "通年 施設により不定期のお休み・休業を設定している場合があります。ご利用可能日は事前に各施設にお問い合わせください。",
        "checkin_checkout": "チェックイン: 13:00 ～ 17:00 / チェックアウト: 特になし ～ 11:00",
        "vehicle_size": "フルコン セミフルコン バスコン キャブコン バンコン トレーラー 軽キャン 一般車 その他 下記駐車場サイズもご確認ください。 利用可能かどうか判断がつかない場合は、施設までお問い合わせください。",
        "features": [
          "24時間利用OK",
          "温水洗浄便座あり",
          "入浴施設あり（徒歩圏内あり）",
          "温泉あり",
          "グレーOK",
          "ごみ処理対応可（無料）",
          "電源あり（無料）",
          "発電機・不可",
          "水道あり（無料）",
          "炊事場あり",
          "コインランドリー・なし",
          "ペットOK",
          "ドッグランなし",
          "WI-FIの利用・なし",
          "朝食予約OK",
          "夕食予約OK",
          "宿泊予約OK"
        ],
        "url": "https://www.kurumatabi.com/park/rvpark/1196.html",
        "geocode_source": "auto"
      }
    },
    {
      "type": "Feature",
      "geometry": {
        "type": "Point",
        "coordinates": [
          138.51076,
          36.329687
        ]
      },
      "properties": {
        "name": "RVパーク 西軽井沢",
        "pref": "長野県",
        "address": "長野県北佐久郡御代田町馬瀬口1670-113",
        "phone": "090-8683-8252",
        "fee": "一般: 一泊一台 3,850円",
        "available_period": "通年 日祝 日祝の前日 春休み GW 夏休み お盆 冬休み 年末年始 平日 施設により不定期のお休み・休業を設定している場合があります。ご利用可能日は事前に各施設にお問い合わせください。",
        "checkin_checkout": "チェックイン: 14:00 ～ 8:00 / チェックアウト: 特になし ～ 11:00",
        "vehicle_size": "フルコン セミフルコン バスコン キャブコン バンコン トレーラー 軽キャン 一般車 その他 下記駐車場サイズもご確認ください。 利用可能かどうか判断がつかない場合は、施設までお問い合わせください。",
        "features": [
          "24時間利用OK",
          "特に機能なし",
          "入浴施設あり（徒歩圏内あり）",
          "温泉あり",
          "ごみ処理対応現地相談（有料）",
          "電源あり（有料）",
          "発電機・不可",
          "水道あり（無料）",
          "コインランドリーあり",
          "ペットOK",
          "ドッグランあり",
          "WI-FIあり（無料）"
        ],
        "url": "https://www.kurumatabi.com/park/rvpark/1375.html",
        "geocode_source": "auto"
      }
    },
    {
      "type": "Feature",
      "geometry": {
        "type": "Point",
        "coordinates": [
          138.213039,
          36.100087
        ]
      },
      "properties": {
        "name": "RVパーク 車山スカイポート",
        "pref": "長野県",
        "address": "長野県茅野市北山３４１３",
        "phone": "0266-68-2221",
        "fee": "1泊 6,600円 or 8,800円(フルコン・バスコン可)／1台(トレーラー含む) 電源利用料については、 電源の有無 の項目をご確認ください。 最新の料金は直接施設へ事前確認をお願いします。",
        "available_period": "通年 日祝 日祝の前日 春休み GW 夏休み お盆 平日 冬シーズンはスキー場運営の為休止中 2025年4月再開予定 施設により不定期のお休み・休業を設定している場合があります。ご利用可能日は事前に各施設にお問い合わせください。",
        "checkin_checkout": "チェックイン: 13:00 ～ 特になし / チェックアウト: 11:00 ～ 特になし",
        "vehicle_size": "フルコン セミフルコン バスコン キャブコン バンコン トレーラー 軽キャン 一般車 その他",
        "features": [
          "24時間利用OK",
          "入浴施設あり（車移動あり）",
          "湯沸かし浴槽あり",
          "ダンプステーション・なし",
          "ごみ処理対応可（無料）",
          "電源あり（無料）",
          "発電機利用可(時間指定なし)",
          "水道あり（無料）",
          "炊事場なし",
          "コインランドリー・なし",
          "ペットOK",
          "ドッグランなし",
          "WI-FIの利用・なし",
          "旅館・ホテルの食事：朝食・不可",
          "旅館・ホテルの食事：夕食・不可",
          "旅館・ホテルの宿泊予約・不可"
        ],
        "url": "https://www.kurumatabi.com/park/rvpark/1402.html",
        "geocode_source": "auto"
      }
    },
    {
      "type": "Feature",
      "geometry": {
        "type": "Point",
        "coordinates": [
          137.907656,
          35.740123
        ]
      },
      "properties": {
        "name": "RVパーク 駒ヶ岳",
        "pref": "長野県",
        "address": "長野県駒ヶ根市赤穂497-1486",
        "phone": "070-1411-5388",
        "fee": "■RVサイトA 2,000円 ■RVサイトD 3,000円 ■プライベートサイトBC 3,500円 ■プレミアムサイトE～G 4,000円 ■ドッグフリーサイトH 5,000円 電源利用料については、 電源の有無 の項目をご確認ください。 最新の料金は直接施設へ事前確認をお願いします。",
        "available_period": "通年 施設により不定期のお休み・休業を設定している場合があります。ご利用可能日は事前に各施設にお問い合わせください。",
        "checkin_checkout": "チェックイン: 14:00 ～ 18:00 / チェックアウト: 特になし ～ 10:00",
        "vehicle_size": "フルコン セミフルコン バスコン キャブコン バンコン トレーラー 軽キャン 一般車 下記駐車場サイズもご確認ください。 利用可能かどうか判断がつかない場合は、施設までお問い合わせください。",
        "features": [
          "24時間利用OK",
          "入浴施設あり（車移動あり）",
          "温泉あり",
          "ごみ処理対応可（有料）",
          "電源あり（有料）",
          "発電機・不可",
          "水道あり（無料）",
          "ペットOK",
          "ドッグランあり"
        ],
        "url": "https://www.kurumatabi.com/park/rvpark/1569.html",
        "geocode_source": "auto"
      }
    },
    {
      "type": "Feature",
      "geometry": {
        "type": "Point",
        "coordinates": [
          138.327367,
          36.695507
        ]
      },
      "properties": {
        "name": "RVパーク　小布施屋",
        "pref": "長野県",
        "address": "長野県上高井郡小布施町大字中松496-1",
        "phone": "026-242-6600",
        "fee": "【電源あり】 1泊 3,000円／1台(トレーラー含む) ※2025年4月1日より価格を変更させていただきます 利用可能台数：２台 【電源なし】 1泊 1,000円／1台(トレーラー含む) 利用可能台数：４台 電源利用料については、 電源の有無 の項目をご確認ください。 最新の料金は直接施設へ事前確認をお願いします。",
        "available_period": "日祝 日祝の前日 春休み GW 夏休み 平日 冬期間（12月～3月）は利用不可です。 繁忙期（GW・8月～10月）は利用できない場合がございます。 利用可能な期間は、平日もご利用いただけます。 施設により不定期のお休み・休業を設定している場合があります。ご利用可能日は事前に各施設にお問い合わせください。",
        "checkin_checkout": "チェックイン: 10:00 ～ 16:00 / チェックアウト: ～ 9:30",
        "vehicle_size": "フルコン セミフルコン バスコン キャブコン バンコン トレーラー 軽キャン 一般車",
        "features": [
          "ごみ処理可能",
          "電源あり",
          "水道あり",
          "発電機OK",
          "入浴施設あり",
          "ペットOK",
          "プレミアム会員特典あり",
          "24時間トイレあり",
          "ダンプステーションあり"
        ],
        "url": "https://www.kurumatabi.com/park/rvpark/712.html",
        "geocode_source": "auto"
      }
    },
    {
      "type": "Feature",
      "geometry": {
        "type": "Point",
        "coordinates": [
          138.270165,
          36.128996
        ]
      },
      "properties": {
        "name": "RVパーク　蓼科",
        "pref": "長野県",
        "address": "長野県北佐久郡立科町大字芦田八ヶ野1050",
        "phone": "090-4538-6247",
        "fee": "一般: 1泊１台につき 4,000円",
        "available_period": "通年 冬季１１月末より4月末まで冬季休業 施設により不定期のお休み・休業を設定している場合があります。ご利用可能日は事前に各施設にお問い合わせください。",
        "checkin_checkout": "チェックイン: 13:00 ～ 18:00 / チェックアウト: 特になし ～ 11:00",
        "vehicle_size": "フルコン セミフルコン バスコン キャブコン バンコン トレーラー 軽キャン 一般車 下記駐車場サイズもご確認ください。 利用可能かどうか判断がつかない場合は、施設までお問い合わせください。",
        "features": [
          "24時間利用OK",
          "温水洗浄便座あり",
          "入浴施設あり（施設内）",
          "湯沸かし浴槽あり",
          "グレーOK",
          "ごみ処理対応可（有料）",
          "電源あり（有料）",
          "発電機利用可(時間指定あり)",
          "水道あり（無料）",
          "炊事場なし",
          "コインランドリーあり",
          "ペットOK",
          "ドッグランなし",
          "WI-FIあり（無料）",
          "旅館・ホテルの食事：朝食・不可",
          "旅館・ホテルの食事：夕食・不可",
          "宿泊予約OK"
        ],
        "url": "https://www.kurumatabi.com/park/rvpark/1226.html",
        "geocode_source": "auto"
      }
    },
    {
      "type": "Feature",
      "geometry": {
        "type": "Point",
        "coordinates": [
          138.259321,
          36.080572
        ]
      },
      "properties": {
        "name": "RVパーク　蓼科　ラ・プラネート",
        "pref": "長野県",
        "address": "長野県茅野市北山4026-1213",
        "phone": "080-4235-4126",
        "fee": "一般: 1泊・1台につき（電源、ごみ処理、お風呂など込み）2名様まで（3名以上は550円/人追加料金） 4,400円",
        "available_period": "通年 空き状況は公式WEBサイトをご確認ください。 施設により不定期のお休み・休業を設定している場合があります。ご利用可能日は事前に各施設にお問い合わせください。",
        "checkin_checkout": "チェックイン: 15:00 ～ 19:00 / チェックアウト: 7:30 ～ 10:00",
        "vehicle_size": "セミフルコン バスコン キャブコン バンコン トレーラー 軽キャン 一般車 下記駐車場サイズもご確認ください。 利用可能かどうか判断がつかない場合は、施設までお問い合わせください。",
        "features": [
          "24時間利用OK",
          "温水洗浄便座あり",
          "入浴施設あり（施設内）",
          "湯沸かし浴槽あり",
          "ダンプステーション・なし",
          "ごみ処理対応可（無料）",
          "電源あり（無料）",
          "発電機・不可",
          "水道・なし",
          "炊事場なし",
          "コインランドリー・なし",
          "ペットOK",
          "ドッグランあり",
          "WI-FIの利用・なし",
          "朝食予約OK",
          "旅館・ホテルの食事：夕食・不可",
          "宿泊予約OK"
        ],
        "url": "https://www.kurumatabi.com/park/rvpark/1236.html",
        "geocode_source": "auto"
      }
    },
    {
      "type": "Feature",
      "geometry": {
        "type": "Point",
        "coordinates": [
          138.10176,
          36.007763
        ]
      },
      "properties": {
        "name": "RVパークこころ屋",
        "pref": "長野県",
        "address": "長野県諏訪市湖南3948-1(こころ屋)",
        "phone": "0266-57-2656",
        "fee": "一般: 普通車両枠(5×6.5m) 車種等で普通車か大型車か判断させていただきます｡ 2,200円 / 一般: 大型車両枠(5×9~m) 車種等で普通車か大型車か判断させていただきます｡ 2,750円 / 一般: トレーラー(ヘッド車両+トレーラー=11m以内)どちらかが6.0m以上の場合は大型車料金となります。 3,300円",
        "available_period": "日祝 日祝の前日 春休み GW 夏休み お盆 冬休み 平日 ◉基本、ＲＶパークはお客様がご利用の希望される日は営業したいと思いますが、ベーカリーは不定休となります。ご確認下さい。 施設により不定期のお休み・休業を設定している場合があります。ご利用可能日は事前に各施設にお問い合わせください。",
        "checkin_checkout": "チェックイン: 14:00 ～ 16:00 / チェックアウト: 特になし ～ 10:00",
        "vehicle_size": "フルコン セミフルコン バスコン キャブコン バンコン トレーラー 軽キャン 一般車 下記駐車場サイズもご確認ください。 利用可能かどうか判断がつかない場合は、施設までお問い合わせください。",
        "features": [
          "利用時間制限あり",
          "温水洗浄便座あり",
          "入浴施設あり（車移動あり）",
          "温泉あり",
          "ブラック・グレーOK",
          "ごみ処理対応可（有料）",
          "電源あり（無料）",
          "発電機・不可",
          "水道あり（無料）",
          "炊事場なし",
          "コインランドリー・なし",
          "ペットOK",
          "ドッグランなし",
          "WI-FIの利用・なし"
        ],
        "url": "https://www.kurumatabi.com/park/rvpark/582.html",
        "geocode_source": "auto"
      }
    },
    {
      "type": "Feature",
      "geometry": {
        "type": "Point",
        "coordinates": [
          138.212537,
          35.91509
        ]
      },
      "properties": {
        "name": "RVパークゆーとろん水神の湯",
        "pref": "長野県",
        "address": "長野県諏訪郡富士見町富士見9547",
        "phone": "0266-62-8080",
        "fee": "一般: RV-1区画（人口芝プライベートドックラン内に駐車） 4,400円 / 一般: RV-2・RV-3・RV-4・RV-6 1泊（7ｍ以内） 2,750円〜3,300円 / 一般: RV-5・RV-7 1泊（7ｍから12ｍ）※牽引トレーラーは+1000円 3,300円",
        "available_period": "日祝 日祝の前日 春休み GW 夏休み お盆 冬休み 年末年始 平日 ※水・木曜日定休日 6月7月8月9月は木曜定休日 ※祝日・年末年始・ＧＷ・お盆は無休です。 ※施設情報は随時更新致しております。 ※メンテナンス工事のため11/24（火）～12/18（金）まで休業となります。冬期シーズンは12/19（土）より開始いたします。 ※なお冬期シーズンのご利用はRV-5・RV-6・RV-7のみとなります。 詳しくは「美肌温泉ゆーとろん水神の湯ＨＰ」をご確認頂きます様お願い致します。 施設により不定期のお休み・休業を設定している場合があります。ご利用可能日は事前に各施設にお問い合わせください。",
        "checkin_checkout": "チェックイン: 12:00 ～ 18:00 / チェックアウト: 11:00 ～ 11:00",
        "vehicle_size": "フルコン セミフルコン バスコン キャブコン バンコン トレーラー 軽キャン 一般車",
        "features": [
          "24時間利用OK",
          "温水洗浄便座あり",
          "入浴施設あり（施設内）",
          "温泉あり",
          "ごみ処理対応可（有料）",
          "電源あり（有料）",
          "発電機・不可",
          "水道あり（無料）",
          "炊事場なし",
          "コインランドリー・なし",
          "ペットOK",
          "ドッグランなし",
          "WI-FIあり（無料）",
          "旅館・ホテルの宿泊予約・不可"
        ],
        "url": "https://www.kurumatabi.com/park/rvpark/805.html",
        "geocode_source": "auto"
      }
    },
    {
      "type": "Feature",
      "geometry": {
        "type": "Point",
        "coordinates": [
          138.296832,
          36.855404
        ]
      },
      "properties": {
        "name": "RVパークライト 斑尾高原キャンピングパーク",
        "pref": "長野県",
        "address": "長野県飯山市斑尾高原",
        "phone": "0269-64-3355",
        "fee": "一般: 1泊・1台につき 2,500円〜3,500円",
        "available_period": "日祝 日祝の前日 春休み GW 夏休み お盆 平日 4月28日～11月4日（積雪の状況によっては変更有） 施設により不定期のお休み・休業を設定している場合があります。ご利用可能日は事前に各施設にお問い合わせください。",
        "checkin_checkout": "チェックイン: 13:00 ～ 16:00 / チェックアウト: 特になし ～ 12:00",
        "vehicle_size": "フルコン セミフルコン バスコン キャブコン バンコン トレーラー 軽キャン 一般車",
        "features": [
          "24時間利用OK",
          "入浴施設あり（車移動あり）",
          "温泉あり",
          "ブラック・グレーOK",
          "ごみ処理対応可（無料）",
          "電源・なし",
          "発電機・不可",
          "水道あり（無料）",
          "炊事場あり",
          "コインランドリーあり",
          "ペットOK",
          "ドッグランあり",
          "WI-FIの利用・なし"
        ],
        "url": "https://www.kurumatabi.com/park/rvpark/562.html",
        "geocode_source": "auto"
      }
    },
    {
      "type": "Feature",
      "geometry": {
        "type": "Point",
        "coordinates": [
          138.076869,
          36.059879
        ]
      },
      "properties": {
        "name": "RVパークライト赤砂崎公園",
        "pref": "長野県",
        "address": "長野県諏訪郡下諏訪町赤砂10944番地",
        "phone": "0266-27-1111",
        "fee": "1泊 3,000円／1台(トレーラー含む) 【利用可能台数】4台 ■電気使用料は、利用料金に含みます。 電源利用料については、 電源の有無 の項目をご確認ください。 最新の料金は直接施設へ事前確認をお願いします。",
        "available_period": "日祝 日祝の前日 春休み GW 夏休み お盆 冬休み 平日 ■年末年始(12/29～1/3)及び「健康ステーション」の休館日は、受付が出来ませんのでご了承ください。 施設により不定期のお休み・休業を設定している場合があります。ご利用可能日は事前に各施設にお問い合わせください。",
        "checkin_checkout": "チェックイン: 13:00 ～ 17:00 / チェックアウト: 特になし ～ 12:00",
        "vehicle_size": "セミフルコン バスコン キャブコン バンコン 軽キャン",
        "features": [
          "ごみ処理可能",
          "電源あり",
          "水道あり",
          "発電機OK",
          "入浴施設あり",
          "ペットOK",
          "プレミアム会員特典あり",
          "24時間トイレあり",
          "ダンプステーションあり"
        ],
        "url": "https://www.kurumatabi.com/park/rvpark/949.html",
        "geocode_source": "auto"
      }
    },
    {
      "type": "Feature",
      "geometry": {
        "type": "Point",
        "coordinates": [
          138.181046,
          36.825501
        ]
      },
      "properties": {
        "name": "RVパーク・ラボランドくろひめ",
        "pref": "長野県",
        "address": "長野県上水内郡信濃町野尻1848",
        "phone": "026-255-5723",
        "fee": "一般: 1泊・1台につき（電源なし） 3,080円 / 一般: 1泊・1台につき（電源あり） 3,630円 / スタンダード会員: 1泊・1台につき（電源なし） 2,860円 / スタンダード会員: 1泊・1台につき（電源あり） 3,410円 / プレミアム会員: 1泊・1台につき（電源なし） 2,640円 / プレミアム会員: 1泊・1台につき（電源あり） 3,190円",
        "available_period": "通年 日祝 日祝の前日 春休み GW 夏休み お盆 平日 冬期は降雪量が多いためRVパークエリアのみ休業。 https://www.laboland.jp/rv_park/ 施設により不定期のお休み・休業を設定している場合があります。ご利用可能日は事前に各施設にお問い合わせください。",
        "checkin_checkout": "チェックイン: 15:00 ～ 18:00 / チェックアウト: 7:00 ～ 11:00",
        "vehicle_size": "フルコン セミフルコン バスコン キャブコン バンコン トレーラー 軽キャン 一般車 その他 下記駐車場サイズもご確認ください。 利用可能かどうか判断がつかない場合は、施設までお問い合わせください。",
        "features": [
          "24時間利用OK",
          "暖房便座のみあり",
          "入浴施設あり（施設内）",
          "シャワーあり",
          "ダンプステーション・なし",
          "ごみ処理対応可（無料）",
          "電源あり（有料）",
          "発電機・不可",
          "水道あり（無料）",
          "炊事場なし",
          "コインランドリーあり",
          "ペットOK",
          "ドッグランあり",
          "WI-FIあり（無料）",
          "旅館・ホテルの食事：朝食・不可",
          "旅館・ホテルの食事：夕食・不可",
          "宿泊予約OK"
        ],
        "url": "https://www.kurumatabi.com/park/rvpark/1086.html",
        "geocode_source": "auto"
      }
    },
    {
      "type": "Feature",
      "geometry": {
        "type": "Point",
        "coordinates": [
          138.254442,
          35.96771
        ]
      },
      "properties": {
        "name": "RVパーク八ヶ岳高原「原村」もみの木",
        "pref": "長野県",
        "address": "長野県諏訪郡原村字原山17217-1729",
        "phone": "0266-74-2311",
        "fee": "一般: 電源あり １泊・1台につき 3,300円〜5,000円 / 一般: 電源なし １泊・1台につき 2,200円〜3,300円",
        "available_period": "日祝 日祝の前日 春休み GW 夏休み お盆 平日 ※冬季（11月下旬～4月中旬）閉鎖 施設により不定期のお休み・休業を設定している場合があります。ご利用可能日は事前に各施設にお問い合わせください。",
        "checkin_checkout": "チェックイン: 15:00 ～ 20:00 / チェックアウト: 6:00 ～ 10:00",
        "vehicle_size": "フルコン セミフルコン バスコン キャブコン バンコン トレーラー 軽キャン 一般車",
        "features": [
          "24時間利用OK",
          "暖房便座のみあり",
          "入浴施設あり（徒歩圏内あり）",
          "温泉あり",
          "ごみ処理対応可（有料）",
          "電源あり（無料）",
          "発電機・不可",
          "水道あり（無料）",
          "炊事場なし",
          "コインランドリーあり",
          "ペットOK",
          "WI-FIの利用・なし",
          "宿泊予約OK"
        ],
        "url": "https://www.kurumatabi.com/park/rvpark/618.html",
        "geocode_source": "auto"
      }
    },
    {
      "type": "Feature",
      "geometry": {
        "type": "Point",
        "coordinates": [
          138.269775,
          36.037032
        ]
      },
      "properties": {
        "name": "RVパーク蓼科パークホテル",
        "pref": "長野県",
        "address": "長野県茅野市北山5522",
        "phone": "0266-67-2600",
        "fee": "一般: <Aサイト電源付き>1泊／1台(トレーラー含む) お一人様料金 入浴料別途かかります 5,500円 / 一般: <Bサイト電源なし>1泊／1台(トレーラー含む) お一人様料金 入浴料別途かかります 3,500円",
        "available_period": "通年 日祝 日祝の前日 春休み GW お盆 冬休み 年末年始 平日 施設により不定期のお休み・休業を設定している場合があります。ご利用可能日は事前に各施設にお問い合わせください。",
        "checkin_checkout": "チェックイン: 13:00 ～ / チェックアウト: 7:00 ～ 10:00",
        "vehicle_size": "フルコン セミフルコン バスコン キャブコン バンコン トレーラー 軽キャン",
        "features": [
          "24時間利用OK",
          "温水洗浄便座あり",
          "入浴施設あり（車移動あり）",
          "温泉あり",
          "ダンプステーション・なし",
          "ごみ処理対応可（有料）",
          "電源あり（無料）",
          "発電機利用可(時間指定なし)",
          "水道あり（無料）",
          "炊事場なし",
          "コインランドリー・なし",
          "ペットOK",
          "WI-FIの利用・なし",
          "朝食予約OK",
          "夕食予約OK",
          "宿泊予約OK"
        ],
        "url": "https://www.kurumatabi.com/park/rvpark/891.html",
        "geocode_source": "auto"
      }
    },
    {
      "type": "Feature",
      "geometry": {
        "type": "Point",
        "coordinates": [
          137.78983,
          35.52463
        ]
      },
      "properties": {
        "name": "RVパーク飯田さるくら",
        "pref": "長野県",
        "address": "長野県飯田市大休7462-49",
        "phone": "0265-23-3437",
        "fee": "一般: Sサイズ平日1泊 4,400円 / 一般: Sサイズ土日祝前日1泊 5,500円",
        "available_period": "通年 日祝 日祝の前日 春休み GW 夏休み お盆 冬休み 年末年始 平日 施設メンテナンスの為、臨時休業の場合があります。 施設により不定期のお休み・休業を設定している場合があります。ご利用可能日は事前に各施設にお問い合わせください。",
        "checkin_checkout": "チェックイン: 15:00 ～ 0:00 / チェックアウト: 特になし ～ 11:00",
        "vehicle_size": "フルコン セミフルコン バスコン キャブコン バンコン トレーラー 軽キャン 一般車 その他 下記駐車場サイズもご確認ください。 利用可能かどうか判断がつかない場合は、施設までお問い合わせください。",
        "features": [
          "24時間利用OK",
          "温水洗浄便座あり",
          "入浴施設あり（施設内）",
          "シャワーあり",
          "ブラック・グレーOK",
          "ごみ処理対応可（無料）",
          "発電機・不可",
          "水道あり（無料）",
          "炊事場あり",
          "コインランドリーあり",
          "ペットOK",
          "WI-FIあり（無料）",
          "朝食予約OK",
          "夕食予約OK",
          "宿泊予約OK"
        ],
        "url": "https://www.kurumatabi.com/park/rvpark/920.html",
        "geocode_source": "auto"
      }
    },
    {
      "type": "Feature",
      "geometry": {
        "type": "Point",
        "coordinates": [
          137.939178,
          36.684376
        ]
      },
      "properties": {
        "name": "RVパーク鬼無里の湯　ホテル＆コテージ",
        "pref": "長野県",
        "address": "長野県長野市鬼無里日影8855",
        "phone": "026-256-2140",
        "fee": "一般: 1泊/1台 2,500円",
        "available_period": "日祝 日祝の前日 春休み GW 夏休み お盆 年末年始 平日 定休日：毎週月曜（祝日除く） 【1月～3月休業】 施設により不定期のお休み・休業を設定している場合があります。ご利用可能日は事前に各施設にお問い合わせください。",
        "checkin_checkout": "チェックイン: 15:00 ～ 19:00 / チェックアウト: 6:00 ～ 10:00",
        "vehicle_size": "フルコン セミフルコン バスコン キャブコン バンコン トレーラー 軽キャン 下記駐車場サイズもご確認ください。 利用可能かどうか判断がつかない場合は、施設までお問い合わせください。",
        "features": [
          "24時間利用OK",
          "和式トイレ",
          "入浴施設あり（施設内）",
          "温泉あり",
          "ダンプステーション・なし",
          "ごみ処理対応可（無料）",
          "電源あり（無料）",
          "発電機利用可(時間指定なし)",
          "水道あり（無料）",
          "コインランドリー・なし",
          "ペットOK",
          "ドッグランなし",
          "WI-FIあり（無料）",
          "朝食予約OK",
          "夕食予約OK",
          "宿泊予約OK"
        ],
        "url": "https://www.kurumatabi.com/park/rvpark/615.html",
        "geocode_source": "auto"
      }
    },
    {
      "type": "Feature",
      "geometry": {
        "type": "Point",
        "coordinates": [
          140.650474,
          40.820028
        ]
      },
      "properties": {
        "name": "RVパーク ASAHI",
        "pref": "青森県",
        "address": "青森県青森市新城山田208-1",
        "phone": "017-788-2266",
        "fee": "一般: １泊 3,700円〜4,700円 / 一般: 繁忙期 １泊・１台 6,000円〜8,000円",
        "available_period": "通年 施設により不定期のお休み・休業を設定している場合があります。ご利用可能日は事前に各施設にお問い合わせください。",
        "checkin_checkout": "チェックイン: 18:00 ～ 特になし / チェックアウト: 特になし ～ 8:00",
        "vehicle_size": "セミフルコン バスコン キャブコン バンコン 軽キャン 一般車 下記駐車場サイズもご確認ください。 利用可能かどうか判断がつかない場合は、施設までお問い合わせください。",
        "features": [
          "24時間利用OK",
          "温水洗浄便座あり",
          "入浴施設あり（車移動あり）",
          "温泉あり",
          "ごみ処理対応可（無料）",
          "電源あり（無料）",
          "発電機・不可",
          "水道あり（無料）",
          "炊事場なし",
          "コインランドリー・なし",
          "ペットOK",
          "ドッグランあり",
          "WI-FIの利用・なし",
          "旅館・ホテルの食事：朝食・不可",
          "旅館・ホテルの食事：夕食・不可",
          "旅館・ホテルの宿泊予約・不可"
        ],
        "url": "https://www.kurumatabi.com/park/rvpark/1709.html",
        "geocode_source": "auto"
      }
    },
    {
      "type": "Feature",
      "geometry": {
        "type": "Point",
        "coordinates": [
          140.752207,
          40.754961
        ]
      },
      "properties": {
        "name": "RVパーク GranPark八甲田",
        "pref": "青森県",
        "address": "青森県青森市合子沢松森356",
        "phone": "050-3129-9160",
        "fee": "一般: 30分ごと 70円〜",
        "available_period": "日祝 日祝の前日 春休み GW 夏休み お盆 冬休み 年末年始 平日 冬期間は積雪状況によりクローズとなります 施設により不定期のお休み・休業を設定している場合があります。ご利用可能日は事前に各施設にお問い合わせください。",
        "checkin_checkout": "チェックイン: 24時間可 / チェックアウト: 24時間可",
        "vehicle_size": "セミフルコン バスコン キャブコン バンコン トレーラー 軽キャン 一般車 その他 下記駐車場サイズもご確認ください。 利用可能かどうか判断がつかない場合は、施設までお問い合わせください。",
        "features": [
          "24時間利用OK",
          "温水洗浄便座あり",
          "入浴施設あり（車移動あり）",
          "温泉あり",
          "ダンプステーション・なし",
          "ごみ処理対応可（有料）",
          "電源あり（無料）",
          "発電機利用可(時間指定なし)",
          "水道あり（無料）",
          "炊事場なし",
          "コインランドリー・なし",
          "ペットOK",
          "ドッグランなし",
          "WI-FIあり（無料）",
          "旅館・ホテルの食事：朝食・不可",
          "旅館・ホテルの食事：夕食・不可",
          "旅館・ホテルの宿泊予約・不可"
        ],
        "url": "https://www.kurumatabi.com/park/rvpark/1121.html",
        "geocode_source": "auto"
      }
    },
    {
      "type": "Feature",
      "geometry": {
        "type": "Point",
        "coordinates": [
          140.457857,
          40.783872
        ]
      },
      "properties": {
        "name": "RVパーク PittINN BASE 青森",
        "pref": "青森県",
        "address": "青森県五所川原市みどり町４丁目４６",
        "phone": "0173-35-3333",
        "fee": "一般: 通常期 799円 / スタンダード会員: 通常期 699円 / プレミアム会員: 通常期 599円",
        "available_period": "通年 日祝 日祝の前日 春休み GW 夏休み お盆 冬休み 年末年始 平日 施設により不定期のお休み・休業を設定している場合があります。ご利用可能日は事前に各施設にお問い合わせください。",
        "checkin_checkout": "チェックイン: 14:00 ～ 19:00 / チェックアウト: 0:00 ～ 9:00",
        "vehicle_size": "フルコン セミフルコン バスコン キャブコン バンコン トレーラー 軽キャン その他 下記駐車場サイズもご確認ください。 利用可能かどうか判断がつかない場合は、施設までお問い合わせください。",
        "features": [
          "24時間利用OK",
          "入浴施設あり（徒歩圏内あり）",
          "温泉あり",
          "ごみ処理対応可（有料）",
          "電源あり（有料）",
          "発電機利用可(時間指定あり)",
          "水道あり（有料）",
          "炊事場あり",
          "コインランドリーあり",
          "ペットOK",
          "WI-FIあり（無料）",
          "朝食予約OK",
          "夕食予約OK",
          "宿泊予約OK"
        ],
        "url": "https://www.kurumatabi.com/park/rvpark/945.html",
        "geocode_source": "auto"
      }
    },
    {
      "type": "Feature",
      "geometry": {
        "type": "Point",
        "coordinates": [
          141.172207,
          40.609293
        ]
      },
      "properties": {
        "name": "RVパーク ポニー温泉",
        "pref": "青森県",
        "address": "青森県十和田市三本木字佐井幅167-1",
        "phone": "0176-23-4836",
        "fee": "1泊 3,300円〜／1台(トレーラー含む) 電源利用料については、 電源の有無 の項目をご確認ください。 最新の料金は直接施設へ事前確認をお願いします。",
        "available_period": "通年 日祝 日祝の前日 春休み GW 夏休み お盆 平日 冬季休業（12月中旬～3月中旬／降雪状況次第です） 施設により不定期のお休み・休業を設定している場合があります。ご利用可能日は事前に各施設にお問い合わせください。",
        "checkin_checkout": "チェックイン: 15:00 ～ 21:00 / チェックアウト: 5:00 ～ 10:00",
        "vehicle_size": "セミフルコン バスコン キャブコン バンコン トレーラー 軽キャン 一般車 その他 下記駐車場サイズもご確認ください。 利用可能かどうか判断がつかない場合は、施設までお問い合わせください。",
        "features": [
          "24時間利用OK",
          "温水洗浄便座あり",
          "入浴施設あり（徒歩圏内あり）",
          "温泉あり",
          "ダンプステーション・なし",
          "ごみ処理対応可（有料）",
          "電源あり（無料）",
          "発電機・不可",
          "水道あり（無料）",
          "炊事場なし",
          "コインランドリーあり",
          "ペットOK",
          "ドッグランなし",
          "WI-FIの利用・なし",
          "朝食予約OK",
          "旅館・ホテルの食事：夕食・不可",
          "宿泊予約OK"
        ],
        "url": "https://www.kurumatabi.com/park/rvpark/1117.html",
        "geocode_source": "auto"
      }
    },
    {
      "type": "Feature",
      "geometry": {
        "type": "Point",
        "coordinates": [
          140.176092,
          40.772741
        ]
      },
      "properties": {
        "name": "RVパーク 津軽西海岸 由利",
        "pref": "青森県",
        "address": "青森県西津軽郡鰺ヶ沢町赤石町38-1",
        "phone": "080-1667-4377",
        "fee": "一般: 1泊1台 2,750円",
        "available_period": "通年 冬季(おおよそ12中旬〜3月上旬)は原則として休業です。 但し冬季車中泊を自己責任で実施したい場合はご相談下さい。 冬季以外にも臨時で休業する場合がありますので、必ず電話予約をお願いします。 施設により不定期のお休み・休業を設定している場合があります。ご利用可能日は事前に各施設にお問い合わせください。",
        "checkin_checkout": "チェックイン: 13:00 ～ 19:00 / チェックアウト: 7:00 ～ 12:00",
        "vehicle_size": "フルコン セミフルコン バスコン キャブコン バンコン 軽キャン 一般車 その他 下記駐車場サイズもご確認ください。 利用可能かどうか判断がつかない場合は、施設までお問い合わせください。",
        "features": [
          "24時間利用OK",
          "温水洗浄便座あり",
          "入浴施設あり（車移動あり）",
          "温泉あり",
          "ごみ処理対応可（有料）",
          "電源あり（有料）",
          "発電機利用可(時間指定あり)",
          "水道あり（無料）",
          "炊事場あり",
          "コインランドリー・なし",
          "ペットOK",
          "ドッグランなし",
          "WI-FIの利用・なし",
          "旅館・ホテルの食事：朝食・不可",
          "旅館・ホテルの食事：夕食・不可",
          "旅館・ホテルの宿泊予約・不可"
        ],
        "url": "https://www.kurumatabi.com/park/rvpark/1506.html",
        "geocode_source": "auto"
      }
    },
    {
      "type": "Feature",
      "geometry": {
        "type": "Point",
        "coordinates": [
          140.339653,
          40.619891
        ]
      },
      "properties": {
        "name": "RVパーク 青森お～の～パーク",
        "pref": "青森県",
        "address": "青森県弘前市百沢寺沢290-9",
        "phone": "0172-88-9321",
        "fee": "電源利用料については、 電源の有無 の項目をご確認ください。 最新の料金は直接施設へ事前確認をお願いします。",
        "available_period": "通年 施設により不定期のお休み・休業を設定している場合があります。ご利用可能日は事前に各施設にお問い合わせください。",
        "checkin_checkout": "チェックイン: 13:00 ～ 21:00 / チェックアウト: 特になし ～ 12:00",
        "vehicle_size": "フルコン セミフルコン バスコン キャブコン バンコン トレーラー 軽キャン 一般車 その他",
        "features": [
          "24時間利用OK",
          "温水洗浄便座あり",
          "入浴施設あり（施設内）",
          "温泉あり",
          "ごみ処理対応現地相談（有料）",
          "電源あり（有料）",
          "発電機利用可(時間指定あり)",
          "水道あり（無料）",
          "炊事場なし",
          "コインランドリー・なし",
          "ペットOK",
          "ドッグランなし",
          "WI-FIの利用・なし",
          "旅館・ホテルの食事：朝食・不可",
          "旅館・ホテルの食事：夕食・不可",
          "宿泊予約OK"
        ],
        "url": "https://www.kurumatabi.com/park/rvpark/1411.html",
        "geocode_source": "auto"
      }
    },
    {
      "type": "Feature",
      "geometry": {
        "type": "Point",
        "coordinates": [
          141.150727,
          40.694393
        ]
      },
      "properties": {
        "name": "RVパーク 青森お～の～パーク in さかた温泉",
        "pref": "青森県",
        "address": "青森県上北郡七戸町字東上川原20-20",
        "phone": "0176-62-6376",
        "fee": "一般: 1泊1台（2名様） 2,000円〜",
        "available_period": "通年 不定休 施設により不定期のお休み・休業を設定している場合があります。ご利用可能日は事前に各施設にお問い合わせください。",
        "checkin_checkout": "チェックイン: 14:00 ～ 18:00 / チェックアウト: 5:00 ～ 11:00",
        "vehicle_size": "セミフルコン バスコン キャブコン バンコン 軽キャン 一般車 下記駐車場サイズもご確認ください。 利用可能かどうか判断がつかない場合は、施設までお問い合わせください。",
        "features": [
          "24時間利用OK",
          "温水洗浄便座あり",
          "入浴施設あり（施設内）",
          "温泉あり",
          "ごみ処理対応可（有料）",
          "電源あり（有料）",
          "発電機・不可",
          "水道あり（無料）",
          "炊事場あり",
          "コインランドリー・なし",
          "ペットOK",
          "ドッグランなし",
          "WI-FIの利用・なし",
          "旅館・ホテルの食事：朝食・不可",
          "旅館・ホテルの食事：夕食・不可",
          "旅館・ホテルの宿泊予約・不可"
        ],
        "url": "https://www.kurumatabi.com/park/rvpark/1491.html",
        "geocode_source": "auto"
      }
    },
    {
      "type": "Feature",
      "geometry": {
        "type": "Point",
        "coordinates": [
          141.427452,
          40.686312
        ]
      },
      "properties": {
        "name": "RVパーク 鹿中",
        "pref": "青森県",
        "address": "青森県三沢市鹿中１-486-1",
        "phone": "080-1886-9531",
        "fee": "1泊 電源あり2300円～ 1台(トレーラー含む) 各サイト15A ※RV-0のサイトですが1,800円から2,300円料金を改定させていただきました。 全サイトで電源をご利用いただけます。電源利用料については、各サイトの料金詳細をご確認ください。 電源利用料については、 電源の有無 の項目をご確認ください。 最新の料金は直接施設へ事前確認をお願いします。",
        "available_period": "通年 チェックイン時 ご予約いただいたサイトに駐車後 トイレ施設内 廊下に施設利用説明などありますので必ず確認してください。 施設により不定期のお休み・休業を設定している場合があります。ご利用可能日は事前に各施設にお問い合わせください。",
        "checkin_checkout": "チェックイン: 13:00 ～ 20:00 / チェックアウト: 0:00 ～ 11:00",
        "vehicle_size": "フルコン セミフルコン バスコン キャブコン バンコン トレーラー 軽キャン 一般車 下記駐車場サイズもご確認ください。 利用可能かどうか判断がつかない場合は、施設までお問い合わせください。",
        "features": [
          "24時間利用OK",
          "温水洗浄便座あり",
          "入浴施設あり（車移動あり）",
          "温泉あり",
          "ブラック・グレーOK",
          "ごみ処理対応可（有料）",
          "発電機・不可",
          "水道あり（無料）",
          "炊事場なし",
          "ペットOK",
          "ドッグランなし",
          "WI-FIあり（無料）"
        ],
        "url": "https://www.kurumatabi.com/park/rvpark/1500.html",
        "geocode_source": "auto"
      }
    },
    {
      "type": "Feature",
      "geometry": {
        "type": "Point",
        "coordinates": [
          141.631768,
          40.457645
        ]
      },
      "properties": {
        "name": "RVパークみちのくはしかみ",
        "pref": "青森県",
        "address": "青森県三戸郡階上町道仏字笹畑53-15",
        "phone": "0178-38-7065",
        "fee": "一般: 1泊・1台につき 2,200円",
        "available_period": "日祝 日祝の前日 春休み GW 夏休み お盆 平日 12/28～1/5 年末年始休業日 施設により不定期のお休み・休業を設定している場合があります。ご利用可能日は事前に各施設にお問い合わせください。",
        "checkin_checkout": "チェックイン: 10:30 ～ 16:00 / チェックアウト: 特になし",
        "vehicle_size": "フルコン セミフルコン バスコン キャブコン バンコン トレーラー 軽キャン 一般車",
        "features": [
          "24時間利用OK",
          "暖房便座のみあり",
          "入浴施設あり（車移動あり）",
          "湯沸かし浴槽あり",
          "ブラック・グレーOK",
          "ごみ処理対応可（有料）",
          "電源あり（有料）",
          "発電機・不可",
          "水道あり（無料）",
          "炊事場なし",
          "コインランドリー・なし",
          "ペットOK",
          "ドッグランなし",
          "WI-FIあり（無料）",
          "旅館・ホテルの食事：朝食・不可",
          "旅館・ホテルの食事：夕食・不可",
          "旅館・ホテルの宿泊予約・不可"
        ],
        "url": "https://www.kurumatabi.com/park/rvpark/677.html",
        "geocode_source": "auto"
      }
    },
    {
      "type": "Feature",
      "geometry": {
        "type": "Point",
        "coordinates": [
          138.93314,
          34.93036
        ]
      },
      "properties": {
        "name": "RVpark aobane",
        "pref": "静岡県",
        "address": "静岡県伊豆市青羽根 275-3",
        "phone": "090-3226-2584",
        "fee": "一般: 全長７M以内の全車種共通区画 １泊１台 4,000円 / 一般: 全長７M以上のトレーラー区画 １泊１台 5,000円 / 一般: 軽自動車1泊1台 3,500円 / スタンダード会員: 全長13~15Mのトレーラー区画 １泊１台 6,000円",
        "available_period": "通年 日祝 日祝の前日 春休み GW 夏休み お盆 冬休み 年末年始 平日 事前予約なしでのご利用はできません 施設により不定期のお休み・休業を設定している場合があります。ご利用可能日は事前に各施設にお問い合わせください。",
        "checkin_checkout": "チェックイン: 12:00 ～ 16:30 / チェックアウト: 0:00 ～ 10:00",
        "vehicle_size": "フルコン セミフルコン バスコン キャブコン バンコン トレーラー 軽キャン 一般車 下記駐車場サイズもご確認ください。 利用可能かどうか判断がつかない場合は、施設までお問い合わせください。",
        "features": [
          "24時間利用OK",
          "温水洗浄便座あり",
          "入浴施設あり（徒歩圏内あり）",
          "温泉あり",
          "ブラック・グレーOK",
          "ごみ処理対応可（有料）",
          "電源あり（無料）",
          "発電機・不可",
          "水道あり（無料）",
          "炊事場なし",
          "コインランドリー・なし",
          "ペットOK",
          "ドッグランなし",
          "WI-FIあり（無料）",
          "旅館・ホテルの食事：朝食・不可",
          "旅館・ホテルの食事：夕食・不可",
          "旅館・ホテルの宿泊予約・不可"
        ],
        "url": "https://www.kurumatabi.com/park/rvpark/1682.html",
        "geocode_source": "auto"
      }
    },
    {
      "type": "Feature",
      "geometry": {
        "type": "Point",
        "coordinates": [
          139.076524,
          34.843371
        ]
      },
      "properties": {
        "name": "RVパーク HESTA伊豆",
        "pref": "静岡県",
        "address": "静岡県賀茂郡東伊豆町大川145-1",
        "phone": "0557220022",
        "fee": "一般: 1泊・1台につき 6,050円",
        "available_period": "通年 不定休で休館日をする場合がございます。 施設により不定期のお休み・休業を設定している場合があります。ご利用可能日は事前に各施設にお問い合わせください。",
        "checkin_checkout": "チェックイン: 15:00 ～ 20:00 / チェックアウト: 7:00 ～ 10:00",
        "vehicle_size": "セミフルコン バスコン キャブコン バンコン 軽キャン 一般車 下記駐車場サイズもご確認ください。 利用可能かどうか判断がつかない場合は、施設までお問い合わせください。",
        "features": [
          "24時間利用OK",
          "温水洗浄便座あり",
          "入浴施設あり（施設内）",
          "温泉あり",
          "ダンプステーション・なし",
          "ごみ処理対応可（無料）",
          "電源あり（無料）",
          "発電機・不可",
          "水道あり（無料）",
          "炊事場なし",
          "コインランドリーあり",
          "ペットOK",
          "ドッグランなし",
          "WI-FIの利用・なし",
          "朝食予約OK",
          "夕食予約OK",
          "宿泊予約OK"
        ],
        "url": "https://www.kurumatabi.com/park/rvpark/1777.html",
        "geocode_source": "auto"
      }
    },
    {
      "type": "Feature",
      "geometry": {
        "type": "Point",
        "coordinates": [
          138.611283,
          35.209364
        ]
      },
      "properties": {
        "name": "RVパーク Hoshiyama",
        "pref": "静岡県",
        "address": "静岡県富士宮市星山８４－２",
        "phone": "0544-26-3608",
        "fee": "一般: R1サイト 5,500円 / 一般: R2サイト 5,500円 / 一般: R3サイト 5,500円",
        "available_period": "通年 日祝 日祝の前日 春休み GW 夏休み お盆 冬休み 年末年始 平日 旅館の一角ですので、旅館に団体予約があるときは休業となります。 施設により不定期のお休み・休業を設定している場合があります。ご利用可能日は事前に各施設にお問い合わせください。",
        "checkin_checkout": "チェックイン: 16:00 ～ 20:00 / チェックアウト: 特になし ～ 10:00",
        "vehicle_size": "セミフルコン バスコン キャブコン バンコン 軽キャン 一般車 下記駐車場サイズもご確認ください。 利用可能かどうか判断がつかない場合は、施設までお問い合わせください。",
        "features": [
          "24時間利用OK",
          "温水洗浄便座あり",
          "入浴施設あり（施設内）",
          "シャワーあり",
          "グレーOK",
          "ごみ処理対応可（無料）",
          "電源あり（無料）",
          "発電機・不可",
          "水道あり（無料）",
          "炊事場あり",
          "コインランドリーあり",
          "ペットOK",
          "ドッグランなし",
          "WI-FIの利用・なし",
          "旅館・ホテルの食事：朝食・不可",
          "旅館・ホテルの食事：夕食・不可",
          "宿泊予約OK"
        ],
        "url": "https://www.kurumatabi.com/park/rvpark/1367.html",
        "geocode_source": "auto"
      }
    },
    {
      "type": "Feature",
      "geometry": {
        "type": "Point",
        "coordinates": [
          138.582804,
          35.358851
        ]
      },
      "properties": {
        "name": "RVパーク TiC! ふじさん朝霧高原",
        "pref": "静岡県",
        "address": "静岡県富士宮市人穴201-9",
        "phone": "050-3644-1477",
        "fee": "一般: １台／１区画・１泊(駐車場No.11を除く) 5,500円 / 一般: ２台／１区画・１泊(駐車場No.11) 7,700円",
        "available_period": "通年 施設により不定期のお休み・休業を設定している場合があります。ご利用可能日は事前に各施設にお問い合わせください。",
        "checkin_checkout": "チェックイン: 13:00 ～ 23:30 / チェックアウト: 特になし ～ 11:00",
        "vehicle_size": "セミフルコン バスコン キャブコン バンコン トレーラー 軽キャン 一般車 その他 下記駐車場サイズもご確認ください。 利用可能かどうか判断がつかない場合は、施設までお問い合わせください。",
        "features": [
          "24時間利用OK",
          "温水洗浄便座あり",
          "入浴施設あり（施設内）",
          "シャワーあり",
          "ブラック・グレーOK",
          "ごみ処理対応可（有料）",
          "電源あり（無料）",
          "発電機・不可",
          "水道あり（無料）",
          "炊事場なし",
          "コインランドリーあり",
          "ペットOK",
          "ドッグランあり",
          "WI-FIあり（無料）",
          "旅館・ホテルの食事：朝食・不可",
          "旅館・ホテルの食事：夕食・不可",
          "旅館・ホテルの宿泊予約・不可"
        ],
        "url": "https://www.kurumatabi.com/park/rvpark/1405.html",
        "geocode_source": "auto"
      }
    },
    {
      "type": "Feature",
      "geometry": {
        "type": "Point",
        "coordinates": [
          138.910089,
          35.185931
        ]
      },
      "properties": {
        "name": "RVパーク ふじすその",
        "pref": "静岡県",
        "address": "静岡県裾野市佐野85-1",
        "phone": "055-943-5515",
        "fee": "一般: １泊１台につき 3,000円 / 一般: 6月１日～ 3,300円",
        "available_period": "通年 施設により不定期のお休み・休業を設定している場合があります。ご利用可能日は事前に各施設にお問い合わせください。",
        "checkin_checkout": "チェックイン: 11:00 ～ 18:00 / チェックアウト: 24時間可",
        "vehicle_size": "セミフルコン バスコン キャブコン バンコン トレーラー 軽キャン 一般車 下記駐車場サイズもご確認ください。 利用可能かどうか判断がつかない場合は、施設までお問い合わせください。",
        "features": [
          "24時間利用OK",
          "温水洗浄便座あり",
          "入浴施設あり（施設内）",
          "シャワーあり",
          "ダンプステーション・なし",
          "ごみ処理対応可（有料）",
          "電源あり（無料）",
          "発電機・不可",
          "水道あり（無料）",
          "炊事場あり",
          "コインランドリー・なし",
          "ペットOK",
          "ドッグランなし",
          "WI-FIの利用・なし",
          "旅館・ホテルの食事：朝食・不可",
          "旅館・ホテルの宿泊予約・不可"
        ],
        "url": "https://www.kurumatabi.com/park/rvpark/1344.html",
        "geocode_source": "auto"
      }
    },
    {
      "type": "Feature",
      "geometry": {
        "type": "Point",
        "coordinates": [
          138.79025,
          34.921106
        ]
      },
      "properties": {
        "name": "RVパーク キャンピングカーBASE Atelier41",
        "pref": "静岡県",
        "address": "静岡県伊豆市小土肥４８５",
        "phone": "080-6929-4110",
        "fee": "一般: 1泊・1台につき 4,400円〜",
        "available_period": "通年 臨時休業することがあります。 施設により不定期のお休み・休業を設定している場合があります。ご利用可能日は事前に各施設にお問い合わせください。",
        "checkin_checkout": "チェックイン: 14:00 ～ 17:00 / チェックアウト: 6:00 ～ 11:00",
        "vehicle_size": "フルコン セミフルコン バスコン キャブコン バンコン トレーラー 軽キャン 一般車 下記駐車場サイズもご確認ください。 利用可能かどうか判断がつかない場合は、施設までお問い合わせください。",
        "features": [
          "24時間利用OK",
          "特に機能なし",
          "入浴施設あり（車移動あり）",
          "温泉あり",
          "ごみ処理対応可（無料）",
          "電源あり（有料）",
          "発電機・不可",
          "水道あり（無料）",
          "炊事場あり",
          "コインランドリー・なし",
          "ペットOK",
          "ドッグランなし",
          "WI-FIの利用・なし",
          "旅館・ホテルの食事：朝食・不可",
          "旅館・ホテルの食事：夕食・不可",
          "旅館・ホテルの宿泊予約・不可"
        ],
        "url": "https://www.kurumatabi.com/park/rvpark/1598.html",
        "geocode_source": "auto"
      }
    },
    {
      "type": "Feature",
      "geometry": {
        "type": "Point",
        "coordinates": [
          138.660517,
          35.218656
        ]
      },
      "properties": {
        "name": "RVパーク フジRVフィールド",
        "pref": "静岡県",
        "address": "静岡県富士宮市杉田486",
        "phone": "090-2738-7844",
        "fee": "１泊 3,000～/1台(平日) 4,000～/1台(土日、祝日) 5,000～/1台(年末年始、GW、お盆) ※ご利用区画、追加オプションによって料金がかわります。 ●オプション● 電源→￥1,000(1泊) シャワー→￥500(1人1回) ゴミ処理→￥500(1袋) グレータンク→￥500 電源利用料については、 電源の有無 の項目をご確認ください。 最新の料金は直接施設へ事前確認をお願いします。",
        "available_period": "通年 施設により不定期のお休み・休業を設定している場合があります。ご利用可能日は事前に各施設にお問い合わせください。",
        "checkin_checkout": "チェックイン: 11:30 ～ 16:00 / チェックアウト: 特になし ～ 11:00",
        "vehicle_size": "セミフルコン バスコン キャブコン バンコン 軽キャン 一般車",
        "features": [
          "24時間利用OK",
          "入浴施設あり（施設内）",
          "シャワーあり",
          "ごみ処理対応可（有料）",
          "電源あり（有料）",
          "発電機・不可",
          "水道あり（無料）",
          "炊事場あり",
          "ペットOK",
          "ドッグランあり",
          "WI-FIあり（無料）"
        ],
        "url": "https://www.kurumatabi.com/park/rvpark/1345.html",
        "geocode_source": "auto"
      }
    },
    {
      "type": "Feature",
      "geometry": {
        "type": "Point",
        "coordinates": [
          138.910348,
          35.238456
        ]
      },
      "properties": {
        "name": "RVパーク レンブラントスタイル御殿場駒門",
        "pref": "静岡県",
        "address": "静岡県御殿場市神山1925-170",
        "phone": "0550-70-3905",
        "fee": "一般: 1泊・1台につき ※食事代別途 5,000円〜8,500円",
        "available_period": "通年 日祝 日祝の前日 春休み GW 夏休み お盆 冬休み 年末年始 平日 施設により不定期のお休み・休業を設定している場合があります。ご利用可能日は事前に各施設にお問い合わせください。",
        "checkin_checkout": "チェックイン: 16:00 ～ 21:00 / チェックアウト: 6:00 ～ 10:00",
        "vehicle_size": "セミフルコン バスコン キャブコン バンコン 軽キャン 一般車 下記駐車場サイズもご確認ください。 利用可能かどうか判断がつかない場合は、施設までお問い合わせください。",
        "features": [
          "24時間利用OK",
          "温水洗浄便座あり",
          "入浴施設あり（施設内）",
          "温泉あり",
          "ダンプステーション・なし",
          "ごみ処理対応可（有料）",
          "電源あり（無料）",
          "発電機・不可",
          "水道あり（無料）",
          "炊事場なし",
          "コインランドリーあり",
          "ペットOK",
          "ドッグランなし",
          "WI-FIの利用・なし",
          "朝食予約OK",
          "夕食予約OK",
          "宿泊予約OK"
        ],
        "url": "https://www.kurumatabi.com/park/rvpark/1095.html",
        "geocode_source": "auto"
      }
    },
    {
      "type": "Feature",
      "geometry": {
        "type": "Point",
        "coordinates": [
          138.871901,
          34.647834
        ]
      },
      "properties": {
        "name": "RVパーク 下賀茂温泉キャンプ場ボンヌジュルネ",
        "pref": "静岡県",
        "address": "静岡県賀茂郡南伊豆町下賀茂489",
        "phone": "09061706416",
        "fee": "一般: １泊 4,400円",
        "available_period": "通年 施設により不定期のお休み・休業を設定している場合があります。ご利用可能日は事前に各施設にお問い合わせください。",
        "checkin_checkout": "チェックイン: 13:00 ～ 17:00 / チェックアウト: 6:00 ～ 11:00",
        "vehicle_size": "キャブコン バンコン 軽キャン 一般車 下記駐車場サイズもご確認ください。 利用可能かどうか判断がつかない場合は、施設までお問い合わせください。",
        "features": [
          "24時間利用OK",
          "入浴施設あり（施設内）",
          "温泉あり",
          "ごみ処理対応可（無料）",
          "電源あり（有料）",
          "発電機・不可",
          "水道あり（無料）",
          "ペット・不可"
        ],
        "url": "https://www.kurumatabi.com/park/rvpark/1684.html",
        "geocode_source": "auto"
      }
    },
    {
      "type": "Feature",
      "geometry": {
        "type": "Point",
        "coordinates": [
          138.959126,
          35.060157
        ]
      },
      "properties": {
        "name": "RVパーク 代官屋敷",
        "pref": "静岡県",
        "address": "静岡県伊豆の国市韮山山木１４２－１",
        "phone": "055-944-6882",
        "fee": "一般: 1泊/1台 2,750円 / 一般: 1泊/1台 3,300円 / 一般: 1泊/1台 3,850円",
        "available_period": "通年 日祝 日祝の前日 春休み GW 夏休み お盆 冬休み 年末年始 平日 年末年始（12月30日～1月3日）は管理人不在の為ご相談ください。 施設により不定期のお休み・休業を設定している場合があります。ご利用可能日は事前に各施設にお問い合わせください。",
        "checkin_checkout": "チェックイン: 15:00 ～ 19:00 / チェックアウト: 7:30 ～ 10:30",
        "vehicle_size": "フルコン セミフルコン バスコン キャブコン バンコン トレーラー 軽キャン 一般車 下記駐車場サイズもご確認ください。 利用可能かどうか判断がつかない場合は、施設までお問い合わせください。",
        "features": [
          "24時間利用OK",
          "温水洗浄便座あり",
          "入浴施設あり（施設内）",
          "シャワーあり",
          "ブラック・グレーOK",
          "ごみ処理対応可（有料）",
          "電源あり（無料）",
          "発電機・不可",
          "水道あり（無料）",
          "炊事場あり",
          "コインランドリー・なし",
          "ペットOK",
          "WI-FIあり（無料）",
          "朝食予約OK",
          "夕食予約OK",
          "旅館・ホテルの宿泊予約・不可"
        ],
        "url": "https://www.kurumatabi.com/park/rvpark/999.html",
        "geocode_source": "auto"
      }
    },
    {
      "type": "Feature",
      "geometry": {
        "type": "Point",
        "coordinates": [
          139.084868,
          34.908846
        ]
      },
      "properties": {
        "name": "RVパーク 伊東 奏の森リゾート",
        "pref": "静岡県",
        "address": "静岡県伊東市十足325-1 奏の森リゾート内",
        "phone": "0557-55-7200",
        "fee": "一般: 1泊、1台 2,200円〜7,700円",
        "available_period": "通年 日祝 日祝の前日 春休み GW 夏休み お盆 冬休み 年末年始 平日 事前予約なしでのご利用はできません 施設により不定期のお休み・休業を設定している場合があります。ご利用可能日は事前に各施設にお問い合わせください。",
        "checkin_checkout": "チェックイン: 13:00 ～ 20:00 / チェックアウト: 特になし ～ 12:00",
        "vehicle_size": "フルコン セミフルコン バスコン キャブコン バンコン トレーラー 軽キャン 一般車 下記駐車場サイズもご確認ください。 利用可能かどうか判断がつかない場合は、施設までお問い合わせください。",
        "features": [
          "24時間利用OK",
          "温水洗浄便座あり",
          "入浴施設あり（施設内）",
          "シャワーあり",
          "ダンプステーション・なし",
          "ごみ処理対応可（有料）",
          "電源あり（無料）",
          "発電機利用可(時間指定あり)",
          "水道あり（無料）",
          "炊事場なし",
          "コインランドリーあり",
          "ペットOK",
          "ドッグランあり",
          "WI-FIあり（無料）",
          "朝食予約OK",
          "夕食予約OK",
          "旅館・ホテルの宿泊予約・不可"
        ],
        "url": "https://www.kurumatabi.com/park/rvpark/1611.html",
        "geocode_source": "auto"
      }
    },
    {
      "type": "Feature",
      "geometry": {
        "type": "Point",
        "coordinates": [
          138.792942,
          34.908382
        ]
      },
      "properties": {
        "name": "RVパーク 土肥金山(TOI GOLD MINE）",
        "pref": "静岡県",
        "address": "静岡県伊豆市土肥2726",
        "phone": "0558980800",
        "fee": "一般: 1泊・1台につき 5,500円",
        "available_period": "通年 施設により不定期のお休み・休業を設定している場合があります。ご利用可能日は事前に各施設にお問い合わせください。",
        "checkin_checkout": "チェックイン: 15:00 ～ 17:30 / チェックアウト: 特になし ～ 10:00",
        "vehicle_size": "セミフルコン バスコン キャブコン バンコン トレーラー 軽キャン 一般車 下記駐車場サイズもご確認ください。 利用可能かどうか判断がつかない場合は、施設までお問い合わせください。",
        "features": [
          "24時間利用OK",
          "入浴施設あり（徒歩圏内あり）",
          "温泉あり",
          "ごみ処理対応可（無料）",
          "電源あり（無料）",
          "発電機・不可",
          "水道あり（無料）",
          "コインランドリー・なし",
          "ペットOK",
          "ドッグランあり",
          "WI-FIあり（無料）",
          "旅館・ホテルの食事：朝食・不可",
          "旅館・ホテルの食事：夕食・不可",
          "旅館・ホテルの宿泊予約・不可"
        ],
        "url": "https://www.kurumatabi.com/park/rvpark/1722.html",
        "geocode_source": "auto"
      }
    },
    {
      "type": "Feature",
      "geometry": {
        "type": "Point",
        "coordinates": [
          137.602363,
          34.723032
        ]
      },
      "properties": {
        "name": "RVパーク 浜名湖カナルオートキャンプ場",
        "pref": "静岡県",
        "address": "静岡県浜松市中央区村櫛町4607-13",
        "phone": "053-489-2877",
        "fee": "●一般料金:1台1泊 4,800円(税込) ●軽：1台1泊3,300円(税込) 車長7mを超える場合は、上記料金にそれぞれ1,500円プラス。車長12mを超える場合はそれぞれ2,000円プラス 電源利用料については、 電源の有無 の項目をご確認ください。 最新の料金は直接施設へ事前確認をお願いします。",
        "available_period": "通年 施設により不定期のお休み・休業を設定している場合があります。ご利用可能日は事前に各施設にお問い合わせください。",
        "checkin_checkout": "チェックイン: 13:00 ～ 17:00 / チェックアウト: 7:00 ～ 11:00",
        "vehicle_size": "フルコン セミフルコン バスコン キャブコン バンコン トレーラー 軽キャン 一般車 下記駐車場サイズもご確認ください。 利用可能かどうか判断がつかない場合は、施設までお問い合わせください。",
        "features": [
          "24時間利用OK",
          "入浴施設あり（車移動あり）",
          "温泉あり",
          "ごみ処理対応可（有料）",
          "電源あり（有料）",
          "発電機・不可",
          "水道あり（無料）",
          "ペットOK"
        ],
        "url": "https://www.kurumatabi.com/park/rvpark/1511.html",
        "geocode_source": "auto"
      }
    },
    {
      "type": "Feature",
      "geometry": {
        "type": "Point",
        "coordinates": [
          137.903435,
          34.84593
        ]
      },
      "properties": {
        "name": "RVパーク 滝の宮",
        "pref": "静岡県",
        "address": "静岡県周智郡森町一宮3957-3",
        "phone": "07093408016",
        "fee": "一般: 大サイト 7,000円 / スタンダード会員: 小サイト 6,000円",
        "available_period": "通年 施設により不定期のお休み・休業を設定している場合があります。ご利用可能日は事前に各施設にお問い合わせください。",
        "checkin_checkout": "チェックイン: 13:00 ～ 特になし / チェックアウト: 特になし ～ 10:00",
        "vehicle_size": "フルコン セミフルコン バスコン キャブコン バンコン トレーラー 軽キャン 一般車",
        "features": [
          "24時間利用OK",
          "入浴施設あり（施設内）",
          "シャワーあり",
          "ごみ処理対応可（有料）",
          "電源あり（無料）",
          "発電機・不可",
          "水道あり（無料）",
          "ペットOK"
        ],
        "url": "https://www.kurumatabi.com/park/rvpark/1619.html",
        "geocode_source": "auto"
      }
    },
    {
      "type": "Feature",
      "geometry": {
        "type": "Point",
        "coordinates": [
          138.87235,
          34.61906
        ]
      },
      "properties": {
        "name": "RVパーク 赤穂浦",
        "pref": "静岡県",
        "address": "静岡県賀茂郡南伊豆町下流９４５",
        "phone": "0558650201",
        "fee": "一般: 1泊1台につき 6,600円",
        "available_period": "通年 施設により不定期のお休み・休業を設定している場合があります。ご利用可能日は事前に各施設にお問い合わせください。",
        "checkin_checkout": "チェックイン: 14:00 ～ 21:00 / チェックアウト: 6:00 ～ 11:00",
        "vehicle_size": "セミフルコン バスコン キャブコン バンコン 軽キャン 一般車 下記駐車場サイズもご確認ください。 利用可能かどうか判断がつかない場合は、施設までお問い合わせください。",
        "features": [
          "24時間利用OK",
          "入浴施設あり（施設内）",
          "シャワーあり",
          "ダンプステーション・なし",
          "ごみ処理対応可（無料）",
          "電源あり（無料）",
          "発電機利用可(時間指定あり)",
          "水道あり（無料）",
          "炊事場なし",
          "コインランドリー・なし",
          "ペットOK",
          "ドッグランなし",
          "WI-FIの利用・なし"
        ],
        "url": "https://www.kurumatabi.com/park/rvpark/1451.html",
        "geocode_source": "auto"
      }
    },
    {
      "type": "Feature",
      "geometry": {
        "type": "Point",
        "coordinates": [
          138.068838,
          34.787957
        ]
      },
      "properties": {
        "name": "RVパーク 車中泊ぬくぬく",
        "pref": "静岡県",
        "address": "静岡県掛川市八坂438ｰ2",
        "phone": "09012391539",
        "fee": "一般: 1泊・1台につき 3,500円 / スタンダード会員: 1泊・1台につき 3,500円 / プレミアム会員: 1泊・1台につき 3,500円",
        "available_period": "通年 施設により不定期のお休み・休業を設定している場合があります。ご利用可能日は事前に各施設にお問い合わせください。",
        "checkin_checkout": "チェックイン: 15:00 ～ 21:00 / チェックアウト: 6:00 ～ 12:00",
        "vehicle_size": "セミフルコン バスコン キャブコン バンコン トレーラー 軽キャン 一般車 その他 下記駐車場サイズもご確認ください。 利用可能かどうか判断がつかない場合は、施設までお問い合わせください。",
        "features": [
          "24時間利用OK",
          "温水洗浄便座あり",
          "入浴施設あり（車移動あり）",
          "温泉あり",
          "ダンプステーション・なし",
          "ごみ処理対応可（無料）",
          "電源あり（無料）",
          "発電機利用可(時間指定あり)",
          "水道あり（無料）",
          "炊事場なし",
          "コインランドリー・なし",
          "ペットOK",
          "ドッグランなし",
          "WI-FIの利用・なし",
          "旅館・ホテルの食事：朝食・不可",
          "旅館・ホテルの食事：夕食・不可",
          "旅館・ホテルの宿泊予約・不可"
        ],
        "url": "https://www.kurumatabi.com/park/rvpark/1531.html",
        "geocode_source": "auto"
      }
    },
    {
      "type": "Feature",
      "geometry": {
        "type": "Point",
        "coordinates": [
          138.894905,
          35.282252
        ]
      },
      "properties": {
        "name": "RVパークITAZUMA",
        "pref": "静岡県",
        "address": "静岡県御殿場市板妻字長畠792－４",
        "phone": "090-8675-0736",
        "fee": "平日は無人営業になる事が多い為、釣り銭の出ない様ご協力お願い致します 1番から5番サイト 車両代：4,000円 6番サイト 車両代: 3,000円（富士山が見えないサイト） 御利用人数 お一人様につき 大人 1,000円 18歳以下 500円 電源利用料については、 電源の有無 の項目をご確認ください。 最新の料金は直接施設へ事前確認をお願いします。",
        "available_period": "通年 施設により不定期のお休み・休業を設定している場合があります。ご利用可能日は事前に各施設にお問い合わせください。",
        "checkin_checkout": "チェックイン: 13:00 ～ 特になし / チェックアウト: 特になし ～ 10:00",
        "vehicle_size": "フルコン セミフルコン バスコン キャブコン バンコン トレーラー 軽キャン 一般車 その他 下記駐車場サイズもご確認ください。 利用可能かどうか判断がつかない場合は、施設までお問い合わせください。",
        "features": [
          "24時間利用OK",
          "温水洗浄便座あり",
          "入浴施設あり（車移動あり）",
          "温泉あり",
          "ダンプステーション・なし",
          "ごみ処理対応可（有料）",
          "電源あり（無料）",
          "発電機・不可",
          "水道あり（無料）",
          "炊事場なし",
          "コインランドリー・なし",
          "ペットOK",
          "ドッグランあり",
          "WI-FIの利用・なし",
          "旅館・ホテルの食事：朝食・不可",
          "旅館・ホテルの食事：夕食・不可",
          "旅館・ホテルの宿泊予約・不可"
        ],
        "url": "https://www.kurumatabi.com/park/rvpark/1143.html",
        "geocode_source": "auto"
      }
    },
    {
      "type": "Feature",
      "geometry": {
        "type": "Point",
        "coordinates": [
          138.04661,
          34.72569
        ]
      },
      "properties": {
        "name": "RVパークkakegawa",
        "pref": "静岡県",
        "address": "静岡県掛川市高瀬1392-3",
        "phone": "090-7689-3168",
        "fee": "一般: 1泊・1台につき 3,000円〜3,500円",
        "available_period": "通年 施設により不定期のお休み・休業を設定している場合があります。ご利用可能日は事前に各施設にお問い合わせください。",
        "checkin_checkout": "チェックイン: 13:00 ～ 18:00 / チェックアウト: 7:00 ～ 11:00",
        "vehicle_size": "フルコン セミフルコン バスコン キャブコン バンコン トレーラー 軽キャン 一般車 下記駐車場サイズもご確認ください。 利用可能かどうか判断がつかない場合は、施設までお問い合わせください。",
        "features": [
          "24時間利用OK",
          "特に機能なし",
          "入浴施設あり（車移動あり）",
          "温泉あり",
          "ダンプステーション・なし",
          "ごみ処理対応可（無料）",
          "電源あり（無料）",
          "発電機・不可",
          "水道あり（無料）",
          "炊事場なし",
          "コインランドリー・なし",
          "ペットOK",
          "ドッグランなし",
          "WI-FIの利用・なし",
          "旅館・ホテルの食事：朝食・不可",
          "旅館・ホテルの食事：夕食・不可",
          "旅館・ホテルの宿泊予約・不可"
        ],
        "url": "https://www.kurumatabi.com/park/rvpark/1721.html",
        "geocode_source": "auto"
      }
    },
    {
      "type": "Feature",
      "geometry": {
        "type": "Point",
        "coordinates": [
          138.89249,
          34.638799
        ]
      },
      "properties": {
        "name": "RVパークsmart 弓ヶ浜いち番館",
        "pref": "静岡県",
        "address": "静岡県賀茂郡南伊豆町湊635",
        "phone": "092-433-7370",
        "fee": "一般: 1泊/1台 4,000円〜",
        "available_period": "通年 日祝 日祝の前日 春休み GW 夏休み お盆 冬休み 年末年始 平日 施設により不定期のお休み・休業を設定している場合があります。ご利用可能日は事前に各施設にお問い合わせください。",
        "checkin_checkout": "チェックイン: 13:00 ～ 特になし / チェックアウト: 特になし ～ 12:00",
        "vehicle_size": "キャブコン バンコン 軽キャン 一般車 下記駐車場サイズもご確認ください。 利用可能かどうか判断がつかない場合は、施設までお問い合わせください。",
        "features": [
          "24時間利用OK",
          "入浴施設あり（徒歩圏内あり）",
          "温泉あり",
          "ダンプステーション・なし",
          "ゴミ処理対応・不可",
          "電源あり（無料）",
          "発電機・不可",
          "水道・なし",
          "ペットOK"
        ],
        "url": "https://www.kurumatabi.com/park/rvpark/991.html",
        "geocode_source": "auto"
      }
    },
    {
      "type": "Feature",
      "geometry": {
        "type": "Point",
        "coordinates": [
          138.907465,
          35.111049
        ]
      },
      "properties": {
        "name": "RVパークsmart 極楽湯 三島店",
        "pref": "静岡県",
        "address": "静岡県三島市三好町4番23号 せせらぎパーク三好内",
        "phone": "092-433-7370",
        "fee": "一般: 1泊/1台 3,500円",
        "available_period": "通年 日祝 日祝の前日 春休み GW 夏休み お盆 冬休み 年末年始 平日 施設により不定期のお休み・休業を設定している場合があります。ご利用可能日は事前に各施設にお問い合わせください。",
        "checkin_checkout": "チェックイン: 15:00 ～ 特になし / チェックアウト: 特になし ～ 9:00",
        "vehicle_size": "キャブコン バンコン 軽キャン 一般車 下記駐車場サイズもご確認ください。 利用可能かどうか判断がつかない場合は、施設までお問い合わせください。",
        "features": [
          "利用時間制限あり",
          "入浴施設あり（施設内）",
          "温泉あり",
          "ゴミ処理対応・不可",
          "電源あり（無料）",
          "発電機・不可",
          "水道・なし",
          "ペットOK"
        ],
        "url": "https://www.kurumatabi.com/park/rvpark/1011.html",
        "geocode_source": "auto"
      }
    },
    {
      "type": "Feature",
      "geometry": {
        "type": "Point",
        "coordinates": [
          139.071926,
          35.080883
        ]
      },
      "properties": {
        "name": "RVパーク　ACAO FOREST",
        "pref": "静岡県",
        "address": "静岡県熱海市上多賀1027－8",
        "phone": "0557-83-6200",
        "fee": "一般: 通常区画利用（ACAO FOREST併設駐車場内）1泊1区画につき 4,400円 / 一般: 専用芝生エリア付プレミアム区画 1泊1区画につき 8,800円",
        "available_period": "通年 日祝 日祝の前日 春休み GW 夏休み お盆 冬休み 年末年始 平日 年中無休の予定ですが、天災の影響など、やむを得ない場合は臨時休業もあります。 施設により不定期のお休み・休業を設定している場合があります。ご利用可能日は事前に各施設にお問い合わせください。",
        "checkin_checkout": "チェックイン: 17:00 ～ 特になし / チェックアウト: 特になし ～ 9:00",
        "vehicle_size": "キャブコン バンコン 軽キャン 一般車 下記駐車場サイズもご確認ください。 利用可能かどうか判断がつかない場合は、施設までお問い合わせください。",
        "features": [
          "24時間利用OK",
          "温水洗浄便座あり",
          "入浴施設あり（車移動あり）",
          "温泉あり",
          "ごみ処理対応可（無料）",
          "電源あり（無料）",
          "発電機・不可",
          "水道あり（無料）",
          "炊事場なし",
          "コインランドリー・なし",
          "ペットOK",
          "ドッグランなし",
          "WI-FIあり（無料）",
          "旅館・ホテルの食事：朝食・不可",
          "夕食予約OK",
          "旅館・ホテルの宿泊予約・不可"
        ],
        "url": "https://www.kurumatabi.com/park/rvpark/1660.html",
        "geocode_source": "auto"
      }
    },
    {
      "type": "Feature",
      "geometry": {
        "type": "Point",
        "coordinates": [
          137.936991,
          34.670529
        ]
      },
      "properties": {
        "name": "RVパークうみてらすDORI",
        "pref": "静岡県",
        "address": "静岡県袋井市東同笠1611-1",
        "phone": "0538-44-3139",
        "fee": "一般: １区画・１泊 3,000円",
        "available_period": "通年 毎週火曜、年末年始については敷地内にある運動施設は閉館。 シャワーやトイレのある休憩交流施設は24時間利用可能。 施設により不定期のお休み・休業を設定している場合があります。ご利用可能日は事前に各施設にお問い合わせください。",
        "checkin_checkout": "チェックイン: 10:00 ～ 特になし / チェックアウト: 特になし ～ 10:00",
        "vehicle_size": "キャブコン バンコン トレーラー 軽キャン 一般車 下記駐車場サイズもご確認ください。 利用可能かどうか判断がつかない場合は、施設までお問い合わせください。",
        "features": [
          "24時間利用OK",
          "温水洗浄便座あり",
          "入浴施設あり（徒歩圏内あり）",
          "シャワーあり",
          "ダンプステーション・なし",
          "ごみ処理対応可（無料）",
          "電源あり（無料）",
          "発電機・不可",
          "水道あり（無料）",
          "炊事場なし",
          "コインランドリー・なし",
          "ペットOK",
          "ドッグランなし",
          "WI-FIの利用・なし",
          "旅館・ホテルの食事：朝食・不可",
          "旅館・ホテルの食事：夕食・不可",
          "旅館・ホテルの宿泊予約・不可"
        ],
        "url": "https://www.kurumatabi.com/park/rvpark/1703.html",
        "geocode_source": "auto"
      }
    },
    {
      "type": "Feature",
      "geometry": {
        "type": "Point",
        "coordinates": [
          138.245061,
          35.06916
        ]
      },
      "properties": {
        "name": "RVパークごほうびリゾート",
        "pref": "静岡県",
        "address": "静岡県静岡市葵区坂ノ上624-2",
        "phone": "090-4111-3237",
        "fee": "一般: 1泊・1台につき 5,000円 / スタンダード会員: 1泊・1台につき 5,000円",
        "available_period": "通年 施設により不定期のお休み・休業を設定している場合があります。ご利用可能日は事前に各施設にお問い合わせください。",
        "checkin_checkout": "チェックイン: 13:00 ～ 特になし / チェックアウト: 特になし ～ 11:00",
        "vehicle_size": "キャブコン バンコン 軽キャン 一般車 下記駐車場サイズもご確認ください。 利用可能かどうか判断がつかない場合は、施設までお問い合わせください。",
        "features": [
          "24時間利用OK",
          "温水洗浄便座あり",
          "入浴施設あり（車移動あり）",
          "温泉あり",
          "ごみ処理対応可（無料）",
          "電源あり（無料）",
          "発電機利用可(時間指定なし)",
          "水道あり（無料）",
          "炊事場あり",
          "コインランドリー・なし",
          "ペットOK",
          "ドッグランなし",
          "WI-FIの利用・なし",
          "旅館・ホテルの食事：朝食・不可",
          "旅館・ホテルの食事：夕食・不可",
          "旅館・ホテルの宿泊予約・不可"
        ],
        "url": "https://www.kurumatabi.com/park/rvpark/1723.html",
        "geocode_source": "auto"
      }
    },
    {
      "type": "Feature",
      "geometry": {
        "type": "Point",
        "coordinates": [
          138.788003,
          35.023641
        ]
      },
      "properties": {
        "name": "RVパークちどりマリンサービス",
        "pref": "静岡県",
        "address": "静岡県沼津市西浦江梨323-2(大瀬崎)",
        "phone": "055-942-2219",
        "fee": "一般: 1泊 4,500円",
        "available_period": "日祝 日祝の前日 冬休み 年末年始 平日 施設により不定期のお休み・休業を設定している場合があります。ご利用可能日は事前に各施設にお問い合わせください。",
        "checkin_checkout": "チェックイン: 14:00 ～ 17:00 / チェックアウト: 特になし ～ 10:00",
        "vehicle_size": "セミフルコン キャブコン バンコン 軽キャン 一般車",
        "features": [
          "24時間利用OK",
          "入浴施設あり（施設内）",
          "シャワーあり",
          "ごみ処理対応可（有料）",
          "電源あり（無料）",
          "発電機・不可",
          "水道あり（無料）",
          "ペットOK"
        ],
        "url": "https://www.kurumatabi.com/park/rvpark/967.html",
        "geocode_source": "auto"
      }
    },
    {
      "type": "Feature",
      "geometry": {
        "type": "Point",
        "coordinates": [
          139.052366,
          34.78286
        ]
      },
      "properties": {
        "name": "RVパーク伊豆黒根岬",
        "pref": "静岡県",
        "address": "静岡県賀茂郡東伊豆町稲取3009-1",
        "phone": "090-2166-0447",
        "fee": "一般: ①②電源込1泊／1台 ※2023年7月1日より 3,000円 / 一般: ③④電源込1泊／1台 ※2023年7月1日より 2,000円 / 一般: ⑤AB電源込1泊／1台 ※2023年7月1日より 2,500円",
        "available_period": "通年 日祝 日祝の前日 春休み GW 夏休み お盆 冬休み 年末年始 平日 施設により不定期のお休み・休業を設定している場合があります。ご利用可能日は事前に各施設にお問い合わせください。",
        "checkin_checkout": "チェックイン: 12:00 ～ 19:00 / チェックアウト: 特になし ～ 11:00",
        "vehicle_size": "フルコン セミフルコン バスコン キャブコン バンコン トレーラー 軽キャン 一般車 その他 下記駐車場サイズもご確認ください。 利用可能かどうか判断がつかない場合は、施設までお問い合わせください。",
        "features": [
          "24時間利用OK",
          "温水洗浄便座あり",
          "入浴施設あり（施設内）",
          "シャワーあり",
          "ブラック・グレーOK",
          "ごみ処理対応可（有料）",
          "電源あり（無料）",
          "発電機・不可",
          "水道あり（無料）",
          "炊事場なし",
          "コインランドリー・なし",
          "ペットOK",
          "WI-FIの利用・なし",
          "旅館・ホテルの食事：朝食・不可",
          "旅館・ホテルの食事：夕食・不可",
          "旅館・ホテルの宿泊予約・不可"
        ],
        "url": "https://www.kurumatabi.com/park/rvpark/862.html",
        "geocode_source": "auto"
      }
    },
    {
      "type": "Feature",
      "geometry": {
        "type": "Point",
        "coordinates": [
          138.94782,
          35.297815
        ]
      },
      "properties": {
        "name": "RVパーク御殿場",
        "pref": "静岡県",
        "address": "静岡県御殿場市新橋２９２－１",
        "phone": "09032528011",
        "fee": "一般: 全長８M以内の全車種共通区画 １泊１台 3,850円 / 一般: 全長８M以上のトレーラー区画 １泊１台 4,950円",
        "available_period": "通年 日祝 日祝の前日 春休み GW 夏休み お盆 冬休み 年末年始 平日 施設により不定期のお休み・休業を設定している場合があります。ご利用可能日は事前に各施設にお問い合わせください。",
        "checkin_checkout": "チェックイン: 14:00 ～ 22:00 / チェックアウト: 特になし ～ 11:00",
        "vehicle_size": "セミフルコン バスコン キャブコン バンコン トレーラー 軽キャン 一般車 下記駐車場サイズもご確認ください。 利用可能かどうか判断がつかない場合は、施設までお問い合わせください。",
        "features": [
          "24時間利用OK",
          "温水洗浄便座あり",
          "入浴施設あり（徒歩圏内あり）",
          "温泉あり",
          "ダンプステーション・なし",
          "ごみ処理対応可（有料）",
          "電源あり（無料）",
          "発電機・不可",
          "水道あり（無料）",
          "炊事場なし",
          "コインランドリー・なし",
          "ペットOK",
          "ドッグランなし",
          "WI-FIあり（無料）",
          "旅館・ホテルの食事：朝食・不可",
          "旅館・ホテルの食事：夕食・不可",
          "旅館・ホテルの宿泊予約・不可"
        ],
        "url": "https://www.kurumatabi.com/park/rvpark/988.html",
        "geocode_source": "auto"
      }
    },
    {
      "type": "Feature",
      "geometry": {
        "type": "Point",
        "coordinates": [
          138.36662,
          34.921051
        ]
      },
      "properties": {
        "name": "RVパーク用宗～Mochimune～",
        "pref": "静岡県",
        "address": "静岡県静岡市駿河区用宗3丁目17-10",
        "phone": "070-8314-5524",
        "fee": "一般: 日～木曜日 1泊 1台につき 3,500円 / 一般: 金、土曜日、祝前日 1泊 1台につき 4,000円 / 一般: 大型連休 4,500円",
        "available_period": "通年 日祝 日祝の前日 春休み GW 夏休み お盆 冬休み 年末年始 平日 施設により不定期のお休み・休業を設定している場合があります。ご利用可能日は事前に各施設にお問い合わせください。",
        "checkin_checkout": "チェックイン: 13:00 ～ 特になし / チェックアウト: 特になし ～ 12:00",
        "vehicle_size": "フルコン セミフルコン バスコン キャブコン バンコン トレーラー 軽キャン 一般車 下記駐車場サイズもご確認ください。 利用可能かどうか判断がつかない場合は、施設までお問い合わせください。",
        "features": [
          "24時間利用OK",
          "温水洗浄便座あり",
          "入浴施設あり（徒歩圏内あり）",
          "温泉あり",
          "ダンプステーション・なし",
          "ごみ処理対応可（有料）",
          "電源あり（無料）",
          "発電機・不可",
          "水道あり（無料）",
          "炊事場なし",
          "コインランドリー・なし",
          "ペットOK",
          "ドッグランなし",
          "WI-FIあり（無料）",
          "旅館・ホテルの食事：朝食・不可",
          "旅館・ホテルの食事：夕食・不可",
          "旅館・ホテルの宿泊予約・不可"
        ],
        "url": "https://www.kurumatabi.com/park/rvpark/914.html",
        "geocode_source": "auto"
      }
    },
    {
      "type": "Feature",
      "geometry": {
        "type": "Point",
        "coordinates": [
          138.760078,
          34.800935
        ]
      },
      "properties": {
        "name": "RVパーク西伊豆TAGOBASE　【一時休業中】",
        "pref": "静岡県",
        "address": "静岡県賀茂郡西伊豆町田子1672-2",
        "phone": "00-0000-0000",
        "fee": "1泊 平日4.400円、休前日休日5.500円、連休等特定日6.600円／1台 電源利用料については、 電源の有無 の項目をご確認ください。 最新の料金は直接施設へ事前確認をお願いします。",
        "available_period": "日祝 日祝の前日 春休み GW 夏休み お盆 施設により不定期のお休み・休業を設定している場合があります。ご利用可能日は事前に各施設にお問い合わせください。",
        "checkin_checkout": "チェックイン: 15:30 ～ 18:30 / チェックアウト: 特になし ～ 11:00",
        "vehicle_size": "セミフルコン バスコン キャブコン バンコン トレーラー 軽キャン 一般車 下記駐車場サイズもご確認ください。 利用可能かどうか判断がつかない場合は、施設までお問い合わせください。",
        "features": [
          "24時間利用OK",
          "温水洗浄便座あり",
          "入浴施設あり（施設内）",
          "シャワーあり",
          "ダンプステーション・なし",
          "ごみ処理対応可（有料）",
          "電源あり（無料）",
          "発電機・不可",
          "水道あり（無料）",
          "炊事場あり",
          "コインランドリーあり",
          "ペットOK",
          "ドッグランなし",
          "WI-FIの利用・なし",
          "旅館・ホテルの食事：朝食・不可",
          "旅館・ホテルの食事：夕食・不可",
          "旅館・ホテルの宿泊予約・不可"
        ],
        "url": "https://www.kurumatabi.com/park/rvpark/1270.html",
        "geocode_source": "auto"
      }
    },
    {
      "type": "Feature",
      "geometry": {
        "type": "Point",
        "coordinates": [
          138.777,
          34.766
        ]
      },
      "properties": {
        "name": "RVパーク西伊豆大浜海岸villa SURF9",
        "pref": "静岡県",
        "address": "静岡県賀茂郡西伊豆町仁科521ー30",
        "phone": "090-2166-0447",
        "fee": "一般: 通常時1泊1台につき 2,500円 / 一般: 年末年始、夏季期間、GW シルバーウィークほか三連休及び特定日の休前日 1泊1台につき 3,500円",
        "available_period": "通年 年末年始、ゴールデンウィーク、夏季期間は季節料金+1,000円となります。 施設により不定期のお休み・休業を設定している場合があります。ご利用可能日は事前に各施設にお問い合わせください。",
        "checkin_checkout": "チェックイン: 12:00 ～ 19:00 / チェックアウト: 3:00 ～ 11:00",
        "vehicle_size": "フルコン セミフルコン バスコン キャブコン バンコン トレーラー 軽キャン 一般車 下記駐車場サイズもご確認ください。 利用可能かどうか判断がつかない場合は、施設までお問い合わせください。",
        "features": [
          "24時間利用OK",
          "温水洗浄便座あり",
          "入浴施設あり（徒歩圏内あり）",
          "温泉あり",
          "ブラック・グレーOK",
          "ごみ処理対応現地相談（有料）",
          "電源あり（無料）",
          "発電機・不可",
          "水道あり（無料）",
          "炊事場なし",
          "コインランドリー・なし",
          "ペットOK",
          "ドッグランなし",
          "WI-FIの利用・なし",
          "旅館・ホテルの食事：朝食・不可",
          "旅館・ホテルの食事：夕食・不可",
          "旅館・ホテルの宿泊予約・不可"
        ],
        "url": "https://www.kurumatabi.com/park/rvpark/1149.html",
        "geocode_source": "auto"
      }
    },
    {
      "type": "Feature",
      "geometry": {
        "type": "Point",
        "coordinates": [
          138.943459,
          35.094735
        ]
      },
      "properties": {
        "name": "コンビニＲＶパーク ローソン三島大場（みしまだいば）店",
        "pref": "静岡県",
        "address": "静岡県三島市大場391-3",
        "phone": "000-000-0000",
        "fee": "一般: 1泊 2,500円",
        "available_period": "通年 施設により不定期のお休み・休業を設定している場合があります。ご利用可能日は事前に各施設にお問い合わせください。",
        "checkin_checkout": "チェックイン: 15:00 ～ 22:00 / チェックアウト: 特になし ～ 10:00",
        "vehicle_size": "キャブコン バンコン 軽キャン 一般車 下記駐車場サイズもご確認ください。 利用可能かどうか判断がつかない場合は、施設までお問い合わせください。",
        "features": [
          "24時間利用OK",
          "入浴施設あり（車移動あり）",
          "温泉あり",
          "ごみ処理対応可（無料）",
          "電源あり（無料）",
          "発電機・不可",
          "水道・なし",
          "ペットOK"
        ],
        "url": "https://www.kurumatabi.com/park/rvpark/1799.html",
        "geocode_source": "auto"
      }
    },
    {
      "type": "Feature",
      "geometry": {
        "type": "Point",
        "coordinates": [
          138.929568,
          34.921442
        ]
      },
      "properties": {
        "name": "コンビニＲＶパーク ローソン伊豆月ヶ瀬（いずつきがせ）店",
        "pref": "静岡県",
        "address": "静岡県伊豆市月ケ瀬133-1",
        "phone": "000-000-0000",
        "fee": "一般: 1泊 2,500円",
        "available_period": "通年 施設により不定期のお休み・休業を設定している場合があります。ご利用可能日は事前に各施設にお問い合わせください。",
        "checkin_checkout": "チェックイン: 15:00 ～ 22:00 / チェックアウト: 特になし ～ 10:00",
        "vehicle_size": "キャブコン バンコン 軽キャン 一般車 下記駐車場サイズもご確認ください。 利用可能かどうか判断がつかない場合は、施設までお問い合わせください。",
        "features": [
          "24時間利用OK",
          "入浴施設あり（車移動あり）",
          "温泉あり",
          "ごみ処理対応可（無料）",
          "電源あり（無料）",
          "発電機・不可",
          "水道・なし",
          "ペットOK"
        ],
        "url": "https://www.kurumatabi.com/park/rvpark/1797.html",
        "geocode_source": "auto"
      }
    },
    {
      "type": "Feature",
      "geometry": {
        "type": "Point",
        "coordinates": [
          138.933508,
          34.992255
        ]
      },
      "properties": {
        "name": "コンビニＲＶパーク ローソン伊豆熊坂（いずくまさか）店",
        "pref": "静岡県",
        "address": "静岡県伊豆市熊坂456-1",
        "phone": "000-000-0000",
        "fee": "一般: 1泊 2,500円",
        "available_period": "通年 施設により不定期のお休み・休業を設定している場合があります。ご利用可能日は事前に各施設にお問い合わせください。",
        "checkin_checkout": "チェックイン: 15:00 ～ 22:00 / チェックアウト: 特になし ～ 10:00",
        "vehicle_size": "キャブコン バンコン 軽キャン 一般車 下記駐車場サイズもご確認ください。 利用可能かどうか判断がつかない場合は、施設までお問い合わせください。",
        "features": [
          "24時間利用OK",
          "入浴施設あり（車移動あり）",
          "温泉あり",
          "ごみ処理対応可（無料）",
          "電源あり（無料）",
          "発電機・不可",
          "水道・なし",
          "ペットOK"
        ],
        "url": "https://www.kurumatabi.com/park/rvpark/1798.html",
        "geocode_source": "auto"
      }
    },
    {
      "type": "Feature",
      "geometry": {
        "type": "Point",
        "coordinates": [
          138.930734,
          35.352775
        ]
      },
      "properties": {
        "name": "コンビニＲＶパーク ローソン小山町わさび平（おやまちょうわさびだいら）店",
        "pref": "静岡県",
        "address": "静岡県駿東郡小山町用沢1389-1",
        "phone": "000-000-0000",
        "fee": "一般: 1泊 2,500円",
        "available_period": "通年 施設により不定期のお休み・休業を設定している場合があります。ご利用可能日は事前に各施設にお問い合わせください。",
        "checkin_checkout": "チェックイン: 15:00 ～ 22:00 / チェックアウト: 特になし ～ 10:00",
        "vehicle_size": "キャブコン バンコン 軽キャン 一般車 下記駐車場サイズもご確認ください。 利用可能かどうか判断がつかない場合は、施設までお問い合わせください。",
        "features": [
          "24時間利用OK",
          "入浴施設あり（車移動あり）",
          "温泉あり",
          "ごみ処理対応可（無料）",
          "電源あり（無料）",
          "発電機・不可",
          "水道・なし",
          "ペットOK"
        ],
        "url": "https://www.kurumatabi.com/park/rvpark/1800.html",
        "geocode_source": "auto"
      }
    },
    {
      "type": "Feature",
      "geometry": {
        "type": "Point",
        "coordinates": [
          138.129537,
          34.653387
        ]
      },
      "properties": {
        "name": "コンビニＲＶパーク ローソン御前崎苗代橋（おまえざきなえしろばし）店",
        "pref": "静岡県",
        "address": "静岡県御前崎市池新田495-3",
        "phone": "000-000-0000",
        "fee": "一般: 1泊 2,500円",
        "available_period": "通年 施設により不定期のお休み・休業を設定している場合があります。ご利用可能日は事前に各施設にお問い合わせください。",
        "checkin_checkout": "チェックイン: 15:00 ～ 22:00 / チェックアウト: 特になし ～ 10:00",
        "vehicle_size": "キャブコン バンコン 軽キャン 一般車 下記駐車場サイズもご確認ください。 利用可能かどうか判断がつかない場合は、施設までお問い合わせください。",
        "features": [
          "24時間利用OK",
          "入浴施設あり（車移動あり）",
          "温泉あり",
          "ごみ処理対応可（無料）",
          "電源あり（無料）",
          "発電機・不可",
          "水道・なし",
          "ペットOK"
        ],
        "url": "https://www.kurumatabi.com/park/rvpark/1795.html",
        "geocode_source": "auto"
      }
    },
    {
      "type": "Feature",
      "geometry": {
        "type": "Point",
        "coordinates": [
          137.621253,
          34.715067
        ]
      },
      "properties": {
        "name": "コンビニＲＶパーク ローソン浜松雄踏山崎（はままつゆうとうやまざき）店",
        "pref": "静岡県",
        "address": "静岡県浜松市中央区雄踏町山崎3400-76",
        "phone": "000-000-0000",
        "fee": "一般: 1泊 2,500円",
        "available_period": "通年 施設により不定期のお休み・休業を設定している場合があります。ご利用可能日は事前に各施設にお問い合わせください。",
        "checkin_checkout": "チェックイン: 15:00 ～ 22:00 / チェックアウト: 特になし ～ 10:00",
        "vehicle_size": "キャブコン バンコン 軽キャン 一般車 下記駐車場サイズもご確認ください。 利用可能かどうか判断がつかない場合は、施設までお問い合わせください。",
        "features": [
          "24時間利用OK",
          "入浴施設あり（車移動あり）",
          "温泉あり",
          "ごみ処理対応可（無料）",
          "電源あり（無料）",
          "発電機・不可",
          "水道・なし",
          "ペットOK"
        ],
        "url": "https://www.kurumatabi.com/park/rvpark/1794.html",
        "geocode_source": "auto"
      }
    },
    {
      "type": "Feature",
      "geometry": {
        "type": "Point",
        "coordinates": [
          137.511203,
          34.756574
        ]
      },
      "properties": {
        "name": "コンビニＲＶパーク ローソン湖西大知波（こさいおおちば）店",
        "pref": "静岡県",
        "address": "静岡県湖西市大知波1284",
        "phone": "000-000-0000",
        "fee": "一般: 1泊 2,500円",
        "available_period": "通年 施設により不定期のお休み・休業を設定している場合があります。ご利用可能日は事前に各施設にお問い合わせください。",
        "checkin_checkout": "チェックイン: 15:00 ～ 22:00 / チェックアウト: 特になし ～ 10:00",
        "vehicle_size": "キャブコン バンコン 軽キャン 一般車 下記駐車場サイズもご確認ください。 利用可能かどうか判断がつかない場合は、施設までお問い合わせください。",
        "features": [
          "24時間利用OK",
          "入浴施設あり（車移動あり）",
          "温泉あり",
          "ごみ処理対応可（無料）",
          "電源あり（無料）",
          "発電機・不可",
          "水道・なし",
          "ペットOK"
        ],
        "url": "https://www.kurumatabi.com/park/rvpark/1792.html",
        "geocode_source": "auto"
      }
    },
    {
      "type": "Feature",
      "geometry": {
        "type": "Point",
        "coordinates": [
          137.577748,
          34.693894
        ]
      },
      "properties": {
        "name": "コンビニＲＶパーク ローソン湖西新居町（こさいあらいちょう）店",
        "pref": "静岡県",
        "address": "静岡県湖西市新居町新居3380-6",
        "phone": "000-000-0000",
        "fee": "一般: 1泊 2,500円",
        "available_period": "通年 施設により不定期のお休み・休業を設定している場合があります。ご利用可能日は事前に各施設にお問い合わせください。",
        "checkin_checkout": "チェックイン: 15:00 ～ 22:00 / チェックアウト: 特になし ～ 10:00",
        "vehicle_size": "キャブコン バンコン 軽キャン 一般車 下記駐車場サイズもご確認ください。 利用可能かどうか判断がつかない場合は、施設までお問い合わせください。",
        "features": [
          "24時間利用OK",
          "入浴施設あり（車移動あり）",
          "温泉あり",
          "ごみ処理対応可（無料）",
          "電源あり（無料）",
          "発電機・不可",
          "水道・なし",
          "ペットOK"
        ],
        "url": "https://www.kurumatabi.com/park/rvpark/1793.html",
        "geocode_source": "auto"
      }
    },
    {
      "type": "Feature",
      "geometry": {
        "type": "Point",
        "coordinates": [
          138.322174,
          34.848979
        ]
      },
      "properties": {
        "name": "コンビニＲＶパーク ローソン焼津小川（やいずこがわ）店",
        "pref": "静岡県",
        "address": "静岡県焼津市小川3267",
        "phone": "000-000-0000",
        "fee": "一般: 1泊 2,500円",
        "available_period": "通年 施設により不定期のお休み・休業を設定している場合があります。ご利用可能日は事前に各施設にお問い合わせください。",
        "checkin_checkout": "チェックイン: 15:00 ～ 22:00 / チェックアウト: 特になし ～ 10:00",
        "vehicle_size": "キャブコン バンコン 軽キャン 一般車 下記駐車場サイズもご確認ください。 利用可能かどうか判断がつかない場合は、施設までお問い合わせください。",
        "features": [
          "24時間利用OK",
          "入浴施設あり（車移動あり）",
          "温泉あり",
          "ごみ処理対応可（無料）",
          "電源あり（無料）",
          "発電機・不可",
          "水道・なし",
          "ペットOK"
        ],
        "url": "https://www.kurumatabi.com/park/rvpark/1796.html",
        "geocode_source": "auto"
      }
    },
    {
      "type": "Feature",
      "geometry": {
        "type": "Point",
        "coordinates": [
          138.626033,
          35.117536
        ]
      },
      "properties": {
        "name": "トライアルパーク蒲原　RVパーク",
        "pref": "静岡県",
        "address": "静岡県静岡市清水区蒲原5245-97",
        "phone": "050-3692-6233",
        "fee": "一般: 1泊・1区画につき 3,850円",
        "available_period": "通年 施設により不定期のお休み・休業を設定している場合があります。ご利用可能日は事前に各施設にお問い合わせください。",
        "checkin_checkout": "チェックイン: 14:00 ～ 22:00 / チェックアウト: 特になし ～ 13:00",
        "vehicle_size": "セミフルコン バスコン キャブコン バンコン 軽キャン 一般車 下記駐車場サイズもご確認ください。 利用可能かどうか判断がつかない場合は、施設までお問い合わせください。",
        "features": [
          "24時間利用OK",
          "特に機能なし",
          "入浴施設あり（施設内）",
          "シャワーあり",
          "ごみ処理対応可（無料）",
          "電源あり（無料）",
          "発電機・不可",
          "水道あり（無料）",
          "炊事場なし",
          "コインランドリー・なし",
          "ペットOK",
          "ドッグランあり",
          "WI-FIあり（無料）",
          "旅館・ホテルの食事：朝食・不可",
          "旅館・ホテルの食事：夕食・不可",
          "旅館・ホテルの宿泊予約・不可"
        ],
        "url": "https://www.kurumatabi.com/park/rvpark/1159.html",
        "geocode_source": "auto"
      }
    },
    {
      "type": "Feature",
      "geometry": {
        "type": "Point",
        "coordinates": [
          138.776436,
          34.854352
        ]
      },
      "properties": {
        "name": "宇久須キャンプ場RVパーク",
        "pref": "静岡県",
        "address": "静岡県賀茂郡西伊豆町宇久須2102-13",
        "phone": "0558-55-0311",
        "fee": "一般: 1泊/1台、4月～7月海の日前迄・9月～10月の日曜日～木曜日 3,300円 / 一般: 1泊1台、4月～10月の金、土、祝日前 5,500円 / 一般: 1泊1台、10月の日曜日～木曜日、11月～3月まで2,200円 2,200円",
        "available_period": "通年 日祝 日祝の前日 春休み GW 夏休み お盆 冬休み 年末年始 平日 キャンプサイトが全サイト予約済みの場合は受付不可 施設により不定期のお休み・休業を設定している場合があります。ご利用可能日は事前に各施設にお問い合わせください。",
        "checkin_checkout": "チェックイン: 12:00 ～ 16:30 / チェックアウト: 0:00 ～ 11:00",
        "vehicle_size": "キャブコン バンコン トレーラー 軽キャン 一般車 下記駐車場サイズもご確認ください。 利用可能かどうか判断がつかない場合は、施設までお問い合わせください。",
        "features": [
          "24時間利用OK",
          "特に機能なし",
          "入浴施設あり（徒歩圏内あり）",
          "温泉あり",
          "ダンプステーション・なし",
          "ごみ処理対応可（無料）",
          "電源あり（無料）",
          "発電機・不可",
          "水道あり（無料）",
          "炊事場あり",
          "コインランドリー・なし",
          "ペットOK",
          "ドッグランなし",
          "WI-FIあり（無料）",
          "旅館・ホテルの食事：朝食・不可",
          "旅館・ホテルの食事：夕食・不可",
          "旅館・ホテルの宿泊予約・不可"
        ],
        "url": "https://www.kurumatabi.com/park/rvpark/987.html",
        "geocode_source": "auto"
      }
    },
    {
      "type": "Feature",
      "geometry": {
        "type": "Point",
        "coordinates": [
          138.232385,
          34.732785
        ]
      },
      "properties": {
        "name": "接続の森 RV PARK",
        "pref": "静岡県",
        "address": "静岡県牧之原市2220-5",
        "phone": "09048532564",
        "fee": "一般: 1泊1台 4,000円",
        "available_period": "通年 施設により不定期のお休み・休業を設定している場合があります。ご利用可能日は事前に各施設にお問い合わせください。",
        "checkin_checkout": "チェックイン: 11:00 ～ 17:00 / チェックアウト: 6:00 ～ 10:00",
        "vehicle_size": "セミフルコン バスコン キャブコン バンコン トレーラー 軽キャン 一般車",
        "features": [
          "24時間利用OK",
          "入浴施設あり（施設内）",
          "シャワーあり",
          "ごみ処理対応可（無料）",
          "電源あり（無料）",
          "発電機利用可(時間指定あり)",
          "水道あり（無料）",
          "ペットOK"
        ],
        "url": "https://www.kurumatabi.com/park/rvpark/1349.html",
        "geocode_source": "auto"
      }
    },
    {
      "type": "Feature",
      "geometry": {
        "type": "Point",
        "coordinates": [
          137.54354,
          34.77693
        ]
      },
      "properties": {
        "name": "浜名湖RVパーク外山マリン",
        "pref": "静岡県",
        "address": "静岡県浜松市浜名区三ヶ日町下尾奈2241-1",
        "phone": "053-525-1002",
        "fee": "1泊 5000円／1台 電源利用料については、 電源の有無 の項目をご確認ください。 最新の料金は直接施設へ事前確認をお願いします。",
        "available_period": "通年 定休日 日曜日 みかん狩りの期間（11/1～12/26まで）はチェックイン16：00～、チェックアウト9：00です。 施設により不定期のお休み・休業を設定している場合があります。ご利用可能日は事前に各施設にお問い合わせください。",
        "checkin_checkout": "チェックイン: 14:00 ～ 18:00 / チェックアウト: 6:00 ～ 10:00",
        "vehicle_size": "キャブコン バンコン 軽キャン 一般車",
        "features": [
          "24時間利用OK",
          "入浴施設あり（施設内）",
          "シャワーあり",
          "ごみ処理対応可（有料）",
          "電源あり（無料）",
          "発電機・不可",
          "水道・なし",
          "ペットOK"
        ],
        "url": "https://www.kurumatabi.com/park/rvpark/1282.html",
        "geocode_source": "auto"
      }
    },
    {
      "type": "Feature",
      "geometry": {
        "type": "Point",
        "coordinates": [
          137.924879,
          34.815352
        ]
      },
      "properties": {
        "name": "遠州森 RVパーク",
        "pref": "静岡県",
        "address": "静岡県周智郡森町飯田3963-1",
        "phone": "090-3157-1887",
        "fee": "■Sサイト（7m×4m） 3,000円 ■Mサイト（6m×9m） 4,000円（電源込み） ■Lサイト（8m×10m） 5,000円（電源込） 電源利用料については、 電源の有無 の項目をご確認ください。 最新の料金は直接施設へ事前確認をお願いします。",
        "available_period": "通年 施設により不定期のお休み・休業を設定している場合があります。ご利用可能日は事前に各施設にお問い合わせください。",
        "checkin_checkout": "チェックイン: 13:00 ～ 17:00 / チェックアウト: 9:00 ～ 11:00",
        "vehicle_size": "フルコン セミフルコン バスコン キャブコン バンコン トレーラー 軽キャン 一般車 下記駐車場サイズもご確認ください。 利用可能かどうか判断がつかない場合は、施設までお問い合わせください。",
        "features": [
          "24時間利用OK",
          "温水洗浄便座あり",
          "入浴施設あり（施設内）",
          "湯沸かし浴槽あり",
          "ダンプステーション・なし",
          "ごみ処理対応可（有料）",
          "電源あり（無料）",
          "発電機・不可",
          "水道あり（無料）",
          "炊事場あり",
          "コインランドリー・なし",
          "ペットOK",
          "ドッグランあり",
          "WI-FIあり（無料）"
        ],
        "url": "https://www.kurumatabi.com/park/rvpark/1586.html",
        "geocode_source": "auto"
      }
    },
    {
      "type": "Feature",
      "geometry": {
        "type": "Point",
        "coordinates": [
          134.131916,
          34.354357
        ]
      },
      "properties": {
        "name": "8610 RVパーク",
        "pref": "香川県",
        "address": "香川県高松市牟礼町牟礼3162-1",
        "phone": "090-1323-0278",
        "fee": "一般: 1泊・1台 6,000円",
        "available_period": "通年 施設により不定期のお休み・休業を設定している場合があります。ご利用可能日は事前に各施設にお問い合わせください。",
        "checkin_checkout": "チェックイン: 12:00 ～ 21:00 / チェックアウト: 6:00 ～ 11:00",
        "vehicle_size": "フルコン セミフルコン バスコン キャブコン バンコン トレーラー 軽キャン 一般車 下記駐車場サイズもご確認ください。 利用可能かどうか判断がつかない場合は、施設までお問い合わせください。",
        "features": [
          "24時間利用OK",
          "入浴施設あり（施設内）",
          "シャワーあり",
          "ダンプステーション・なし",
          "ごみ処理対応可（無料）",
          "電源あり（無料）",
          "発電機・不可",
          "水道あり（無料）",
          "ペットOK",
          "ドッグランあり"
        ],
        "url": "https://www.kurumatabi.com/park/rvpark/1450.html",
        "geocode_source": "auto"
      }
    },
    {
      "type": "Feature",
      "geometry": {
        "type": "Point",
        "coordinates": [
          133.94668,
          34.23626
        ]
      },
      "properties": {
        "name": "RVパーク ASKIA",
        "pref": "香川県",
        "address": "香川県綾歌郡綾川町山田下1154-3",
        "phone": "087-885-2105",
        "fee": "一般: 1泊・1台につき 6,380円〜8,800円",
        "available_period": "通年 不定休 施設により不定期のお休み・休業を設定している場合があります。ご利用可能日は事前に各施設にお問い合わせください。",
        "checkin_checkout": "チェックイン: 15:00 ～ 特になし / チェックアウト: 特になし ～ 10:00",
        "vehicle_size": "セミフルコン バスコン キャブコン バンコン 軽キャン 一般車 下記駐車場サイズもご確認ください。 利用可能かどうか判断がつかない場合は、施設までお問い合わせください。",
        "features": [
          "24時間利用OK",
          "温水洗浄便座あり",
          "入浴施設あり（施設内）",
          "シャワーあり",
          "ダンプステーション・なし",
          "ごみ処理対応可（有料）",
          "電源あり（有料）",
          "発電機・不可",
          "水道あり（無料）",
          "炊事場あり",
          "コインランドリー・なし",
          "ペットOK",
          "ドッグランなし",
          "WI-FIの利用・なし",
          "旅館・ホテルの食事：朝食・不可",
          "旅館・ホテルの食事：夕食・不可",
          "旅館・ホテルの宿泊予約・不可"
        ],
        "url": "https://www.kurumatabi.com/park/rvpark/1633.html",
        "geocode_source": "auto"
      }
    },
    {
      "type": "Feature",
      "geometry": {
        "type": "Point",
        "coordinates": [
          133.729873,
          34.194931
        ]
      },
      "properties": {
        "name": "RVパーク たかせ天然温泉",
        "pref": "香川県",
        "address": "香川県三豊市高瀬町上高瀬768-1",
        "phone": "0875-73-3726",
        "fee": "一般: 1泊・1台につき 2,500円",
        "available_period": "通年 日祝 日祝の前日 春休み GW 夏休み お盆 冬休み 年末年始 平日 定休日：毎月第二火曜日（祝日の場合は翌水曜日） 施設により不定期のお休み・休業を設定している場合があります。ご利用可能日は事前に各施設にお問い合わせください。",
        "checkin_checkout": "チェックイン: 15:00 ～ 20:00 / チェックアウト: 特になし ～ 10:00",
        "vehicle_size": "バンコン 軽キャン 一般車 下記駐車場サイズもご確認ください。 利用可能かどうか判断がつかない場合は、施設までお問い合わせください。",
        "features": [
          "24時間利用OK",
          "特に機能なし",
          "入浴施設あり（施設内）",
          "温泉あり",
          "ダンプステーション・なし",
          "ゴミ処理対応・不可",
          "電源あり（無料）",
          "発電機利用可(時間指定あり)",
          "水道・なし",
          "コインランドリー・なし",
          "ペットOK",
          "旅館・ホテルの食事：朝食・不可",
          "夕食予約OK",
          "旅館・ホテルの宿泊予約・不可"
        ],
        "url": "https://www.kurumatabi.com/park/rvpark/1150.html",
        "geocode_source": "auto"
      }
    },
    {
      "type": "Feature",
      "geometry": {
        "type": "Point",
        "coordinates": [
          133.623955,
          34.215264
        ]
      },
      "properties": {
        "name": "RVパーク サンリゾート仁尾",
        "pref": "香川県",
        "address": "香川県三豊市仁尾町家の浦326",
        "phone": "0875-82-3711",
        "fee": "一般: 1泊/1台 3,300円〜5,500円",
        "available_period": "通年 日祝 日祝の前日 春休み GW 夏休み お盆 冬休み 年末年始 平日 チェックインタイムは15:00-18:00です もし遅れる場合は必ずお電話ください。 ご連絡がない場合は受付できない場合があります 施設により不定期のお休み・休業を設定している場合があります。ご利用可能日は事前に各施設にお問い合わせください。",
        "checkin_checkout": "チェックイン: 15:00 ～ 18:00 / チェックアウト: 特になし ～ 10:00",
        "vehicle_size": "フルコン セミフルコン バスコン キャブコン バンコン トレーラー 軽キャン 一般車",
        "features": [
          "24時間利用OK",
          "入浴施設あり（施設内）",
          "湯沸かし浴槽あり",
          "ごみ処理対応可（有料）",
          "発電機利用可(時間指定あり)",
          "水道あり（無料）",
          "炊事場あり",
          "ペットOK"
        ],
        "url": "https://www.kurumatabi.com/park/rvpark/566.html",
        "geocode_source": "auto"
      }
    },
    {
      "type": "Feature",
      "geometry": {
        "type": "Point",
        "coordinates": [
          133.797998,
          34.110103
        ]
      },
      "properties": {
        "name": "RVパーク 道の駅たからだの里さいた",
        "pref": "香川県",
        "address": "香川県三豊市財田町財田上1110番地8",
        "phone": "0875-67-2614",
        "fee": "一般: 1泊/1台 2,500円",
        "available_period": "日祝 日祝の前日 春休み GW 夏休み お盆 冬休み 年末年始 平日 月曜日は休館日。祝日の場合は営業致します。翌日が振替休館日になります。 施設により不定期のお休み・休業を設定している場合があります。ご利用可能日は事前に各施設にお問い合わせください。",
        "checkin_checkout": "チェックイン: 13:00 ～ 17:00 / チェックアウト: 6:00 ～ 12:00",
        "vehicle_size": "キャブコン バンコン 軽キャン 一般車 下記駐車場サイズもご確認ください。 利用可能かどうか判断がつかない場合は、施設までお問い合わせください。",
        "features": [
          "24時間利用OK",
          "特に機能なし",
          "入浴施設あり（施設内）",
          "温泉あり",
          "ダンプステーション・なし",
          "ごみ処理対応可（有料）",
          "電源あり（無料）",
          "発電機・不可",
          "水道あり（無料）",
          "炊事場なし",
          "コインランドリーあり",
          "ペットOK",
          "ドッグランなし",
          "WI-FIの利用・なし",
          "朝食予約OK",
          "夕食予約OK",
          "宿泊予約OK"
        ],
        "url": "https://www.kurumatabi.com/park/rvpark/994.html",
        "geocode_source": "auto"
      }
    },
    {
      "type": "Feature",
      "geometry": {
        "type": "Point",
        "coordinates": [
          134.06603,
          34.279383
        ]
      },
      "properties": {
        "name": "RVパーク　RVKUMONパーク",
        "pref": "香川県",
        "address": "香川県高松市三谷町１４０８",
        "phone": "087-880-2033",
        "fee": "一般: 1泊/1台(8台限定)トレーラー含む 3,500円",
        "available_period": "通年 日祝 日祝の前日 春休み GW 夏休み お盆 冬休み 年末年始 平日 施設により不定期のお休み・休業を設定している場合があります。ご利用可能日は事前に各施設にお問い合わせください。",
        "checkin_checkout": "チェックイン: 14:00 ～ 20:00 / チェックアウト: 特になし ～ 12:00",
        "vehicle_size": "フルコン セミフルコン バスコン キャブコン バンコン トレーラー 軽キャン 下記駐車場サイズもご確認ください。 利用可能かどうか判断がつかない場合は、施設までお問い合わせください。",
        "features": [
          "24時間利用OK",
          "温水洗浄便座あり",
          "入浴施設あり（施設内）",
          "シャワーあり",
          "ブラック・グレーOK",
          "ごみ処理対応可（有料）",
          "電源あり（無料）",
          "発電機利用可(時間指定あり)",
          "水道あり（無料）",
          "炊事場あり",
          "コインランドリーあり",
          "ペットOK",
          "WI-FIあり（無料）",
          "旅館・ホテルの食事：朝食・不可",
          "旅館・ホテルの食事：夕食・不可",
          "旅館・ホテルの宿泊予約・不可"
        ],
        "url": "https://www.kurumatabi.com/park/rvpark/926.html",
        "geocode_source": "auto"
      }
    },
    {
      "type": "Feature",
      "geometry": {
        "type": "Point",
        "coordinates": [
          133.63651,
          34.207222
        ]
      },
      "properties": {
        "name": "RVパーク　仁尾マリーナ",
        "pref": "香川県",
        "address": "香川県三豊市仁尾町仁尾己９１８－１２",
        "phone": "0875-82-3203",
        "fee": "一般: 1泊・1台につき 2,750円 / スタンダード会員: 1泊・1台につき 2,200円 / プレミアム会員: 1泊・1台につき 2,200円",
        "available_period": "通年 日祝 日祝の前日 春休み GW 夏休み お盆 冬休み 平日 定休日：火曜日（当日が祝日の場合は営業し翌日が定休） http://www.nio-marina.com/calendar 施設により不定期のお休み・休業を設定している場合があります。ご利用可能日は事前に各施設にお問い合わせください。",
        "checkin_checkout": "チェックイン: 12:00 ～ 16:00 / チェックアウト: 特になし ～ 10:00",
        "vehicle_size": "キャブコン バンコン 軽キャン 一般車 下記駐車場サイズもご確認ください。 利用可能かどうか判断がつかない場合は、施設までお問い合わせください。",
        "features": [
          "24時間利用OK",
          "特に機能なし",
          "入浴施設あり（施設内）",
          "シャワーあり",
          "ダンプステーション・なし",
          "ごみ処理対応可（有料）",
          "電源あり（無料）",
          "発電機・不可",
          "水道あり（無料）",
          "コインランドリーあり",
          "ペットOK",
          "朝食予約OK",
          "夕食予約OK",
          "旅館・ホテルの宿泊予約・不可"
        ],
        "url": "https://www.kurumatabi.com/park/rvpark/1146.html",
        "geocode_source": "auto"
      }
    },
    {
      "type": "Feature",
      "geometry": {
        "type": "Point",
        "coordinates": [
          133.719039,
          34.21765
        ]
      },
      "properties": {
        "name": "RVパーク　道の駅ふれあいパークみの",
        "pref": "香川県",
        "address": "香川県三豊市三野町大見乙７４",
        "phone": "0875-72-2601",
        "fee": "一般: 1泊/1台 2,500円",
        "available_period": "通年 日祝 日祝の前日 春休み GW 夏休み お盆 冬休み 年末年始 平日 第２水曜日は本館（ご宿泊・日帰り温泉）が休館となります。 物産館は年中無休です。 施設により不定期のお休み・休業を設定している場合があります。ご利用可能日は事前に各施設にお問い合わせください。",
        "checkin_checkout": "チェックイン: 15:00 ～ 18:00 / チェックアウト: 特になし ～ 12:00",
        "vehicle_size": "キャブコン バンコン 軽キャン 一般車 下記駐車場サイズもご確認ください。 利用可能かどうか判断がつかない場合は、施設までお問い合わせください。",
        "features": [
          "24時間利用OK",
          "入浴施設あり（施設内）",
          "温泉あり",
          "ごみ処理対応可（有料）",
          "電源あり（有料）",
          "発電機利用可(時間指定あり)",
          "水道・なし",
          "炊事場なし",
          "コインランドリーあり",
          "ペットOK",
          "WI-FIの利用・なし",
          "朝食予約OK",
          "夕食予約OK",
          "宿泊予約OK"
        ],
        "url": "https://www.kurumatabi.com/park/rvpark/995.html",
        "geocode_source": "auto"
      }
    },
    {
      "type": "Feature",
      "geometry": {
        "type": "Point",
        "coordinates": [
          134.04026,
          34.281002
        ]
      },
      "properties": {
        "name": "RVパーク仏生山の森",
        "pref": "香川県",
        "address": "香川県高松市仏生山町甲884-4",
        "phone": "087-813-0843",
        "fee": "一般: 1泊 1台につき 3,000円",
        "available_period": "通年 日祝 日祝の前日 春休み GW 夏休み お盆 冬休み 年末年始 平日 施設により不定期のお休み・休業を設定している場合があります。ご利用可能日は事前に各施設にお問い合わせください。",
        "checkin_checkout": "チェックイン: 15:00 ～ 20:00 / チェックアウト: 9:00 ～ 11:00",
        "vehicle_size": "バスコン キャブコン バンコン トレーラー 軽キャン 一般車 下記駐車場サイズもご確認ください。 利用可能かどうか判断がつかない場合は、施設までお問い合わせください。",
        "features": [
          "24時間利用OK",
          "温水洗浄便座あり",
          "入浴施設あり（車移動あり）",
          "温泉あり",
          "ごみ処理対応可（無料）",
          "電源あり（有料）",
          "発電機・不可",
          "水道あり（無料）",
          "コインランドリー・なし",
          "ペットOK",
          "ドッグランあり",
          "WI-FIの利用・なし",
          "旅館・ホテルの食事：朝食・不可",
          "夕食予約OK",
          "旅館・ホテルの宿泊予約・不可"
        ],
        "url": "https://www.kurumatabi.com/park/rvpark/1028.html",
        "geocode_source": "auto"
      }
    },
    {
      "type": "Feature",
      "geometry": {
        "type": "Point",
        "coordinates": [
          134.215779,
          34.511708
        ]
      },
      "properties": {
        "name": "RVパーク小豆島大観音",
        "pref": "香川県",
        "address": "香川県小豆郡土庄町小馬越乙１",
        "phone": "0879-61-9199",
        "fee": "一般: １泊１台に付き（電源あり） 3,000円 / 一般: １泊１台に付き（電源なし） 2,000円 / スタンダード会員: １泊１台に付き（電源あり） 2,800円 / スタンダード会員: １泊１台に付き（電源なし） 1,800円 / プレミアム会員: １泊１台に付き（電源あり） 2,500円 / プレミアム会員: １泊１台に付き（電源なし） 1,500円",
        "available_period": "通年 施設により不定期のお休み・休業を設定している場合があります。ご利用可能日は事前に各施設にお問い合わせください。",
        "checkin_checkout": "チェックイン: 15:00 ～ 17:00 / チェックアウト: 8:00 ～ 9:00",
        "vehicle_size": "フルコン セミフルコン バスコン キャブコン バンコン トレーラー 軽キャン 一般車 その他 下記駐車場サイズもご確認ください。 利用可能かどうか判断がつかない場合は、施設までお問い合わせください。",
        "features": [
          "24時間利用OK",
          "和式トイレ",
          "入浴施設あり（車移動あり）",
          "温泉あり",
          "ごみ処理対応可（有料）",
          "電源あり（有料）",
          "発電機・不可",
          "水道あり（無料）",
          "炊事場なし",
          "コインランドリー・なし",
          "ペットOK",
          "ドッグランなし",
          "WI-FIの利用・なし",
          "旅館・ホテルの食事：朝食・不可",
          "旅館・ホテルの食事：夕食・不可",
          "旅館・ホテルの宿泊予約・不可"
        ],
        "url": "https://www.kurumatabi.com/park/rvpark/1770.html",
        "geocode_source": "auto"
      }
    },
    {
      "type": "Feature",
      "geometry": {
        "type": "Point",
        "coordinates": [
          133.518257,
          33.477814
        ]
      },
      "properties": {
        "name": "ALOHAVillage / BASECAMP",
        "pref": "高知県",
        "address": "高知県高知市春野町甲殿1422-27",
        "phone": "088-854-8588",
        "fee": "一般: SouthArea（ビレッジハウス横×1区画）1台（4名様まで）※グループでの1～2台追加は可能 4,000円 / 一般: NorthArea（ベースキャンプ全4区画）1台（4名様まで） 3,000円",
        "available_period": "通年 日祝 日祝の前日 春休み GW 夏休み お盆 冬休み 年末年始 平日 施設により不定期のお休み・休業を設定している場合があります。ご利用可能日は事前に各施設にお問い合わせください。",
        "checkin_checkout": "チェックイン: 15:00 ～ 20:00 / チェックアウト: 特になし ～ 10:00",
        "vehicle_size": "フルコン セミフルコン バスコン キャブコン バンコン トレーラー 軽キャン 一般車 下記駐車場サイズもご確認ください。 利用可能かどうか判断がつかない場合は、施設までお問い合わせください。",
        "features": [
          "24時間利用OK",
          "温水洗浄便座あり",
          "入浴施設あり（施設内）",
          "シャワーあり",
          "ダンプステーション・なし",
          "ごみ処理対応可（有料）",
          "電源あり（有料）",
          "発電機利用可(時間指定あり)",
          "水道あり（無料）",
          "炊事場あり",
          "コインランドリー・なし",
          "ペットOK",
          "WI-FIあり（無料）",
          "朝食予約OK",
          "夕食予約OK",
          "旅館・ホテルの宿泊予約・不可"
        ],
        "url": "https://www.kurumatabi.com/park/rvpark/1059.html",
        "geocode_source": "auto"
      }
    },
    {
      "type": "Feature",
      "geometry": {
        "type": "Point",
        "coordinates": [
          133.543032,
          33.750152
        ]
      },
      "properties": {
        "name": "RVパーク さめうらテントパーク",
        "pref": "高知県",
        "address": "高知県土佐郡土佐町田井146-1",
        "phone": "0887-72-9919",
        "fee": "一般: 通常利用料金1泊・1台 5,000円〜",
        "available_period": "通年 日祝 日祝の前日 春休み GW 夏休み お盆 冬休み 平日 月曜定休・年末年始休業 施設により不定期のお休み・休業を設定している場合があります。ご利用可能日は事前に各施設にお問い合わせください。",
        "checkin_checkout": "チェックイン: 14:00 ～ 16:30 / チェックアウト: 6:00 ～ 12:00",
        "vehicle_size": "セミフルコン バスコン バンコン 軽キャン 一般車 下記駐車場サイズもご確認ください。 利用可能かどうか判断がつかない場合は、施設までお問い合わせください。",
        "features": [
          "24時間利用OK",
          "暖房便座のみあり",
          "入浴施設あり（車移動あり）",
          "湯沸かし浴槽あり",
          "ダンプステーション・なし",
          "ごみ処理対応可（有料）",
          "電源あり（無料）",
          "発電機・不可",
          "水道あり（無料）",
          "炊事場あり",
          "コインランドリー・なし",
          "ペットOK",
          "ドッグランあり",
          "WI-FIの利用・なし",
          "旅館・ホテルの食事：朝食・不可",
          "旅館・ホテルの食事：夕食・不可",
          "旅館・ホテルの宿泊予約・不可"
        ],
        "url": "https://www.kurumatabi.com/park/rvpark/1606.html",
        "geocode_source": "auto"
      }
    },
    {
      "type": "Feature",
      "geometry": {
        "type": "Point",
        "coordinates": [
          132.713396,
          32.916091
        ]
      },
      "properties": {
        "name": "RVパーク 道の駅すくも",
        "pref": "高知県",
        "address": "高知県宿毛市小筑紫町田ノ浦1244番10",
        "phone": "0880-79-3321",
        "fee": "（平 日）100V使用 3,000円 / 電源使用なし 2,500円 （土日・祝）100V使用 3,500円 / 電源使用なし 3,000円 電源利用料については、 電源の有無 の項目をご確認ください。 最新の料金は直接施設へ事前確認をお願いします。",
        "available_period": "通年 ※施設点検日のみ休館 施設により不定期のお休み・休業を設定している場合があります。ご利用可能日は事前に各施設にお問い合わせください。",
        "checkin_checkout": "チェックイン: 13:00 ～ 17:30 / チェックアウト: 特になし ～ 12:00",
        "vehicle_size": "セミフルコン バスコン キャブコン バンコン トレーラー 軽キャン 一般車",
        "features": [
          "24時間利用OK",
          "入浴施設あり（車移動あり）",
          "温泉あり",
          "ダンプステーション・なし",
          "ごみ処理対応可（無料）",
          "電源あり（有料）",
          "発電機利用可(時間指定なし)",
          "水道あり（無料）",
          "炊事場あり",
          "コインランドリー・なし",
          "ペットOK",
          "WI-FIあり（無料）"
        ],
        "url": "https://www.kurumatabi.com/park/rvpark/1152.html",
        "geocode_source": "auto"
      }
    },
    {
      "type": "Feature",
      "geometry": {
        "type": "Point",
        "coordinates": [
          133.68254,
          33.748552
        ]
      },
      "properties": {
        "name": "RVパークゆとりすと",
        "pref": "高知県",
        "address": "高知県長岡郡大豊町中村大王4037-25",
        "phone": "0887-72-0700",
        "fee": "一般: 1泊・1台につき 2,500円 / スタンダード会員: 1泊・1台につき 2,500円 / プレミアム会員: 1泊・1台につき 2,500円",
        "available_period": "日祝 日祝の前日 春休み GW 夏休み お盆 年末年始 定休日は毎週火曜日。 ※春休み期間、GW、夏休み期間、年末年始は休まず営業いたします。 ※ただし冬季（1月～3月）は営業日が異なりますので、お問い合わせください。 施設により不定期のお休み・休業を設定している場合があります。ご利用可能日は事前に各施設にお問い合わせください。",
        "checkin_checkout": "チェックイン: 13:00 ～ 17:30 / チェックアウト: 7:00 ～ 12:00",
        "vehicle_size": "バスコン キャブコン バンコン トレーラー 軽キャン 一般車",
        "features": [
          "24時間利用OK",
          "入浴施設あり（施設内）",
          "シャワーあり",
          "ごみ処理対応可（無料）",
          "電源あり（無料）",
          "発電機・不可",
          "水道あり（無料）",
          "コインランドリーあり",
          "ペットOK",
          "ドッグランなし",
          "WI-FIの利用・なし"
        ],
        "url": "https://www.kurumatabi.com/park/rvpark/564.html",
        "geocode_source": "auto"
      }
    },
    {
      "type": "Feature",
      "geometry": {
        "type": "Point",
        "coordinates": [
          132.990713,
          33.429552
        ]
      },
      "properties": {
        "name": "RVパークフォレストアドベンチャー・高知",
        "pref": "高知県",
        "address": "高知県高岡郡津野町芳生野乙5422",
        "phone": "080-2347-3318",
        "fee": "一般: 1泊/1台 3,500円",
        "available_period": "日祝 日祝の前日 春休み GW 夏休み お盆 平日 https://fa-kochi.foret-aventure.jp/ 施設により不定期のお休み・休業を設定している場合があります。ご利用可能日は事前に各施設にお問い合わせください。",
        "checkin_checkout": "チェックイン: 15:30 ～ 17:00 / チェックアウト: 8:00 ～ 8:30",
        "vehicle_size": "セミフルコン バスコン キャブコン バンコン 軽キャン 一般車 下記駐車場サイズもご確認ください。 利用可能かどうか判断がつかない場合は、施設までお問い合わせください。",
        "features": [
          "24時間利用OK",
          "温水洗浄便座あり",
          "入浴施設あり（施設内）",
          "シャワーあり",
          "ダンプステーション・なし",
          "ごみ処理対応現地相談（有料）",
          "電源あり（有料）",
          "発電機利用可(時間指定あり)",
          "水道あり（無料）",
          "炊事場なし",
          "コインランドリー・なし",
          "ペットOK",
          "ドッグランなし",
          "WI-FIの利用・なし",
          "旅館・ホテルの食事：朝食・不可",
          "旅館・ホテルの食事：夕食・不可",
          "宿泊予約OK"
        ],
        "url": "https://www.kurumatabi.com/park/rvpark/1074.html",
        "geocode_source": "auto"
      }
    },
    {
      "type": "Feature",
      "geometry": {
        "type": "Point",
        "coordinates": [
          133.885577,
          35.506789
        ]
      },
      "properties": {
        "name": "Hawai Uno RV Park",
        "pref": "鳥取県",
        "address": "鳥取県東伯郡湯梨浜町宇野1962-36 東郷湖ハワイ臨海公園 宇野公園",
        "phone": "090-3350-4240",
        "fee": "一般: 1泊・1台につき 4,000円 / 一般: 湯梨浜町民のお客様 2,500円",
        "available_period": "通年 日祝 日祝の前日 春休み GW 夏休み お盆 冬休み 年末年始 平日 年中無休で営業しております。 チェックイン、アウトにつきましては下記をご一読ください。 施設により不定期のお休み・休業を設定している場合があります。ご利用可能日は事前に各施設にお問い合わせください。",
        "checkin_checkout": "チェックイン: 13:00 ～ 17:00 / チェックアウト: 特になし ～ 12:00",
        "vehicle_size": "フルコン セミフルコン バスコン キャブコン バンコン トレーラー 軽キャン 一般車 下記駐車場サイズもご確認ください。 利用可能かどうか判断がつかない場合は、施設までお問い合わせください。",
        "features": [
          "24時間利用OK",
          "温水洗浄便座あり",
          "入浴施設あり（施設内）",
          "シャワーあり",
          "ブラック・グレーOK",
          "ごみ処理対応可（無料）",
          "電源あり（無料）",
          "発電機・不可",
          "水道あり（無料）",
          "炊事場あり",
          "コインランドリーあり",
          "ペットOK",
          "ドッグランなし",
          "WI-FIあり（無料）",
          "旅館・ホテルの食事：朝食・不可",
          "旅館・ホテルの食事：夕食・不可",
          "旅館・ホテルの宿泊予約・不可"
        ],
        "url": "https://www.kurumatabi.com/park/rvpark/1775.html",
        "geocode_source": "auto"
      }
    },
    {
      "type": "Feature",
      "geometry": {
        "type": "Point",
        "coordinates": [
          133.360632,
          35.455261
        ]
      },
      "properties": {
        "name": "RV PARK 皆生～おーゆ・ランド～",
        "pref": "鳥取県",
        "address": "鳥取県米子市皆生温泉１-１８-１",
        "phone": "0859-31-3333",
        "fee": "一般: 1泊・1台につき 2,500円",
        "available_period": "通年 日祝 日祝の前日 春休み GW 夏休み お盆 冬休み 年末年始 平日 施設により不定期のお休み・休業を設定している場合があります。ご利用可能日は事前に各施設にお問い合わせください。",
        "checkin_checkout": "チェックイン: 15:00 ～ 20:00 / チェックアウト: 特になし ～ 11:00",
        "vehicle_size": "セミフルコン バスコン キャブコン バンコン トレーラー 軽キャン 一般車 下記駐車場サイズもご確認ください。 利用可能かどうか判断がつかない場合は、施設までお問い合わせください。",
        "features": [
          "24時間利用OK",
          "温水洗浄便座あり",
          "入浴施設あり（施設内）",
          "温泉あり",
          "ダンプステーション・なし",
          "ごみ処理対応可（有料）",
          "電源あり（有料）",
          "発電機・不可",
          "水道あり（無料）",
          "炊事場なし",
          "コインランドリーあり",
          "ペットOK",
          "ドッグランなし",
          "WI-FIの利用・なし",
          "朝食予約OK",
          "夕食予約OK",
          "宿泊予約OK"
        ],
        "url": "https://www.kurumatabi.com/park/rvpark/1168.html",
        "geocode_source": "auto"
      }
    },
    {
      "type": "Feature",
      "geometry": {
        "type": "Point",
        "coordinates": [
          134.198073,
          35.528059
        ]
      },
      "properties": {
        "name": "RVパーク TOTTORI",
        "pref": "鳥取県",
        "address": "鳥取県鳥取市賀露町4043-2",
        "phone": "080-8580-8475",
        "fee": "一般: 1泊・1台につき 5,500円",
        "available_period": "通年 日祝 日祝の前日 春休み GW 夏休み お盆 冬休み 年末年始 平日 施設により不定期のお休み・休業を設定している場合があります。ご利用可能日は事前に各施設にお問い合わせください。",
        "checkin_checkout": "チェックイン: 13:00 ～ 17:00 / チェックアウト: 特になし ～ 11:00",
        "vehicle_size": "フルコン セミフルコン バスコン キャブコン バンコン トレーラー 軽キャン 一般車 その他 下記駐車場サイズもご確認ください。 利用可能かどうか判断がつかない場合は、施設までお問い合わせください。",
        "features": [
          "24時間利用OK",
          "温水洗浄便座あり",
          "入浴施設あり（施設内）",
          "シャワーあり",
          "ブラック・グレーOK",
          "ごみ処理対応可（無料）",
          "電源あり（無料）",
          "発電機・不可",
          "水道あり（無料）",
          "炊事場なし",
          "コインランドリー・なし",
          "ペットOK",
          "ドッグランなし",
          "WI-FIあり（無料）",
          "旅館・ホテルの食事：朝食・不可",
          "旅館・ホテルの食事：夕食・不可",
          "旅館・ホテルの宿泊予約・不可"
        ],
        "url": "https://www.kurumatabi.com/park/rvpark/1174.html",
        "geocode_source": "auto"
      }
    },
    {
      "type": "Feature",
      "geometry": {
        "type": "Point",
        "coordinates": [
          134.297028,
          35.576961
        ]
      },
      "properties": {
        "name": "RVパーク 大谷海岸",
        "pref": "鳥取県",
        "address": "鳥取県岩美郡岩美町大谷562-1",
        "phone": "0857-38-2515",
        "fee": "■電源付サイト1・2・4・5・6（6m×7m） 4,400円 ■VIPサイト3（12m×12m） 5,500円 ■キャンプサイト（電源なし）7・8・9（6m×7m） 3,500円 電源利用料については、 電源の有無 の項目をご確認ください。 最新の料金は直接施設へ事前確認をお願いします。",
        "available_period": "通年 施設により不定期のお休み・休業を設定している場合があります。ご利用可能日は事前に各施設にお問い合わせください。",
        "checkin_checkout": "チェックイン: 14:00 ～ 23:00 / チェックアウト: 6:00 ～ 11:00",
        "vehicle_size": "フルコン セミフルコン バスコン キャブコン バンコン トレーラー 軽キャン 一般車 下記駐車場サイズもご確認ください。 利用可能かどうか判断がつかない場合は、施設までお問い合わせください。",
        "features": [
          "24時間利用OK",
          "入浴施設あり（施設内）",
          "シャワーあり",
          "ごみ処理対応可（有料）",
          "電源あり（無料）",
          "発電機・不可",
          "水道あり（無料）",
          "ペットOK"
        ],
        "url": "https://www.kurumatabi.com/park/rvpark/1555.html",
        "geocode_source": "auto"
      }
    },
    {
      "type": "Feature",
      "geometry": {
        "type": "Point",
        "coordinates": [
          133.4431,
          35.41796
        ]
      },
      "properties": {
        "name": "Starling Cafe　RVパーク",
        "pref": "鳥取県",
        "address": "鳥取県米子市泉706-491",
        "phone": "0859-30-3636",
        "fee": "一般: 1泊・1台につき 2,200円",
        "available_period": "通年 日祝 日祝の前日 春休み GW 夏休み お盆 冬休み 年末年始 平日 水曜日はカフェが定休日なので、RVパークも休みになり、電話も出れませんのでご了承下さい。 施設により不定期のお休み・休業を設定している場合があります。ご利用可能日は事前に各施設にお問い合わせください。",
        "checkin_checkout": "チェックイン: 15:30 ～ 19:00 / チェックアウト: 6:00 ～ 10:00",
        "vehicle_size": "キャブコン バンコン トレーラー 軽キャン 一般車 その他 下記駐車場サイズもご確認ください。 利用可能かどうか判断がつかない場合は、施設までお問い合わせください。",
        "features": [
          "24時間利用OK",
          "温水洗浄便座あり",
          "入浴施設あり（車移動あり）",
          "温泉あり",
          "ダンプステーション・なし",
          "ごみ処理対応可（有料）",
          "電源あり（有料）",
          "発電機・不可",
          "水道あり（無料）",
          "炊事場なし",
          "コインランドリー・なし",
          "ペットOK",
          "ドッグランなし",
          "WI-FIの利用・なし",
          "旅館・ホテルの食事：朝食・不可",
          "旅館・ホテルの食事：夕食・不可",
          "旅館・ホテルの宿泊予約・不可"
        ],
        "url": "https://www.kurumatabi.com/park/rvpark/1232.html",
        "geocode_source": "auto"
      }
    },
    {
      "type": "Feature",
      "geometry": {
        "type": "Point",
        "coordinates": [
          133.3203,
          35.300858
        ]
      },
      "properties": {
        "name": "緑水湖オートキャンプ場 RVパーク",
        "pref": "鳥取県",
        "address": "鳥取県西伯郡南部町下中谷１１２８番地１",
        "phone": "070-2161-3315",
        "fee": "1泊 6,600円 ／ 1台(トレーラー含む) 電源利用料については、 電源の有無 の項目をご確認ください。 最新の料金は直接施設へ事前確認をお願いします。",
        "available_period": "通年 火曜定休（大型連休は営業しています） 施設により不定期のお休み・休業を設定している場合があります。ご利用可能日は事前に各施設にお問い合わせください。",
        "checkin_checkout": "チェックイン: 13:00 ～ 17:00 / チェックアウト: 特になし ～ 12:00",
        "vehicle_size": "セミフルコン バスコン キャブコン バンコン トレーラー 軽キャン 一般車 その他 下記駐車場サイズもご確認ください。 利用可能かどうか判断がつかない場合は、施設までお問い合わせください。",
        "features": [
          "24時間利用OK",
          "入浴施設あり（施設内）",
          "シャワーあり",
          "ブラック・グレーOK",
          "ごみ処理対応可（有料）",
          "電源あり（無料）",
          "発電機・不可",
          "水道あり（無料）",
          "ペットOK"
        ],
        "url": "https://www.kurumatabi.com/park/rvpark/1437.html",
        "geocode_source": "auto"
      }
    },
    {
      "type": "Feature",
      "geometry": {
        "type": "Point",
        "coordinates": [
          133.849158,
          35.491922
        ]
      },
      "properties": {
        "name": "鳥取中央砂丘RVパーク",
        "pref": "鳥取県",
        "address": "鳥取県東伯郡北栄町江北3130",
        "phone": "090-4908-5686",
        "fee": "一般: 1泊・1台につき 2,500円 / スタンダード会員: 1泊・1台につき 2,200円 / プレミアム会員: 1泊・1台につき 2,000円",
        "available_period": "通年 施設により不定期のお休み・休業を設定している場合があります。ご利用可能日は事前に各施設にお問い合わせください。",
        "checkin_checkout": "チェックイン: 15:00 ～ 18:00 / チェックアウト: 6:00 ～ 10:00",
        "vehicle_size": "フルコン セミフルコン バスコン キャブコン バンコン トレーラー 軽キャン 一般車 その他 下記駐車場サイズもご確認ください。 利用可能かどうか判断がつかない場合は、施設までお問い合わせください。",
        "features": [
          "24時間利用OK",
          "温水洗浄便座あり",
          "入浴施設あり（車移動あり）",
          "温泉あり",
          "ダンプステーション・なし",
          "ごみ処理対応可（有料）",
          "電源あり（有料）",
          "発電機利用可(時間指定あり)",
          "水道あり（無料）",
          "炊事場なし",
          "コインランドリー・なし",
          "ペットOK",
          "ドッグランなし",
          "WI-FIの利用・なし",
          "旅館・ホテルの食事：朝食・不可",
          "旅館・ホテルの食事：夕食・不可",
          "旅館・ホテルの宿泊予約・不可"
        ],
        "url": "https://www.kurumatabi.com/park/rvpark/1297.html",
        "geocode_source": "auto"
      }
    },
    {
      "type": "Feature",
      "geometry": {
        "type": "Point",
        "coordinates": [
          130.577255,
          32.013094
        ]
      },
      "properties": {
        "name": "RVパーク いさ曽木の滝",
        "pref": "鹿児島県",
        "address": "鹿児島県伊佐市大口宮人636-3",
        "phone": "0995-28-2929",
        "fee": "一般: 1泊/1台 1,500円",
        "available_period": "日祝 日祝の前日 春休み GW 夏休み お盆 冬休み 平日 施設により不定期のお休み・休業を設定している場合があります。ご利用可能日は事前に各施設にお問い合わせください。",
        "checkin_checkout": "チェックイン: 9:00 ～ 18:00 / チェックアウト: 9:00 ～ 18:00",
        "vehicle_size": "フルコン セミフルコン バスコン キャブコン バンコン トレーラー 軽キャン 一般車",
        "features": [
          "24時間利用OK",
          "入浴施設あり（車移動あり）",
          "温泉あり",
          "ごみ処理対応可（無料）",
          "電源あり（有料）",
          "発電機利用可(時間指定あり)",
          "水道あり（無料）",
          "ペットOK"
        ],
        "url": "https://www.kurumatabi.com/park/rvpark/600.html",
        "geocode_source": "auto"
      }
    },
    {
      "type": "Feature",
      "geometry": {
        "type": "Point",
        "coordinates": [
          129.342149,
          28.139807
        ]
      },
      "properties": {
        "name": "RVパーク リゾネッチャヴィラ・イン・嘉鉄",
        "pref": "鹿児島県",
        "address": "鹿児島県大島郡瀬戸内町嘉鉄472-1",
        "phone": "0997-76-3431",
        "fee": "一般: 1泊・1台につき 3,000円 / スタンダード会員: 1泊・1台につき 3,000円 / プレミアム会員: 1泊・1台につき 2,700円",
        "available_period": "通年 施設により不定期のお休み・休業を設定している場合があります。ご利用可能日は事前に各施設にお問い合わせください。",
        "checkin_checkout": "チェックイン: 14:00 ～ 21:00 / チェックアウト: 7:00 ～ 12:00",
        "vehicle_size": "セミフルコン バスコン キャブコン バンコン トレーラー 軽キャン 一般車 下記駐車場サイズもご確認ください。 利用可能かどうか判断がつかない場合は、施設までお問い合わせください。",
        "features": [
          "24時間利用OK",
          "温水洗浄便座あり",
          "入浴施設あり（施設内）",
          "シャワーあり",
          "ダンプステーション・なし",
          "ごみ処理対応可（有料）",
          "電源あり（無料）",
          "発電機・不可",
          "水道あり（無料）",
          "炊事場あり",
          "コインランドリー・なし",
          "ペットOK",
          "ドッグランなし",
          "WI-FIあり（無料）",
          "朝食予約OK",
          "夕食予約OK",
          "宿泊予約OK"
        ],
        "url": "https://www.kurumatabi.com/park/rvpark/1474.html",
        "geocode_source": "auto"
      }
    },
    {
      "type": "Feature",
      "geometry": {
        "type": "Point",
        "coordinates": [
          130.469153,
          31.249034
        ]
      },
      "properties": {
        "name": "RVパーク 御領キャンプ場",
        "pref": "鹿児島県",
        "address": "鹿児島県南九州市頴娃町御領6747",
        "phone": "0993-23-1811",
        "fee": "一般: RVパーク1泊1台につき 2,000円",
        "available_period": "通年 台風接近や地震などにより施設のご利用が危険と判断した場合、予約を取り消させていただく場合がございます。 施設の工事などの場合、お休みをいただく事があります。 施設により不定期のお休み・休業を設定している場合があります。ご利用可能日は事前に各施設にお問い合わせください。",
        "checkin_checkout": "チェックイン: 12:00 ～ 17:00 / チェックアウト: 7:00 ～ 11:00",
        "vehicle_size": "フルコン セミフルコン バスコン キャブコン バンコン トレーラー 軽キャン 一般車 下記駐車場サイズもご確認ください。 利用可能かどうか判断がつかない場合は、施設までお問い合わせください。",
        "features": [
          "24時間利用OK",
          "温水洗浄便座あり",
          "入浴施設あり（施設内）",
          "シャワーあり",
          "ごみ処理対応可（有料）",
          "電源あり（有料）",
          "発電機・不可",
          "水道あり（無料）",
          "炊事場なし",
          "コインランドリー・なし",
          "ペットOK",
          "ドッグランあり",
          "WI-FIの利用・なし"
        ],
        "url": "https://www.kurumatabi.com/park/rvpark/1371.html",
        "geocode_source": "auto"
      }
    },
    {
      "type": "Feature",
      "geometry": {
        "type": "Point",
        "coordinates": [
          130.357505,
          32.080142
        ]
      },
      "properties": {
        "name": "RVパーク 醸造屋敷ふじもと",
        "pref": "鹿児島県",
        "address": "鹿児島県出水市本町10-33",
        "phone": "0996774074",
        "fee": "一般: 1泊・1台につき 2,700円",
        "available_period": "通年 祭り、イベントにてメイン道路歩行者天国の時間が年に数回あり 事前に確定次第案内予定です。(時間帯通行止め） ＊＊本年、２０２６、２/21(土)第１１回、ホンマチ通り土曜市 １１：５０～１６：５０歩行者天国にて出入り不可”！ （正午より午後５時まで、約５時間以外出入り可！）・決定！ ＊＊本年、２０２６，7/25(土）予定・・臨時休業！！＊＊ 施設により不定期のお休み・休業を設定している場合があります。ご利用可能日は事前に各施設にお問い合わせください。",
        "checkin_checkout": "チェックイン: 13:00 ～ 20:00 / チェックアウト: 6:00 ～ 11:00",
        "vehicle_size": "フルコン セミフルコン バスコン キャブコン バンコン トレーラー 軽キャン 一般車 下記駐車場サイズもご確認ください。 利用可能かどうか判断がつかない場合は、施設までお問い合わせください。",
        "features": [
          "24時間利用OK",
          "温水洗浄便座あり",
          "入浴施設なし",
          "ブラック・グレーOK",
          "ごみ処理対応可（無料）",
          "電源あり（無料）",
          "発電機利用可(時間指定あり)",
          "水道あり（無料）",
          "炊事場あり",
          "コインランドリーあり",
          "ペットOK",
          "WI-FIあり（無料）"
        ],
        "url": "https://www.kurumatabi.com/park/rvpark/1360.html",
        "geocode_source": "auto"
      }
    },
    {
      "type": "Feature",
      "geometry": {
        "type": "Point",
        "coordinates": [
          130.57303,
          31.735523
        ]
      },
      "properties": {
        "name": "RVパーク 銀の湯",
        "pref": "鹿児島県",
        "address": "鹿児島県鹿児島市東佐多町2108",
        "phone": "099-800-4568",
        "fee": "一般: 1泊・1台 2,500円",
        "available_period": "通年 施設により不定期のお休み・休業を設定している場合があります。ご利用可能日は事前に各施設にお問い合わせください。",
        "checkin_checkout": "チェックイン: 12:00 ～ 18:00 / チェックアウト: 特になし ～ 11:00",
        "vehicle_size": "フルコン セミフルコン バスコン キャブコン バンコン トレーラー 軽キャン 一般車 下記駐車場サイズもご確認ください。 利用可能かどうか判断がつかない場合は、施設までお問い合わせください。",
        "features": [
          "24時間利用OK",
          "温水洗浄便座あり",
          "入浴施設あり（施設内）",
          "温泉あり",
          "ごみ処理対応可（有料）",
          "電源あり（有料）",
          "発電機・不可",
          "水道あり（無料）",
          "炊事場あり",
          "コインランドリー・なし",
          "ペットOK",
          "ドッグランあり",
          "WI-FIあり（無料）",
          "旅館・ホテルの食事：朝食・不可",
          "旅館・ホテルの食事：夕食・不可",
          "宿泊予約OK"
        ],
        "url": "https://www.kurumatabi.com/park/rvpark/1532.html",
        "geocode_source": "auto"
      }
    },
    {
      "type": "Feature",
      "geometry": {
        "type": "Point",
        "coordinates": [
          130.547452,
          31.581519
        ]
      },
      "properties": {
        "name": "RVパークsmart ダイイチパーク鹿児島中央",
        "pref": "鹿児島県",
        "address": "鹿児島県鹿児島市上之園町13-11",
        "phone": "092-433-7370",
        "fee": "一般: 1泊・1台につき 3,300円〜",
        "available_period": "通年 施設により不定期のお休み・休業を設定している場合があります。ご利用可能日は事前に各施設にお問い合わせください。",
        "checkin_checkout": "チェックイン: 13:00 ～ / チェックアウト: 特になし ～ 13:00",
        "vehicle_size": "キャブコン バンコン トレーラー 軽キャン 一般車 下記駐車場サイズもご確認ください。 利用可能かどうか判断がつかない場合は、施設までお問い合わせください。",
        "features": [
          "24時間利用OK",
          "入浴施設あり（車移動あり）",
          "温泉あり",
          "ゴミ処理対応・不可",
          "電源あり（無料）",
          "発電機・不可",
          "水道・なし",
          "ペットOK"
        ],
        "url": "https://www.kurumatabi.com/park/rvpark/1745.html",
        "geocode_source": "auto"
      }
    },
    {
      "type": "Feature",
      "geometry": {
        "type": "Point",
        "coordinates": [
          130.555847,
          31.586966
        ]
      },
      "properties": {
        "name": "RVパークsmart天文館",
        "pref": "鹿児島県",
        "address": "鹿児島県鹿児島市樋之口町9-11",
        "phone": "092-433-7370",
        "fee": "一般: 1泊・1台につき 3,500円〜",
        "available_period": "通年 施設により不定期のお休み・休業を設定している場合があります。ご利用可能日は事前に各施設にお問い合わせください。",
        "checkin_checkout": "チェックイン: 13:00 ～ / チェックアウト: 特になし ～ 13:00",
        "vehicle_size": "バスコン キャブコン バンコン トレーラー 軽キャン 一般車 下記駐車場サイズもご確認ください。 利用可能かどうか判断がつかない場合は、施設までお問い合わせください。",
        "features": [
          "24時間利用OK",
          "入浴施設あり（車移動あり）",
          "温泉あり",
          "ゴミ処理対応・不可",
          "電源あり（無料）",
          "発電機・不可",
          "水道・なし",
          "ペットOK"
        ],
        "url": "https://www.kurumatabi.com/park/rvpark/883.html",
        "geocode_source": "auto"
      }
    },
    {
      "type": "Feature",
      "geometry": {
        "type": "Point",
        "coordinates": [
          130.949738,
          31.336739
        ]
      },
      "properties": {
        "name": "RVパークやぶさめの里総合公園",
        "pref": "鹿児島県",
        "address": "鹿児島県肝属郡肝付町新富5590番地35",
        "phone": "0994-31-5199",
        "fee": "1泊 1,500円／1台(トレーラー含む) 【利用可能台数】4台 ※間口:3.9m(2.5m+1.4m)×奥行:5.5m 電源利用料については、 電源の有無 の項目をご確認ください。 最新の料金は直接施設へ事前確認をお願いします。",
        "available_period": "通年 日祝 日祝の前日 春休み GW 夏休み お盆 冬休み 年末年始 平日 施設により不定期のお休み・休業を設定している場合があります。ご利用可能日は事前に各施設にお問い合わせください。",
        "checkin_checkout": "チェックイン: 8:00 ～ 22:00 / チェックアウト: 8:00 ～ 22:00",
        "vehicle_size": "フルコン セミフルコン バスコン キャブコン バンコン トレーラー 軽キャン",
        "features": [
          "ごみ処理可能",
          "電源あり",
          "水道あり",
          "発電機OK",
          "入浴施設あり",
          "ペットOK",
          "プレミアム会員特典あり",
          "24時間トイレあり",
          "ダンプステーションあり"
        ],
        "url": "https://www.kurumatabi.com/park/rvpark/716.html",
        "geocode_source": "auto"
      }
    },
    {
      "type": "Feature",
      "geometry": {
        "type": "Point",
        "coordinates": [
          130.311431,
          31.409547
        ]
      },
      "properties": {
        "name": "RVパークオート・エスキャンプ場",
        "pref": "鹿児島県",
        "address": "鹿児島県南さつま市加世田武田17980",
        "phone": "0993-53-3875",
        "fee": "一般: 1台/1泊 2,500円",
        "available_period": "日祝 日祝の前日 春休み GW 夏休み 冬休み 平日 施設により不定期のお休み・休業を設定している場合があります。ご利用可能日は事前に各施設にお問い合わせください。",
        "checkin_checkout": "チェックイン: 9:00 ～ 18:00 / チェックアウト: 9:00 ～ 18:00",
        "vehicle_size": "フルコン セミフルコン バスコン キャブコン バンコン トレーラー 軽キャン 一般車 下記駐車場サイズもご確認ください。 利用可能かどうか判断がつかない場合は、施設までお問い合わせください。",
        "features": [
          "24時間利用OK",
          "和式トイレ",
          "入浴施設あり（車移動あり）",
          "温泉あり",
          "ダンプステーション・なし",
          "ごみ処理対応可（有料）",
          "電源あり（無料）",
          "発電機利用可(時間指定あり)",
          "水道あり（無料）",
          "炊事場あり",
          "ペットOK",
          "WI-FIの利用・なし"
        ],
        "url": "https://www.kurumatabi.com/park/rvpark/1017.html",
        "geocode_source": "auto"
      }
    },
    {
      "type": "Feature",
      "geometry": {
        "type": "Point",
        "coordinates": [
          131.073842,
          31.282082
        ]
      },
      "properties": {
        "name": "【当面の間閉館】RVパークコスモピア内之浦",
        "pref": "鹿児島県",
        "address": "鹿児島県肝属郡肝付町南方2660",
        "phone": "0994-67-4110",
        "fee": "1泊 1,500円／1台(トレーラー含む) 【利用可能台数】4台 ※全長5.5mの駐車場で設計してるため、一部車両は駐車できない場合があります。 電源利用料については、 電源の有無 の項目をご確認ください。 最新の料金は直接施設へ事前確認をお願いします。",
        "available_period": "通年 日祝 日祝の前日 春休み GW 夏休み お盆 冬休み 年末年始 平日 施設により不定期のお休み・休業を設定している場合があります。ご利用可能日は事前に各施設にお問い合わせください。",
        "checkin_checkout": "チェックイン: 6:00 ～ 22:00 / チェックアウト: 6:00 ～ 22:00",
        "vehicle_size": "フルコン セミフルコン バスコン キャブコン バンコン トレーラー 軽キャン 一般車",
        "features": [
          "ごみ処理可能",
          "電源あり",
          "水道あり",
          "発電機OK",
          "入浴施設あり",
          "ペットOK",
          "プレミアム会員特典あり",
          "24時間トイレあり",
          "ダンプステーションあり"
        ],
        "url": "https://www.kurumatabi.com/park/rvpark/647.html",
        "geocode_source": "auto"
      }
    },
    {
      "type": "Feature",
      "geometry": {
        "type": "Point",
        "coordinates": [
          130.748498,
          31.828233
        ]
      },
      "properties": {
        "name": "やまのゆRVパーク",
        "pref": "鹿児島県",
        "address": "鹿児島県霧島市隼人町嘉例川3780-1",
        "phone": "08043185536",
        "fee": "一般: １泊( 3,000円",
        "available_period": "通年 ※完全予約制 ご利用には前日までのご予約が必要です。 施設により不定期のお休み・休業を設定している場合があります。ご利用可能日は事前に各施設にお問い合わせください。",
        "checkin_checkout": "チェックイン: 15:00 ～ 21:00 / チェックアウト: 6:00 ～ 10:00",
        "vehicle_size": "セミフルコン バスコン キャブコン バンコン 軽キャン 一般車",
        "features": [
          "24時間利用OK",
          "入浴施設あり（施設内）",
          "温泉あり",
          "ごみ処理対応可（有料）",
          "電源あり（有料）",
          "発電機・不可",
          "水道あり（無料）",
          "炊事場なし",
          "コインランドリーあり",
          "ペット・不可",
          "WI-FIの利用・なし",
          "朝食予約OK",
          "夕食予約OK"
        ],
        "url": "https://www.kurumatabi.com/park/rvpark/1708.html",
        "geocode_source": "auto"
      }
    }
  ]
}
